job_id,job_title,job_category,years_of_experience,education_required,city,country,remote_work,company_size,industry,demand_score,benefits_score_10,required_skills,skill_count,salary_min_usd,salary_max_usd,annual_salary_usd,salary_tier,experience_level,posting_year,posting_month,is_senior,is_remote_friendly,is_llm_role,ai_salary_premium_pct
10001,Product Manager,Software Engineering,3.4,High School,Ho Chi Minh City,Singapore,Fully Remote,Enterprise,Healthcare,99.6,7.6,Java,1,12100,138000,108400,Low,,2026,6,0,0,0,38.36
10002,Software Engineer,Data Science,14,Master's,Beijing,UK,Fully Remote,Enterprise,Finance,67.4,4.1,AutoGen|Java|AWS|SQL,4,48300,100800,56800,Low,Lead,2026,2,1,0,1,7.5
10003,Data Analyst,AI Engineering,13.6,Associate's,London,China,On-site,Big Tech (FAANG+),E-commerce,94.8,7.6,AWS|Python|CUDA|Airflow|Java|PyTorch|Azure|FastAPI|BERT,9,35700,53100,91000,Low,Junior,2026,11,0,0,1,22.33
10004,Product Manager,Data Science,11.7,Master's,Singapore,UK,On-site,Mid-size,Healthcare,66.5,1.4,Azure|Java|SQL|TensorFlow|FastAPI|CUDA|PyTorch|Docker|BERT,9,56600,173400,141500,Low,Mid,2026,4,0,1,0,16.64
10005,Machine Learning Engineer,IT Operations,0.3,High School,London,USA,Fully Remote,Startup,Tech,55.9,2.4,React,1,49000,104700,104800,High,Mid,2026,5,1,0,0,47.42
10006,Data Analyst,Product Management,4.9,Associate's,Berlin,UK,On-site,Enterprise,Education,81.1,6.7,C++|BERT|AutoGen|Azure|PyTorch|AWS|Python,7,70900,78100,49300,High,Junior,2026,11,0,0,0,42.79
10007,Data Analyst,IT Operations,9.4,PhD,London,Vietnam,On-site,Big Tech (FAANG+),Tech,72.7,5,TensorFlow|C++|Python|BERT|Airflow|Docker,6,88500,121100,97400,High,Junior,2026,8,1,1,1,7.52
10008,Product Manager,Product Management,4.1,Bachelor's,London,UK,Fully Remote,Enterprise,Tech,96.1,8.5,AWS|FastAPI|BERT|SQL|Python|C++|Azure,7,73000,15800,70700,Top,Junior,2026,12,1,0,1,21.48
10009,Data Scientist,IT Operations,13.6,High School,Ho Chi Minh City,UK,Hybrid,Startup,E-commerce,74.6,4.1,SQL,1,50600,127800,96800,Low,Senior,2026,1,0,0,0,22.23
10010,Machine Learning Engineer,Software Engineering,9.5,Bachelor's,Singapore,Vietnam,On-site,Mid-size,Tech,96.4,7.9,AWS|TensorFlow|Azure|PyTorch|CUDA,5,63500,124400,132800,High,Lead,2026,7,0,0,1,48.05
10011,Product Manager,Data Science,1.1,Bachelor's,Tokyo,Vietnam,Hybrid,Mid-size,Education,53.9,2.3,AutoGen|C++|TensorFlow|Azure|SQL|BERT,6,,114000,73300,Top,Lead,2026,6,0,1,0,39.76
10012,Machine Learning Engineer,Product Management,13.6,Master's,London,Vietnam,Hybrid,Startup,Automotive,91.5,9.4,Python|SQL,2,39900,137600,110300,Top,Mid,2026,3,0,0,1,40.45
10013,Machine Learning Engineer,AI Engineering,14.4,High School,New York,Japan,Hybrid,Enterprise,Education,88,4.8,AutoGen|Docker|CUDA|BERT,4,67900,111300,56200,Medium,Lead,2026,10,0,1,1,18.41
10014,Data Analyst,Data Science,1.2,Bachelor's,Tokyo,Germany,On-site,Big Tech (FAANG+),Finance,86,3.1,Azure|SQL|C++|Airflow|PyTorch|Java|React|CUDA|AutoGen,9,76100,123900,63000,High,Lead,2026,10,1,1,0,34.78
10015,Software Engineer,AI Engineering,8,PhD,Berlin,Japan,Fully Remote,Mid-size,Education,67.8,8.1,,0,51600,127300,25600,Low,Lead,2026,10,0,1,0,16.01
10016,Machine Learning Engineer,Data Science,4.6,Associate's,Singapore,UK,Fully Remote,Mid-size,Healthcare,89.2,9.5,PyTorch|Java|C++|Azure|SQL|Docker|CUDA|Python|AWS|AutoGen,10,59400,141700,115600,Low,Senior,2026,1,0,1,1,41.23
10017,DevOps Engineer,Data Science,5.9,High School,Singapore,Japan,Fully Remote,Enterprise,Automotive,74.2,9.3,FastAPI|BERT|Java|Python|CUDA|React|SQL|C++|AWS,9,90900,86900,33500,Medium,Mid,2026,2,0,0,1,48
10018,Data Analyst,IT Operations,2.7,Master's,San Francisco,Japan,Fully Remote,Enterprise,E-commerce,85.8,3.1,FastAPI|Docker|AWS,3,37500,117600,46700,Top,Junior,2026,1,1,1,0,30.51
10019,Data Scientist,Product Management,8.7,High School,Berlin,Vietnam,Fully Remote,Enterprise,Healthcare,77.6,7,AutoGen|SQL,2,44600,81600,80700,High,Lead,2026,3,1,0,1,26.44
10020,Software Engineer,Product Management,14.4,Master's,London,Vietnam,Fully Remote,Big Tech (FAANG+),Education,57.9,5.9,Python|AWS|CUDA|React|PyTorch|Docker|FastAPI,7,,112500,126200,Medium,Lead,2026,1,0,1,0,43.62
10021,DevOps Engineer,Data Science,7.5,Associate's,Ho Chi Minh City,China,Hybrid,Enterprise,Healthcare,53.2,7.5,TensorFlow|Airflow|SQL|Java|AWS|FastAPI|BERT|C++|PyTorch,9,32300,99300,27400,Low,,2026,10,0,1,0,45.25
10022,DevOps Engineer,Software Engineering,1.2,PhD,Tokyo,Japan,Hybrid,Big Tech (FAANG+),Tech,68.3,5.4,Docker|Airflow|Java,3,48500,64000,84200,Top,Mid,2026,5,0,0,0,4.51
10023,Data Scientist,Software Engineering,9.3,Bachelor's,San Francisco,Germany,Hybrid,Startup,Healthcare,96.6,5.2,FastAPI|React|AutoGen|PyTorch|AWS,5,25600,122600,39400,Top,Lead,2026,10,0,1,0,34.87
10024,Software Engineer,AI Engineering,5.1,High School,Berlin,UK,On-site,Big Tech (FAANG+),Healthcare,76.5,8.9,TensorFlow|SQL|FastAPI|Python|Azure,5,,28900,116900,High,Senior,2026,6,0,0,0,31.42
10025,Data Analyst,AI Engineering,12.8,Master's,Berlin,Singapore,On-site,Enterprise,Education,90.1,8.8,FastAPI|React|PyTorch,3,54800,56200,79300,High,Junior,2026,1,1,1,1,10.51
10026,AI Agent Developer,IT Operations,6.5,Associate's,New York,Singapore,On-site,Big Tech (FAANG+),Finance,78.8,8.1,C++|Docker|Airflow|AWS|PyTorch|BERT|Azure|React|Java|Python,10,23300,128500,113900,High,Mid,2026,1,0,0,0,6.24
10027,Software Engineer,Data Science,2.9,Bachelor's,London,USA,Fully Remote,Big Tech (FAANG+),Education,97.9,7.3,Java|Docker,2,31600,73400,55900,Medium,,2026,12,1,0,1,14.26
10028,Data Scientist,AI Engineering,2.9,Associate's,San Francisco,Germany,Hybrid,Big Tech (FAANG+),E-commerce,68.5,7.1,React|AutoGen|TensorFlow|SQL|Docker|FastAPI|PyTorch|BERT|Java,9,,121200,63600,Low,Junior,2026,4,1,1,0,8.45
10029,DevOps Engineer,AI Engineering,11.5,PhD,Tokyo,Germany,On-site,Mid-size,Automotive,52.9,1.5,Azure|FastAPI|React|Java|PyTorch|BERT|CUDA,7,53400,191800,51700,High,Lead,2026,4,0,0,0,12.13
10030,Data Analyst,Data Science,4,Bachelor's,Berlin,China,Hybrid,Enterprise,Tech,89,7.7,Docker|FastAPI|PyTorch|AWS|Azure|SQL,6,49300,16500,111200,Medium,Mid,2026,8,1,1,1,45.88
10031,Software Engineer,IT Operations,11.5,Bachelor's,Singapore,UK,Fully Remote,Big Tech (FAANG+),Finance,85.3,6.7,,0,42600,111600,110600,Medium,Senior,2026,10,0,1,0,45.81
10032,AI Agent Developer,AI Engineering,3.1,Bachelor's,Berlin,UK,Hybrid,Enterprise,Automotive,76.4,3.7,,0,80800,173900,58600,High,Lead,2026,7,1,0,0,12.68
10033,AI Agent Developer,IT Operations,4.8,Master's,Berlin,Vietnam,Fully Remote,Startup,Automotive,66.3,8.4,Azure|Airflow|AWS|Java|SQL|TensorFlow|PyTorch|React|Python|AutoGen,10,94800,110000,99400,Medium,Mid,2026,7,1,0,0,10.11
10034,Machine Learning Engineer,Product Management,7,Bachelor's,Berlin,Vietnam,On-site,Big Tech (FAANG+),Finance,59.4,8.5,,0,62100,100300,72400,Low,Senior,2026,9,1,1,0,22.73
10035,Machine Learning Engineer,IT Operations,14.1,Associate's,San Francisco,Germany,Fully Remote,Big Tech (FAANG+),Tech,74.1,9.4,Azure|FastAPI|AutoGen|Java|Python|SQL|Docker|PyTorch,8,,,26400,High,Junior,2026,8,0,1,1,33.2
10036,Product Manager,Software Engineering,14,Master's,Ho Chi Minh City,China,Fully Remote,Startup,E-commerce,83.3,4.8,Azure|AWS|TensorFlow|SQL|CUDA|C++|Java,7,49300,,87600,Medium,Lead,2026,12,1,0,1,6.9
10037,Data Scientist,Software Engineering,3.1,Bachelor's,Beijing,UK,Hybrid,Enterprise,Finance,78.9,6,SQL,1,28900,17300,96400,Medium,Junior,2026,11,0,0,1,40.87
10038,Software Engineer,IT Operations,5.4,Associate's,New York,China,Fully Remote,Startup,Finance,71.9,9.2,Airflow|CUDA,2,41000,81000,102600,High,Lead,2026,11,0,0,1,3.68
10039,Software Engineer,Software Engineering,2.2,Associate's,Singapore,USA,On-site,Startup,Finance,77,3.9,Azure|PyTorch,2,59600,102400,76800,Medium,,2026,12,1,1,1,5.67
10040,Product Manager,Product Management,7.6,High School,Ho Chi Minh City,Singapore,On-site,Startup,Tech,55.4,8.2,AutoGen|CUDA|PyTorch|BERT|Docker|Azure|AWS|SQL,8,52100,106100,66500,Low,Junior,2026,12,1,1,1,31.82
10041,DevOps Engineer,Data Science,6.9,Associate's,New York,UK,Fully Remote,Startup,Finance,84.8,9.9,AWS|Airflow|SQL|FastAPI|TensorFlow|PyTorch|Azure|AutoGen|Java,9,22600,137200,62600,Medium,Lead,2026,12,1,0,1,10.21
10042,DevOps Engineer,Software Engineering,13.5,PhD,Berlin,Vietnam,Hybrid,Enterprise,Finance,86.7,6.9,TensorFlow|CUDA|Airflow|AutoGen,4,36200,135000,97600,Top,Mid,2026,3,1,1,0,11.45
10043,Product Manager,Software Engineering,14,Bachelor's,San Francisco,Germany,On-site,Big Tech (FAANG+),Healthcare,50.6,9.9,BERT|React|TensorFlow|Docker|PyTorch|CUDA|FastAPI,7,73000,108800,85500,Low,,2026,4,1,0,0,43.82
10044,DevOps Engineer,IT Operations,5.8,Bachelor's,New York,China,On-site,Startup,Healthcare,63.5,5.6,AutoGen|Azure|BERT|TensorFlow|Airflow|Python|FastAPI|SQL,8,81800,,59100,High,Senior,2026,8,0,0,0,18.21
10045,Machine Learning Engineer,Product Management,7.4,Bachelor's,London,Singapore,Fully Remote,Startup,Healthcare,54.6,2.4,Airflow,1,77300,97700,82100,High,Mid,2026,5,1,1,1,46.06
10046,Software Engineer,Data Science,13.4,Associate's,London,Singapore,Fully Remote,Mid-size,Healthcare,99.9,2.6,PyTorch|TensorFlow|FastAPI|AutoGen|Airflow|React|AWS|Java|SQL,9,23000,69800,93100,Medium,Mid,2026,5,0,1,1,5.43
10047,Product Manager,IT Operations,12.1,Associate's,Beijing,Singapore,On-site,Enterprise,Finance,79.7,7.6,CUDA|AWS|Python|Azure,4,43000,137500,93600,Top,Lead,2026,8,0,1,0,46.58
10048,Software Engineer,IT Operations,0.1,Bachelor's,Beijing,Vietnam,Fully Remote,Startup,Healthcare,73.3,1,Python,1,35400,93600,75000,Low,Mid,2026,8,0,1,1,45.74
10049,AI Agent Developer,Product Management,4.8,Master's,New York,Germany,Fully Remote,Mid-size,Automotive,73.2,7,,0,63300,110600,106100,Medium,Junior,2026,6,1,0,0,26.99
10050,Machine Learning Engineer,Data Science,6.3,Master's,Ho Chi Minh City,Vietnam,On-site,Startup,E-commerce,98.2,2.4,FastAPI|C++|BERT|Azure|SQL|TensorFlow|Java|React|PyTorch|AWS,10,44100,203400,55300,Low,Lead,2026,9,0,1,1,37.92
10051,Data Analyst,Product Management,3.4,PhD,Ho Chi Minh City,UK,Hybrid,Enterprise,Healthcare,83,9.9,Docker|C++|React|AWS|Airflow,5,29700,136500,76200,High,,2026,4,1,1,1,21.86
10052,Machine Learning Engineer,Data Science,3,High School,Berlin,China,Hybrid,Mid-size,Tech,58.4,2.5,AWS|PyTorch|FastAPI|Azure|React|BERT|AutoGen|C++|Airflow|TensorFlow,10,79600,91800,98300,High,Mid,2026,10,0,0,0,38.28
10053,Product Manager,Product Management,0.6,PhD,Ho Chi Minh City,USA,On-site,Mid-size,E-commerce,72.4,6,Docker|TensorFlow|FastAPI,3,38400,39100,82800,Top,Senior,2026,1,1,1,1,12.15
10054,Data Analyst,IT Operations,9.7,Bachelor's,Beijing,Japan,Fully Remote,Enterprise,Education,88.7,7,React|SQL|FastAPI|Airflow|TensorFlow|PyTorch|BERT|AWS|Docker|AutoGen,10,70200,144400,77100,High,Junior,2026,10,1,1,0,45.16
10055,AI Agent Developer,IT Operations,3.9,Bachelor's,Ho Chi Minh City,Singapore,On-site,Mid-size,Education,71.2,8.4,Java|FastAPI,2,37800,-16900,56400,Top,Mid,2026,2,0,1,0,39.42
10056,Product Manager,AI Engineering,0.8,Bachelor's,Berlin,Vietnam,On-site,Mid-size,Automotive,65.5,5.1,Python|Azure|Java|C++|TensorFlow,5,65700,83100,42800,High,Mid,2026,1,0,1,1,36.63
10057,Data Scientist,Software Engineering,3.5,High School,London,Japan,Fully Remote,Startup,E-commerce,99.6,9.4,FastAPI|Docker|BERT|Airflow|AWS,5,43500,24800,57900,Low,Lead,2026,4,0,0,0,40.24
10058,Software Engineer,Product Management,12,Associate's,Ho Chi Minh City,China,Hybrid,Mid-size,E-commerce,96.8,5.3,Airflow|PyTorch|C++|AutoGen|SQL,5,29200,80500,104300,Low,Senior,2026,9,1,0,1,17.24
10059,AI Agent Developer,AI Engineering,12.8,High School,Ho Chi Minh City,UK,Hybrid,Big Tech (FAANG+),Automotive,97.1,3.3,Java|Docker|FastAPI,3,73000,80000,58700,Medium,,2026,11,1,0,1,9.5
10060,Software Engineer,Software Engineering,7.2,PhD,Beijing,Vietnam,Fully Remote,Enterprise,Education,56.6,6.3,Airflow|AWS|TensorFlow|Java|AutoGen|FastAPI|PyTorch|C++|BERT,9,35900,105900,75000,Medium,Senior,2026,6,1,0,0,17.74
10061,DevOps Engineer,Product Management,6.2,Associate's,New York,UK,On-site,Startup,Healthcare,61.7,6.9,AutoGen|Airflow|BERT|C++|TensorFlow|Java|Azure,7,52200,91700,124700,Medium,Lead,2026,6,1,1,0,1.94
10062,Data Scientist,Data Science,14.7,Associate's,London,USA,Fully Remote,Mid-size,Automotive,72.1,5.6,C++|React,2,24000,137900,100700,Medium,Senior,2026,6,1,0,1,13.51
10063,Data Scientist,Software Engineering,3,PhD,San Francisco,Singapore,On-site,Big Tech (FAANG+),Tech,91.6,7.6,Python|Java|AutoGen|Azure|React|SQL|CUDA,7,22400,125600,71200,Medium,Lead,2026,1,0,1,1,30.37
10064,AI Agent Developer,IT Operations,3.2,Associate's,New York,USA,Fully Remote,Startup,Automotive,86.8,4.8,,0,80800,133600,68900,Medium,Mid,2026,1,0,1,0,42.33
10065,Data Scientist,AI Engineering,4.4,Master's,San Francisco,Singapore,Fully Remote,Enterprise,Finance,92.5,1,React|CUDA|PyTorch|SQL|Azure|BERT,6,52800,43600,111000,Top,Mid,2026,3,1,1,1,46.52
10066,Data Analyst,Software Engineering,2.6,PhD,Berlin,Germany,Hybrid,Mid-size,Education,96,3.4,CUDA|TensorFlow,2,47900,94700,66400,Top,Senior,2026,5,0,0,0,36.11
10067,Data Scientist,Software Engineering,5.7,PhD,Berlin,Germany,Hybrid,Enterprise,Finance,89,9.5,,0,41500,125100,75200,High,,2026,2,0,1,1,44.59
10068,Software Engineer,IT Operations,13.7,Master's,New York,Germany,Fully Remote,Enterprise,Education,63.1,7.9,TensorFlow|Docker|C++|BERT,4,34400,,70300,Top,Senior,2026,11,1,0,0,14.57
10069,Software Engineer,Product Management,9.2,High School,Beijing,UK,Fully Remote,Mid-size,Education,64.3,2.7,Azure|Airflow|SQL|PyTorch,4,61700,76500,116000,Low,Lead,2026,12,1,1,0,33.89
10070,Product Manager,Data Science,6.2,High School,Tokyo,Germany,Hybrid,Mid-size,E-commerce,67.6,1.6,TensorFlow|AWS|React|BERT|C++,5,78400,69800,74800,Top,Senior,2026,1,1,0,1,48.84
10071,Software Engineer,IT Operations,14,High School,San Francisco,China,On-site,Startup,Healthcare,65.2,4.2,SQL|TensorFlow|FastAPI|C++|Airflow|AWS|BERT,7,66400,174000,66900,Medium,Junior,2026,9,0,0,0,30.54
10072,Product Manager,Data Science,0.7,Associate's,Beijing,Japan,Hybrid,Enterprise,Healthcare,62.5,8.5,Airflow|AWS|Python|CUDA|C++,5,62200,118800,92400,Top,Mid,2026,11,1,0,1,21.39
10073,Software Engineer,Product Management,3.2,Master's,Tokyo,Japan,On-site,Mid-size,Education,87.6,2,CUDA|Python|FastAPI|AWS|PyTorch|TensorFlow,6,43700,15700,123700,Low,Senior,2026,1,1,0,1,13.13
10074,Data Analyst,Software Engineering,8.5,PhD,Tokyo,UK,Hybrid,Enterprise,Education,51.7,5.9,Java,1,62700,,44500,High,Junior,2026,11,0,1,0,15.74
10075,Product Manager,Data Science,9.2,PhD,Beijing,UK,Hybrid,Mid-size,Finance,86.4,3.5,PyTorch|React|FastAPI|SQL|Java|Azure|C++|CUDA|Airflow,9,89000,16200,83600,Top,Mid,2026,11,1,0,0,10.12
10076,Machine Learning Engineer,AI Engineering,0.6,PhD,Tokyo,Germany,On-site,Enterprise,Tech,91.2,7.5,Python|C++|SQL|AWS|BERT|FastAPI,6,44700,44300,54300,Low,Junior,2026,11,0,0,1,35.14
10077,DevOps Engineer,AI Engineering,6,Associate's,Tokyo,Singapore,Fully Remote,Startup,Automotive,53.3,1,C++|CUDA|Java|BERT|FastAPI|AutoGen|Azure,7,,52900,110900,Top,Lead,2026,4,1,0,0,36.2
10078,AI Agent Developer,IT Operations,9.7,Associate's,Tokyo,Japan,Hybrid,Enterprise,Education,53.1,3.5,SQL|Java|AutoGen|Python|TensorFlow|BERT|CUDA,7,77200,148700,47100,High,Lead,2026,9,1,1,0,38.98
10079,Software Engineer,Product Management,10.5,High School,London,Japan,Hybrid,Mid-size,Education,64.3,7.1,BERT,1,89000,121300,95300,Top,Lead,2026,10,1,1,1,23.37
10080,Data Scientist,IT Operations,9.6,Associate's,Berlin,Germany,Hybrid,Big Tech (FAANG+),Automotive,60.4,5.9,React|Python|TensorFlow|SQL|C++|Docker|PyTorch,7,52800,66000,56600,Low,Senior,2026,2,1,0,0,6.91
10081,Software Engineer,IT Operations,4.8,High School,Tokyo,UK,Fully Remote,Startup,Automotive,79.1,8,FastAPI|Docker|React|Java,4,67000,68300,116100,High,Junior,2026,10,1,0,1,21.1
10082,Data Scientist,IT Operations,1.4,High School,Berlin,USA,Hybrid,Startup,Tech,83.8,2.4,BERT|FastAPI,2,44900,75800,135400,High,Junior,2026,3,1,1,0,37.43
10083,DevOps Engineer,AI Engineering,6.4,PhD,Singapore,Singapore,Fully Remote,Big Tech (FAANG+),Tech,81.7,5.8,C++|AWS|React|Azure|SQL|BERT|Java|FastAPI|TensorFlow|Airflow,10,56500,64200,105800,High,Lead,2026,4,1,1,0,42.79
10084,DevOps Engineer,AI Engineering,1.9,Associate's,Berlin,USA,Hybrid,Mid-size,Automotive,67.9,2.8,,0,45100,,73900,High,Senior,2026,12,0,0,0,4.06
10085,DevOps Engineer,IT Operations,14.2,High School,Singapore,Germany,On-site,Startup,Education,74.9,6.8,TensorFlow|React|AWS|Docker|CUDA|Python|Azure|SQL|FastAPI|Java,10,73500,66600,44900,Medium,Lead,2026,2,0,1,1,12.19
10086,Data Scientist,AI Engineering,7.1,Master's,London,USA,Hybrid,Big Tech (FAANG+),Education,82,2.2,PyTorch,1,83500,90300,79800,Medium,Senior,2026,2,0,1,0,48.1
10087,Software Engineer,Product Management,4.8,Master's,Berlin,China,Hybrid,Big Tech (FAANG+),Automotive,56,2.3,React|CUDA,2,25900,47400,81500,Top,Mid,2026,12,1,0,0,21.6
10088,DevOps Engineer,IT Operations,11.5,Associate's,New York,China,Fully Remote,Enterprise,Education,61.5,4,Docker|Airflow|FastAPI|Azure|AWS|PyTorch|AutoGen|Python|C++,9,47900,97300,133200,Top,Junior,2026,6,0,0,1,3.53
10089,Data Analyst,AI Engineering,7.5,PhD,Ho Chi Minh City,China,Fully Remote,Enterprise,Tech,94.5,4.6,Python|C++|React|Docker|PyTorch|FastAPI|CUDA|Java|AWS,9,39200,,78300,High,Senior,2026,11,0,1,1,10.19
10090,Product Manager,Data Science,4.7,PhD,London,UK,Fully Remote,Mid-size,Automotive,67.1,5.5,Docker|BERT|React|Azure|SQL|TensorFlow|FastAPI|PyTorch,8,43600,58700,57200,Low,Lead,2026,11,0,0,1,41.38
10091,Data Scientist,IT Operations,12.2,High School,Ho Chi Minh City,UK,On-site,Big Tech (FAANG+),Tech,90.1,6.2,Docker|AWS|Java|BERT|Azure,5,45200,71600,80100,Low,Senior,2026,10,0,0,0,37.97
10092,Data Scientist,IT Operations,13,Associate's,New York,UK,On-site,Enterprise,Education,62.5,5.2,PyTorch|FastAPI|AWS|AutoGen|Java|Azure,6,32600,92400,65400,Medium,Senior,2026,5,0,1,1,10.87
10093,Software Engineer,Product Management,10.1,Master's,Beijing,UK,Fully Remote,Mid-size,Education,52.1,1.4,Java|Azure|AWS,3,55600,134600,72600,Low,Mid,2026,11,1,1,1,5.08
10094,Data Scientist,Software Engineering,0.7,High School,Beijing,UK,On-site,Startup,E-commerce,75,4.1,FastAPI|Docker|CUDA|Airflow|Azure|React,6,26700,145500,129100,High,Lead,2026,5,0,1,1,3.97
10095,Data Scientist,Software Engineering,8.5,High School,Tokyo,Germany,Fully Remote,Enterprise,Finance,94.6,1.6,Java|Airflow|React|Python|CUDA|Docker|TensorFlow|C++|AutoGen|Azure,10,67700,95900,53800,Top,Junior,2026,9,0,0,0,24.98
10096,DevOps Engineer,Product Management,11.4,Bachelor's,San Francisco,USA,On-site,Mid-size,Finance,91,2.1,FastAPI|Java|TensorFlow|PyTorch|Python|Azure|Docker,7,55900,111300,99000,Top,Senior,2026,7,0,0,1,34.78
10097,Software Engineer,Product Management,2,Associate's,Beijing,Germany,Fully Remote,Enterprise,Tech,62.6,1.8,Docker|Airflow|CUDA|C++|SQL|React|AutoGen,7,,94200,67100,High,Lead,2026,11,1,1,1,16.19
10098,DevOps Engineer,Product Management,3.4,High School,London,USA,Fully Remote,Startup,Automotive,95.5,2.4,Python|FastAPI|Airflow,3,27700,148700,74100,Low,Junior,2026,9,1,1,1,4.31
10099,Product Manager,Software Engineering,13.2,Master's,Beijing,Germany,On-site,Startup,Finance,74,8.3,Python|SQL|Airflow|AWS|TensorFlow|CUDA|AutoGen|Docker|Java|React,10,65600,166700,74700,Medium,Senior,2026,1,0,0,1,24.6
10100,Product Manager,Product Management,0.3,Bachelor's,London,China,Hybrid,Enterprise,Education,52.4,6.6,Azure|Docker|C++|React|CUDA|BERT,6,35900,132500,50800,Medium,Senior,2026,2,1,0,0,10.95
10101,DevOps Engineer,AI Engineering,11.3,Master's,London,Vietnam,Fully Remote,Startup,Healthcare,51.4,5.6,BERT|TensorFlow|AWS|Docker|Airflow|FastAPI|SQL,7,80900,117400,89700,Top,Lead,2026,5,1,1,1,9.05
10102,Product Manager,IT Operations,7.1,PhD,Ho Chi Minh City,UK,Fully Remote,Mid-size,Automotive,74.3,7.6,Azure|SQL|AWS|TensorFlow|Airflow|Java,6,7500,117700,18600,Low,Junior,2026,10,0,1,1,38.73
10103,Software Engineer,IT Operations,6.7,Bachelor's,Beijing,Vietnam,Hybrid,Enterprise,Tech,77.3,9.7,TensorFlow|Airflow|Python|AutoGen,4,29000,105300,67500,Medium,Junior,2026,7,1,0,0,30.22
10104,AI Agent Developer,Data Science,0.1,Bachelor's,Berlin,Vietnam,Fully Remote,Enterprise,Education,54,4.8,SQL|AWS|Python|Azure|Docker|BERT|C++|AutoGen,8,42300,69500,82400,Low,Mid,2026,8,0,0,1,15.75
10105,DevOps Engineer,Data Science,12.3,High School,Singapore,China,Fully Remote,Startup,Education,96.1,4.3,React|TensorFlow,2,49400,78700,89400,Low,Mid,2026,7,1,1,1,23.03
10106,Data Analyst,IT Operations,5.4,PhD,Beijing,Vietnam,On-site,Mid-size,Healthcare,85.9,9.8,AWS|Python|Airflow|BERT|TensorFlow,5,63300,110100,88300,Medium,Lead,2026,9,1,0,1,11.2
10107,Data Analyst,AI Engineering,8.1,High School,Beijing,Vietnam,Hybrid,Enterprise,Tech,90.1,7.9,CUDA|Java|Azure|AWS|Python|React|TensorFlow,7,46000,79700,46800,Top,Junior,2026,11,1,1,1,28.08
10108,Data Scientist,Software Engineering,10.2,Associate's,Beijing,China,Fully Remote,Enterprise,Automotive,79.2,8,TensorFlow|SQL|Python|AWS|React,5,43600,45900,64600,Low,Senior,2026,3,0,0,1,37.85
10109,Product Manager,Software Engineering,10.5,Master's,Tokyo,USA,Fully Remote,Startup,Education,83.2,6.4,FastAPI|CUDA|SQL|C++|AWS|PyTorch,6,36500,,78500,Medium,Lead,2026,11,1,0,0,21.42
10110,Data Analyst,AI Engineering,14.3,Master's,Berlin,Germany,Hybrid,Startup,E-commerce,69.4,5.6,TensorFlow,1,34200,35700,56200,High,Mid,2026,5,1,1,1,19.19
10111,Data Scientist,Software Engineering,8,High School,Berlin,Japan,Hybrid,Mid-size,Education,84,6,AWS|CUDA|C++|SQL|Docker|AutoGen|TensorFlow|Python,8,35700,176100,79400,High,Lead,2026,12,1,0,1,12.59
10112,AI Agent Developer,Product Management,6,Master's,London,Vietnam,On-site,Mid-size,E-commerce,98.9,6.9,Python|React|FastAPI|Docker|Java,5,48400,77300,88500,Top,Junior,2026,6,1,1,0,16.17
10113,Software Engineer,IT Operations,14.3,Master's,Berlin,UK,On-site,Startup,E-commerce,82.4,4.4,BERT|C++|Azure|AWS|PyTorch|Docker|React|Python|SQL|CUDA,10,13100,98900,61500,Medium,Lead,2026,10,1,1,0,18
10114,Software Engineer,IT Operations,9.6,Associate's,London,China,On-site,Mid-size,Automotive,67.1,8,Airflow|Docker|C++|AutoGen|TensorFlow|Azure,6,60700,147700,91100,Low,Mid,2026,7,0,0,0,15.64
10115,Software Engineer,AI Engineering,4.5,PhD,Singapore,Singapore,Fully Remote,Big Tech (FAANG+),Automotive,64.3,9.2,C++|BERT|Python|Java|TensorFlow,5,51400,198500,68600,High,Junior,2026,12,1,1,1,4.52
10116,Data Analyst,Software Engineering,1.9,Bachelor's,Ho Chi Minh City,Singapore,Hybrid,Big Tech (FAANG+),Healthcare,98.2,6.1,Azure|AWS|PyTorch|Java|CUDA|Docker|FastAPI|React|C++,9,47700,92300,54600,Low,Senior,2026,7,1,0,1,7.39
10117,AI Agent Developer,Data Science,12.6,High School,London,Vietnam,On-site,Startup,Education,59.3,4.4,Docker|React|Airflow|AWS|BERT|Azure|CUDA|Python,8,72800,68200,108000,High,Mid,2026,4,0,1,0,49.81
10118,Data Analyst,Data Science,5.4,High School,Beijing,Japan,Hybrid,Enterprise,Automotive,90.3,7.3,C++|Docker|FastAPI|React|PyTorch|CUDA|Java|SQL|AutoGen|TensorFlow,10,61900,125800,62900,Medium,Mid,2026,1,0,1,1,18.15
10119,Product Manager,Software Engineering,9.9,Associate's,New York,USA,Fully Remote,Startup,Automotive,73.3,2.6,BERT|Azure|AWS|Java|TensorFlow,5,52600,98300,39100,Low,Mid,2026,8,0,1,0,40.27
10120,Data Analyst,Data Science,7.1,Associate's,San Francisco,USA,Fully Remote,Startup,Healthcare,72.2,9.7,React|Java|AutoGen|Azure|TensorFlow|Docker|BERT|FastAPI|Airflow,9,63100,94400,62200,Top,Lead,2026,10,1,0,0,35.86
10121,AI Agent Developer,AI Engineering,3,Bachelor's,New York,Japan,Hybrid,Startup,Healthcare,87.4,6.9,Azure|C++|AutoGen|BERT|Airflow,5,37500,107700,81200,Medium,Mid,2026,1,0,1,1,28.21
10122,AI Agent Developer,AI Engineering,9,PhD,Tokyo,UK,Hybrid,Enterprise,Education,57.4,1.6,BERT|Airflow|TensorFlow,3,61900,117600,83400,Low,Lead,2026,12,1,0,0,22.49
10123,Product Manager,Software Engineering,0.9,High School,Beijing,Vietnam,On-site,Big Tech (FAANG+),Tech,73.3,5.8,SQL|TensorFlow|React,3,66400,180900,47800,High,Lead,2026,1,1,1,1,33.26
10124,AI Agent Developer,Data Science,6.2,Associate's,San Francisco,UK,Hybrid,Mid-size,Finance,51.8,7.8,Python,1,,46400,90600,Medium,Junior,2026,9,0,1,0,29.21
10125,AI Agent Developer,AI Engineering,8.2,High School,London,USA,On-site,Big Tech (FAANG+),Education,83.5,3.5,Docker|C++|AutoGen|Airflow|BERT|PyTorch|AWS|FastAPI,8,85400,177300,73900,Top,Junior,2026,10,0,1,1,36.7
10126,Software Engineer,AI Engineering,6.5,Master's,Beijing,Singapore,Hybrid,Mid-size,Finance,52.9,1.5,Python|SQL,2,56700,91300,38700,High,Mid,2026,10,0,0,0,49.69
10127,Product Manager,Product Management,11.2,High School,San Francisco,USA,Hybrid,Mid-size,Tech,54.4,5.4,AutoGen|React|Python,3,62200,135900,33200,Low,Lead,2026,12,1,1,1,15.75
10128,Machine Learning Engineer,Product Management,12.4,PhD,Tokyo,Germany,Hybrid,Startup,E-commerce,92.2,8.5,Azure|AWS,2,71700,106100,80300,Low,Senior,2026,3,1,0,0,16.7
10129,Machine Learning Engineer,AI Engineering,11.6,PhD,Berlin,USA,Fully Remote,Startup,Education,72.1,3.3,Python|PyTorch|React|TensorFlow|Azure|FastAPI|CUDA,7,47300,100900,67000,Medium,Lead,2026,9,1,1,1,34.46
10130,AI Agent Developer,Software Engineering,0.6,High School,London,China,Fully Remote,Mid-size,Automotive,60,7.5,BERT|TensorFlow|Python|CUDA|PyTorch|React|Airflow|AWS,8,41700,107800,52900,Top,Junior,2026,10,1,1,1,42.23
10131,Machine Learning Engineer,IT Operations,2.9,Master's,Singapore,Germany,Fully Remote,Enterprise,Healthcare,79.6,4.7,SQL|Azure|BERT|PyTorch,4,56000,68300,59500,High,Junior,2026,11,0,0,1,9.5
10132,Machine Learning Engineer,IT Operations,8,PhD,Beijing,UK,On-site,Enterprise,Education,76,1.5,,0,105200,164200,72500,Medium,Lead,2026,10,1,0,1,42.73
10133,AI Agent Developer,AI Engineering,14,Associate's,Berlin,USA,On-site,Enterprise,Healthcare,70.5,3.7,AWS|AutoGen|Airflow|CUDA|Docker|Python|SQL|BERT|React,9,48000,122500,71900,Top,Lead,2026,12,1,0,1,44.82
10134,Machine Learning Engineer,AI Engineering,12.5,High School,San Francisco,Japan,Fully Remote,Enterprise,E-commerce,95.3,3.8,Java|TensorFlow|Docker|AWS|SQL,5,37200,115400,72000,High,Lead,2026,1,0,1,1,19.74
10135,Data Analyst,AI Engineering,12.6,Master's,Tokyo,China,Fully Remote,Startup,Healthcare,87.5,9.1,React|PyTorch|SQL|Python|TensorFlow,5,,87600,71300,Top,Senior,2026,7,0,1,0,13.33
10136,Data Scientist,Software Engineering,4.5,Associate's,Berlin,Germany,Hybrid,Big Tech (FAANG+),E-commerce,57.6,9.8,CUDA|AWS|FastAPI|Azure,4,8300,44600,124300,Top,Lead,2026,5,1,1,1,20.03
10137,Product Manager,Product Management,6.4,High School,London,China,Hybrid,Big Tech (FAANG+),Tech,78.5,2.9,TensorFlow|AutoGen|AWS|Airflow|PyTorch,5,47800,127200,62200,High,Mid,2026,12,1,0,1,9.33
10138,Data Scientist,AI Engineering,7.1,Master's,Tokyo,Germany,On-site,Mid-size,E-commerce,54.4,4.9,Java|TensorFlow|Python|BERT|Docker|AWS|SQL|PyTorch|C++|Azure,10,37300,129500,93200,Low,Mid,2026,12,1,1,1,2.96
10139,AI Agent Developer,AI Engineering,2.4,Associate's,Tokyo,Germany,On-site,Enterprise,Finance,62.2,9.8,FastAPI|Docker|TensorFlow|AWS|Python|Airflow|CUDA|C++|BERT,9,62600,123800,90200,Low,Junior,2026,4,0,0,0,39.86
10140,Software Engineer,Data Science,0.5,PhD,Tokyo,Germany,Hybrid,Startup,Education,95.5,4.7,Azure|SQL,2,52700,103700,60500,Top,Senior,2026,11,1,1,0,28.49
10141,Product Manager,Software Engineering,14.2,High School,San Francisco,Japan,On-site,Startup,E-commerce,73.1,4.1,Python|Airflow|React|SQL|BERT|PyTorch|TensorFlow|AutoGen|Azure|Java,10,28000,91100,32500,Top,Senior,2026,12,1,0,0,24.71
10142,AI Agent Developer,AI Engineering,3.6,High School,Ho Chi Minh City,UK,Fully Remote,Startup,Education,94.6,2,AutoGen|Python|CUDA|SQL|Docker,5,62900,149500,64500,Medium,Junior,2026,5,0,0,1,10.7
10143,Software Engineer,Data Science,3.6,PhD,Tokyo,Germany,Hybrid,Mid-size,Tech,58.3,7.8,C++|CUDA|PyTorch|React|SQL|AWS|AutoGen|Java,8,33600,118900,33600,Low,Mid,2026,1,0,1,0,27.62
10144,Data Scientist,IT Operations,1.3,Bachelor's,Ho Chi Minh City,Germany,Hybrid,Startup,E-commerce,60.3,5,BERT|SQL|CUDA|FastAPI|Airflow|Docker|AWS|C++,8,,111300,29700,Low,Mid,2026,10,0,0,0,20.08
10145,AI Agent Developer,AI Engineering,13.9,Associate's,Berlin,China,On-site,Mid-size,Tech,67.6,6.7,React|CUDA,2,41500,41400,62300,Top,Senior,2026,7,1,1,1,25.31
10146,Product Manager,AI Engineering,8.7,PhD,Singapore,Germany,Hybrid,Mid-size,Finance,68.3,5.6,SQL,1,66300,26700,77000,Medium,Lead,2026,11,0,0,1,4.54
10147,Product Manager,Data Science,10,High School,Ho Chi Minh City,UK,Hybrid,Mid-size,Automotive,87.3,2.6,CUDA|Airflow|Azure|FastAPI|C++|Python|Docker|Java,8,40800,193000,69600,Medium,Lead,2026,12,0,0,1,46.14
10148,DevOps Engineer,Software Engineering,13.7,Associate's,Berlin,Singapore,Fully Remote,Mid-size,Tech,80,2.6,BERT|FastAPI|AutoGen|PyTorch,4,-11800,133100,34200,Medium,Senior,2026,2,0,1,0,38.21
10149,Data Analyst,AI Engineering,5.2,Associate's,Ho Chi Minh City,Japan,Hybrid,Startup,Automotive,77.7,9.5,AWS|Airflow|SQL|Python|Azure|AutoGen|BERT|TensorFlow,8,27700,151900,44600,High,Senior,2026,12,1,1,0,37.06
10150,Machine Learning Engineer,IT Operations,9.3,Bachelor's,Berlin,Japan,Hybrid,Startup,Tech,80.1,9,Azure|TensorFlow,2,51300,35200,78800,High,Senior,2026,9,0,0,0,29.09
10151,Software Engineer,AI Engineering,0.6,High School,Berlin,China,Hybrid,Big Tech (FAANG+),E-commerce,86.6,6.5,AWS|SQL|AutoGen|Docker|BERT|FastAPI|TensorFlow|CUDA,8,36800,139700,90500,High,Senior,2026,5,0,1,0,11.38
10152,DevOps Engineer,IT Operations,2.8,Master's,San Francisco,Singapore,Hybrid,Startup,Automotive,94.6,1,Azure|Docker|FastAPI|AutoGen|CUDA|PyTorch|React|Java,8,73800,88600,54100,Medium,,2026,5,0,0,0,5.18
10153,Machine Learning Engineer,Product Management,12.5,Bachelor's,Singapore,Germany,Fully Remote,Enterprise,Tech,70.7,4.9,React|PyTorch|CUDA|C++|FastAPI,5,29600,104500,74300,Low,Senior,2026,3,1,1,0,18.07
10154,Machine Learning Engineer,Product Management,11.5,Bachelor's,Tokyo,China,Hybrid,Enterprise,Education,90.1,5.8,BERT,1,,121600,80200,High,Senior,2026,10,0,0,0,20.64
10155,AI Agent Developer,IT Operations,5.3,Master's,Singapore,Japan,Fully Remote,Mid-size,Tech,74.8,5,Python|SQL|Docker|AutoGen|React|FastAPI|TensorFlow|C++|Java|BERT,10,,107200,118200,Top,Senior,2026,2,0,1,0,38.05
10156,Machine Learning Engineer,Software Engineering,5.7,Master's,Singapore,UK,Fully Remote,Mid-size,Automotive,86.1,9.3,Docker|C++|Azure|Java|React|Python|CUDA,7,53500,,114500,Top,Lead,2026,8,1,0,0,7.41
10157,Data Analyst,AI Engineering,8,Bachelor's,Tokyo,China,Fully Remote,Mid-size,Education,93.7,1.4,Airflow|C++|Java|Docker|CUDA|SQL|AutoGen,7,58200,64700,89900,Top,Junior,2026,9,1,1,0,40.84
10158,Product Manager,AI Engineering,0,Associate's,Berlin,UK,On-site,Big Tech (FAANG+),Tech,51.6,6.9,AutoGen,1,47300,124500,23800,Low,Mid,2026,3,0,0,1,22.14
10159,DevOps Engineer,Product Management,3.6,PhD,Tokyo,Singapore,On-site,Mid-size,Automotive,77.3,3.8,C++|TensorFlow|AWS|Docker|React|FastAPI|Java|Airflow|PyTorch|SQL,10,55500,64400,112000,High,Junior,2026,12,1,0,0,40
10160,Machine Learning Engineer,IT Operations,3.1,PhD,Berlin,Singapore,Hybrid,Big Tech (FAANG+),Finance,99.5,6,AWS|Docker|React,3,40300,67000,86800,Low,Junior,2026,11,0,1,1,24.74
10161,AI Agent Developer,AI Engineering,3.8,Bachelor's,Tokyo,USA,Fully Remote,Mid-size,Healthcare,74.8,6.9,Python|Java|CUDA|SQL|AWS|C++,6,54500,104100,58800,High,Senior,2026,8,1,1,1,2.58
10162,Data Analyst,AI Engineering,12.1,Associate's,San Francisco,Germany,On-site,Enterprise,Finance,93.2,5,CUDA|C++|SQL|Java|Docker|FastAPI|Airflow|AWS|React,9,44200,,124300,Top,Senior,2026,6,1,0,0,30.4
10163,Data Scientist,Software Engineering,4.2,Master's,New York,UK,Hybrid,Mid-size,Automotive,59.3,2.3,Azure|Java|AWS|CUDA|React,5,44200,147000,67100,Top,Senior,2026,12,1,1,0,21.36
10164,Product Manager,Data Science,2.9,Bachelor's,Ho Chi Minh City,Germany,On-site,Startup,E-commerce,80.2,5.7,Docker|AutoGen,2,36700,147200,128800,Low,Junior,2026,11,0,1,0,22.97
10165,Product Manager,Product Management,7.6,High School,Singapore,Singapore,Fully Remote,Mid-size,E-commerce,93.5,9.4,Airflow,1,,,46800,High,Lead,2026,9,1,1,0,39.13
10166,DevOps Engineer,Product Management,13,Associate's,Berlin,UK,Hybrid,Startup,Healthcare,71.6,5.8,BERT,1,80200,90000,64300,Top,Senior,2026,10,0,1,0,11.13
10167,Product Manager,Data Science,3.6,High School,Beijing,Vietnam,Fully Remote,Startup,Automotive,74.3,2.1,AutoGen|Azure|FastAPI|CUDA|Python|PyTorch|SQL,7,45200,101400,23500,High,Senior,2026,4,1,0,1,1.28
10168,Machine Learning Engineer,AI Engineering,1.2,High School,Tokyo,Singapore,Fully Remote,Startup,Education,54.1,8.4,TensorFlow|CUDA|Python|SQL|Azure|Docker|AutoGen|Java|React|C++,10,68800,21300,63400,High,Mid,2026,3,0,0,1,14.31
10169,AI Agent Developer,Software Engineering,5.3,Bachelor's,Tokyo,Vietnam,On-site,Startup,Tech,52.1,3,SQL|Airflow|React|Docker|BERT,5,60500,41100,105100,Medium,Lead,2026,7,1,0,1,7.76
10170,Product Manager,Software Engineering,11.2,Associate's,London,Vietnam,Hybrid,Big Tech (FAANG+),Finance,73.4,4.3,AWS|Docker|C++,3,54900,128900,61100,High,Senior,2026,1,0,1,1,17.19
10171,Product Manager,Product Management,8.3,High School,Beijing,Singapore,Hybrid,Big Tech (FAANG+),Education,92.2,4.9,SQL|CUDA|Java|BERT|Docker,5,55700,115600,54100,Low,Lead,2026,3,0,1,1,10.4
10172,Data Scientist,Software Engineering,12.3,Associate's,Beijing,UK,Hybrid,Mid-size,Finance,96.6,4.1,CUDA|TensorFlow|Docker|AWS,4,50400,85500,106300,Top,Mid,2026,7,0,0,1,4.85
10173,Data Scientist,Data Science,14.4,PhD,San Francisco,Japan,On-site,Mid-size,Healthcare,82.9,4.6,C++|Python|BERT|Java|React|Airflow|CUDA|SQL|TensorFlow|Docker,10,38400,82500,w5lwmtmnrlixnpd,Low,Junior,2026,12,0,1,0,41.38
10174,Software Engineer,AI Engineering,11.9,High School,Singapore,Japan,Hybrid,Big Tech (FAANG+),Healthcare,91.3,8.2,PyTorch,1,84400,128400,78400,High,Mid,2026,7,0,0,1,10.47
10175,Data Analyst,Data Science,9.1,High School,New York,Germany,On-site,Mid-size,Healthcare,86.7,3,TensorFlow|BERT|React|Azure|Python|C++|Java|FastAPI,8,71200,24700,47600,Low,Lead,2026,9,1,0,0,18.19
10176,Machine Learning Engineer,IT Operations,7.4,Associate's,Ho Chi Minh City,Vietnam,Hybrid,Mid-size,Education,85.1,5.2,SQL|AWS|PyTorch,3,50900,175200,49700,Top,Senior,2026,10,0,0,1,0.09
10177,Product Manager,Product Management,0.6,PhD,New York,Germany,On-site,Big Tech (FAANG+),Education,88.5,1.2,React|Docker|Airflow|Python|C++,5,,136900,68800,High,Senior,2026,9,1,0,1,38.59
10178,Product Manager,Software Engineering,14.8,High School,Ho Chi Minh City,UK,Hybrid,Big Tech (FAANG+),Healthcare,75.3,5.6,PyTorch|BERT,2,61300,84000,26700,Low,Mid,2026,11,1,1,1,23.16
10179,AI Agent Developer,IT Operations,5.8,Bachelor's,Berlin,Germany,On-site,Mid-size,Education,72.9,2,AutoGen|Azure|PyTorch|FastAPI|C++|Java|Python,7,,115300,95000,High,Mid,2026,11,1,0,1,43.23
10180,Software Engineer,Software Engineering,2.3,Associate's,Singapore,Germany,Fully Remote,Big Tech (FAANG+),Healthcare,58,3.5,BERT|TensorFlow|Docker,3,34300,155200,90300,High,Lead,2026,7,1,1,0,2.64
10181,Data Analyst,AI Engineering,10,Associate's,New York,Vietnam,Fully Remote,Enterprise,Education,92.2,3.9,Java|TensorFlow|C++|AWS|Docker,5,12500,58100,85400,Low,Lead,2026,11,1,0,0,8.19
10182,Software Engineer,AI Engineering,4.3,High School,London,Singapore,Fully Remote,Startup,Healthcare,52.2,1.7,React|Azure|SQL,3,45800,151400,42100,High,Lead,2026,3,0,1,1,12.88
10183,DevOps Engineer,AI Engineering,8.8,PhD,Ho Chi Minh City,Japan,Hybrid,Startup,Tech,63.4,4.2,TensorFlow|React|FastAPI|C++|AWS|CUDA|Airflow,7,73800,99400,92600,Low,Senior,2026,3,1,1,0,44.41
10184,Data Analyst,Software Engineering,8.8,High School,New York,China,On-site,Enterprise,Tech,76,5.5,Docker|C++,2,44400,127300,53700,Top,Mid,2026,5,0,0,1,17.7
10185,Product Manager,IT Operations,6.7,Master's,Singapore,USA,Fully Remote,Enterprise,Finance,98.6,4.9,Python|CUDA|SQL|C++|AWS,5,93800,135100,106000,High,Lead,2026,9,0,1,1,9.34
10186,Product Manager,AI Engineering,12.5,High School,London,UK,Hybrid,Mid-size,Finance,89.3,3.5,Airflow|Python|FastAPI|C++|TensorFlow|Azure|AWS|Docker,8,41300,106700,67400,Low,Mid,2026,1,1,1,0,40.07
10187,Data Analyst,IT Operations,4,Master's,Singapore,UK,On-site,Mid-size,Healthcare,68.4,3.7,SQL|CUDA|AWS|AutoGen|Airflow,5,53600,143700,76900,Top,Senior,2026,1,0,1,1,15.12
10188,Product Manager,Software Engineering,6.7,Bachelor's,Beijing,UK,Fully Remote,Startup,Finance,85.7,6.7,Docker|AWS|TensorFlow|Azure|FastAPI,5,44400,83000,90800,Medium,Junior,2026,9,1,1,1,17.48
10189,Machine Learning Engineer,IT Operations,8.1,Associate's,Tokyo,USA,Fully Remote,Mid-size,Education,96.6,7.5,C++|SQL|Java|React|FastAPI|CUDA|AutoGen|Python,8,5200,99100,82500,High,Lead,2026,12,0,0,1,32.73
10190,Data Analyst,Software Engineering,10,Associate's,Berlin,China,Hybrid,Startup,Healthcare,76.9,6.2,Python|CUDA|BERT|Airflow|C++|Azure|Docker|FastAPI,8,,69200,-5100,Top,Junior,2026,7,0,0,0,19.19
10191,Software Engineer,Software Engineering,11.8,PhD,San Francisco,Japan,On-site,Mid-size,Tech,73.1,9.8,AWS|SQL|C++|FastAPI|TensorFlow|React,6,33200,,31800,High,Senior,2026,11,1,0,0,0.82
10192,Data Analyst,Product Management,5.9,High School,Singapore,Germany,Hybrid,Mid-size,E-commerce,77.6,9.5,,0,54700,107600,55400,High,Mid,2026,4,0,0,0,49.46
10193,Product Manager,Software Engineering,9.7,Bachelor's,Berlin,Japan,Fully Remote,Startup,Tech,65.6,1.9,TensorFlow|PyTorch,2,75500,134000,85200,Medium,Junior,2026,1,0,0,0,11.93
10194,Machine Learning Engineer,Software Engineering,2.3,Master's,Singapore,UK,Hybrid,Enterprise,Automotive,95.4,3.4,SQL|PyTorch|Python|Airflow,4,42900,48500,118000,Top,Mid,2026,6,0,1,1,12.22
10195,Machine Learning Engineer,Data Science,14,PhD,Beijing,Germany,Hybrid,Enterprise,Tech,89.9,8.8,,0,57400,115700,67300,High,Lead,2026,9,1,0,0,6.7
10196,DevOps Engineer,AI Engineering,5.7,Bachelor's,Singapore,Vietnam,Fully Remote,Mid-size,Automotive,85.3,1.3,React|Python|Azure,3,45700,146900,95300,Top,Lead,2026,6,1,1,1,7.9
10197,Software Engineer,Product Management,10.9,Bachelor's,Singapore,Japan,Fully Remote,Enterprise,Finance,79.5,6.3,,0,67900,152800,92000,Medium,Senior,2026,5,0,0,0,25.1
10198,Data Scientist,Product Management,0.3,Master's,New York,Vietnam,On-site,Mid-size,Tech,98.5,9.6,Python|Azure|TensorFlow|C++,4,95600,95400,41500,Top,Lead,2026,1,0,1,1,46.99
10199,Data Scientist,Product Management,3.1,Master's,Tokyo,Vietnam,On-site,Big Tech (FAANG+),E-commerce,64.9,7.1,Airflow|BERT|AutoGen|React|FastAPI|TensorFlow|Java|AWS|C++|PyTorch,10,,57900,k7az58u6jkyg3nk,Medium,Mid,2026,9,1,0,0,34.86
10200,Data Analyst,Data Science,7.3,Associate's,Beijing,Singapore,Fully Remote,Big Tech (FAANG+),Education,64.2,1.8,React|PyTorch|Azure|Python|C++|Airflow,6,37700,126800,60000,Top,Lead,2026,9,0,1,0,32.88
10201,DevOps Engineer,Software Engineering,13.2,High School,London,Japan,Fully Remote,Big Tech (FAANG+),Tech,62.1,7.7,AutoGen,1,77600,117800,52000,Medium,Junior,2026,1,1,0,0,18.07
10202,AI Agent Developer,AI Engineering,7.9,PhD,Tokyo,UK,On-site,Enterprise,Education,87.1,4.4,AWS|Java|PyTorch|Docker|TensorFlow|C++|FastAPI|React|Azure,9,56000,100000,117500,Top,Mid,2026,12,1,0,0,40.66
10203,Data Analyst,IT Operations,13.9,High School,Ho Chi Minh City,USA,Hybrid,Enterprise,Tech,89.9,9.3,Airflow|Java|React|SQL|FastAPI|BERT|Docker|PyTorch|TensorFlow|Azure,10,74600,88600,84600,Low,Lead,2026,4,0,0,0,23.67
10204,DevOps Engineer,Software Engineering,7.3,PhD,New York,UK,Fully Remote,Startup,Tech,79.9,3.6,SQL|AWS|Docker|Java|React|TensorFlow|Python,7,29500,,54100,Low,,2026,12,1,0,0,22.88
10205,Software Engineer,Data Science,7.4,Bachelor's,Tokyo,Vietnam,Fully Remote,Enterprise,Education,82.6,5.3,AWS|AutoGen|BERT,3,48200,,60100,High,Mid,2026,1,1,0,1,49.73
10206,Software Engineer,Software Engineering,1.8,Master's,Ho Chi Minh City,Vietnam,Hybrid,Mid-size,Education,67.4,7.7,FastAPI|Java|C++|CUDA|Python|PyTorch|BERT|Docker|SQL|TensorFlow,10,53600,83600,78200,Medium,Junior,2026,10,0,1,0,30.45
10207,Software Engineer,Software Engineering,12,Master's,Beijing,UK,On-site,Startup,Healthcare,52,3.3,TensorFlow|SQL,2,48900,91300,84300,High,Mid,2026,4,1,0,0,43.41
10208,Software Engineer,Data Science,3.7,Bachelor's,Singapore,USA,On-site,Enterprise,Tech,62.7,2.6,Java|TensorFlow|Azure|CUDA|Docker|React|PyTorch|C++|FastAPI,9,55800,44400,26100,Low,Junior,2026,7,0,0,1,26.23
10209,Software Engineer,Product Management,13.5,Bachelor's,Berlin,USA,Hybrid,Startup,Tech,79.2,1,Java|AWS|C++|CUDA|React|BERT|SQL,7,47800,112300,108300,High,Junior,2026,8,0,1,0,8.09
10210,DevOps Engineer,Product Management,13.7,PhD,Tokyo,Singapore,Fully Remote,Enterprise,E-commerce,90.6,5.4,AWS|PyTorch|TensorFlow|React|CUDA|Java|C++|AutoGen,8,42900,116600,80100,Top,Lead,2026,3,1,0,1,49.36
10211,DevOps Engineer,AI Engineering,14.1,Bachelor's,Tokyo,Germany,Hybrid,Mid-size,Education,88.9,9.4,FastAPI|PyTorch|C++|SQL|AWS|CUDA|React|Python|Docker|TensorFlow,10,,50800,51900,Medium,Senior,2026,3,1,1,0,32.78
10212,Machine Learning Engineer,AI Engineering,7.8,PhD,Ho Chi Minh City,China,Fully Remote,Big Tech (FAANG+),Education,59,3.5,,0,33600,95800,135400,Medium,Lead,2026,10,0,1,1,7.43
10213,Data Scientist,Product Management,10.2,High School,San Francisco,Vietnam,On-site,Big Tech (FAANG+),Automotive,52.6,1.4,C++|AWS|Python|FastAPI|Azure,5,56200,79100,85900,Top,Mid,2026,5,1,1,0,37
10214,Product Manager,IT Operations,11.7,Master's,Ho Chi Minh City,USA,Fully Remote,Mid-size,Automotive,92.5,6.6,Azure|TensorFlow|AWS|C++|FastAPI|Java|React|BERT,8,47100,145600,113700,Medium,Junior,2026,11,0,0,1,21.96
10215,Software Engineer,Software Engineering,2,Master's,Berlin,Japan,Fully Remote,Startup,Education,53.8,1.5,TensorFlow|FastAPI|React|Python|Java|PyTorch|Airflow,7,39200,49300,106100,Medium,Mid,2026,6,0,1,1,41.12
10216,AI Agent Developer,IT Operations,9,Master's,Ho Chi Minh City,Singapore,Fully Remote,Big Tech (FAANG+),E-commerce,69.7,5.6,Airflow|AutoGen|BERT|Java|React,5,20000,144800,125500,High,Lead,2026,3,0,0,1,13.85
10217,Product Manager,Software Engineering,0.5,High School,Ho Chi Minh City,Vietnam,Fully Remote,Enterprise,Finance,54.7,4.4,Airflow|AutoGen|TensorFlow|Python|SQL|CUDA,6,60800,150900,101500,Medium,Mid,2026,6,0,1,0,47.12
10218,DevOps Engineer,Product Management,7.5,High School,Tokyo,China,Fully Remote,Enterprise,Tech,78.2,5.3,,0,63500,2900,98600,Low,Lead,2026,10,1,1,1,14.86
10219,AI Agent Developer,AI Engineering,2.3,Associate's,Berlin,Japan,On-site,Startup,Finance,68.2,2.5,AWS,1,31200,125700,94100,Top,Lead,2026,12,0,0,1,49.86
10220,AI Agent Developer,AI Engineering,2.7,PhD,Berlin,Vietnam,Hybrid,Startup,E-commerce,60.1,1.8,CUDA|PyTorch|Docker|C++,4,52100,120300,111000,Medium,Senior,2026,7,1,1,1,35.01
10221,AI Agent Developer,IT Operations,5.5,PhD,Singapore,Singapore,On-site,Mid-size,Finance,79.8,7.7,Java|C++|React|Python|PyTorch,5,39100,,60900,Low,Lead,2026,6,0,0,0,48.56
10222,Machine Learning Engineer,AI Engineering,6.5,Associate's,Tokyo,Singapore,Fully Remote,Big Tech (FAANG+),Automotive,68.2,3.2,,0,64400,87100,85400,Top,Junior,2026,6,0,0,0,36.21
10223,DevOps Engineer,Product Management,9.3,Master's,Singapore,USA,Hybrid,Startup,Healthcare,58.3,8.2,,0,40100,82600,61300,High,Lead,2026,2,0,1,0,37.71
10224,AI Agent Developer,IT Operations,1.1,PhD,Beijing,Germany,Fully Remote,Big Tech (FAANG+),Finance,85,7.8,Airflow|SQL|AWS|BERT|Docker|CUDA|TensorFlow|FastAPI|Azure|AutoGen,10,40200,62100,98300,High,Lead,2026,11,0,1,0,6.07
10225,Software Engineer,Software Engineering,7.6,PhD,San Francisco,UK,On-site,Big Tech (FAANG+),Healthcare,91.8,2.8,AWS|C++|CUDA|PyTorch|BERT|Python|Docker|SQL|Airflow,9,52600,74500,67500,High,Junior,2026,4,1,1,1,0.75
10226,Data Analyst,AI Engineering,2.7,Master's,San Francisco,Singapore,On-site,Enterprise,Finance,63.7,9.2,Airflow|PyTorch|Azure|BERT|React|AutoGen|Java|FastAPI|Python|TensorFlow,10,41600,134000,69400,High,Lead,2026,1,0,0,0,4.32
10227,AI Agent Developer,Data Science,8.6,Bachelor's,Beijing,Japan,Fully Remote,Startup,E-commerce,59.3,2.5,,0,40200,103400,27300,Low,Mid,2026,10,0,0,0,21.86
10228,Machine Learning Engineer,AI Engineering,9.6,Bachelor's,San Francisco,UK,Fully Remote,Mid-size,Healthcare,53.8,8.2,AutoGen|CUDA|FastAPI,3,37700,76300,124800,Low,Senior,2026,5,1,0,0,20.1
10229,Product Manager,Software Engineering,8.4,Associate's,San Francisco,USA,Hybrid,Startup,Finance,76.4,4.8,FastAPI|TensorFlow|SQL|C++|AWS|CUDA|Airflow|Python|PyTorch,9,41200,54100,44000,Medium,Junior,2026,10,0,0,1,9.19
10230,DevOps Engineer,IT Operations,11.1,High School,Tokyo,USA,Hybrid,Big Tech (FAANG+),E-commerce,91.6,2.6,TensorFlow|C++,2,,133600,85700,Medium,,2026,3,1,1,0,2.17
10231,Machine Learning Engineer,Software Engineering,5,PhD,Ho Chi Minh City,Japan,Fully Remote,Enterprise,Education,62.5,9.4,CUDA|Java|SQL|PyTorch|BERT|AWS|TensorFlow|Airflow|AutoGen|Python,10,50300,167700,90300,High,Mid,2026,3,0,1,1,34.6
10232,AI Agent Developer,Data Science,11.5,PhD,New York,China,Hybrid,Startup,Automotive,73,9.7,Docker|TensorFlow|Java|C++|AWS|CUDA|SQL|Azure|PyTorch|BERT,10,46800,91200,110300,Top,Junior,2026,4,0,0,0,9.89
10233,DevOps Engineer,Product Management,6.5,Associate's,Beijing,Singapore,Fully Remote,Startup,Tech,58,5.6,CUDA|TensorFlow,2,59900,96300,62700,Top,Mid,2026,12,0,1,0,48.93
10234,Data Analyst,AI Engineering,7.3,Associate's,Beijing,Japan,Fully Remote,Startup,E-commerce,70.2,5.2,Azure|C++|React|AutoGen|AWS|FastAPI,6,26900,202100,41000,High,Junior,2026,9,0,0,1,5.17
10235,AI Agent Developer,IT Operations,9.7,PhD,Tokyo,Vietnam,Fully Remote,Mid-size,E-commerce,50.8,9.1,FastAPI|Azure|React|C++|Java|AutoGen|TensorFlow|AWS|Docker,9,91800,133600,99000,Low,Lead,2026,11,0,0,0,18.18
10236,Machine Learning Engineer,Product Management,0.3,Master's,Singapore,China,On-site,Mid-size,Automotive,95.5,6.4,Python|AutoGen|React,3,50400,144100,104100,Low,Junior,2026,6,0,1,0,23.95
10237,Data Scientist,Software Engineering,9.8,Master's,Tokyo,UK,Fully Remote,Mid-size,Healthcare,83.8,3.4,AutoGen|React,2,69400,77000,84200,High,,2026,10,0,0,0,10.92
10238,Software Engineer,IT Operations,9.3,High School,New York,Vietnam,Fully Remote,Mid-size,Finance,66.6,4.8,React|Python|PyTorch|TensorFlow|Docker|Java|C++|FastAPI,8,59700,66200,76200,High,Junior,2026,11,0,0,0,25.17
10239,Product Manager,Product Management,4.6,PhD,New York,China,Fully Remote,Enterprise,Healthcare,94.1,8.5,Docker|PyTorch,2,52400,151500,74100,Low,Junior,2026,8,0,0,0,6.22
10240,Machine Learning Engineer,IT Operations,1.3,PhD,San Francisco,UK,Hybrid,Enterprise,E-commerce,59.1,8.7,Python|Airflow|C++|FastAPI|AWS,5,59000,118300,47400,Low,Senior,2026,11,1,0,0,0.08
10241,DevOps Engineer,Data Science,1.4,PhD,Berlin,Vietnam,Fully Remote,Mid-size,Education,53.9,9.5,Airflow|PyTorch|C++|BERT|AWS|SQL|FastAPI|CUDA,8,56800,107700,imiwuqjyuol5raq,Low,Junior,2026,12,0,1,1,34.91
10242,AI Agent Developer,Data Science,13.8,PhD,San Francisco,Germany,On-site,Big Tech (FAANG+),Finance,97.1,3.6,React|Java|Airflow|Docker|Python|Azure|C++|TensorFlow|BERT,9,46500,116700,del7apbycehvdz2,High,Mid,2026,5,1,0,0,41.73
10243,Software Engineer,AI Engineering,10.3,Associate's,Tokyo,Singapore,On-site,Mid-size,Tech,65.5,7.1,Docker,1,,,75300,Low,Mid,2026,6,1,0,0,28.73
10244,AI Agent Developer,AI Engineering,1.9,Bachelor's,Beijing,Japan,Fully Remote,Mid-size,Tech,96.8,1.6,Java|AWS|FastAPI|SQL|AutoGen|Airflow,6,72300,70600,95500,Top,Senior,2026,3,1,0,0,11.43
10245,DevOps Engineer,Data Science,5.4,PhD,Singapore,Japan,Fully Remote,Big Tech (FAANG+),Finance,81.9,7.5,Docker|FastAPI|TensorFlow|Python|AutoGen|C++|Java|BERT,8,,106300,66200,Low,Lead,2026,11,1,0,1,19.73
10246,AI Agent Developer,IT Operations,8.9,Bachelor's,San Francisco,Japan,Fully Remote,Startup,E-commerce,99,6.1,SQL|Python|Airflow|PyTorch|Java|C++,6,,72700,66200,Medium,Junior,2026,11,0,0,0,31.31
10247,Data Scientist,Data Science,12.5,Master's,Singapore,Germany,On-site,Big Tech (FAANG+),Education,87.7,3.2,,0,51400,111100,63400,Low,Senior,2026,11,0,1,1,1.63
10248,Software Engineer,AI Engineering,0.7,High School,San Francisco,Singapore,Hybrid,Big Tech (FAANG+),Automotive,55.3,6.9,,0,82700,132000,70100,Medium,Senior,2026,7,0,0,0,4.71
10249,Software Engineer,Data Science,3.5,Master's,San Francisco,China,Hybrid,Enterprise,Education,92.6,2.2,BERT|Java|SQL|Python|AutoGen,5,43500,112600,103200,Top,Junior,2026,12,0,1,0,47.91
10250,DevOps Engineer,Data Science,13.3,PhD,London,Singapore,Fully Remote,Startup,Healthcare,57.4,4,SQL|AutoGen|C++|BERT|PyTorch|CUDA|TensorFlow|AWS|FastAPI|Java,10,3300,169300,78300,Medium,Lead,2026,11,0,1,0,33.93
10251,Product Manager,IT Operations,0.1,Master's,London,USA,Hybrid,Big Tech (FAANG+),Education,84.6,4.6,TensorFlow|AutoGen|SQL|Java|React|FastAPI,6,,,117000,High,Junior,2026,11,1,0,1,34.85
10252,Data Scientist,Product Management,3,Associate's,San Francisco,Vietnam,On-site,Mid-size,Education,75,8,,0,18000,121900,46700,High,Junior,2026,9,1,1,1,5.13
10253,Machine Learning Engineer,AI Engineering,14.4,Bachelor's,Ho Chi Minh City,China,Fully Remote,Big Tech (FAANG+),Healthcare,85.4,3.8,C++|Airflow|PyTorch|BERT|AutoGen|Azure|React|Docker|AWS,9,36400,151100,70600,High,Senior,2026,9,1,1,0,11.65
10254,AI Agent Developer,IT Operations,9.2,PhD,Beijing,USA,Hybrid,Enterprise,Automotive,88.2,1.4,AutoGen|AWS|BERT,3,38600,84900,73700,Top,Lead,2026,7,0,1,1,19.56
10255,Data Analyst,Data Science,3.9,Associate's,San Francisco,Japan,Fully Remote,Big Tech (FAANG+),Automotive,90.2,2.6,FastAPI|React,2,57600,81300,93200,High,Senior,2026,3,0,1,0,10.26
10256,AI Agent Developer,Data Science,1,Bachelor's,London,Japan,Fully Remote,Mid-size,Tech,91.7,6.5,Airflow|SQL|C++|Python|AutoGen|Java|CUDA|TensorFlow|AWS,9,55100,93900,57500,Low,Lead,2026,5,1,0,0,40.47
10257,AI Agent Developer,Product Management,0.4,Associate's,Singapore,Japan,On-site,Startup,Automotive,92.4,1.1,React|AutoGen|Java|Docker|Airflow|CUDA|C++|Azure|PyTorch|BERT,10,62800,,103800,Top,Lead,2026,10,1,0,1,30.32
10258,Machine Learning Engineer,AI Engineering,3.7,Master's,Beijing,USA,On-site,Enterprise,Finance,70.6,8.1,Azure|FastAPI|PyTorch|BERT|Docker|React|C++|SQL,8,61100,,90900,Top,Senior,2026,9,1,0,1,9.84
10259,AI Agent Developer,AI Engineering,13.2,PhD,Tokyo,Vietnam,Hybrid,Startup,Tech,94.5,9.1,React|CUDA|FastAPI|PyTorch|TensorFlow,5,88800,106400,t61kwif6q4qpjqf,Low,Lead,2026,11,1,1,1,38.55
10260,Data Scientist,Software Engineering,6.2,Master's,Beijing,Vietnam,On-site,Enterprise,E-commerce,86,5.5,React|Python|AutoGen|BERT,4,50000,32500,62300,Low,Junior,2026,9,0,0,1,27.04
10261,Data Scientist,AI Engineering,10.8,High School,London,USA,Fully Remote,Mid-size,Tech,91.9,7.4,,0,,82900,uot3efji3pcr7f5,Medium,Senior,2026,3,1,0,0,10.39
10262,Software Engineer,Product Management,13.8,PhD,Singapore,UK,On-site,Enterprise,Education,99.5,5.2,FastAPI|AWS|Java|PyTorch|TensorFlow|BERT,6,67700,152500,99100,High,Senior,2026,5,1,1,0,42.14
10263,DevOps Engineer,Software Engineering,6.1,Master's,Beijing,Japan,Hybrid,Startup,Education,55.8,3.8,,0,37100,86900,102300,Low,Junior,2026,1,1,0,0,10.5
10264,Product Manager,Software Engineering,2.9,PhD,New York,China,Hybrid,Startup,Tech,68.5,2.5,PyTorch|FastAPI|AutoGen|CUDA|AWS|Azure|Docker|C++,8,24700,162800,17100,Top,Lead,2026,7,1,0,1,34.53
10265,Data Analyst,Data Science,7.8,Bachelor's,Ho Chi Minh City,Vietnam,Hybrid,Big Tech (FAANG+),Healthcare,90.3,5.7,Airflow|CUDA|FastAPI|C++|Azure|TensorFlow|AWS,7,57400,89100,89100,Top,Lead,2026,2,1,0,0,20
10266,AI Agent Developer,Data Science,13.6,PhD,Berlin,Singapore,On-site,Startup,Automotive,54.3,9.4,C++,1,42000,,82800,Low,Lead,2026,10,0,0,1,37.47
10267,AI Agent Developer,AI Engineering,12.1,PhD,Singapore,USA,On-site,Big Tech (FAANG+),Education,77,9,React|AutoGen|TensorFlow|Airflow|BERT|Docker,6,65600,15200,61400,High,Junior,2026,10,1,1,1,21.17
10268,Machine Learning Engineer,Software Engineering,1,Bachelor's,London,UK,On-site,Startup,Education,92.9,9.3,React|Java|Docker,3,,184000,113900,Medium,Senior,2026,6,1,0,1,14.33
10269,DevOps Engineer,Data Science,10.4,Master's,Tokyo,Germany,On-site,Big Tech (FAANG+),Finance,50.9,9.7,PyTorch,1,69800,,k3787yoepqbyvfo,Medium,Mid,2026,10,1,1,0,48.05
10270,Data Scientist,Product Management,8.6,PhD,Berlin,USA,On-site,Mid-size,Automotive,97,2.5,,0,34300,76500,117600,High,Senior,2026,12,1,0,0,37.94
10271,Data Analyst,Data Science,13.6,Associate's,Ho Chi Minh City,Singapore,Hybrid,Big Tech (FAANG+),Education,98.9,2.3,FastAPI|Java|Python,3,38500,95500,98500,High,Mid,2026,6,0,1,1,41.38
10272,Software Engineer,Data Science,1.8,PhD,Singapore,UK,Hybrid,Startup,Healthcare,66.1,4.8,React|BERT,2,52100,,92900,Top,Senior,2026,7,1,0,1,15.64
10273,Data Scientist,Software Engineering,8,Master's,San Francisco,Germany,On-site,Mid-size,Education,88.3,7.2,Airflow|Azure,2,46400,60300,87200,Low,Mid,2026,3,1,0,0,17.4
10274,DevOps Engineer,Software Engineering,13.2,Bachelor's,Singapore,UK,Fully Remote,Enterprise,Automotive,56.4,5,Docker|AWS|TensorFlow|PyTorch|Python|FastAPI|Airflow|Azure|C++|React,10,59100,151100,93300,Medium,Junior,2026,8,0,0,1,8.64
10275,Product Manager,IT Operations,6.2,Master's,New York,Vietnam,Hybrid,Startup,Finance,88.6,9,Python,1,77200,112300,60100,High,Lead,2026,5,0,1,1,22.34
10276,Software Engineer,Product Management,7.2,High School,New York,USA,Fully Remote,Big Tech (FAANG+),Automotive,74.1,7.5,CUDA|AutoGen|SQL|React|AWS|FastAPI|C++|Java|BERT|PyTorch,10,48000,149100,hl5oktb3zgnl59f,Top,Junior,2026,10,1,0,1,49.85
10277,Product Manager,Software Engineering,1.1,PhD,New York,Singapore,Fully Remote,Enterprise,Healthcare,93,6.7,FastAPI|Airflow|CUDA|Docker|TensorFlow|React|C++|BERT|PyTorch,9,22900,20600,117500,Medium,Lead,2026,4,0,1,1,29.47
10278,Machine Learning Engineer,AI Engineering,4.2,PhD,New York,Germany,Hybrid,Big Tech (FAANG+),Finance,60.6,1.6,,0,10900,119500,60800,Top,Senior,2026,11,0,0,1,36.21
10279,Machine Learning Engineer,Product Management,4.9,Bachelor's,London,UK,Fully Remote,Enterprise,Automotive,83.6,2.6,Azure|Java|SQL|React|AWS|Python,6,24200,116100,69700,Top,Junior,2026,12,0,1,1,36.87
10280,AI Agent Developer,Product Management,14.2,PhD,Singapore,Germany,Fully Remote,Mid-size,Healthcare,89.3,4.9,AutoGen|Airflow|C++|FastAPI|React|PyTorch,6,23500,98800,41500,Medium,Senior,2026,9,0,1,1,10.14
10281,Product Manager,Software Engineering,4.2,Associate's,London,China,Hybrid,Startup,Healthcare,60.1,9.8,Java|Docker|SQL|AutoGen|PyTorch|AWS|TensorFlow|Airflow,8,63300,79100,90500,Top,Lead,2026,9,0,0,1,2.8
10282,DevOps Engineer,Product Management,6.9,Associate's,Beijing,Singapore,Hybrid,Mid-size,Tech,90.9,4,React,1,49000,40500,48500,Low,Senior,2026,2,1,0,0,6.08
10283,Data Analyst,Software Engineering,10.1,Master's,Tokyo,USA,On-site,Startup,Education,97.9,6.7,C++,1,51500,45300,85400,Top,Junior,2026,1,0,1,1,35.98
10284,Software Engineer,Data Science,2.4,Bachelor's,Beijing,Vietnam,Hybrid,Enterprise,Finance,80.8,9.9,CUDA|TensorFlow|FastAPI|Docker|BERT|Airflow|Azure|SQL|AutoGen,9,64400,152000,66900,Low,,2026,3,0,0,1,22.79
10285,Data Scientist,IT Operations,7.3,High School,Tokyo,Germany,Fully Remote,Mid-size,Finance,89.2,3.4,TensorFlow,1,77300,115000,80800,High,Lead,2026,10,0,1,1,45.23
10286,DevOps Engineer,Data Science,11.1,Master's,Ho Chi Minh City,Japan,Hybrid,Startup,Education,76.6,2.5,AWS|React|C++|CUDA|Java,5,46100,92000,117200,Medium,Senior,2026,8,1,1,0,18.33
10287,DevOps Engineer,Software Engineering,13,Bachelor's,San Francisco,UK,On-site,Enterprise,Automotive,79.9,5.9,C++|AutoGen|Docker|Java|React|PyTorch|FastAPI,7,64900,89600,46700,Top,Mid,2026,4,0,1,1,5.13
10288,Machine Learning Engineer,Software Engineering,9.4,Bachelor's,Beijing,Japan,Hybrid,Mid-size,Tech,50.7,6,Java|CUDA,2,,140900,62100,Low,Mid,2026,5,1,0,1,48.42
10289,Product Manager,Data Science,10,Master's,Ho Chi Minh City,Germany,Fully Remote,Mid-size,Finance,76.2,9.3,,0,18900,139200,55800,Top,Junior,2026,5,0,0,0,20.04
10290,AI Agent Developer,AI Engineering,1.9,Master's,San Francisco,Singapore,Hybrid,Mid-size,Healthcare,78.8,1.2,FastAPI|BERT|C++,3,20300,67400,87400,Top,Senior,2026,11,1,1,0,42.41
10291,AI Agent Developer,AI Engineering,14.2,PhD,Ho Chi Minh City,Japan,Fully Remote,Mid-size,Finance,83.5,4.7,SQL|BERT|TensorFlow|Docker|Python|CUDA,6,43200,42300,gseh0cdnswtg73t,Low,Junior,2026,2,1,1,0,2.3
10292,Software Engineer,AI Engineering,2,High School,Ho Chi Minh City,UK,Hybrid,Big Tech (FAANG+),Tech,58.5,3.8,C++|Docker|Airflow|Java|PyTorch|Python|CUDA|BERT,8,53900,114800,69600,Top,Senior,2026,1,1,1,1,17.97
10293,Machine Learning Engineer,Software Engineering,11.6,Associate's,New York,Germany,On-site,Enterprise,Education,62.1,6.1,AWS,1,59600,149300,104400,Medium,Mid,2026,8,0,1,1,29.72
10294,DevOps Engineer,Product Management,4,PhD,Berlin,Vietnam,On-site,Big Tech (FAANG+),E-commerce,87.8,1.1,C++|FastAPI|React|Java|SQL|AutoGen|Airflow,7,46000,127600,75700,Medium,Senior,2026,10,1,0,0,26.2
10295,Data Analyst,Software Engineering,14,Bachelor's,Berlin,Vietnam,Hybrid,Enterprise,Education,58.4,7.4,SQL|React|Docker|Airflow|AutoGen|AWS|Azure|C++|PyTorch|FastAPI,10,16100,166400,59700,Medium,Lead,2026,12,1,1,1,36.38
10296,Machine Learning Engineer,Product Management,10.8,High School,London,USA,Fully Remote,Enterprise,Healthcare,70.8,5.4,Python,1,42600,93200,108000,Medium,Mid,2026,5,1,1,0,44.15
10297,Software Engineer,Data Science,11.3,High School,Ho Chi Minh City,Vietnam,On-site,Enterprise,Finance,62.5,7.3,C++|PyTorch|Docker|AWS|Python|AutoGen|FastAPI|TensorFlow,8,13200,111400,69000,Low,Lead,2026,2,0,0,1,37.93
10298,Software Engineer,IT Operations,3.3,Master's,New York,Germany,Fully Remote,Startup,Education,77.3,5,Azure|AWS|Airflow|Java|AutoGen,5,45900,97700,70800,Top,Junior,2026,7,1,1,1,15.51
10299,Machine Learning Engineer,Product Management,6.6,High School,Beijing,Singapore,Hybrid,Enterprise,Healthcare,99.3,5.3,PyTorch|FastAPI|AWS|BERT|Java|Docker|Azure,7,61200,130500,72900,Low,Lead,2026,2,0,1,0,48.47
10300,Software Engineer,AI Engineering,9.3,High School,Beijing,Germany,On-site,Mid-size,Automotive,92.6,9.1,Java|Docker|Azure|AWS|AutoGen,5,58600,71400,80600,Top,Junior,2026,6,1,0,0,45.95
10301,Machine Learning Engineer,Software Engineering,11.5,Bachelor's,London,Vietnam,On-site,Big Tech (FAANG+),Healthcare,63.5,2.9,AutoGen|Java|Docker|AWS|SQL|C++|Python|TensorFlow,8,40000,107800,104700,High,Junior,2026,9,0,1,0,31.5
10302,Data Scientist,Data Science,1.6,PhD,London,China,Fully Remote,Mid-size,Finance,68.4,3,PyTorch|BERT|AutoGen|Java|SQL,5,58100,165900,97300,Top,,2026,4,0,0,1,25.5
10303,Machine Learning Engineer,AI Engineering,14.4,High School,Ho Chi Minh City,Germany,On-site,Mid-size,Automotive,95.9,6,FastAPI|Azure|AWS|TensorFlow|AutoGen|Java,6,27600,70800,90500,Top,Senior,2026,5,1,1,1,25.82
10304,Product Manager,Data Science,13.4,Master's,San Francisco,USA,Fully Remote,Big Tech (FAANG+),Automotive,94.9,6.9,C++,1,37200,19500,50800,Medium,Lead,2026,1,0,0,0,36.76
10305,Machine Learning Engineer,IT Operations,4.1,PhD,Ho Chi Minh City,China,Fully Remote,Mid-size,Automotive,58,4.2,Docker|React|FastAPI|AutoGen|Python|AWS,6,16900,121000,74400,Top,Senior,2026,1,1,0,0,24.17
10306,Software Engineer,Software Engineering,12.3,Master's,San Francisco,Vietnam,Hybrid,Startup,E-commerce,91.5,5.7,,0,,189600,71500,High,Junior,2026,9,0,0,1,49.32
10307,Product Manager,Software Engineering,7.8,High School,Beijing,Singapore,Fully Remote,Mid-size,E-commerce,64.9,3.1,FastAPI|CUDA|React|TensorFlow|Python|AWS|AutoGen|C++,8,34500,72800,89000,Low,Lead,2026,5,0,0,1,35.52
10308,Software Engineer,IT Operations,6.9,PhD,Beijing,UK,On-site,Mid-size,Automotive,77.2,2.2,Docker|SQL|FastAPI|C++|AutoGen|React|TensorFlow|Python,8,,151100,70200,Medium,Lead,2026,12,1,1,1,11.91
10309,AI Agent Developer,Software Engineering,4.7,High School,Beijing,Germany,Fully Remote,Big Tech (FAANG+),Education,50.3,3.1,TensorFlow,1,44600,100600,110900,High,Senior,2026,11,0,0,1,32.92
10310,AI Agent Developer,Product Management,8.7,Bachelor's,Beijing,UK,On-site,Mid-size,Education,99.9,9.2,BERT|AutoGen|TensorFlow,3,55000,60700,91100,High,Lead,2026,3,0,1,0,24.22
10311,Product Manager,Data Science,10.9,PhD,Berlin,Japan,Fully Remote,Big Tech (FAANG+),Education,88.1,8.2,C++|FastAPI|BERT|AWS,4,10700,127500,89800,High,Lead,2026,2,0,0,0,7.99
10312,Data Scientist,AI Engineering,6.2,Master's,Ho Chi Minh City,USA,Hybrid,Enterprise,Finance,62.1,2.3,BERT|AutoGen|SQL|PyTorch|Python|FastAPI|AWS|TensorFlow|Java,9,32800,,50600,Low,Senior,2026,10,0,0,0,25.94
10313,AI Agent Developer,IT Operations,9.4,Bachelor's,Ho Chi Minh City,China,Hybrid,Enterprise,Automotive,84.2,1.4,AutoGen|SQL|Python,3,69600,160900,57100,Low,Senior,2026,7,0,0,0,42.95
10314,Machine Learning Engineer,Product Management,10.5,Associate's,Beijing,UK,Fully Remote,Startup,Education,64.7,1.8,C++|TensorFlow|Python|Airflow|Java|AWS|SQL|BERT|PyTorch|React,10,69900,104400,61900,High,Mid,2026,4,0,1,1,1.23
10315,Software Engineer,AI Engineering,10.7,Master's,New York,USA,Fully Remote,Big Tech (FAANG+),Automotive,54.5,3.6,Python|SQL|Airflow|Docker|TensorFlow|FastAPI|BERT,7,51100,31700,75200,Low,Senior,2026,3,1,0,0,42.56
10316,AI Agent Developer,AI Engineering,0.8,High School,Beijing,UK,Fully Remote,Big Tech (FAANG+),Healthcare,71.3,8.3,Docker|Azure|React|SQL|CUDA,5,51500,174200,104800,Top,Junior,2026,2,1,0,1,34.26
10317,AI Agent Developer,IT Operations,12.9,Master's,Tokyo,UK,Hybrid,Big Tech (FAANG+),Education,80.7,3.9,Java|Airflow,2,27500,,56000,Top,Junior,2026,11,1,0,0,36.28
10318,Data Scientist,Product Management,6.9,Associate's,Singapore,USA,Fully Remote,Startup,Healthcare,54.5,2.7,Docker|PyTorch|Azure|C++|Python|AutoGen|Java,7,,,34500,Low,Senior,2026,11,1,0,1,44.63
10319,Product Manager,AI Engineering,3.9,Master's,Singapore,Germany,Fully Remote,Startup,Healthcare,75.9,4.6,Java|TensorFlow|C++|CUDA|AutoGen|React,6,66400,135500,110800,High,Mid,2026,11,0,1,0,47.19
10320,Product Manager,AI Engineering,3.6,Bachelor's,London,UK,On-site,Mid-size,Education,75.7,2.1,C++|Azure,2,25100,1700,63500,High,Mid,2026,10,1,0,1,14.76
10321,DevOps Engineer,Product Management,7.2,Master's,Tokyo,USA,Hybrid,Big Tech (FAANG+),Tech,81.4,5.2,Docker|Azure|AutoGen|AWS|Airflow,5,52900,,73400,Medium,Lead,2026,10,0,1,0,45.96
10322,Data Scientist,Software Engineering,13.3,PhD,New York,UK,Hybrid,Startup,Healthcare,62.2,7.1,TensorFlow|Python|CUDA|Azure|AutoGen|C++|PyTorch,7,61100,200400,100200,High,Mid,2026,4,1,1,0,10.83
10323,Machine Learning Engineer,AI Engineering,5.7,Associate's,London,Singapore,Fully Remote,Enterprise,Education,51,4.3,Docker|FastAPI|PyTorch,3,50900,,104300,Medium,,2026,9,0,1,1,7.22
10324,Product Manager,Data Science,11.2,Master's,Singapore,Germany,Fully Remote,Enterprise,Healthcare,66.2,2.6,Docker|Airflow|AWS|CUDA|FastAPI,5,47000,74400,52200,Medium,Junior,2026,10,0,0,0,27.74
10325,Software Engineer,Product Management,1.5,Associate's,New York,Singapore,On-site,Big Tech (FAANG+),Finance,69.9,5.1,Azure|Python|C++|Airflow,4,,106800,81700,High,Senior,2026,7,1,1,1,46.38
10326,Data Scientist,AI Engineering,7.1,Bachelor's,London,Singapore,Fully Remote,Enterprise,E-commerce,81.8,7.9,,0,60000,56100,109800,Low,Senior,2026,1,0,1,0,2.72
10327,AI Agent Developer,IT Operations,14.9,PhD,Beijing,USA,Hybrid,Mid-size,E-commerce,96.5,1.7,BERT|FastAPI|Airflow|AWS|CUDA|AutoGen|PyTorch|C++,8,53900,163100,76100,Medium,Lead,2026,3,0,0,1,26.4
10328,Software Engineer,Data Science,11.6,High School,San Francisco,Singapore,On-site,Mid-size,E-commerce,60.2,1.6,Airflow|CUDA|PyTorch|Python|FastAPI|Azure,6,59900,82100,102700,Medium,Senior,2026,12,1,1,1,33.93
10329,Software Engineer,AI Engineering,3.2,Master's,Beijing,UK,Hybrid,Big Tech (FAANG+),Tech,84.4,3.9,AWS|CUDA|FastAPI|Docker|React,5,42700,36900,79100,Medium,Mid,2026,5,0,0,1,37.27
10330,AI Agent Developer,Data Science,7.5,Bachelor's,New York,Vietnam,Fully Remote,Startup,Automotive,54.9,4.7,SQL|Python|AWS|AutoGen|React|CUDA|C++|FastAPI|BERT|Java,10,43600,,102500,Low,Lead,2026,7,0,1,0,25.2
10331,Data Scientist,Data Science,3.5,Associate's,London,Germany,On-site,Startup,Healthcare,59.5,2.9,Python|FastAPI|CUDA|TensorFlow,4,,139900,108300,Low,Senior,2026,5,1,1,1,28.75
10332,AI Agent Developer,Software Engineering,6.1,Associate's,Berlin,UK,Hybrid,Startup,Finance,75.5,1.2,,0,32200,127800,118400,Medium,,2026,9,0,0,1,22.68
10333,DevOps Engineer,Data Science,11.7,Bachelor's,New York,China,Hybrid,Startup,Tech,85.4,3,,0,27400,44100,86900,Low,Senior,2026,7,1,1,0,36.16
10334,Software Engineer,Software Engineering,11.6,Master's,San Francisco,USA,Hybrid,Big Tech (FAANG+),E-commerce,92.9,4.9,FastAPI|Docker|AutoGen|Python|PyTorch|React|C++|SQL,8,95500,62000,65200,Medium,Senior,2026,12,0,1,0,18.96
10335,Data Analyst,Product Management,3.4,High School,New York,UK,Fully Remote,Mid-size,Tech,87.2,1.7,Java|TensorFlow|BERT|Python|C++|FastAPI|PyTorch|Docker|SQL|React,10,58500,14900,81900,Medium,Senior,2026,1,0,1,1,14.02
10336,Data Analyst,Software Engineering,13.8,Master's,San Francisco,Germany,Fully Remote,Big Tech (FAANG+),Finance,50.8,7.4,C++,1,45100,128500,83300,Top,Junior,2026,6,1,0,1,13.14
10337,Machine Learning Engineer,IT Operations,8.9,PhD,Tokyo,Singapore,Fully Remote,Big Tech (FAANG+),Education,84.2,6,CUDA|Python,2,36100,118800,75300,Low,Lead,2026,2,1,0,0,32.67
10338,Product Manager,AI Engineering,5.7,Master's,Ho Chi Minh City,Germany,Fully Remote,Enterprise,Tech,91.2,4.9,Python,1,31600,122600,93400,Top,Junior,2026,6,1,0,1,46.23
10339,AI Agent Developer,Product Management,7.5,PhD,New York,China,Hybrid,Mid-size,E-commerce,76.3,5.7,Python|Azure|Java|Airflow|PyTorch|Docker|AutoGen|CUDA|AWS|C++,10,49000,82600,89200,Top,Lead,2026,3,0,1,0,13.68
10340,AI Agent Developer,Product Management,9.1,Associate's,Berlin,Singapore,On-site,Startup,Automotive,98.3,6.9,Java|AWS|Azure|Airflow|Docker|C++|CUDA|AutoGen|React|Python,10,48100,23900,82100,High,Mid,2026,12,0,0,1,12.49
10341,Machine Learning Engineer,IT Operations,8.4,PhD,Beijing,China,Fully Remote,Mid-size,E-commerce,50.2,10,React|Python|Docker|Java|Airflow|AutoGen|FastAPI|Azure|BERT,9,,68000,130000,Medium,Mid,2026,2,1,0,0,35.78
10342,Machine Learning Engineer,Software Engineering,7.3,High School,London,Japan,On-site,Enterprise,E-commerce,90.9,8,FastAPI|CUDA|C++|AutoGen|Docker|PyTorch|React|Python,8,,144400,54700,Medium,Mid,2026,3,0,1,1,0.46
10343,Machine Learning Engineer,AI Engineering,7.6,Bachelor's,Ho Chi Minh City,Japan,Hybrid,Big Tech (FAANG+),E-commerce,66.7,5.9,Python|Docker|Azure|React|BERT,5,24800,114900,84200,Medium,Lead,2026,11,1,1,1,41.71
10344,Software Engineer,Software Engineering,2.6,PhD,London,UK,Fully Remote,Mid-size,Tech,82.5,7.9,BERT|React|PyTorch|Java,4,55200,30800,75200,Medium,Junior,2026,10,1,0,1,18.96
10345,DevOps Engineer,Data Science,12.2,Master's,Beijing,Vietnam,Hybrid,Enterprise,Finance,84.7,5.3,C++|Docker|PyTorch|FastAPI|BERT|SQL|AWS|CUDA,8,57700,89100,28900,Top,Junior,2026,4,1,0,1,45.08
10346,AI Agent Developer,Software Engineering,8.1,PhD,New York,Singapore,Fully Remote,Big Tech (FAANG+),E-commerce,65.3,3.8,TensorFlow|C++|React|AutoGen|BERT|Airflow|SQL,7,68100,122600,59300,Top,Senior,2026,1,0,1,0,35.43
10347,Software Engineer,Product Management,2,Associate's,Tokyo,Germany,Fully Remote,Startup,Education,99.8,3.4,C++|Docker,2,83200,96000,39700,Top,Lead,2026,4,1,0,0,39.64
10348,Machine Learning Engineer,AI Engineering,11.5,PhD,Berlin,Vietnam,On-site,Mid-size,Tech,55.2,4.6,Azure|PyTorch|FastAPI|BERT|React|Java|AutoGen|AWS,8,44600,43300,95900,Top,Mid,2026,6,0,0,1,8.56
10349,AI Agent Developer,Software Engineering,14,High School,Ho Chi Minh City,Singapore,Hybrid,Startup,Finance,57.9,1,Azure|PyTorch|Airflow|SQL|FastAPI|TensorFlow|Python|React|Docker|Java,10,63400,80600,43600,Medium,Lead,2026,5,0,1,1,18.21
10350,Software Engineer,AI Engineering,14.2,PhD,Berlin,Singapore,Hybrid,Startup,Automotive,94.6,2.6,AWS|SQL|React|AutoGen|Airflow|FastAPI|Java|CUDA,8,29200,,40600,Low,Senior,2026,5,0,1,0,14.03
10351,DevOps Engineer,AI Engineering,5.5,High School,San Francisco,Singapore,Hybrid,Enterprise,E-commerce,56,2.1,Docker|SQL|Azure|BERT|C++|Java|Airflow|AWS,8,-1700,101300,69900,Low,Junior,2026,9,1,1,0,35.76
10352,Software Engineer,Data Science,2,Master's,Singapore,Singapore,On-site,Enterprise,Healthcare,69.1,9.6,FastAPI|Java|TensorFlow|Airflow,4,30400,,66300,Medium,Senior,2026,9,0,1,1,1.14
10353,DevOps Engineer,Data Science,7.8,Associate's,Berlin,Vietnam,On-site,Big Tech (FAANG+),Tech,86.7,1.6,CUDA|TensorFlow|AutoGen,3,40400,73800,65100,Low,Senior,2026,9,0,1,1,30.96
10354,Machine Learning Engineer,Product Management,1.7,Bachelor's,Berlin,UK,Hybrid,Startup,Education,89.6,5.5,TensorFlow,1,93000,125800,47800,High,Senior,2026,7,0,0,1,43.41
10355,DevOps Engineer,IT Operations,14,Master's,Berlin,USA,Hybrid,Enterprise,Automotive,97.7,9.3,AutoGen|Java|BERT|Airflow|TensorFlow|React|AWS|C++,8,16700,,97400,High,Senior,2026,10,1,0,0,2.19
10356,AI Agent Developer,AI Engineering,2.8,Master's,Beijing,USA,Fully Remote,Enterprise,Automotive,89.5,6.5,FastAPI|Docker|AutoGen|PyTorch|TensorFlow|BERT|Azure|AWS|React,9,64800,224600,70600,Low,Junior,2026,9,0,0,1,14.53
10357,Machine Learning Engineer,IT Operations,3.8,Bachelor's,Berlin,USA,Fully Remote,Startup,Automotive,92.2,5.5,SQL|BERT|Java|AutoGen|Airflow|C++|TensorFlow|Azure,8,38200,62700,99300,Low,Junior,2026,12,1,1,1,10.4
10358,AI Agent Developer,Product Management,6.1,PhD,Tokyo,China,On-site,Big Tech (FAANG+),Tech,97.5,7.7,TensorFlow|CUDA|FastAPI|C++|AWS|PyTorch|SQL,7,60000,103000,50400,Top,Junior,2026,8,1,1,1,49.9
10359,Data Analyst,AI Engineering,5.7,PhD,Berlin,Singapore,Fully Remote,Startup,Finance,77.7,4.2,Docker|C++|Azure,3,50800,27500,59000,Medium,Junior,2026,8,1,0,0,49.28
10360,Data Scientist,AI Engineering,11.9,PhD,Beijing,Singapore,Hybrid,Big Tech (FAANG+),Healthcare,67.2,2.7,,0,31700,80900,53200,Medium,Mid,2026,5,0,0,1,6.22
10361,DevOps Engineer,IT Operations,6.8,Associate's,San Francisco,Germany,Hybrid,Big Tech (FAANG+),Education,88.1,8.6,React|BERT|C++|TensorFlow|Python|SQL|Airflow|Java,8,70500,151200,74400,High,Lead,2026,9,1,1,0,9.74
10362,Data Scientist,Software Engineering,2.6,Master's,London,China,Fully Remote,Enterprise,Finance,58.2,1.5,Airflow|SQL|AWS|Docker,4,59000,9200,58100,Low,Mid,2026,8,0,1,0,1.15
10363,Data Scientist,Data Science,4,High School,Beijing,Germany,Fully Remote,Startup,E-commerce,53.4,8.3,SQL|FastAPI|Java|BERT|AWS|React|C++,7,,83300,102000,Low,Senior,2026,7,0,0,1,28.31
10364,DevOps Engineer,Software Engineering,7.6,Bachelor's,Singapore,Japan,On-site,Startup,Healthcare,89.3,1.9,AutoGen|Docker|PyTorch|TensorFlow,4,55900,98600,18700,High,Senior,2026,8,1,1,1,34.29
10365,Machine Learning Engineer,IT Operations,2.2,Master's,Singapore,Germany,Fully Remote,Enterprise,Finance,97.5,6.6,C++|CUDA|Java|FastAPI|Docker|React|Azure|Python|PyTorch|BERT,10,41500,37500,117200,High,Senior,2026,9,0,0,0,32.73
10366,Data Analyst,Data Science,9.2,PhD,Tokyo,Germany,On-site,Mid-size,E-commerce,72.1,5.3,FastAPI|Docker,2,11300,115100,67500,Top,Senior,2026,7,0,1,1,13
10367,AI Agent Developer,Software Engineering,8.5,Bachelor's,San Francisco,UK,Fully Remote,Mid-size,Healthcare,58.1,10,AWS|Python|PyTorch|Airflow|FastAPI|SQL,6,52200,110200,55600,Top,Mid,2026,9,1,0,1,10.16
10368,Software Engineer,Data Science,10.7,High School,Tokyo,USA,Fully Remote,Startup,Tech,74.9,4.5,AutoGen|PyTorch|C++|FastAPI|Docker|AWS|Azure|SQL|Airflow,9,94500,75500,121100,Low,,2026,8,0,1,1,2.79
10369,AI Agent Developer,AI Engineering,14.1,Master's,New York,Singapore,Fully Remote,Enterprise,Education,69.7,9.6,React|Airflow|Docker|AutoGen|FastAPI|CUDA|PyTorch|TensorFlow,8,66900,126000,72500,High,Senior,2026,2,0,0,0,31.63
10370,Software Engineer,Software Engineering,13.7,Master's,Beijing,China,Fully Remote,Big Tech (FAANG+),Education,68.6,4.6,Java|Airflow|CUDA|BERT|TensorFlow,5,55900,,67600,Low,Mid,2026,3,1,1,0,12.28
10371,AI Agent Developer,Data Science,14.2,Associate's,London,Japan,Hybrid,Big Tech (FAANG+),E-commerce,81.4,7.1,AWS|Airflow|CUDA|C++|PyTorch|FastAPI|TensorFlow|SQL|Azure|Python,10,57700,118200,59600,High,Mid,2026,6,0,1,1,4.44
10372,DevOps Engineer,Data Science,3.7,Master's,New York,China,Hybrid,Startup,Finance,58.7,6.8,React|AutoGen|PyTorch,3,50000,100200,68400,High,Senior,2026,6,0,0,0,17.73
10373,Data Analyst,Data Science,2,Master's,New York,Singapore,Hybrid,Enterprise,Healthcare,69,1.8,C++|CUDA|Docker|TensorFlow|Java|AWS|FastAPI,7,5200,,87200,High,Senior,2026,7,1,1,0,7.42
10374,Software Engineer,Software Engineering,4.5,High School,Ho Chi Minh City,UK,Fully Remote,Startup,E-commerce,93.4,7.7,AWS|AutoGen|FastAPI|CUDA|React|TensorFlow,6,29000,90200,88000,Medium,Mid,2026,2,1,1,1,25.31
10375,Product Manager,Product Management,13.4,High School,Berlin,Germany,On-site,Startup,E-commerce,86.5,2.9,TensorFlow|Airflow|React|PyTorch,4,48700,46100,45200,Medium,Lead,2026,12,1,0,0,7.46
10376,Machine Learning Engineer,Software Engineering,14.6,Bachelor's,New York,Japan,Fully Remote,Enterprise,Tech,52.8,4.5,SQL|Java|FastAPI|CUDA|React|TensorFlow|Azure|PyTorch,8,68500,44100,45800,Medium,,2026,1,1,1,1,49.43
10377,AI Agent Developer,IT Operations,12.9,PhD,New York,USA,Hybrid,Startup,E-commerce,75.7,8,BERT|Azure|Java,3,86600,69200,100700,Top,Lead,2026,11,0,1,0,16.78
10378,AI Agent Developer,Software Engineering,1.7,High School,Tokyo,Singapore,On-site,Big Tech (FAANG+),Healthcare,54.6,9.5,React,1,28500,78200,61800,Top,,2026,12,0,0,1,23.74
10379,Software Engineer,Data Science,14.2,Bachelor's,London,Vietnam,On-site,Mid-size,Automotive,97.9,6,React|Airflow|Azure|PyTorch|AWS|SQL|TensorFlow|Docker|BERT|C++,10,63100,,73500,High,Junior,2026,5,0,0,0,29.83
10380,Machine Learning Engineer,AI Engineering,6.4,Master's,New York,Vietnam,Hybrid,Big Tech (FAANG+),Healthcare,62.2,5.7,Azure,1,5400,98700,78000,Medium,Junior,2026,11,1,1,1,42.53
10381,Machine Learning Engineer,Software Engineering,0.1,Bachelor's,San Francisco,UK,Fully Remote,Mid-size,Healthcare,96.6,5.5,Docker|Azure|FastAPI|TensorFlow|Airflow|AutoGen|React,7,43400,81700,111700,High,Lead,2026,2,1,1,0,47.4
10382,DevOps Engineer,Software Engineering,6.6,Bachelor's,Singapore,USA,On-site,Enterprise,Tech,91.7,8.3,TensorFlow|Java|Python|C++,4,49400,20000,108100,Medium,Senior,2026,9,0,1,0,18.35
10383,Product Manager,Data Science,0.7,Bachelor's,London,Vietnam,On-site,Startup,Tech,77.6,9.9,Azure|BERT|AutoGen|SQL|FastAPI|PyTorch,6,83700,72200,83500,Top,Senior,2026,3,1,1,1,21.18
10384,DevOps Engineer,AI Engineering,8.2,Bachelor's,Berlin,Vietnam,Hybrid,Mid-size,Education,66.8,6.7,Airflow|FastAPI|Python|Java|AutoGen,5,,53600,58100,Top,Lead,2026,12,1,1,0,7.55
10385,DevOps Engineer,AI Engineering,5.1,High School,Singapore,Singapore,On-site,Enterprise,Education,92.9,4.4,FastAPI|Docker|Airflow|C++|SQL|CUDA|PyTorch,7,43000,169800,132900,Low,Junior,2026,2,1,1,0,9.48
10386,DevOps Engineer,IT Operations,7.1,PhD,Tokyo,Japan,On-site,Enterprise,E-commerce,57.6,3,CUDA|AutoGen|BERT|PyTorch|TensorFlow|FastAPI|Docker,7,69800,102900,92500,High,Mid,2026,12,0,1,1,36.11
10387,DevOps Engineer,Software Engineering,9.2,Bachelor's,San Francisco,Japan,On-site,Enterprise,Education,59,2.8,BERT|TensorFlow|Java|AutoGen,4,35300,,109200,Top,Lead,2026,12,0,0,1,21.76
10388,DevOps Engineer,AI Engineering,13,Associate's,Singapore,Singapore,Fully Remote,Big Tech (FAANG+),Tech,61.2,8.7,FastAPI,1,39400,103100,69000,Medium,Senior,2026,7,1,1,1,42.11
10389,Data Analyst,AI Engineering,9.9,Master's,Ho Chi Minh City,China,Fully Remote,Big Tech (FAANG+),E-commerce,79.9,9.9,FastAPI|PyTorch|AutoGen|CUDA|Azure|BERT|SQL,7,21200,174600,46100,Top,Senior,2026,6,0,1,1,26.46
10390,Machine Learning Engineer,Product Management,6.5,Master's,Ho Chi Minh City,Singapore,Hybrid,Mid-size,Automotive,65.7,7.3,PyTorch|Docker,2,62500,112600,87700,Medium,Junior,2026,8,1,0,0,14.14
10391,DevOps Engineer,Product Management,12.3,Master's,Berlin,USA,Fully Remote,Mid-size,Finance,99.5,9.6,FastAPI|Java,2,21300,,75400,High,Lead,2026,9,1,0,0,33.97
10392,Machine Learning Engineer,AI Engineering,13.6,Master's,Berlin,Vietnam,On-site,Big Tech (FAANG+),Tech,59.8,4.1,BERT,1,71000,,116300,High,Lead,2026,3,0,1,0,23.64
10393,Machine Learning Engineer,IT Operations,1.8,Master's,Singapore,Japan,Fully Remote,Mid-size,Tech,90.3,6.6,Python|Airflow|AWS|Azure|PyTorch|FastAPI|Java|Docker|React|AutoGen,10,25000,71500,72500,High,Lead,2026,8,1,0,1,44.51
10394,Data Scientist,AI Engineering,8,Bachelor's,Tokyo,Singapore,On-site,Mid-size,Automotive,54.8,5.6,Azure,1,34900,73400,63900,Top,Senior,2026,4,0,0,1,18.59
10395,Data Analyst,Data Science,4.3,PhD,San Francisco,Japan,On-site,Startup,Tech,67.7,5.3,Java|React,2,26600,105000,107100,Top,Mid,2026,2,1,1,0,12.73
10396,DevOps Engineer,Software Engineering,0.7,Associate's,Tokyo,Japan,Fully Remote,Mid-size,Education,62.2,6.7,Java|Python|PyTorch|Azure,4,44300,216700,64500,High,Lead,2026,4,1,0,0,21.97
10397,AI Agent Developer,IT Operations,10,High School,San Francisco,China,Fully Remote,Enterprise,Education,98.8,3.8,FastAPI|C++|React|BERT,4,71500,84900,68100,Top,Mid,2026,4,0,0,0,42.45
10398,Software Engineer,Data Science,12.9,Associate's,Beijing,USA,Fully Remote,Startup,Education,51.3,6.8,SQL|C++|BERT|React|TensorFlow|FastAPI|Docker|Python|Airflow,9,36000,112400,36400,High,Senior,2026,8,1,1,1,41.22
10399,Product Manager,IT Operations,2.4,High School,New York,Germany,Fully Remote,Mid-size,Automotive,86.1,7.1,React|TensorFlow|C++|Azure|PyTorch|SQL|CUDA|Airflow,8,30400,136100,103200,High,Mid,2026,10,1,1,1,44.67
10400,AI Agent Developer,Data Science,12.2,High School,New York,Japan,Hybrid,Startup,E-commerce,62.4,8.5,Java|AutoGen|Airflow|BERT,4,49600,164000,70600,High,Mid,2026,8,1,1,1,42.48
10401,Data Analyst,Software Engineering,12.8,Associate's,San Francisco,USA,Fully Remote,Enterprise,Tech,90.6,7.6,Python|Java|CUDA|BERT|AutoGen|Azure|C++|PyTorch|Docker|TensorFlow,10,48700,135900,45600,Low,Mid,2026,7,0,1,1,16.51
10402,Software Engineer,Software Engineering,13.7,Bachelor's,New York,UK,Hybrid,Mid-size,Tech,65.6,3.9,FastAPI|SQL|TensorFlow|C++|BERT|Docker|Python|PyTorch,8,63600,,104000,Medium,Senior,2026,4,1,1,1,29.61
10403,Data Analyst,Product Management,4,Master's,London,China,On-site,Startup,Education,59.4,5.1,AutoGen|PyTorch|Java|FastAPI|Docker|TensorFlow,6,23700,130500,68300,Low,Senior,2026,2,0,0,1,39.74
10404,Machine Learning Engineer,Data Science,13.6,Bachelor's,Beijing,Germany,Hybrid,Mid-size,E-commerce,84.7,2.1,SQL|Airflow|FastAPI|TensorFlow|AWS|Java|Python|CUDA|PyTorch,9,,104500,120500,High,Senior,2026,1,1,1,0,41.96
10405,Software Engineer,Product Management,4.8,Master's,Singapore,Japan,On-site,Startup,Tech,62.9,3.3,AWS|Java|AutoGen|Airflow,4,,56900,106900,Top,Mid,2026,11,0,1,1,20.09
10406,Machine Learning Engineer,Data Science,8.3,PhD,New York,Singapore,Hybrid,Startup,Healthcare,74.3,5.7,C++|Airflow|Python|SQL|Java|React|Docker|FastAPI,8,29700,,44800,Top,Junior,2026,2,1,0,0,25.68
10407,AI Agent Developer,Product Management,0.8,High School,London,Japan,Hybrid,Enterprise,Automotive,56.6,1.9,,0,53800,85500,93100,Low,,2026,2,1,0,1,14.53
10408,AI Agent Developer,Software Engineering,0.7,Associate's,San Francisco,China,On-site,Enterprise,Finance,86.2,6.1,Airflow|PyTorch|FastAPI|Java|BERT|React|SQL,7,29700,111600,101300,High,Junior,2026,3,1,0,1,34.89
10409,Software Engineer,IT Operations,10.8,PhD,San Francisco,China,Hybrid,Mid-size,Healthcare,70.3,4.5,,0,71900,,33100,Medium,Mid,2026,10,0,0,0,33.59
10410,Software Engineer,Product Management,6.7,Master's,London,Vietnam,On-site,Big Tech (FAANG+),Finance,57,1.3,React|AutoGen|AWS|PyTorch|FastAPI|TensorFlow|Azure,7,,176600,68500,Medium,Junior,2026,5,1,1,1,29.52
10411,DevOps Engineer,Data Science,3.8,Bachelor's,Ho Chi Minh City,Japan,Fully Remote,Mid-size,Healthcare,87.1,4.9,BERT|TensorFlow|C++|PyTorch|CUDA|AWS|React|SQL|Azure,9,26200,17000,61600,Top,Senior,2026,1,1,1,1,31.37
10412,Data Analyst,Data Science,2.9,Associate's,London,USA,On-site,Startup,Healthcare,55.2,3.5,BERT|SQL|AWS|TensorFlow,4,55800,98000,102200,Medium,Mid,2026,5,0,0,0,44.93
10413,DevOps Engineer,Software Engineering,10,High School,Berlin,China,Hybrid,Enterprise,Healthcare,78.7,1.6,AWS,1,57100,176400,52500,Low,Lead,2026,7,1,1,1,41
10414,Data Analyst,Data Science,0,PhD,Tokyo,China,Fully Remote,Enterprise,Automotive,80.4,3.6,FastAPI|Docker|Airflow|SQL|React|AutoGen|AWS,7,52700,44900,81600,Top,Junior,2026,12,1,1,1,6.24
10415,DevOps Engineer,AI Engineering,12.1,High School,London,UK,Hybrid,Startup,Finance,96.5,3.6,SQL|React|C++|Python|AWS|FastAPI|Airflow,7,45500,71800,123400,Medium,Mid,2026,1,0,0,0,32.14
10416,Machine Learning Engineer,IT Operations,1.2,Master's,Berlin,UK,Fully Remote,Big Tech (FAANG+),E-commerce,57.5,4.2,Docker|BERT|Airflow|AWS|SQL|TensorFlow|FastAPI|React|Java|AutoGen,10,38600,118700,24300,High,Lead,2026,4,0,1,1,8.08
10417,Software Engineer,Product Management,2.9,High School,Berlin,UK,On-site,Enterprise,E-commerce,82.7,4.3,,0,,,77400,Medium,Mid,2026,11,1,0,0,7.42
10418,AI Agent Developer,IT Operations,5.8,Bachelor's,Ho Chi Minh City,China,Fully Remote,Big Tech (FAANG+),Education,69,4.9,React|TensorFlow|Java,3,,44700,78200,Low,Lead,2026,2,1,0,0,22.46
10419,Data Analyst,Software Engineering,7.3,PhD,Singapore,Germany,Fully Remote,Enterprise,Tech,70,1.8,BERT|AutoGen,2,67300,161900,13100,Medium,Senior,2026,8,1,0,1,24.28
10420,Data Analyst,Product Management,5.3,PhD,Ho Chi Minh City,USA,Fully Remote,Startup,Automotive,75.1,1,TensorFlow|PyTorch|CUDA|SQL|FastAPI|C++|React|AutoGen|Java|Python,10,72100,123100,33100,Medium,Mid,2026,2,1,0,1,5.21
10421,AI Agent Developer,Product Management,4.8,Bachelor's,San Francisco,China,Hybrid,Mid-size,Education,61.7,7.6,Java|C++|Airflow|AWS|CUDA|Azure|PyTorch|TensorFlow|BERT,9,53600,44200,96700,Low,Senior,2026,1,1,1,0,25.59
10422,DevOps Engineer,AI Engineering,14.5,High School,San Francisco,Singapore,Fully Remote,Mid-size,Education,73.1,4,CUDA|React|C++|Airflow|SQL|BERT|Docker|FastAPI|AWS|AutoGen,10,30200,146100,73600,Low,Senior,2026,2,1,1,0,8.82
10423,Data Analyst,Software Engineering,9.6,Bachelor's,London,Singapore,On-site,Big Tech (FAANG+),Automotive,84.3,6.5,CUDA|AutoGen|SQL|Python|React|PyTorch|AWS,7,24400,141000,79900,Low,Lead,2026,10,0,1,0,27.53
10424,Product Manager,Data Science,0.4,Associate's,Ho Chi Minh City,Vietnam,On-site,Mid-size,Automotive,72.9,3.8,React|Azure|Java|AWS|PyTorch,5,37600,,71400,High,Junior,2026,4,1,1,0,41.61
10425,Machine Learning Engineer,AI Engineering,6.5,Bachelor's,Ho Chi Minh City,Singapore,On-site,Startup,Healthcare,52.1,9.9,Java|React|SQL|AutoGen|CUDA|C++|Python,7,,,106100,Medium,Lead,2026,5,1,0,1,4.3
10426,Software Engineer,AI Engineering,13.1,High School,Singapore,Japan,Fully Remote,Mid-size,Automotive,62.9,3.8,BERT,1,-500,53300,135100,High,Junior,2026,2,0,1,1,19.96
10427,AI Agent Developer,IT Operations,4.5,Bachelor's,Tokyo,Germany,On-site,Big Tech (FAANG+),E-commerce,67.6,6.4,AWS|AutoGen|PyTorch|TensorFlow|CUDA,5,23100,83600,102900,High,Lead,2026,4,0,0,1,11.69
10428,Software Engineer,IT Operations,1.4,Master's,New York,Germany,Hybrid,Startup,Automotive,67.7,3,FastAPI|CUDA|AWS|Airflow|React|C++|PyTorch|SQL|BERT,9,56200,141200,16300,Low,Mid,2026,7,1,1,0,28.73
10429,Product Manager,IT Operations,11.4,Bachelor's,San Francisco,USA,On-site,Startup,Healthcare,54.1,5.7,TensorFlow|CUDA|Airflow|BERT|PyTorch|SQL,6,,31300,74100,Top,Junior,2026,5,0,0,1,44.68
10430,Data Analyst,AI Engineering,9.1,Bachelor's,London,Germany,Fully Remote,Enterprise,Finance,72.5,6.2,PyTorch|Azure|Python|FastAPI|AutoGen|CUDA|SQL|Java|Docker,9,56600,66600,110300,High,Mid,2026,8,0,1,1,9.86
10431,Data Analyst,Data Science,8.6,High School,San Francisco,USA,On-site,Enterprise,Education,84.6,2.6,AutoGen|AWS|PyTorch|CUDA|BERT|Java|SQL|Docker,8,33500,111600,64300,Medium,Lead,2026,10,0,1,1,33.82
10432,Product Manager,Product Management,0.8,Associate's,Singapore,Singapore,Fully Remote,Mid-size,Automotive,52.4,2.1,BERT|Azure|Java|SQL|Docker|Python,6,74100,128400,110500,Low,Senior,2026,9,0,0,1,4.65
10433,AI Agent Developer,IT Operations,2.1,Associate's,London,Germany,Fully Remote,Big Tech (FAANG+),Education,87.5,9.8,AWS|AutoGen|BERT|Airflow|CUDA|C++|SQL|Python,8,38000,126800,66600,High,Lead,2026,1,0,0,1,27.29
10434,Machine Learning Engineer,Data Science,9.3,High School,San Francisco,Japan,On-site,Startup,Finance,97.8,9,TensorFlow|PyTorch|SQL|Python|AutoGen|BERT|C++,7,40800,68700,43700,Medium,,2026,1,0,1,1,33.8
10435,Data Scientist,Software Engineering,3.1,High School,London,USA,Hybrid,Mid-size,Tech,50.5,6.9,Docker|C++|AutoGen|CUDA,4,35000,95900,93000,Medium,Lead,2026,3,0,0,0,33.54
10436,AI Agent Developer,IT Operations,7.6,High School,Ho Chi Minh City,UK,Hybrid,Mid-size,Healthcare,59.7,8.7,Java|PyTorch|SQL|Docker|Python,5,,81600,86400,Medium,Senior,2026,8,0,0,0,36.91
10437,Data Scientist,Product Management,8.2,Master's,Tokyo,UK,On-site,Enterprise,Education,77.2,1.9,CUDA|BERT|React|PyTorch|C++|AWS,6,51800,,60000,High,Senior,2026,1,1,0,0,20.87
10438,Product Manager,Software Engineering,4.3,PhD,Ho Chi Minh City,Germany,Fully Remote,Mid-size,Automotive,60.9,7.6,Python|FastAPI|AutoGen|SQL,4,55700,123200,107500,Low,Lead,2026,10,0,0,1,38
10439,DevOps Engineer,Software Engineering,14.2,Bachelor's,Berlin,Germany,On-site,Mid-size,Tech,88.2,3.6,Java,1,49100,93100,28600,Low,Lead,2026,2,0,1,1,23.64
10440,Data Scientist,Product Management,12.6,High School,Beijing,Singapore,Fully Remote,Enterprise,Tech,65.6,5.9,Docker|React|BERT|Java,4,24500,104600,101300,Top,Mid,2026,1,1,1,1,16.15
10441,Machine Learning Engineer,IT Operations,10.8,High School,Beijing,USA,Fully Remote,Mid-size,Finance,64.7,7.9,,0,58100,,61300,Medium,Senior,2026,1,1,0,1,16.1
10442,DevOps Engineer,AI Engineering,1.2,High School,Singapore,Singapore,Fully Remote,Mid-size,Education,50,1.3,SQL|Docker|AutoGen|PyTorch|BERT|Azure|Java,7,25800,37100,119000,Low,Junior,2026,12,0,1,0,8.78
10443,Data Scientist,Product Management,1.6,Associate's,Beijing,USA,Hybrid,Startup,Education,63.5,7.3,React|CUDA|AWS|Docker|Python|Java|TensorFlow,7,28200,151800,95400,Top,Mid,2026,9,1,0,0,36.03
10444,Product Manager,Product Management,7.4,High School,Singapore,Japan,Hybrid,Mid-size,E-commerce,60.9,4.9,FastAPI|Airflow|React|C++|PyTorch|Python|AWS,7,38700,141400,66400,Top,Junior,2026,12,1,1,1,7.88
10445,DevOps Engineer,Product Management,2.4,Bachelor's,New York,China,On-site,Enterprise,E-commerce,67.2,5,SQL|PyTorch|C++|AutoGen,4,65500,28000,50800,Low,Senior,2026,10,0,0,1,31.81
10446,Product Manager,Software Engineering,14.7,High School,Ho Chi Minh City,UK,Hybrid,Enterprise,E-commerce,57.4,9.2,Python,1,,184300,34500,Low,Senior,2026,1,0,1,0,33.27
10447,Data Scientist,Data Science,2.4,Bachelor's,San Francisco,China,Fully Remote,Startup,Education,79.7,8.7,React|C++|PyTorch|CUDA|AWS|Airflow|SQL,7,57400,116400,73100,Low,Mid,2026,4,1,0,1,14.33
10448,Product Manager,AI Engineering,7.3,Master's,Berlin,China,Fully Remote,Enterprise,Education,61.9,1.5,Java|FastAPI|TensorFlow|Python|PyTorch|Azure|Docker|C++|SQL,9,,121900,76400,High,Senior,2026,7,0,0,0,24.43
10449,Machine Learning Engineer,IT Operations,5.5,PhD,Berlin,Vietnam,On-site,Enterprise,E-commerce,91.6,6.6,Java|FastAPI|AutoGen|C++|Airflow|Docker|AWS|BERT|Azure|SQL,10,60100,79900,101300,Low,Junior,2026,12,1,0,1,33.55
10450,Data Scientist,IT Operations,9.6,Associate's,Beijing,USA,Fully Remote,Enterprise,Healthcare,64.2,4.9,C++|BERT|PyTorch,3,70900,105000,otohj3zeysmdfrm,Low,Lead,2026,5,0,0,0,0.01
10451,Data Scientist,Data Science,1.9,Bachelor's,Tokyo,Vietnam,On-site,Mid-size,Automotive,60.5,2.1,FastAPI|Docker|C++|TensorFlow,4,62200,121900,84100,High,Mid,2026,10,0,1,0,13.74
10452,Data Scientist,Product Management,6.5,Master's,New York,Vietnam,On-site,Startup,Automotive,52.8,8.7,,0,49000,,66100,Low,Lead,2026,5,0,0,1,18.98
10453,AI Agent Developer,AI Engineering,4.1,PhD,Singapore,China,Fully Remote,Big Tech (FAANG+),Healthcare,87,1.6,C++|AWS|BERT|Airflow|TensorFlow|Java|PyTorch|SQL,8,36100,56200,112500,Low,Lead,2026,7,1,0,0,46.54
10454,AI Agent Developer,IT Operations,13.3,PhD,New York,Vietnam,Hybrid,Startup,Finance,75.4,1.3,PyTorch|Java|Azure,3,31200,144900,71800,Low,Mid,2026,6,0,0,1,23.21
10455,AI Agent Developer,IT Operations,0.6,PhD,Beijing,Japan,Fully Remote,Startup,Automotive,55.7,2.8,AutoGen|C++|FastAPI|CUDA|Docker|Azure|Java|PyTorch|AWS,9,,83200,56700,Medium,Junior,2026,6,1,0,1,25.35
10456,Machine Learning Engineer,Product Management,13.7,Bachelor's,Singapore,USA,Fully Remote,Startup,Education,61.1,3.7,CUDA|Airflow|Java|Python|Azure|Docker|PyTorch,7,38000,156800,45000,High,Senior,2026,8,1,1,1,33.21
10457,DevOps Engineer,Data Science,12.5,Master's,Singapore,China,On-site,Big Tech (FAANG+),Tech,99.9,1.5,Azure|BERT|React|Java,4,68700,41900,63700,Low,Senior,2026,10,1,1,0,22.57
10458,Product Manager,AI Engineering,4.5,High School,Beijing,USA,Hybrid,Big Tech (FAANG+),Education,90.3,6.8,Python|AWS,2,47600,96900,69200,High,Mid,2026,9,0,1,0,21.62
10459,Data Analyst,Data Science,11.8,Master's,San Francisco,Japan,On-site,Enterprise,Automotive,67.5,4.9,AutoGen|C++|TensorFlow|Azure|Docker|AWS|BERT|SQL|FastAPI,9,65700,17100,70000,Top,Junior,2026,11,1,1,0,48.72
10460,Data Scientist,Data Science,0.5,Master's,Ho Chi Minh City,Germany,Fully Remote,Mid-size,Healthcare,77.1,4.7,Python|CUDA|PyTorch|TensorFlow|React|AWS,6,110900,73600,85600,Top,Mid,2026,2,0,1,0,40.62
10461,Product Manager,AI Engineering,14.5,Master's,Tokyo,Vietnam,On-site,Enterprise,Finance,70.8,2.3,Python|AutoGen|SQL|Java|BERT|PyTorch|AWS|TensorFlow,8,83100,80900,66700,High,Mid,2026,12,0,1,1,35.09
10462,Data Scientist,AI Engineering,7.9,Bachelor's,New York,China,On-site,Enterprise,Automotive,51.8,4.9,BERT|AWS|AutoGen|C++,4,49700,117400,54200,Low,Senior,2026,12,1,0,1,24.03
10463,Machine Learning Engineer,IT Operations,4.5,Bachelor's,Berlin,UK,Fully Remote,Big Tech (FAANG+),Healthcare,88.9,4.5,CUDA|PyTorch|Python|AutoGen|React|TensorFlow|SQL|Java|Azure,9,38800,37200,64500,High,Mid,2026,10,1,1,1,17.32
10464,Data Scientist,IT Operations,5.4,Bachelor's,Beijing,USA,On-site,Enterprise,Tech,85.8,4.5,FastAPI|AutoGen|Docker,3,66700,166300,69500,Medium,Junior,2026,4,0,1,0,29.6
10465,AI Agent Developer,AI Engineering,1,Master's,Ho Chi Minh City,Singapore,Fully Remote,Enterprise,E-commerce,70.4,3,C++|TensorFlow|Docker,3,66600,173200,60800,Top,Junior,2026,10,1,1,1,22.31
10466,Data Analyst,Software Engineering,14.8,Bachelor's,Berlin,Japan,On-site,Big Tech (FAANG+),Tech,92.3,1.8,Airflow|Docker|AutoGen|Azure|CUDA|FastAPI,6,60800,106200,34700,High,Junior,2026,9,1,1,1,23.33
10467,Software Engineer,IT Operations,0.6,PhD,San Francisco,Vietnam,Hybrid,Startup,Tech,76.7,3.3,CUDA|SQL|Docker|PyTorch|React|TensorFlow|AutoGen|AWS,8,79500,47100,37000,Low,Junior,2026,10,0,0,0,11.08
10468,Data Scientist,Software Engineering,9.8,Bachelor's,New York,USA,Fully Remote,Startup,Finance,53.3,7,BERT|Airflow|PyTorch|Azure,4,31100,43200,26100,Low,Senior,2026,1,1,0,0,39.56
10469,Product Manager,AI Engineering,6.6,Associate's,Beijing,Japan,Hybrid,Big Tech (FAANG+),Automotive,63,1.7,React|Docker|Python,3,55700,103900,79200,Top,Senior,2026,10,0,1,0,39.55
10470,AI Agent Developer,IT Operations,14.2,Bachelor's,Singapore,USA,On-site,Mid-size,E-commerce,73.1,4.4,FastAPI|PyTorch|AWS|Python|React|BERT|TensorFlow|C++,8,49300,68300,86300,Medium,Senior,2026,8,0,0,0,15.05
10471,Software Engineer,Data Science,3.7,Bachelor's,San Francisco,Germany,Hybrid,Enterprise,Healthcare,55.2,5.6,React,1,63600,151100,54000,Top,Senior,2026,11,0,0,1,14.46
10472,Data Analyst,AI Engineering,8,Bachelor's,San Francisco,Singapore,Hybrid,Startup,E-commerce,78.6,9.7,Azure|CUDA|AWS|Java|SQL|PyTorch|BERT|Airflow|Python,9,40800,86400,87100,Low,Junior,2026,1,0,0,0,13.9
10473,Software Engineer,Product Management,7.2,Bachelor's,Tokyo,Japan,Hybrid,Big Tech (FAANG+),Automotive,56,8.6,Docker|TensorFlow,2,57400,118100,65400,Medium,Junior,2026,11,0,0,1,8.13
10474,AI Agent Developer,Software Engineering,10.5,Associate's,Beijing,USA,On-site,Mid-size,Finance,60,9.2,Azure|React|Java|Python,4,14200,97700,71300,High,Mid,2026,4,0,1,0,42.91
10475,DevOps Engineer,AI Engineering,1,High School,San Francisco,Singapore,Fully Remote,Enterprise,Automotive,94.7,8.4,SQL|CUDA|AutoGen|Python|React|Azure|Java|Airflow|BERT|PyTorch,10,49600,78400,42400,Top,Mid,2026,9,0,0,0,13.28
10476,DevOps Engineer,AI Engineering,2.9,Bachelor's,Tokyo,Germany,On-site,Big Tech (FAANG+),Healthcare,100,6.3,FastAPI|AutoGen|C++|Java|BERT|SQL|Python|AWS|Docker|Azure,10,84200,,106200,High,Senior,2026,4,0,1,0,34.93
10477,Software Engineer,IT Operations,3.2,PhD,Ho Chi Minh City,Germany,On-site,Big Tech (FAANG+),E-commerce,77.5,8.7,TensorFlow|SQL|AutoGen|Java|React,5,39600,54000,114900,High,Mid,2026,5,0,1,1,4.98
10478,Machine Learning Engineer,IT Operations,11.1,Associate's,Ho Chi Minh City,Germany,On-site,Big Tech (FAANG+),Tech,81,6.1,TensorFlow|Azure|React|SQL|CUDA|Docker,6,48000,84900,83100,Low,Senior,2026,9,0,0,0,36.77
10479,Product Manager,IT Operations,2.8,High School,San Francisco,Vietnam,Fully Remote,Enterprise,Automotive,89.9,4.2,SQL|CUDA|TensorFlow|Docker|AWS,5,71400,102700,56000,Low,Senior,2026,8,1,0,1,7.37
10480,Product Manager,Product Management,8.6,Bachelor's,New York,Japan,On-site,Startup,Education,84.8,4.4,CUDA|FastAPI,2,59400,,77400,Medium,Senior,2026,1,1,1,1,7.94
10481,Software Engineer,IT Operations,3.2,High School,Tokyo,USA,On-site,Enterprise,Finance,59.1,6.1,Docker|PyTorch|C++|Python|Airflow|AWS,6,15800,101300,55600,High,Lead,2026,3,1,1,1,41.58
10482,Data Scientist,AI Engineering,12.9,PhD,Beijing,USA,Fully Remote,Enterprise,Finance,70.6,8.3,SQL|PyTorch|Java|C++|AWS|FastAPI|CUDA|Azure,8,47200,92100,41500,Medium,Mid,2026,4,0,1,0,14.55
10483,Data Scientist,IT Operations,14.1,Associate's,Ho Chi Minh City,Singapore,Fully Remote,Startup,E-commerce,76.8,2.2,Docker|BERT|C++|TensorFlow,4,57700,25000,92600,Medium,Mid,2026,3,0,1,1,8.62
10484,Product Manager,Data Science,7.8,Associate's,Beijing,Singapore,Fully Remote,Big Tech (FAANG+),Tech,68,1.4,AutoGen|Python|Docker|C++|SQL|Airflow|TensorFlow|AWS|Java|Azure,10,77300,,50100,Top,Senior,2026,9,1,0,0,26.84
10485,Product Manager,IT Operations,5.3,High School,New York,Japan,Hybrid,Mid-size,Healthcare,58.8,8.1,,0,73600,38600,53700,Top,Junior,2026,6,0,1,1,3.74
10486,DevOps Engineer,Product Management,3.5,Bachelor's,Tokyo,Germany,Fully Remote,Mid-size,Tech,86.8,6.8,Docker|PyTorch|Airflow,3,48700,120200,19600,Low,Lead,2026,3,0,1,1,35.52
10487,Machine Learning Engineer,Data Science,0.7,Master's,Beijing,USA,Hybrid,Startup,E-commerce,59.9,8.4,Azure|Java|AutoGen|SQL|BERT|React|TensorFlow,7,62700,149400,101600,High,Mid,2026,8,1,0,1,42.07
10488,AI Agent Developer,AI Engineering,4,Associate's,Berlin,USA,Hybrid,Startup,Tech,63,9.8,,0,48400,147900,112700,Medium,Junior,2026,9,0,0,0,12.42
10489,Data Scientist,AI Engineering,9.8,Master's,Beijing,Germany,On-site,Big Tech (FAANG+),E-commerce,64.3,3.3,C++|SQL,2,39900,132000,93400,High,Senior,2026,10,1,1,0,34.9
10490,Product Manager,Software Engineering,8,Associate's,London,UK,Hybrid,Mid-size,Tech,58.1,2.7,Airflow|CUDA|SQL,3,71900,103000,95300,Low,Senior,2026,4,1,0,0,2.69
10491,DevOps Engineer,Data Science,14.2,Bachelor's,London,UK,On-site,Mid-size,Automotive,92.5,4.1,CUDA|SQL|AWS|Java,4,70600,63900,41500,High,Mid,2026,5,1,1,0,23.9
10492,Data Analyst,Software Engineering,5.9,Bachelor's,Singapore,Germany,Hybrid,Big Tech (FAANG+),Finance,80.5,8.9,,0,55400,44100,68500,Medium,Mid,2026,3,0,0,1,47.6
10493,DevOps Engineer,Data Science,10.4,Associate's,New York,Singapore,Fully Remote,Startup,E-commerce,91.7,1.1,AutoGen|Python,2,36900,101400,ethwvcfxdak8bff,Medium,Lead,2026,5,0,1,0,26.9
10494,Data Scientist,Data Science,7.3,High School,New York,Vietnam,On-site,Startup,E-commerce,74.7,1.1,Airflow|PyTorch|Java|C++|AWS|CUDA|AutoGen|Docker,8,49500,,50600,High,Mid,2026,2,1,1,0,20.54
10495,Data Scientist,Product Management,7.7,Bachelor's,New York,Singapore,Hybrid,Big Tech (FAANG+),Finance,76,3,,0,,79500,64800,High,Lead,2026,2,1,1,1,0.29
10496,DevOps Engineer,Software Engineering,4,Bachelor's,Berlin,Singapore,On-site,Startup,Education,80.8,4.4,AWS|C++,2,68400,,34100,High,,2026,11,0,1,0,12.8
10497,AI Agent Developer,Product Management,6.8,PhD,Tokyo,USA,Fully Remote,Enterprise,Education,68.5,3.7,AutoGen|CUDA|React|PyTorch|SQL,5,43900,92800,67400,Medium,Junior,2026,5,1,0,1,21.42
10498,Software Engineer,Data Science,7.1,Bachelor's,Berlin,Singapore,Hybrid,Startup,Healthcare,74.8,8.4,AWS|FastAPI|Python,3,50600,,70400,Medium,Junior,2026,7,1,0,0,18.87
10499,Data Scientist,AI Engineering,10.6,PhD,Singapore,USA,Hybrid,Enterprise,E-commerce,77.3,7.2,,0,53700,219500,87600,Top,Lead,2026,1,0,1,0,21.95
10500,DevOps Engineer,Data Science,14.1,Bachelor's,Beijing,UK,Fully Remote,Mid-size,Automotive,97.7,8.5,C++|Java|Azure|SQL|AutoGen|CUDA|Docker|React,8,44600,86500,33500,Medium,,2026,3,0,0,1,1.18
10501,Product Manager,Product Management,4.9,Bachelor's,San Francisco,Singapore,Hybrid,Mid-size,Tech,94.1,4.5,,0,55100,131200,33100,High,Mid,2026,1,1,1,0,26.56
10502,DevOps Engineer,Software Engineering,0.6,High School,Ho Chi Minh City,Germany,Hybrid,Startup,Automotive,56.5,6.4,Python|Java,2,52200,127800,105800,Medium,Mid,2026,8,0,0,1,12.57
10503,Machine Learning Engineer,Software Engineering,7.4,High School,Tokyo,Japan,On-site,Big Tech (FAANG+),E-commerce,52.1,5.6,C++|React|AutoGen|Azure|BERT|AWS|Java,7,33700,83300,101800,High,Mid,2026,2,0,1,1,20.03
10504,Software Engineer,Product Management,8.2,Bachelor's,London,Japan,Hybrid,Startup,Healthcare,84,5.3,Java|Python|BERT|PyTorch|Airflow|React|Azure|FastAPI|C++|Docker,10,38900,72400,58900,Medium,Junior,2026,6,1,1,0,44.32
10505,Data Analyst,Software Engineering,2.5,Associate's,London,Singapore,Fully Remote,Big Tech (FAANG+),E-commerce,52.5,3.6,React,1,21800,34700,113200,Medium,Mid,2026,11,1,0,1,41.41
10506,AI Agent Developer,IT Operations,11.4,Associate's,Singapore,Vietnam,Hybrid,Mid-size,Healthcare,53,7.4,Docker|CUDA|AWS|Azure,4,35200,109800,79200,High,Mid,2026,6,0,1,1,19.9
10507,Data Analyst,AI Engineering,14.8,Bachelor's,San Francisco,Singapore,On-site,Mid-size,Finance,58,5.7,AWS|FastAPI|Airflow|C++|Java|AutoGen|CUDA|TensorFlow|Python|BERT,10,,101400,103400,Low,Senior,2026,9,0,0,1,2.7
10508,Software Engineer,AI Engineering,14.2,Associate's,London,Germany,Hybrid,Mid-size,Tech,67.6,1.7,React|AWS|Airflow|Python|TensorFlow|PyTorch|BERT|Azure,8,63200,51500,67700,Top,Lead,2026,6,0,1,0,44.44
10509,Software Engineer,AI Engineering,3,Bachelor's,Singapore,UK,On-site,Big Tech (FAANG+),Automotive,71.7,1,,0,33900,150700,yucwggyvojs32qk,Medium,Mid,2026,10,0,0,0,19.95
10510,Software Engineer,Software Engineering,13.1,High School,Beijing,UK,Hybrid,Big Tech (FAANG+),Healthcare,76,1.2,,0,46200,125000,66500,Low,Senior,2026,6,0,0,0,23.98
10511,Data Analyst,Software Engineering,10.6,Master's,Beijing,Singapore,On-site,Mid-size,Automotive,99.6,1.7,BERT|SQL|Java|FastAPI|CUDA|TensorFlow|Python|AWS|C++,9,32600,100800,116800,Medium,Junior,2026,11,0,1,0,4.28
10512,Product Manager,Data Science,6.8,PhD,New York,USA,On-site,Startup,Finance,69.3,4.3,AutoGen|BERT|AWS|TensorFlow|React|FastAPI|Azure|PyTorch|Java|Docker,10,64500,85200,70900,Medium,Mid,2026,1,0,1,1,34.63
10513,Software Engineer,Data Science,8.1,Associate's,Ho Chi Minh City,China,Hybrid,Big Tech (FAANG+),E-commerce,62.1,3.8,BERT|Java,2,,91400,72800,Medium,Junior,2026,7,1,1,1,35.61
10514,DevOps Engineer,AI Engineering,12.7,Associate's,New York,Vietnam,Fully Remote,Enterprise,Healthcare,78.8,2.4,Airflow|Azure|AWS|CUDA,4,,,34600,High,Junior,2026,12,1,1,1,20.43
10515,Data Analyst,IT Operations,7.2,High School,Beijing,Vietnam,Fully Remote,Mid-size,Tech,60.8,5.6,Python|Airflow|BERT|SQL|Java|AutoGen|AWS|TensorFlow|C++|FastAPI,10,43700,75800,72000,Medium,Junior,2026,6,0,0,0,44.44
10516,Software Engineer,Data Science,5.6,Associate's,Berlin,China,Hybrid,Big Tech (FAANG+),Healthcare,97,9.7,Docker|C++|FastAPI,3,70000,128900,118500,Low,Junior,2026,8,1,1,0,2.43
10517,DevOps Engineer,Data Science,7.4,Bachelor's,New York,Japan,Hybrid,Mid-size,Education,63,2.4,AutoGen|C++|PyTorch|Java|BERT,5,26200,,108900,Medium,Lead,2026,1,0,0,0,15.38
10518,Product Manager,Software Engineering,8.7,Bachelor's,Tokyo,Japan,Hybrid,Enterprise,E-commerce,99.5,3.3,React|Airflow,2,38100,185700,70400,Medium,Junior,2026,8,0,0,0,10.34
10519,Machine Learning Engineer,IT Operations,2.8,Master's,Beijing,Japan,Hybrid,Startup,E-commerce,70.9,5.2,BERT|FastAPI|AWS|PyTorch|Python|React|Docker,7,42000,76000,72700,Medium,Senior,2026,8,0,0,0,34.9
10520,Product Manager,AI Engineering,13.5,Master's,Beijing,UK,Hybrid,Enterprise,Tech,90.6,6.8,Airflow|Docker|Python|AutoGen|C++|Java,6,66000,96600,43900,High,Senior,2026,1,1,1,1,10.23
10521,Software Engineer,Data Science,10.1,Master's,San Francisco,Germany,Fully Remote,Startup,Tech,82.4,6.4,PyTorch|Python,2,39100,119200,83700,High,Junior,2026,11,1,0,1,35.14
10522,Data Analyst,IT Operations,9.5,Bachelor's,San Francisco,Vietnam,On-site,Startup,Finance,96.7,5.7,Azure|Java,2,30700,124900,83100,Low,Junior,2026,7,1,0,0,39.83
10523,Data Scientist,IT Operations,1.5,Master's,Berlin,China,On-site,Big Tech (FAANG+),Automotive,81.3,7.6,TensorFlow,1,50200,89900,88200,High,Lead,2026,7,0,1,1,39.16
10524,Software Engineer,AI Engineering,9.1,Master's,Berlin,USA,Fully Remote,Startup,Healthcare,79.1,8.6,Airflow|Docker|C++|CUDA,4,98700,71800,35300,Medium,Mid,2026,7,0,0,1,1.4
10525,Data Scientist,IT Operations,1.8,Bachelor's,Berlin,Singapore,Fully Remote,Startup,Finance,82.6,10,PyTorch|TensorFlow|Airflow,3,30500,88200,104000,High,Junior,2026,12,1,0,1,46.53
10526,DevOps Engineer,IT Operations,1.2,High School,San Francisco,USA,On-site,Startup,Automotive,89.3,5.2,Azure|C++|PyTorch|CUDA|TensorFlow|BERT|AWS,7,74800,117300,pau094w8sdt4cnt,Top,Senior,2026,3,0,1,0,35.73
10527,Machine Learning Engineer,IT Operations,7.9,Associate's,Ho Chi Minh City,Singapore,Fully Remote,Mid-size,Finance,94.9,10,FastAPI|SQL,2,49800,,105700,High,Senior,2026,3,0,1,1,40.64
10528,AI Agent Developer,Data Science,6,PhD,Tokyo,UK,Hybrid,Big Tech (FAANG+),Education,63.3,7.6,Azure|React|FastAPI,3,50100,197300,80100,Medium,Lead,2026,11,0,0,0,32.29
10529,Product Manager,AI Engineering,8.8,Bachelor's,Beijing,Vietnam,Fully Remote,Big Tech (FAANG+),Tech,60,6.9,AWS|Docker|BERT|React|C++|PyTorch|FastAPI,7,37900,88500,110700,Medium,Senior,2026,8,0,0,1,26.46
10530,Machine Learning Engineer,IT Operations,1.3,Bachelor's,Berlin,Germany,Fully Remote,Startup,Tech,51.7,6.8,Azure|BERT|Python|TensorFlow|React|PyTorch,6,62500,109900,91200,Top,Senior,2026,8,1,1,0,32.23
10531,Software Engineer,IT Operations,6.5,PhD,Ho Chi Minh City,Vietnam,Fully Remote,Mid-size,E-commerce,68.5,9.2,Docker|React|TensorFlow|Azure|FastAPI|Java|AutoGen|Airflow|Python|PyTorch,10,70800,101700,54000,High,Junior,2026,8,1,0,0,18.01
10532,Data Scientist,Data Science,2.6,PhD,London,Singapore,Fully Remote,Startup,Healthcare,92.3,9.5,SQL|TensorFlow|Java|Airflow|C++|React,6,80100,91600,95500,Medium,Lead,2026,12,1,1,0,22.89
10533,Product Manager,AI Engineering,14.8,Master's,Tokyo,Japan,On-site,Big Tech (FAANG+),Healthcare,53.5,2.6,TensorFlow|Java|PyTorch|BERT|AWS|Azure|FastAPI,7,55700,135100,100400,High,Senior,2026,3,0,0,0,35.62
10534,Data Scientist,Software Engineering,8.4,PhD,Singapore,USA,On-site,Big Tech (FAANG+),Healthcare,76.9,5.4,Docker|Airflow|AutoGen|Java|BERT|AWS|TensorFlow,7,36200,,80300,High,Senior,2026,4,1,1,0,33.38
10535,Data Analyst,Data Science,10.3,Associate's,Singapore,Vietnam,On-site,Big Tech (FAANG+),Finance,84.7,9.5,CUDA|Java|C++|Docker|AWS|Python|SQL|AutoGen|React,9,85700,194700,68000,Medium,Lead,2026,12,1,1,0,29.68
10536,Data Scientist,AI Engineering,4.9,Associate's,San Francisco,USA,On-site,Big Tech (FAANG+),Finance,91.8,4.4,Python|PyTorch,2,40900,72900,98100,Low,Lead,2026,2,1,0,0,2.46
10537,Data Analyst,IT Operations,1.4,Associate's,London,China,Hybrid,Mid-size,Healthcare,79.2,3.1,,0,34600,119000,103800,High,Senior,2026,11,1,1,0,14.39
10538,DevOps Engineer,AI Engineering,14.6,Associate's,London,China,Hybrid,Enterprise,E-commerce,59.3,1.9,Azure|BERT|TensorFlow,3,55800,108500,42200,Top,,2026,3,0,1,1,30.17
10539,Product Manager,AI Engineering,4.3,Associate's,Beijing,USA,On-site,Enterprise,Automotive,98.2,6.4,Java|TensorFlow|PyTorch|C++|React|Docker|BERT,7,30700,99200,78400,Low,Junior,2026,5,0,0,0,23.18
10540,Product Manager,AI Engineering,6.4,Master's,Ho Chi Minh City,Germany,On-site,Mid-size,Education,54.7,7.3,AutoGen|React|TensorFlow|Python,4,40000,152800,70100,Low,Senior,2026,3,1,0,1,16.9
10541,AI Agent Developer,Software Engineering,9.7,Bachelor's,Ho Chi Minh City,Germany,On-site,Startup,Finance,88.4,2.8,AutoGen|Docker,2,62500,177800,122400,High,Senior,2026,4,1,1,0,35.85
10542,Software Engineer,AI Engineering,0.4,PhD,London,Vietnam,Fully Remote,Big Tech (FAANG+),Healthcare,54.3,7.1,AWS|FastAPI|C++|Azure|Docker|BERT|SQL,7,107500,68800,57100,Top,Junior,2026,7,0,1,0,19.35
10543,Data Analyst,Software Engineering,12.2,Bachelor's,Tokyo,USA,Hybrid,Big Tech (FAANG+),Tech,57.2,9.1,AWS|AutoGen,2,61300,69600,88900,High,Senior,2026,3,1,0,0,45.42
10544,AI Agent Developer,IT Operations,8,PhD,New York,UK,Hybrid,Big Tech (FAANG+),Finance,94.9,3.2,TensorFlow|Java|PyTorch|Python|Airflow,5,73700,121700,xqa3ghzeudglr1m,Medium,Senior,2026,1,1,1,1,26.58
10545,Data Scientist,Software Engineering,4.2,Master's,London,Germany,Fully Remote,Mid-size,Automotive,87.7,2.1,AutoGen|AWS|Java|Azure|C++|CUDA,6,39900,98100,76500,Medium,Lead,2026,1,1,1,1,24.18
10546,Data Scientist,IT Operations,0.9,Master's,Beijing,Singapore,Fully Remote,Mid-size,Finance,68.3,8.5,BERT|TensorFlow|AutoGen|Airflow|CUDA,5,55300,80100,109500,Low,,2026,4,1,1,0,16.86
10547,AI Agent Developer,IT Operations,2.4,High School,London,Germany,Fully Remote,Big Tech (FAANG+),Automotive,81.9,9.2,Java|FastAPI|Azure|AWS|Docker|PyTorch|AutoGen|Python|Airflow,9,11600,,72600,Top,Mid,2026,1,0,1,1,6.71
10548,Product Manager,Software Engineering,13.4,High School,Tokyo,Japan,Hybrid,Big Tech (FAANG+),Automotive,72.9,2.9,,0,23400,80000,44400,Top,Lead,2026,6,1,1,1,0.48
10549,Data Scientist,Data Science,10.3,Master's,Tokyo,China,Fully Remote,Startup,Finance,53.3,7.5,AutoGen|Azure|CUDA|C++,4,53100,55200,111700,Low,Senior,2026,4,0,1,1,33.84
10550,DevOps Engineer,Product Management,3.7,Master's,London,Germany,Fully Remote,Enterprise,Automotive,86.1,6.3,Python|PyTorch,2,57100,110900,63800,High,Senior,2026,5,0,0,1,3.27
10551,DevOps Engineer,AI Engineering,1,PhD,Ho Chi Minh City,Singapore,Fully Remote,Mid-size,Finance,88.2,3.2,Airflow|AWS,2,66900,102100,77400,High,Junior,2026,6,0,0,0,16.25
10552,AI Agent Developer,Product Management,10.4,Master's,London,Germany,On-site,Enterprise,Finance,94.1,8.4,React|AutoGen|AWS|C++|PyTorch|Airflow|Docker|Python,8,46200,,71100,Medium,Junior,2026,2,0,0,1,43.78
10553,Data Analyst,AI Engineering,8.6,Bachelor's,Berlin,Singapore,Fully Remote,Big Tech (FAANG+),E-commerce,77,5.2,CUDA|TensorFlow|Java|PyTorch|Docker|Airflow|React|FastAPI|AWS|AutoGen,10,80200,23900,51400,High,Mid,2026,1,0,1,1,23.9
10554,Data Analyst,AI Engineering,6.1,PhD,Berlin,Japan,On-site,Enterprise,Tech,83.7,7.3,BERT|PyTorch|Docker,3,61000,86700,52100,High,Junior,2026,10,0,0,1,44.17
10555,AI Agent Developer,IT Operations,5.5,Master's,New York,Singapore,Hybrid,Enterprise,Education,71.9,3.7,Python,1,13700,178400,36500,Top,Junior,2026,12,0,0,1,3.08
10556,Data Analyst,AI Engineering,3.3,PhD,Beijing,Germany,Hybrid,Mid-size,Automotive,65.9,8.3,SQL|BERT|Docker|CUDA,4,13800,86700,88000,Low,Mid,2026,12,1,1,0,42.17
10557,Product Manager,AI Engineering,10,PhD,San Francisco,Japan,Hybrid,Mid-size,Finance,70.6,3.4,Airflow|AWS|BERT|CUDA|AutoGen|Java|Azure|FastAPI,8,52600,87900,93000,High,Senior,2026,2,1,0,0,46.57
10558,Product Manager,Software Engineering,14.6,Associate's,Beijing,USA,On-site,Startup,Automotive,95.6,4.3,React|Airflow|CUDA|Java|C++|Docker|FastAPI|Python|AutoGen,9,45300,80700,81200,Low,Junior,2026,6,0,0,0,45.68
10559,Data Analyst,Product Management,2.6,High School,Singapore,USA,Fully Remote,Big Tech (FAANG+),Finance,58.2,4.5,C++|CUDA|BERT|AutoGen|Airflow|PyTorch|Azure|SQL|TensorFlow,9,54400,124800,90200,Top,Junior,2026,10,1,0,0,16.83
10560,DevOps Engineer,Software Engineering,9,PhD,Ho Chi Minh City,China,Hybrid,Startup,Education,62.4,2.9,React,1,43300,143000,71700,Low,Mid,2026,9,0,0,1,4.76
10561,Data Analyst,AI Engineering,6.4,PhD,San Francisco,Vietnam,Fully Remote,Mid-size,Finance,80.3,8.9,C++|React|Python|Azure|AutoGen|AWS|Java|FastAPI|SQL,9,38000,73800,80000,Medium,Junior,2026,8,0,1,1,45.75
10562,Product Manager,IT Operations,6.7,Associate's,Beijing,Japan,On-site,Startup,Finance,55.8,2,React,1,35300,39800,74300,Medium,Lead,2026,10,0,1,1,7.87
10563,Machine Learning Engineer,Software Engineering,3.8,Master's,New York,Germany,Hybrid,Enterprise,Tech,94.6,6.1,Python|TensorFlow|React|CUDA,4,48900,86400,73200,Low,Junior,2026,11,1,1,1,27.3
10564,Software Engineer,Software Engineering,12.4,PhD,Berlin,Vietnam,Fully Remote,Enterprise,Automotive,52.4,8.3,AutoGen|Azure|Python,3,66800,79000,47900,High,Senior,2026,1,1,0,0,20.37
10565,Data Scientist,Data Science,7.3,Associate's,Ho Chi Minh City,USA,Fully Remote,Mid-size,Tech,87.8,6.2,PyTorch|Python|Airflow|Java|C++|TensorFlow,6,28500,91700,107900,High,Mid,2026,5,1,0,0,47.89
10566,Machine Learning Engineer,AI Engineering,8.2,Bachelor's,Tokyo,Germany,Hybrid,Enterprise,Tech,68.7,3.9,Azure|TensorFlow|React|Docker|FastAPI|BERT|AutoGen|Java|Airflow|CUDA,10,47200,147800,67800,High,Senior,2026,7,0,1,1,20.8
10567,Data Analyst,IT Operations,4.6,Associate's,Berlin,Vietnam,Fully Remote,Big Tech (FAANG+),Tech,52.6,8,,0,78500,59100,63400,Top,Senior,2026,8,0,0,0,18.52
10568,DevOps Engineer,Software Engineering,2.7,High School,New York,Japan,On-site,Mid-size,Tech,92.1,5.5,FastAPI,1,15200,116900,60900,Low,Senior,2026,7,1,1,0,29.34
10569,AI Agent Developer,Software Engineering,1.3,High School,Ho Chi Minh City,Japan,Hybrid,Big Tech (FAANG+),E-commerce,82,2.5,PyTorch|Python|Azure|AutoGen|C++|Java,6,62900,,65400,Medium,Mid,2026,1,0,1,0,26.39
10570,Data Analyst,IT Operations,10.7,Master's,San Francisco,Vietnam,Hybrid,Mid-size,Automotive,50.4,3.9,Airflow|PyTorch|AutoGen|Python|React|AWS,6,45800,120200,65600,High,Lead,2026,12,0,1,1,22.61
10571,DevOps Engineer,AI Engineering,2.9,Master's,London,Singapore,Hybrid,Mid-size,Automotive,63.4,6.3,AWS|C++|Java|SQL|CUDA|Python,6,34400,127800,79900,Low,Junior,2026,4,0,0,1,25.13
10572,Software Engineer,Data Science,10.4,High School,Beijing,Japan,Hybrid,Enterprise,Finance,67.6,6.9,C++|AutoGen|TensorFlow|Java|CUDA,5,38900,24400,32900,Top,Senior,2026,4,0,1,0,4.92
10573,Data Analyst,Software Engineering,5.9,High School,New York,UK,On-site,Mid-size,Automotive,66.1,5.9,SQL|C++|AutoGen|Java|FastAPI|Python|TensorFlow|Azure,8,70700,124200,53500,Medium,Mid,2026,9,1,1,0,46.75
10574,Product Manager,Data Science,6.2,PhD,Ho Chi Minh City,USA,On-site,Mid-size,Education,74.9,3.4,CUDA|BERT|Java,3,47400,99600,112200,Top,Junior,2026,12,0,0,1,12.52
10575,AI Agent Developer,Product Management,7,High School,Berlin,China,Fully Remote,Startup,Tech,76.3,6.3,AutoGen|Java|Airflow,3,28500,,110500,High,Mid,2026,6,0,1,0,28.51
10576,DevOps Engineer,AI Engineering,5.5,Master's,Ho Chi Minh City,China,On-site,Enterprise,Healthcare,69.8,4,CUDA|TensorFlow|React|Python|Airflow|AutoGen|C++|Azure|FastAPI|BERT,10,32700,,68500,Low,Senior,2026,6,1,1,0,1.77
10577,DevOps Engineer,Product Management,1.5,High School,London,UK,Fully Remote,Big Tech (FAANG+),Automotive,66.6,3,AutoGen|C++|Java|AWS|Azure|TensorFlow|Python|PyTorch,8,40000,135700,137400,Low,Mid,2026,5,1,0,0,14.78
10578,DevOps Engineer,Product Management,4.6,Master's,New York,Vietnam,Fully Remote,Mid-size,Healthcare,75.2,9.5,TensorFlow|Java,2,67400,67600,92500,Top,Senior,2026,5,0,1,1,34.44
10579,Software Engineer,Product Management,10,Bachelor's,Ho Chi Minh City,Japan,Hybrid,Big Tech (FAANG+),Education,51.7,3.8,Docker|Airflow|BERT|Azure|Java|AWS,6,39900,80900,111800,Medium,Mid,2026,9,1,1,0,22.87
10580,Data Analyst,AI Engineering,10,High School,Tokyo,UK,Fully Remote,Startup,E-commerce,82.3,4,Java|Airflow,2,49500,143200,77300,Medium,Senior,2026,2,1,1,0,36.51
10581,Software Engineer,AI Engineering,4.3,Master's,New York,UK,Hybrid,Mid-size,Finance,80.3,9.1,,0,36200,,68700,Top,Junior,2026,10,1,1,1,7.77
10582,Data Scientist,IT Operations,6.9,Associate's,New York,Japan,Fully Remote,Big Tech (FAANG+),Finance,64,2.3,AutoGen|CUDA|Docker|TensorFlow|C++|FastAPI|Java,7,42000,,98800,High,Mid,2026,5,1,1,1,49.4
10583,Data Scientist,Data Science,2.9,PhD,Berlin,USA,On-site,Enterprise,Finance,59,6.3,React|TensorFlow|Python|SQL|Java|Azure|AutoGen|Docker,8,46800,170300,102900,Medium,Mid,2026,1,1,0,0,22.29
10584,Data Analyst,Data Science,3.2,Master's,San Francisco,Japan,Hybrid,Startup,E-commerce,53.6,8.1,,0,31400,90200,68200,Low,Junior,2026,5,0,1,1,26.94
10585,Product Manager,IT Operations,0.3,High School,Singapore,Japan,Fully Remote,Startup,Tech,79.4,3.5,Airflow|C++|BERT|AWS|Java,5,34400,101200,86000,Top,Senior,2026,4,1,0,1,12.88
10586,Software Engineer,IT Operations,13.5,High School,Beijing,Singapore,On-site,Big Tech (FAANG+),Healthcare,78.4,8.6,AutoGen|Java|AWS|FastAPI|React|C++|Docker,7,39600,118400,1600,High,Lead,2026,4,1,1,0,16.96
10587,AI Agent Developer,Product Management,3.2,Bachelor's,Singapore,Germany,On-site,Mid-size,Automotive,76.7,7.9,SQL|AutoGen|Python|CUDA|TensorFlow|Airflow|AWS,7,80000,66600,58700,Low,Senior,2026,4,1,0,0,32.73
10588,DevOps Engineer,IT Operations,3.4,Associate's,San Francisco,Vietnam,Hybrid,Mid-size,Tech,99.3,5.4,CUDA|Java|FastAPI|TensorFlow,4,51200,,110700,Low,Senior,2026,3,0,1,0,17.09
10589,DevOps Engineer,Software Engineering,4.2,Master's,Tokyo,China,Hybrid,Enterprise,Finance,76.6,2.1,BERT|SQL|PyTorch|React|Azure|AWS|Airflow|CUDA|Java,9,32100,62900,61600,Low,Junior,2026,6,1,0,1,35.93
10590,Data Analyst,Data Science,1.9,Associate's,London,China,Hybrid,Enterprise,Finance,86.1,9.7,AutoGen|Airflow|C++|TensorFlow|CUDA|AWS|BERT|Docker,8,66900,109600,73700,Low,Lead,2026,3,0,0,1,14.29
10591,Product Manager,IT Operations,9.6,Bachelor's,Ho Chi Minh City,UK,Fully Remote,Mid-size,Tech,55.6,6.6,Azure,1,67900,78900,71900,High,Mid,2026,6,1,1,0,38.27
10592,Data Scientist,Software Engineering,1.1,PhD,Singapore,Singapore,Hybrid,Startup,Healthcare,64.9,5.7,AWS|Docker|PyTorch|BERT|CUDA,5,31700,142600,47600,Low,Lead,2026,6,1,0,1,33.75
10593,Data Scientist,Software Engineering,2,Associate's,Beijing,UK,On-site,Enterprise,Tech,63.8,9,AWS|SQL|FastAPI|CUDA|AutoGen,5,,,72800,Top,Mid,2026,11,0,1,1,10.61
10594,DevOps Engineer,Software Engineering,9.7,Bachelor's,San Francisco,UK,On-site,Enterprise,E-commerce,78.8,4.8,C++|AutoGen|Docker|Airflow|BERT|React|Python,7,57700,92900,69800,Top,Mid,2026,10,0,0,0,2.5
10595,Data Analyst,Software Engineering,5.1,Master's,Berlin,Vietnam,Hybrid,Startup,Finance,66.5,6.1,Python|Airflow|AutoGen|Java|SQL,5,58400,38000,52100,Top,Junior,2026,2,0,0,1,46.51
10596,Software Engineer,Product Management,10.6,PhD,Beijing,UK,Hybrid,Mid-size,Healthcare,82.1,8.7,,0,,115100,71400,Medium,Senior,2026,9,1,0,1,11.76
10597,Data Scientist,Software Engineering,8.4,High School,New York,UK,On-site,Big Tech (FAANG+),Automotive,84.5,4.5,CUDA|React|Python|Azure|FastAPI|Airflow|PyTorch|SQL|BERT,9,56800,105800,45600,Top,Senior,2026,10,0,1,1,28.86
10598,Software Engineer,Product Management,3.8,Bachelor's,New York,Germany,Fully Remote,Enterprise,Finance,51.7,8,Python|Azure|Docker|BERT|AWS|CUDA|Airflow|AutoGen,8,47700,38300,73800,Top,Lead,2026,8,0,0,1,14.89
10599,Product Manager,Product Management,9.8,High School,London,Vietnam,On-site,Startup,Tech,82,3.3,AutoGen|PyTorch|Azure|React|TensorFlow|Airflow|CUDA|AWS,8,63000,108200,73200,Low,Senior,2026,7,0,1,1,32.91
10600,Data Scientist,Software Engineering,1.7,PhD,Tokyo,USA,On-site,Enterprise,Healthcare,55.8,7.3,Azure|TensorFlow|SQL|AutoGen|Python|BERT|C++,7,,126300,124300,Low,Mid,2026,9,0,1,1,35.06
10601,Data Scientist,Data Science,8,Bachelor's,Ho Chi Minh City,Singapore,On-site,Startup,Finance,73.3,5.6,AWS|CUDA,2,81500,102600,55000,High,Junior,2026,8,0,0,0,3.72
10602,Machine Learning Engineer,Software Engineering,6.6,Bachelor's,Ho Chi Minh City,USA,Hybrid,Enterprise,Automotive,86.3,2.5,C++|TensorFlow|BERT|FastAPI|Docker|Airflow|Java|CUDA|Python,9,10100,80100,95300,High,Senior,2026,9,0,0,0,2.5
10603,Data Scientist,Software Engineering,4,PhD,Berlin,Japan,Fully Remote,Mid-size,Automotive,85.2,2.2,Python|PyTorch|TensorFlow,3,31800,154900,38900,Top,Senior,2026,8,1,0,0,49.54
10604,AI Agent Developer,Software Engineering,9.1,Master's,London,Germany,Fully Remote,Startup,Education,65,5.1,PyTorch|AWS,2,57100,173000,136600,Top,Mid,2026,3,0,0,1,38.4
10605,Data Analyst,Data Science,13.1,Bachelor's,Ho Chi Minh City,China,Hybrid,Big Tech (FAANG+),Tech,63.6,7.4,React|BERT,2,,55500,84900,High,Lead,2026,10,0,1,0,13.08
10606,Data Analyst,AI Engineering,15,PhD,Tokyo,Japan,On-site,Big Tech (FAANG+),E-commerce,72,6.4,PyTorch|CUDA|BERT|TensorFlow|SQL|Docker,6,,141200,81000,Medium,Senior,2026,1,0,1,0,24.57
10607,Software Engineer,AI Engineering,9.1,Associate's,San Francisco,USA,Hybrid,Enterprise,Tech,59.4,8.7,Airflow|AutoGen|BERT|CUDA|TensorFlow|Python|Java|PyTorch,8,53500,117100,90300,Top,Mid,2026,11,0,1,0,47.9
10608,Product Manager,Product Management,6.1,High School,New York,Vietnam,Hybrid,Big Tech (FAANG+),Healthcare,98.7,4.5,Java|Azure|Airflow|PyTorch|Docker|BERT,6,25700,75600,76600,Top,Lead,2026,6,1,0,1,27.19
10609,Data Scientist,Product Management,3.4,Bachelor's,San Francisco,China,Fully Remote,Enterprise,Tech,67.2,8.6,C++,1,29300,91500,64700,Low,Senior,2026,12,0,0,0,20.96
10610,AI Agent Developer,Data Science,3.9,Associate's,San Francisco,UK,Fully Remote,Startup,Healthcare,96.1,1.3,BERT|PyTorch|Docker|Java|SQL,5,47500,93300,51600,Low,Mid,2026,3,1,1,0,1.88
10611,Software Engineer,IT Operations,7.2,Bachelor's,London,Vietnam,Hybrid,Startup,Education,95.4,4.3,,0,57700,,80100,Top,Mid,2026,3,1,0,1,29.24
10612,Machine Learning Engineer,AI Engineering,5.5,Master's,Beijing,China,Hybrid,Big Tech (FAANG+),Education,68.2,1.7,BERT|Java|Docker,3,35700,82200,106300,Medium,Senior,2026,6,0,1,1,44.08
10613,Software Engineer,Product Management,13.7,PhD,Singapore,USA,Fully Remote,Big Tech (FAANG+),Education,62.7,9.3,BERT|Java|CUDA|Python|SQL|AWS,6,14000,26800,28300,Medium,Mid,2026,10,0,0,0,27.14
10614,Software Engineer,AI Engineering,5.5,Bachelor's,Singapore,Japan,Fully Remote,Mid-size,E-commerce,88.5,5.3,PyTorch|TensorFlow|CUDA|Java,4,54600,91500,130300,High,Senior,2026,12,1,1,1,39.09
10615,Data Scientist,Data Science,5.6,PhD,London,UK,On-site,Startup,Education,61.5,3.8,TensorFlow|C++|Airflow|FastAPI|AutoGen|AWS|BERT|CUDA|Python,9,59700,137500,53500,Medium,Senior,2026,9,0,0,1,44.3
10616,Machine Learning Engineer,Data Science,5.8,Bachelor's,San Francisco,UK,Hybrid,Big Tech (FAANG+),Tech,76.1,5.4,PyTorch|Python|Airflow|AutoGen|Azure|SQL|React|TensorFlow|FastAPI,9,28200,147500,82700,Medium,Lead,2026,5,0,0,0,20.37
10617,Software Engineer,IT Operations,12.5,Master's,London,Singapore,On-site,Big Tech (FAANG+),Automotive,55.5,5.8,Java|Azure|BERT|C++|Docker|FastAPI,6,42100,,56900,High,Junior,2026,1,1,1,0,20.58
10618,AI Agent Developer,IT Operations,9.8,Master's,Tokyo,Vietnam,On-site,Big Tech (FAANG+),Healthcare,69.3,8.6,SQL|Airflow,2,68200,119100,73600,Medium,Senior,2026,10,0,0,0,46.07
10619,AI Agent Developer,Data Science,9.2,Associate's,Tokyo,Japan,On-site,Enterprise,Healthcare,53.9,5.9,Python|Docker|AutoGen|TensorFlow|PyTorch|FastAPI|C++|SQL,8,26800,148200,83200,High,Senior,2026,7,1,0,0,17.03
10620,Data Analyst,Product Management,5,Master's,Ho Chi Minh City,UK,Fully Remote,Mid-size,Automotive,64.2,4.9,Java|TensorFlow|PyTorch|AWS|BERT,5,,126100,70600,Low,Lead,2026,9,0,0,1,33.08
10621,Machine Learning Engineer,AI Engineering,12.3,PhD,Singapore,China,On-site,Startup,Tech,83.3,9.7,,0,,182600,79500,High,Junior,2026,10,1,1,0,30.99
10622,Machine Learning Engineer,Software Engineering,0.6,Master's,Berlin,Singapore,Fully Remote,Big Tech (FAANG+),E-commerce,99.6,9.7,,0,93700,155700,77800,Top,Junior,2026,2,0,1,1,24.26
10623,Data Analyst,IT Operations,13.1,Bachelor's,Berlin,Singapore,Fully Remote,Big Tech (FAANG+),Finance,62.7,1.3,TensorFlow|Azure|SQL|PyTorch,4,25500,82800,89100,Medium,Mid,2026,9,0,0,1,32.1
10624,Software Engineer,Software Engineering,7.7,Master's,San Francisco,Germany,Fully Remote,Big Tech (FAANG+),Tech,73.7,7.4,SQL|CUDA|FastAPI|Airflow|PyTorch,5,13500,96000,87400,Medium,Junior,2026,5,1,0,0,35.16
10625,Machine Learning Engineer,Product Management,6,PhD,Tokyo,USA,Hybrid,Enterprise,Education,72.4,4.3,,0,62100,167900,20800,High,Junior,2026,1,0,0,1,46.24
10626,AI Agent Developer,IT Operations,7.5,Bachelor's,Ho Chi Minh City,Vietnam,On-site,Startup,Tech,59.2,7.1,Python|React|Airflow,3,43500,53100,66600,Top,Mid,2026,4,0,0,0,40.04
10627,AI Agent Developer,Software Engineering,10,Associate's,Ho Chi Minh City,Japan,Fully Remote,Big Tech (FAANG+),Healthcare,80.5,6.7,React|BERT|Java|PyTorch|SQL|TensorFlow|CUDA|FastAPI|Docker|AutoGen,10,29400,97300,108500,Medium,Junior,2026,8,0,0,0,17.9
10628,Data Scientist,Product Management,0.2,Associate's,Ho Chi Minh City,Germany,Hybrid,Big Tech (FAANG+),Healthcare,86.2,4,Docker|BERT|SQL|FastAPI,4,40200,176100,96100,Low,Lead,2026,3,0,0,1,21.61
10629,Machine Learning Engineer,AI Engineering,13.1,Associate's,San Francisco,Germany,Hybrid,Enterprise,E-commerce,57.4,9.9,Python|AWS|Airflow|FastAPI|SQL|C++|Java,7,80300,181200,47100,High,,2026,5,0,1,0,45.18
10630,Software Engineer,Product Management,6.7,Bachelor's,San Francisco,Vietnam,Hybrid,Enterprise,Education,87.9,4.2,BERT|PyTorch|SQL|AWS|Docker|Java|C++|TensorFlow|FastAPI|AutoGen,10,50100,111800,65700,Top,Lead,2026,2,1,1,1,13.55
10631,Data Analyst,IT Operations,5.1,Associate's,Tokyo,China,Fully Remote,Mid-size,E-commerce,85,6.7,SQL|Java|PyTorch|BERT|Azure,5,79300,33300,69300,High,Junior,2026,5,0,0,1,16.24
10632,Data Analyst,Data Science,2.1,Master's,Berlin,Japan,Fully Remote,Mid-size,E-commerce,59.9,8.3,PyTorch|Airflow|React|Python,4,25200,85700,68900,Medium,Mid,2026,12,0,0,0,34.46
10633,Software Engineer,AI Engineering,6.6,Bachelor's,Ho Chi Minh City,USA,Fully Remote,Startup,Automotive,82.4,2.3,SQL|AutoGen|Java|Airflow|PyTorch|Docker,6,,128900,71000,Medium,Lead,2026,9,0,1,1,5.54
10634,Product Manager,Software Engineering,7.4,Bachelor's,Tokyo,Vietnam,Hybrid,Mid-size,Finance,69.7,3.7,PyTorch|CUDA|TensorFlow|React|Airflow,5,30600,68300,62200,Medium,Lead,2026,12,0,1,1,39.36
10635,DevOps Engineer,IT Operations,6.1,Bachelor's,Beijing,Japan,Fully Remote,Startup,Finance,84.1,2.8,TensorFlow|Azure|C++|Java|PyTorch|FastAPI|Docker|React|BERT|AutoGen,10,,193800,50800,High,Senior,2026,3,0,1,0,47.42
10636,Data Scientist,Data Science,10.2,High School,Beijing,Germany,On-site,Mid-size,Education,74.8,8,AutoGen|BERT|AWS|Docker|PyTorch|TensorFlow|FastAPI|SQL|C++,9,72900,90600,128200,Top,Mid,2026,7,0,1,1,32.16
10637,Data Analyst,Product Management,6.3,PhD,New York,Germany,Fully Remote,Big Tech (FAANG+),E-commerce,52.4,8.2,Azure|C++,2,30100,153200,79600,High,Lead,2026,6,1,1,1,3.61
10638,Machine Learning Engineer,Data Science,14.4,High School,Beijing,Vietnam,Fully Remote,Mid-size,Healthcare,89.3,3.3,CUDA|React|C++|TensorFlow|BERT,5,58400,95200,69600,Medium,Junior,2026,2,0,0,1,11.93
10639,Data Scientist,IT Operations,9,High School,London,Japan,On-site,Big Tech (FAANG+),Finance,77.8,1,TensorFlow|AWS|Docker|Airflow|SQL|Python|PyTorch|React,8,,112400,93800,High,Senior,2026,7,0,0,0,4.88
10640,Machine Learning Engineer,IT Operations,12.1,High School,New York,Germany,Fully Remote,Startup,Tech,86.2,4.8,AWS|TensorFlow|SQL|CUDA|FastAPI|BERT|Java|Airflow|React,9,68700,99900,36000,Low,Lead,2026,10,1,0,1,15.45
10641,Product Manager,Data Science,1.6,PhD,Beijing,Vietnam,Fully Remote,Mid-size,Automotive,56.3,7.2,Azure|C++|CUDA,3,27300,77500,88700,Top,Junior,2026,4,1,1,0,46.98
10642,AI Agent Developer,Product Management,6,High School,London,Singapore,Fully Remote,Mid-size,Healthcare,86.1,6.6,AutoGen|C++|Java|PyTorch|AWS|Docker|TensorFlow|React,8,41900,84000,38400,Medium,Lead,2026,6,0,1,0,17.96
10643,Data Scientist,Data Science,5.1,Associate's,Beijing,Vietnam,Fully Remote,Mid-size,Automotive,70.7,5,Airflow,1,51000,128000,84100,High,Lead,2026,7,1,1,1,9.22
10644,Data Analyst,IT Operations,8.5,Bachelor's,Tokyo,USA,Hybrid,Big Tech (FAANG+),Tech,90,3.7,React|PyTorch|AutoGen|Python,4,80100,91500,53400,Low,Mid,2026,9,0,0,1,33.08
10645,Data Scientist,IT Operations,12.9,Bachelor's,Singapore,Vietnam,Fully Remote,Big Tech (FAANG+),Finance,80,5.3,React|PyTorch|TensorFlow|AWS|AutoGen|Python|CUDA|FastAPI,8,51200,,92500,Medium,Lead,2026,7,0,1,1,44.98
10646,Data Scientist,Software Engineering,1.2,Master's,London,Singapore,On-site,Mid-size,Automotive,67.7,1.1,CUDA|Airflow|TensorFlow|FastAPI|Azure|C++|React|Python,8,30600,124600,141400,High,Mid,2026,3,0,0,0,1.72
10647,Data Scientist,Software Engineering,1.1,Associate's,Ho Chi Minh City,Japan,On-site,Startup,Education,60.1,1.7,Azure|Airflow|SQL|TensorFlow|React|PyTorch|Python|C++|AutoGen,9,56400,161200,78900,Medium,Junior,2026,9,0,0,1,33.42
10648,DevOps Engineer,AI Engineering,12.8,PhD,Tokyo,Japan,Hybrid,Big Tech (FAANG+),Automotive,90.8,2.5,FastAPI|Python|BERT|AutoGen|AWS|Airflow|React,7,29700,168600,37600,Top,Mid,2026,6,1,0,1,14.45
10649,Data Scientist,IT Operations,3.2,Bachelor's,Singapore,Germany,Fully Remote,Enterprise,Automotive,78,6.6,Java|FastAPI|Python|TensorFlow|C++|CUDA|AutoGen|SQL,8,16300,60200,58700,Medium,Junior,2026,4,0,0,0,18.7
10650,Machine Learning Engineer,Software Engineering,10,High School,London,UK,On-site,Startup,Tech,99.4,3,C++|React|Azure|AutoGen|CUDA|Airflow|TensorFlow|FastAPI,8,46800,68900,83600,Medium,Mid,2026,12,0,1,1,11.86
10651,AI Agent Developer,Data Science,8.1,Master's,Tokyo,USA,Hybrid,Startup,Healthcare,68.7,4.8,Azure|Java|Airflow,3,55600,151900,106700,Top,Mid,2026,10,1,0,1,45.3
10652,Product Manager,Product Management,12.5,Master's,Ho Chi Minh City,Japan,Fully Remote,Startup,Healthcare,84.3,6.6,AWS|C++|Java,3,,80200,47100,High,,2026,5,1,1,1,44.3
10653,Software Engineer,Data Science,1.9,Bachelor's,London,Germany,Hybrid,Big Tech (FAANG+),Tech,81.1,8.5,CUDA,1,51100,90500,121800,Low,Mid,2026,10,1,0,0,30.24
10654,Data Scientist,Product Management,1.9,Associate's,London,Germany,Fully Remote,Mid-size,Automotive,81.9,5.9,React|FastAPI|Python|Airflow|PyTorch,5,85700,46100,90800,Low,Senior,2026,1,0,1,0,0.8
10655,Data Analyst,Software Engineering,8.4,Master's,Singapore,USA,Hybrid,Mid-size,Automotive,86.8,2.6,SQL|TensorFlow,2,81000,128700,74700,Top,Lead,2026,12,1,0,1,47.33
10656,Data Scientist,AI Engineering,14.2,Bachelor's,Tokyo,USA,Hybrid,Enterprise,E-commerce,57,9.6,,0,33500,98800,96600,Medium,Senior,2026,4,1,0,1,23.37
10657,Data Analyst,Data Science,6.2,Associate's,Beijing,Germany,On-site,Mid-size,Education,77.5,1.8,Docker|CUDA|AWS|FastAPI|BERT|PyTorch|AutoGen,7,68900,142500,43300,High,Junior,2026,3,0,0,0,24.45
10658,Machine Learning Engineer,Data Science,4.9,Bachelor's,London,Singapore,On-site,Enterprise,Finance,75.5,4.3,BERT,1,95200,132200,52200,High,Junior,2026,6,0,0,1,38.65
10659,Data Analyst,Data Science,9.1,Bachelor's,Beijing,UK,Hybrid,Enterprise,Finance,67.1,9.3,SQL|FastAPI,2,85200,142100,40600,Top,Lead,2026,9,1,0,1,30.69
10660,Software Engineer,Product Management,14,Associate's,London,Singapore,Fully Remote,Mid-size,Healthcare,71.8,6.4,Java|AutoGen|CUDA|AWS|FastAPI|Python|PyTorch|BERT|Airflow|React,10,70200,142600,131000,High,Junior,2026,3,0,0,0,6.07
10661,AI Agent Developer,Software Engineering,12.6,Associate's,Berlin,China,Fully Remote,Enterprise,Tech,75.9,7,Azure|React|BERT|FastAPI|PyTorch|C++|CUDA|TensorFlow|AWS|Airflow,10,47300,84500,75300,Low,Junior,2026,12,0,0,1,5.27
10662,Data Analyst,Data Science,14.9,Associate's,New York,Singapore,Fully Remote,Startup,Automotive,66,3.7,Java|Docker|C++|Azure,4,23900,99500,79600,High,Mid,2026,5,0,0,0,12.61
10663,Data Analyst,Data Science,0.3,Bachelor's,Beijing,Germany,Fully Remote,Startup,Education,64.7,1.7,,0,30800,108200,103300,Medium,Lead,2026,2,1,1,0,3.53
10664,AI Agent Developer,AI Engineering,1.7,Master's,Beijing,USA,Fully Remote,Startup,Finance,86.9,4.3,TensorFlow|Python,2,60600,104300,39400,High,Mid,2026,9,1,1,0,41.65
10665,Software Engineer,AI Engineering,9.1,PhD,Singapore,Vietnam,On-site,Big Tech (FAANG+),Tech,53.3,4.6,AWS|React|FastAPI,3,55900,,54700,Top,Lead,2026,8,1,0,0,1.97
10666,Data Scientist,Software Engineering,12.3,PhD,Ho Chi Minh City,Vietnam,Hybrid,Enterprise,Tech,65.6,3.4,,0,51400,81500,83800,Top,Mid,2026,10,1,0,1,47.3
10667,Data Analyst,Software Engineering,4.3,Bachelor's,Berlin,USA,On-site,Enterprise,Automotive,82.7,2.9,SQL|Azure|Docker|BERT|Java,5,68200,112600,117200,Low,Lead,2026,4,0,1,1,5.56
10668,AI Agent Developer,IT Operations,3.6,Bachelor's,Ho Chi Minh City,Singapore,Fully Remote,Startup,Education,60.4,4.2,TensorFlow|AutoGen,2,73400,76900,97200,Low,Junior,2026,11,0,0,1,42.88
10669,Machine Learning Engineer,AI Engineering,11.8,Master's,Berlin,USA,Hybrid,Big Tech (FAANG+),Tech,78.6,6.8,C++|React|SQL|PyTorch|CUDA,5,73400,110100,83900,Low,Senior,2026,8,0,0,0,11.86
10670,AI Agent Developer,IT Operations,0.8,Associate's,Berlin,China,Fully Remote,Mid-size,Finance,65.1,9.5,TensorFlow|React,2,,114700,81500,Low,Junior,2026,10,0,1,0,33.04
10671,Machine Learning Engineer,Product Management,5.5,Bachelor's,San Francisco,Japan,Fully Remote,Startup,E-commerce,92.2,7.3,TensorFlow,1,,52900,103100,High,Lead,2026,4,0,1,1,17.11
10672,Software Engineer,IT Operations,7.6,High School,Tokyo,USA,Hybrid,Big Tech (FAANG+),Finance,67.5,8,C++|PyTorch|Docker,3,39500,,50900,High,,2026,2,1,0,1,3.36
10673,Data Scientist,Data Science,8.4,Associate's,Tokyo,Vietnam,Fully Remote,Mid-size,Education,61.5,3.8,PyTorch|Java|AWS|C++|TensorFlow,5,51700,154600,82500,Top,Senior,2026,9,0,0,1,36.52
10674,AI Agent Developer,IT Operations,10.9,Bachelor's,Tokyo,UK,On-site,Big Tech (FAANG+),E-commerce,76.5,1.9,CUDA|Docker|BERT|PyTorch|TensorFlow|Java|AutoGen,7,57200,142700,86700,Top,Mid,2026,2,1,1,0,40.39
10675,Product Manager,Software Engineering,5.3,High School,London,USA,On-site,Mid-size,Tech,56.8,3.6,TensorFlow,1,48900,52800,68400,Low,Lead,2026,1,1,0,0,14.94
10676,Product Manager,Product Management,9.2,Master's,Singapore,China,On-site,Enterprise,Finance,89.9,4.6,PyTorch|Python|Docker|TensorFlow|SQL|React|AutoGen,7,18200,49400,71700,High,Mid,2026,1,0,1,1,39.23
10677,DevOps Engineer,Data Science,8.8,High School,Ho Chi Minh City,UK,Fully Remote,Enterprise,Automotive,84,7.2,Python|Airflow|SQL|Java|AutoGen|Docker,6,56400,121000,34700,Medium,,2026,3,0,0,0,22.87
10678,Data Analyst,IT Operations,8.2,Bachelor's,New York,China,On-site,Big Tech (FAANG+),Education,88.5,9.5,PyTorch|CUDA,2,48800,106100,61200,Low,Junior,2026,10,0,0,0,36.48
10679,Software Engineer,Product Management,9.6,PhD,Berlin,UK,Fully Remote,Big Tech (FAANG+),Tech,69.9,8.3,BERT|SQL,2,,93900,15900,Low,,2026,7,1,1,0,32.26
10680,AI Agent Developer,Product Management,3.9,Bachelor's,Berlin,USA,Fully Remote,Mid-size,Automotive,91.8,3.4,React|Java|Python|TensorFlow|PyTorch|Azure|C++|AWS|SQL,9,61500,400,91800,High,Junior,2026,6,0,1,1,46.49
10681,Product Manager,Data Science,1.3,PhD,Singapore,Vietnam,On-site,Big Tech (FAANG+),E-commerce,74.7,8.4,Docker|C++|SQL|React,4,61100,58900,78100,Medium,Senior,2026,12,1,0,1,16.4
10682,Data Analyst,IT Operations,1.8,Master's,Beijing,UK,On-site,Big Tech (FAANG+),Healthcare,54.7,4.7,TensorFlow|PyTorch|FastAPI,3,73900,151600,71600,Low,Senior,2026,3,1,0,1,5.5
10683,Product Manager,Product Management,3.4,Master's,London,Germany,Fully Remote,Mid-size,Healthcare,61.2,2.6,Airflow|PyTorch|SQL|AutoGen|FastAPI|Docker|Python|Java|TensorFlow|Azure,10,61800,116800,81500,Medium,Mid,2026,5,0,1,0,39.41
10684,AI Agent Developer,Product Management,7.5,Associate's,New York,Japan,Fully Remote,Mid-size,E-commerce,85.6,5.2,BERT|Airflow|FastAPI|Azure|React|CUDA,6,42300,179500,82500,Top,Senior,2026,10,1,1,0,40.64
10685,Machine Learning Engineer,AI Engineering,12.6,Associate's,Tokyo,China,Fully Remote,Enterprise,Healthcare,94.8,6.1,AWS|Docker|TensorFlow|Python,4,76500,134700,66400,Top,Senior,2026,6,1,0,0,1.31
10686,AI Agent Developer,Product Management,10.5,PhD,Berlin,UK,Fully Remote,Startup,Education,54.8,7.9,Docker|C++|AWS|PyTorch|SQL|Airflow|React|CUDA,8,,113200,40100,Low,Junior,2026,10,0,0,1,6.31
10687,DevOps Engineer,AI Engineering,11.8,PhD,Beijing,China,On-site,Big Tech (FAANG+),Tech,93.2,4.1,FastAPI|Airflow|AWS|Python|Java|BERT|PyTorch|Azure|C++,9,49600,37300,87500,High,Lead,2026,2,0,0,1,41.61
10688,AI Agent Developer,IT Operations,5.3,Master's,Ho Chi Minh City,Vietnam,Fully Remote,Mid-size,Tech,90,2.3,C++|TensorFlow|Airflow|Azure|Docker|PyTorch,6,75000,113400,50200,Low,Junior,2026,3,1,0,1,30.03
10689,AI Agent Developer,IT Operations,6.1,High School,Berlin,China,Fully Remote,Enterprise,Education,67.8,1.8,Python|Docker|Java|SQL|C++|TensorFlow|AWS|FastAPI|CUDA|React,10,53300,96400,83800,High,Senior,2026,4,1,0,1,22.64
10690,DevOps Engineer,IT Operations,5.9,PhD,Beijing,China,Fully Remote,Startup,Finance,84.5,2,C++|TensorFlow|SQL|BERT|FastAPI|React,6,73000,54900,107800,Medium,Lead,2026,8,0,0,1,41.34
10691,Software Engineer,Software Engineering,2.9,PhD,Ho Chi Minh City,Germany,Fully Remote,Big Tech (FAANG+),Tech,59.3,9.6,Airflow|AutoGen,2,76500,,119300,High,Senior,2026,11,0,0,1,12.3
10692,AI Agent Developer,IT Operations,0.9,High School,London,China,Fully Remote,Enterprise,Healthcare,90.7,9.6,AWS|BERT|Python|Azure|Java|PyTorch|CUDA,7,37300,102500,84500,High,Senior,2026,1,0,0,1,16.24
10693,DevOps Engineer,Product Management,8.9,Associate's,Tokyo,UK,Hybrid,Startup,Education,82.9,9.7,Java|C++|AWS|CUDA,4,78000,116600,67300,Low,Junior,2026,9,0,1,0,38.68
10694,Data Analyst,Data Science,14.8,Associate's,Singapore,China,Hybrid,Big Tech (FAANG+),Automotive,71.9,3.7,,0,50900,66900,63200,Low,Lead,2026,1,0,1,0,29.55
10695,Machine Learning Engineer,AI Engineering,2.5,PhD,Ho Chi Minh City,USA,Hybrid,Enterprise,Finance,93.2,2.7,AWS|React|Docker|TensorFlow|SQL|Python|FastAPI|AutoGen|Azure|Airflow,10,57800,,83500,Top,Junior,2026,12,1,0,1,10.42
10696,Machine Learning Engineer,Software Engineering,0.7,Associate's,Berlin,China,On-site,Big Tech (FAANG+),Automotive,57,9.8,FastAPI,1,72200,93500,26400,Medium,Mid,2026,3,1,0,1,44.7
10697,AI Agent Developer,IT Operations,11.7,Associate's,San Francisco,USA,Fully Remote,Startup,Healthcare,92.3,9.9,Docker|FastAPI|React|AutoGen|Python|Java|SQL|AWS|Azure|C++,10,44900,191300,54900,Top,Mid,2026,3,1,1,0,49.72
10698,Software Engineer,IT Operations,3.8,Associate's,San Francisco,Japan,On-site,Mid-size,Automotive,51.2,1.7,FastAPI|CUDA|TensorFlow|Python|Azure|BERT,6,,77900,55900,Medium,Mid,2026,9,0,0,1,7.23
10699,Software Engineer,Data Science,12.4,Master's,New York,China,Fully Remote,Enterprise,Healthcare,87.7,7.8,BERT|Docker|React|AutoGen|Java|CUDA,6,53300,72100,85300,Top,Mid,2026,3,1,1,0,14.83
10700,Data Analyst,Data Science,10.6,Bachelor's,Ho Chi Minh City,Singapore,Hybrid,Startup,Tech,78.7,3.6,BERT|TensorFlow|Java|FastAPI|C++|React|Azure|Python|AWS,9,40900,110200,73600,Medium,Junior,2026,3,0,0,1,37.47
10701,AI Agent Developer,Software Engineering,14.2,PhD,New York,Japan,Fully Remote,Big Tech (FAANG+),Finance,84.8,9.2,SQL|C++|PyTorch|AutoGen|React,5,62900,90900,78900,High,Mid,2026,2,0,1,1,6.17
10702,Machine Learning Engineer,AI Engineering,6.1,PhD,New York,Singapore,On-site,Startup,E-commerce,70.6,1.8,FastAPI|PyTorch|Java,3,75100,109500,71900,High,Junior,2026,4,0,1,1,23.23
10703,Software Engineer,IT Operations,9.9,Master's,Ho Chi Minh City,China,On-site,Startup,Healthcare,93.2,9,React|C++,2,52100,165700,69500,Top,Lead,2026,11,1,1,1,10.92
10704,AI Agent Developer,Software Engineering,7,Bachelor's,Singapore,UK,Fully Remote,Mid-size,Education,65.7,1,Python|SQL|Java|CUDA|TensorFlow|FastAPI|BERT|React|Docker|Airflow,10,,60900,82600,Top,Lead,2026,8,1,0,0,33.22
10705,Product Manager,Product Management,9.5,Bachelor's,Singapore,Singapore,On-site,Enterprise,Education,63.7,5.7,CUDA,1,43600,104500,92400,Top,Junior,2026,6,0,0,1,17.99
10706,Software Engineer,Product Management,6.7,Master's,San Francisco,USA,Hybrid,Startup,Tech,65.1,4,Azure,1,35900,75000,101700,Low,Lead,2026,1,1,0,0,42.41
10707,DevOps Engineer,Software Engineering,2.8,High School,London,Japan,Fully Remote,Mid-size,Education,88.7,4.8,BERT|SQL|PyTorch,3,95500,73300,74300,Medium,Mid,2026,5,0,0,0,22.91
10708,Product Manager,IT Operations,7.6,High School,Singapore,Japan,Hybrid,Mid-size,Automotive,74.8,4.9,Java,1,,,101300,Top,Junior,2026,12,0,1,0,26.83
10709,Software Engineer,Software Engineering,7.9,Bachelor's,Ho Chi Minh City,USA,Hybrid,Mid-size,Tech,76.9,6.9,React|FastAPI|Airflow|C++,4,4500,100400,114800,Low,Senior,2026,11,0,1,0,44.45
10710,Machine Learning Engineer,IT Operations,12.2,High School,San Francisco,Germany,On-site,Big Tech (FAANG+),Education,91.6,1.2,Python|TensorFlow,2,,171200,59800,Top,Lead,2026,10,1,0,0,38.43
10711,Data Scientist,Data Science,11,High School,Singapore,China,Fully Remote,Mid-size,Automotive,91.7,7.2,TensorFlow|Azure|Java|SQL|FastAPI|CUDA|PyTorch|BERT|C++,9,53700,79100,94800,Low,Mid,2026,11,0,1,0,40.44
10712,Product Manager,Software Engineering,10,High School,Beijing,China,Hybrid,Mid-size,Automotive,58.1,1.2,CUDA|PyTorch|React|SQL|C++|FastAPI|Airflow,7,50700,90100,60800,Top,Mid,2026,8,1,0,1,0.62
10713,Data Analyst,IT Operations,1.7,Bachelor's,Tokyo,UK,Hybrid,Mid-size,Automotive,77.5,2.7,,0,53600,25600,105700,High,Senior,2026,1,1,1,0,32.87
10714,Data Analyst,Software Engineering,10.8,High School,New York,Germany,Fully Remote,Mid-size,Education,56.3,6.5,TensorFlow|React|Docker|Azure|SQL|C++|FastAPI|Java|CUDA|Python,10,24400,118200,79700,Low,Mid,2026,6,0,0,1,23.3
10715,Machine Learning Engineer,Software Engineering,7.5,PhD,Tokyo,Germany,On-site,Enterprise,Automotive,93.4,1.8,Docker|AutoGen|SQL|AWS|TensorFlow,5,51200,104900,65200,High,Junior,2026,11,1,0,1,44.18
10716,Software Engineer,IT Operations,13.4,Bachelor's,San Francisco,Singapore,Hybrid,Enterprise,Finance,91.9,9.9,AWS|CUDA|Airflow|TensorFlow|BERT|FastAPI|SQL|AutoGen|PyTorch,9,30200,,52300,Low,Lead,2026,7,0,1,1,1.91
10717,AI Agent Developer,IT Operations,13.8,Master's,Berlin,UK,Fully Remote,Mid-size,Education,92.5,8.1,Airflow|C++|Docker|Java|AutoGen,5,,109700,60700,Medium,Junior,2026,5,1,1,1,42.24
10718,Software Engineer,AI Engineering,0.8,High School,New York,Japan,Fully Remote,Startup,Automotive,85.2,7.4,,0,27100,27500,71100,Medium,Junior,2026,4,0,0,0,6.77
10719,Machine Learning Engineer,Software Engineering,12.3,Associate's,San Francisco,USA,Hybrid,Big Tech (FAANG+),Finance,73.3,3.4,Airflow|React|SQL|Python|TensorFlow|BERT|Docker|C++|PyTorch|FastAPI,10,48300,169400,103100,Low,Lead,2026,7,0,1,0,29.59
10720,Data Analyst,Product Management,0.6,Bachelor's,Berlin,Japan,Hybrid,Startup,E-commerce,70.2,1.4,AutoGen|FastAPI|AWS|TensorFlow,4,34100,112100,67600,Top,Mid,2026,9,0,1,1,36.33
10721,Software Engineer,Software Engineering,5.5,Master's,Beijing,Vietnam,Hybrid,Startup,Finance,69.8,9.8,FastAPI|CUDA|AWS|C++|Azure|SQL|Java|PyTorch|AutoGen,9,69000,114800,63700,Low,Senior,2026,4,1,0,0,9.88
10722,Data Analyst,Software Engineering,8.1,PhD,Beijing,UK,On-site,Mid-size,Education,53.3,2.3,FastAPI|Docker|PyTorch|SQL|Airflow|AWS|C++|TensorFlow|Python|React,10,,170400,119400,Medium,,2026,3,0,0,0,8.33
10723,Product Manager,IT Operations,2.2,Master's,Tokyo,USA,On-site,Startup,Education,97.4,8.5,Azure|Airflow|SQL|C++|CUDA|AWS|React|BERT|Docker|Java,10,29000,80500,64900,Medium,Mid,2026,10,0,0,1,34.11
10724,AI Agent Developer,Software Engineering,11.2,High School,Beijing,Japan,Fully Remote,Enterprise,Automotive,72.5,2.8,TensorFlow|React|C++|FastAPI|Java|Docker|Python|Airflow|AutoGen,9,71100,44600,46100,High,Junior,2026,4,0,0,0,8.36
10725,Product Manager,Software Engineering,0.1,Associate's,San Francisco,Japan,Fully Remote,Enterprise,Education,96.5,4.4,C++|FastAPI|AWS|React,4,10100,,40800,Medium,Lead,2026,5,0,0,0,25.65
10726,Data Analyst,Product Management,2.5,High School,San Francisco,Germany,Hybrid,Big Tech (FAANG+),E-commerce,94,7.2,FastAPI|Airflow|SQL|AWS|Azure|React|CUDA|Java|Docker,9,63800,98700,56600,Top,,2026,9,1,0,1,13.13
10727,Data Analyst,IT Operations,8.7,Master's,Ho Chi Minh City,UK,Fully Remote,Enterprise,Tech,91.4,9.5,SQL|TensorFlow|AWS|Java|PyTorch|AutoGen|Airflow,7,56700,95400,74900,High,Junior,2026,11,1,0,0,1.58
10728,Data Scientist,Software Engineering,10.7,Bachelor's,New York,Vietnam,On-site,Enterprise,Finance,79.4,1.2,Airflow|AWS|TensorFlow|PyTorch|AutoGen|BERT,6,100400,,75700,Medium,Mid,2026,1,1,0,0,3.36
10729,Data Scientist,Data Science,13.7,Associate's,Berlin,China,Fully Remote,Mid-size,Tech,55.1,3.3,TensorFlow|Azure|BERT|CUDA|Java|Docker|SQL|FastAPI|AutoGen|Airflow,10,,115600,59500,Low,Mid,2026,9,1,0,0,6.57
10730,Product Manager,AI Engineering,10.6,Associate's,Singapore,UK,Fully Remote,Enterprise,E-commerce,66.2,7.9,FastAPI|Airflow,2,60000,,36400,Low,Junior,2026,9,0,0,0,27.26
10731,DevOps Engineer,Product Management,10.1,Master's,Tokyo,Vietnam,Hybrid,Startup,Finance,80.2,2.6,AWS|React|Java|Python|Airflow|PyTorch|C++|TensorFlow|AutoGen|FastAPI,10,33000,,52900,Medium,Mid,2026,8,0,1,1,10.57
10732,Product Manager,Software Engineering,5.9,High School,Tokyo,Vietnam,Hybrid,Startup,Automotive,50.7,2,BERT|React,2,45600,76200,42000,Top,Senior,2026,10,1,1,1,42.47
10733,Data Scientist,Data Science,0,Master's,Beijing,UK,On-site,Enterprise,Finance,52.1,1.4,CUDA|TensorFlow|SQL|Airflow|Docker|AutoGen|FastAPI,7,,89400,-100,Low,Senior,2026,8,0,1,1,1.36
10734,Data Analyst,Software Engineering,1.8,Associate's,Beijing,USA,Fully Remote,Big Tech (FAANG+),Automotive,83.9,5.5,React|PyTorch|FastAPI|BERT|SQL|AutoGen|Java,7,78400,72000,17100,High,Lead,2026,8,1,0,0,32.97
10735,Machine Learning Engineer,Software Engineering,8,Master's,San Francisco,UK,Fully Remote,Big Tech (FAANG+),Healthcare,94.4,7.9,Airflow|FastAPI|TensorFlow|AutoGen|AWS|PyTorch,6,34600,51300,82400,Top,Mid,2026,4,0,1,0,4.48
10736,Product Manager,IT Operations,10.1,Associate's,Berlin,Japan,Fully Remote,Big Tech (FAANG+),Finance,92.8,9.7,,0,13200,106000,67400,High,Junior,2026,7,0,0,1,44.52
10737,Data Analyst,IT Operations,6.3,High School,New York,Singapore,Hybrid,Enterprise,Finance,58.4,3.4,FastAPI|AWS|BERT|Azure|C++|Java|CUDA|AutoGen|TensorFlow,9,51400,81700,89700,High,Senior,2026,2,1,0,0,2.06
10738,Machine Learning Engineer,IT Operations,11,Bachelor's,New York,Germany,On-site,Big Tech (FAANG+),Tech,95.6,2.1,TensorFlow|BERT|Azure|AWS|AutoGen|Python|Airflow|Docker|C++|PyTorch,10,18100,49500,58200,Medium,Lead,2026,3,0,1,1,7.15
10739,Machine Learning Engineer,Data Science,7.8,Bachelor's,San Francisco,Japan,Fully Remote,Enterprise,Tech,84.8,4.6,,0,66200,,59800,High,Mid,2026,8,0,0,0,13.88
10740,Data Scientist,Software Engineering,1.1,Master's,Tokyo,Vietnam,Fully Remote,Startup,E-commerce,85.8,1.5,AWS|Azure|Java|Python|Docker,5,80300,97400,53500,Low,Junior,2026,4,0,0,1,5.03
10741,Product Manager,AI Engineering,2.9,Associate's,Berlin,Vietnam,Fully Remote,Big Tech (FAANG+),Automotive,65.2,4,AutoGen|SQL|TensorFlow|Azure|AWS|BERT,6,70600,179600,52700,Top,Mid,2026,10,1,0,1,45.58
10742,Software Engineer,Product Management,12.6,Bachelor's,Tokyo,China,Fully Remote,Big Tech (FAANG+),Education,85.8,6.8,C++|Docker|TensorFlow|PyTorch,4,,145100,56000,High,Lead,2026,11,0,0,0,6.62
10743,AI Agent Developer,IT Operations,10.9,Associate's,San Francisco,Vietnam,On-site,Big Tech (FAANG+),Tech,85.5,2.5,Java|Python|AutoGen|TensorFlow|PyTorch,5,82400,81600,69brioqtuszzz2l,Medium,Mid,2026,6,0,0,0,4.15
10744,Data Scientist,IT Operations,13.4,High School,Singapore,Singapore,On-site,Startup,E-commerce,79.7,6.7,CUDA|AutoGen|Airflow|C++|Azure|SQL,6,34600,173800,72200,High,Mid,2026,12,1,1,1,2.99
10745,Data Scientist,Software Engineering,1.8,Master's,London,China,On-site,Enterprise,Automotive,67.9,9.7,BERT|TensorFlow|C++|AutoGen|SQL|React|Docker,7,,144200,55200,Low,Lead,2026,11,0,1,1,40.3
10746,Software Engineer,Software Engineering,14.9,Associate's,New York,Vietnam,Hybrid,Startup,Automotive,90.6,8.8,React|BERT|Docker|FastAPI|AWS|AutoGen,6,78600,76900,99000,Top,Mid,2026,8,0,1,0,32.49
10747,AI Agent Developer,Data Science,3.1,Master's,Berlin,Vietnam,Fully Remote,Startup,Automotive,96.9,4.2,TensorFlow|BERT,2,42900,87400,74400,Low,Mid,2026,8,0,1,0,37.85
10748,Data Analyst,Data Science,0.2,Associate's,Singapore,UK,Fully Remote,Mid-size,Healthcare,93.5,4.8,PyTorch|FastAPI|Azure,3,53200,112000,102000,Medium,Junior,2026,5,1,1,0,35.25
10749,DevOps Engineer,IT Operations,15,Associate's,Berlin,UK,Fully Remote,Big Tech (FAANG+),Automotive,62.1,4.8,Java|AWS,2,70300,91400,87400,High,Senior,2026,11,1,1,0,48.4
10750,Product Manager,Software Engineering,4.2,High School,Tokyo,Germany,Fully Remote,Enterprise,E-commerce,72.3,8.7,SQL|Airflow|Python|React|CUDA|Java|Azure|TensorFlow|BERT,9,28000,,78400,Low,Junior,2026,7,0,1,1,38.42
10751,DevOps Engineer,AI Engineering,10,Master's,Beijing,Japan,On-site,Enterprise,Automotive,67.1,9.9,Docker|SQL|React|AutoGen|C++|CUDA|Azure|BERT|AWS,9,39300,115700,82500,Medium,Lead,2026,1,1,1,1,19.13
10752,Data Analyst,Product Management,2.7,PhD,San Francisco,USA,Hybrid,Mid-size,Education,85.4,8.4,AWS|CUDA|C++|FastAPI|Airflow|Azure|AutoGen|Java|Python,9,38200,142000,84500,Medium,Senior,2026,5,1,1,1,14.49
10753,Data Scientist,Software Engineering,8.7,Associate's,Berlin,Germany,Hybrid,Mid-size,Education,91.6,6,Python|SQL|AutoGen|Java|Docker|C++|Airflow|Azure|CUDA|TensorFlow,10,,125400,43200,Medium,Mid,2026,3,0,0,1,14.6
10754,AI Agent Developer,Software Engineering,13.6,Associate's,Tokyo,Vietnam,Fully Remote,Startup,Automotive,60.8,1.9,C++|Azure|Airflow|SQL|TensorFlow,5,35800,72800,78000,Medium,Mid,2026,4,1,0,0,15.64
10755,Data Scientist,Data Science,4.8,Bachelor's,Ho Chi Minh City,Germany,On-site,Mid-size,E-commerce,97.4,9.6,CUDA|Docker|TensorFlow|Airflow|Java|C++,6,57400,35400,82000,Top,Lead,2026,1,1,1,0,9.32
10756,Machine Learning Engineer,Product Management,10.1,Master's,Beijing,UK,Hybrid,Enterprise,Finance,83.9,8.7,SQL|TensorFlow|BERT|Java|React|Python|FastAPI|AutoGen|Azure,9,57200,70800,85200,Medium,Junior,2026,1,0,0,1,19.66
10757,Data Scientist,IT Operations,2.8,PhD,Beijing,Japan,Hybrid,Enterprise,Automotive,60.9,8.6,Python|SQL|AWS|FastAPI|BERT|CUDA,6,50000,184500,62800,Medium,Junior,2026,3,1,0,0,5.5
10758,Data Scientist,Software Engineering,9.4,High School,New York,Vietnam,Fully Remote,Enterprise,E-commerce,68.6,4.5,FastAPI|CUDA|C++|React,4,54600,139200,105200,Low,Senior,2026,4,1,0,1,14.86
10759,Data Analyst,IT Operations,5,PhD,London,Vietnam,Hybrid,Startup,Tech,55.2,5,PyTorch|Python|Airflow|FastAPI|AutoGen|Docker|SQL|Azure,8,36900,104800,80600,High,Mid,2026,3,1,1,1,8.76
10760,Data Analyst,Software Engineering,3.2,High School,New York,Germany,Fully Remote,Big Tech (FAANG+),E-commerce,79.9,2.1,,0,50400,155600,64700,Medium,Junior,2026,2,0,1,1,45.98
10761,Data Analyst,IT Operations,4.7,PhD,Ho Chi Minh City,Japan,On-site,Big Tech (FAANG+),Healthcare,58.5,9.4,AutoGen|PyTorch|TensorFlow|C++,4,16300,101300,85100,High,Mid,2026,11,0,0,1,23.06
10762,DevOps Engineer,Product Management,2.7,PhD,Tokyo,Singapore,Fully Remote,Startup,Tech,84.7,9.5,SQL|Azure,2,69800,104500,101000,Top,Mid,2026,7,0,0,0,41.13
10763,Machine Learning Engineer,Data Science,13.5,Master's,San Francisco,China,Hybrid,Enterprise,Education,86.9,3.3,Java|AWS|Docker|SQL|React|PyTorch,6,38800,115400,56800,Medium,Mid,2026,10,0,0,0,29.42
10764,Data Analyst,Product Management,6,Bachelor's,Beijing,Singapore,Fully Remote,Enterprise,Education,74,7.3,SQL|TensorFlow|CUDA,3,39600,83600,53500,Low,Senior,2026,9,1,0,1,29.93
10765,AI Agent Developer,AI Engineering,3.7,PhD,Beijing,USA,Fully Remote,Startup,Finance,54.7,2.8,,0,31300,64400,95400,Low,Lead,2026,11,1,1,1,0.16
10766,DevOps Engineer,Data Science,6.7,Associate's,Singapore,Japan,Fully Remote,Startup,Finance,80.5,4.5,,0,52800,117500,99100,High,Mid,2026,3,1,0,1,0.64
10767,Software Engineer,Product Management,4.8,Associate's,Berlin,Germany,Fully Remote,Mid-size,E-commerce,68.6,3.7,AutoGen|SQL|FastAPI,3,39300,100800,72300,Top,Lead,2026,9,0,1,0,13.94
10768,AI Agent Developer,AI Engineering,11.2,Associate's,San Francisco,Singapore,Fully Remote,Startup,E-commerce,97.5,4.5,,0,62600,90500,70300,Top,,2026,8,1,0,0,2.95
10769,Product Manager,Software Engineering,14.6,Bachelor's,London,Germany,Fully Remote,Big Tech (FAANG+),Automotive,75.7,3.8,AutoGen,1,29000,121400,97200,Medium,Senior,2026,5,1,1,0,13.86
10770,Product Manager,Software Engineering,6.6,PhD,London,USA,Hybrid,Startup,Automotive,53.6,4.1,FastAPI|CUDA|Python,3,52800,84900,55100,High,Junior,2026,11,0,1,1,30.9
10771,AI Agent Developer,IT Operations,12.9,High School,Berlin,Vietnam,Fully Remote,Enterprise,Education,81.8,8.1,PyTorch,1,58500,131500,15300,Medium,Lead,2026,12,1,1,0,35.46
10772,Data Analyst,Data Science,8.5,High School,San Francisco,Vietnam,Hybrid,Enterprise,Healthcare,89,3.7,AWS|Azure|Docker|Python|React,5,65900,,77800,Top,Lead,2026,6,0,1,1,30.61
10773,Software Engineer,Software Engineering,2.4,Master's,Ho Chi Minh City,China,Fully Remote,Enterprise,Automotive,58,8.3,Azure|TensorFlow|CUDA,3,63300,49000,77800,Medium,,2026,1,0,1,0,27.72
10774,Software Engineer,Data Science,10.4,Bachelor's,London,Germany,On-site,Big Tech (FAANG+),Education,72.5,6.1,TensorFlow|React|AutoGen|Python|SQL|FastAPI|BERT|PyTorch|C++|CUDA,10,31900,47200,98300,Medium,Junior,2026,6,0,0,0,4.06
10775,DevOps Engineer,Software Engineering,7.7,PhD,Beijing,USA,Fully Remote,Big Tech (FAANG+),E-commerce,87.2,8,Python|PyTorch|AWS|Azure|CUDA|SQL|AutoGen|React,8,51400,100500,95100,Medium,Mid,2026,9,1,0,1,6.41
10776,Software Engineer,IT Operations,9.8,Associate's,Ho Chi Minh City,Germany,Hybrid,Mid-size,E-commerce,51,9.3,,0,47900,,116600,Medium,Mid,2026,7,0,0,0,2.05
10777,Product Manager,Product Management,13.3,Bachelor's,New York,UK,Hybrid,Startup,Automotive,51.4,2.2,SQL|CUDA|AutoGen|Python|AWS|React|Docker|Airflow|TensorFlow,9,29000,169700,81700,Medium,Senior,2026,9,1,0,0,40.62
10778,Machine Learning Engineer,IT Operations,6.6,Bachelor's,San Francisco,Germany,On-site,Mid-size,Healthcare,83.8,4.1,AWS|Docker,2,49500,168200,130300,Low,Mid,2026,5,1,0,1,16.18
10779,Data Analyst,AI Engineering,13.5,PhD,New York,Germany,Fully Remote,Startup,Education,86.3,1.5,FastAPI|TensorFlow|Airflow|SQL|Java|CUDA|PyTorch|Python|AutoGen|React,10,22100,115800,104300,Low,Mid,2026,5,1,0,1,20.12
10780,Software Engineer,Software Engineering,11.3,Master's,Ho Chi Minh City,UK,On-site,Startup,E-commerce,92.3,4.7,Azure|React|Docker|CUDA|C++|Python|AWS,7,54700,137100,77800,Medium,Mid,2026,5,1,1,1,31.21
10781,DevOps Engineer,AI Engineering,7.3,Master's,Beijing,UK,Fully Remote,Big Tech (FAANG+),Education,70,3.1,Docker|React|Azure|AWS|BERT,5,74100,65900,101700,Top,Senior,2026,6,0,0,1,48.45
10782,Product Manager,AI Engineering,9,Master's,Singapore,Singapore,Fully Remote,Enterprise,Healthcare,69.5,6.1,CUDA|BERT|Azure|Airflow|Java|Python|FastAPI|AWS|TensorFlow,9,70000,146400,52700,High,Senior,2026,4,0,1,1,30.75
10783,Machine Learning Engineer,Data Science,4.9,Associate's,New York,USA,Hybrid,Startup,E-commerce,77.6,8.1,,0,57800,,68000,High,Mid,2026,10,0,0,0,5.87
10784,Data Scientist,Software Engineering,14.8,Associate's,Tokyo,Singapore,On-site,Big Tech (FAANG+),Education,87.9,5.4,CUDA|C++|AWS|AutoGen|PyTorch|Python,6,55200,98000,71300,Top,Mid,2026,9,1,0,0,45.13
10785,Data Scientist,AI Engineering,10,PhD,Beijing,Vietnam,On-site,Mid-size,Healthcare,82,4,CUDA|Python|C++|TensorFlow|BERT|PyTorch|Azure|Java|SQL,9,47700,92200,70300,Low,Lead,2026,7,0,1,0,11.48
10786,Machine Learning Engineer,Product Management,0.7,Master's,Berlin,China,Hybrid,Enterprise,Healthcare,66.4,2.4,AutoGen|C++|FastAPI|React|Docker|BERT|Python|TensorFlow,8,93200,,96300,High,Junior,2026,3,1,0,0,39.53
10787,Product Manager,AI Engineering,4.9,PhD,London,Singapore,Hybrid,Mid-size,Healthcare,67.3,1.2,Java|AutoGen|SQL|AWS|Azure|Docker|TensorFlow,7,45700,123300,102600,Top,Senior,2026,10,1,1,0,37.38
10788,DevOps Engineer,Product Management,9.3,Master's,Singapore,UK,On-site,Mid-size,Automotive,88.2,7.1,CUDA|React|C++|FastAPI|Python|Airflow|AutoGen|PyTorch|TensorFlow,9,23700,78400,94600,Medium,Junior,2026,7,1,0,1,20.75
10789,Machine Learning Engineer,Data Science,0.8,Bachelor's,Singapore,Vietnam,Hybrid,Big Tech (FAANG+),Finance,76.7,1.3,,0,65300,89500,59300,Top,Mid,2026,11,1,1,0,26.11
10790,Data Analyst,AI Engineering,0.4,High School,Ho Chi Minh City,USA,Fully Remote,Enterprise,Education,54.9,9.3,,0,59200,9200,92000,Medium,Mid,2026,3,0,0,0,11.43
10791,Data Analyst,IT Operations,6.8,High School,London,Japan,On-site,Startup,Healthcare,57.6,6.3,CUDA|AWS|TensorFlow|BERT|Azure|C++|React|Airflow|Python|SQL,10,27900,115000,105300,Medium,Mid,2026,3,0,0,0,35.13
10792,Data Scientist,Data Science,5,Master's,Berlin,Germany,On-site,Mid-size,Education,92.6,4.2,Python|SQL|FastAPI|BERT|PyTorch|Airflow|AutoGen,7,42100,,93200,Medium,Mid,2026,4,1,0,0,48.96
10793,Software Engineer,Product Management,6.6,PhD,New York,USA,Hybrid,Startup,Healthcare,99.9,1.4,Airflow|Azure|SQL|FastAPI|BERT|TensorFlow|PyTorch|Python,8,53400,62400,39700,Medium,Senior,2026,12,0,1,0,21.36
10794,DevOps Engineer,Data Science,3.9,Associate's,Singapore,USA,Fully Remote,Enterprise,Education,66.8,4.7,C++,1,38700,90500,50800,Top,Mid,2026,2,0,0,1,49.9
10795,Data Scientist,AI Engineering,2.5,Master's,Tokyo,UK,On-site,Big Tech (FAANG+),E-commerce,69.3,8.8,AutoGen,1,68400,81400,89000,High,Junior,2026,8,0,1,1,12.62
10796,Software Engineer,Software Engineering,10.3,Master's,Beijing,China,On-site,Big Tech (FAANG+),Education,57.7,9.7,,0,34400,38200,104100,High,Lead,2026,12,0,1,1,6.03
10797,Software Engineer,Software Engineering,7.7,Associate's,San Francisco,Singapore,Fully Remote,Big Tech (FAANG+),Finance,61.8,1.8,C++|SQL|CUDA|React|Python|Azure|FastAPI,7,45000,164900,50500,Medium,Lead,2026,1,1,0,1,49.92
10798,Data Analyst,Product Management,3,Master's,Singapore,UK,Hybrid,Startup,E-commerce,71.2,8,,0,41600,156600,74900,Medium,Junior,2026,10,1,1,1,18.8
10799,Product Manager,Product Management,4.8,Bachelor's,Singapore,Germany,Hybrid,Startup,E-commerce,64.2,3.3,FastAPI|BERT,2,59000,,76100,High,Junior,2026,1,0,1,0,42.97
10800,AI Agent Developer,Software Engineering,8.9,Associate's,Beijing,UK,Hybrid,Enterprise,Healthcare,85.1,4.4,PyTorch|Python|C++|React|BERT|Azure|TensorFlow|Docker|FastAPI,9,62700,150000,49800,Top,Lead,2026,11,1,0,1,1.48
10801,Product Manager,Product Management,1.1,Bachelor's,Berlin,Germany,Hybrid,Startup,Tech,76.9,5.9,AutoGen|CUDA|FastAPI|AWS|React,5,59000,80100,82100,High,Senior,2026,1,0,1,0,31.4
10802,AI Agent Developer,Data Science,2.2,High School,Ho Chi Minh City,UK,Fully Remote,Big Tech (FAANG+),Finance,91.1,10,,0,,99600,84800,Medium,Junior,2026,4,0,0,0,0.17
10803,Machine Learning Engineer,IT Operations,1.1,Associate's,Singapore,Japan,Fully Remote,Mid-size,E-commerce,86.2,2.9,React|FastAPI,2,53300,78600,79300,High,,2026,1,1,1,0,25.23
10804,Data Analyst,IT Operations,12.2,Associate's,Singapore,China,On-site,Mid-size,Tech,56.4,2.2,TensorFlow|React|Python|BERT|Docker|CUDA|SQL|Azure|PyTorch,9,59500,110100,99900,Medium,Lead,2026,3,1,0,0,36.83
10805,Software Engineer,Data Science,11.3,PhD,London,Japan,On-site,Mid-size,Tech,56.2,6.4,SQL|Docker|Python|Airflow|TensorFlow|AWS|BERT|React,8,61800,138200,74000,Top,Senior,2026,7,0,0,1,31.07
10806,DevOps Engineer,IT Operations,11.3,PhD,San Francisco,Vietnam,Fully Remote,Big Tech (FAANG+),E-commerce,94.8,8.7,SQL|Java|Azure|C++,4,46500,97000,92700,Low,Lead,2026,3,0,1,1,31.38
10807,AI Agent Developer,AI Engineering,10.7,Associate's,Tokyo,China,On-site,Startup,Healthcare,91,6.8,FastAPI|PyTorch|Airflow|Java|BERT|Azure,6,50500,48500,85700,Medium,Mid,2026,12,0,0,0,16.33
10808,Product Manager,Data Science,10,High School,New York,Singapore,Fully Remote,Mid-size,Automotive,73.4,4.1,SQL|Java|C++|AWS|FastAPI|AutoGen|Docker,7,38600,116600,91500,High,Senior,2026,2,1,0,1,31.69
10809,Software Engineer,Product Management,7.2,Master's,Ho Chi Minh City,UK,Hybrid,Startup,E-commerce,56.5,9.8,PyTorch|Python|BERT|AutoGen,4,75600,75800,63300,Low,Senior,2026,10,1,0,1,42.74
10810,AI Agent Developer,Data Science,9.6,PhD,San Francisco,USA,Fully Remote,Startup,Healthcare,94.9,10,Docker|Java|Azure|React,4,,,88400,High,Senior,2026,6,1,0,1,24.83
10811,AI Agent Developer,Software Engineering,0.6,High School,Tokyo,Vietnam,Fully Remote,Big Tech (FAANG+),Finance,61.5,7.9,Azure|PyTorch|TensorFlow|React|Python,5,59000,175000,104100,High,Mid,2026,8,1,0,1,27.09
10812,AI Agent Developer,Product Management,9.3,High School,Tokyo,USA,On-site,Startup,Healthcare,51.8,8.2,AWS|PyTorch,2,30100,142700,98400,High,Mid,2026,4,0,0,1,41.92
10813,DevOps Engineer,Software Engineering,11.7,PhD,Berlin,Japan,Fully Remote,Startup,Tech,96.2,7.8,Python|Airflow|React|FastAPI|TensorFlow|Docker|C++|Java,8,40400,91400,105800,Low,Mid,2026,12,0,0,0,6.09
10814,Data Analyst,Product Management,7.5,Master's,San Francisco,Singapore,Hybrid,Big Tech (FAANG+),Finance,90.4,3.3,TensorFlow|BERT|Docker|AutoGen|FastAPI|PyTorch|CUDA|Azure|SQL|Python,10,49200,104600,79800,Medium,Junior,2026,4,1,1,0,30.05
10815,DevOps Engineer,IT Operations,5.4,PhD,Berlin,China,Hybrid,Enterprise,Finance,84.7,2.4,React|CUDA|Docker|FastAPI|Airflow|Java|C++|TensorFlow|PyTorch,9,10300,96200,115100,Low,,2026,11,1,1,0,23.72
10816,Data Scientist,Data Science,4.2,High School,Beijing,Singapore,On-site,Mid-size,Automotive,51.7,6,Docker|AWS|Java,3,22100,64100,67900,Low,Junior,2026,2,0,0,1,20.86
10817,Software Engineer,AI Engineering,9.6,Bachelor's,New York,Vietnam,On-site,Mid-size,Automotive,76.4,9.6,Java|Airflow|TensorFlow|SQL|Azure|CUDA,6,18000,78800,68700,Low,Senior,2026,5,0,0,1,20.38
10818,Data Analyst,Product Management,10.4,PhD,Ho Chi Minh City,Japan,Fully Remote,Startup,E-commerce,82.7,8.9,C++|Python|BERT|AutoGen|FastAPI|React,6,58500,93900,118900,Top,Lead,2026,10,1,0,1,31.64
10819,Data Analyst,Product Management,13.1,High School,Beijing,UK,On-site,Enterprise,Healthcare,88,2,Python|C++|TensorFlow|AutoGen|Docker|CUDA|Azure|PyTorch,8,70500,91100,86700,Top,Junior,2026,8,0,1,0,44.88
10820,Data Analyst,Software Engineering,5.1,PhD,Singapore,USA,Hybrid,Big Tech (FAANG+),E-commerce,73.6,1.5,C++|TensorFlow|CUDA|BERT|Docker|AutoGen,6,18100,51000,97800,Low,Mid,2026,1,0,1,1,32.5
10821,Product Manager,IT Operations,11.5,High School,New York,UK,On-site,Startup,Automotive,97.7,8.9,SQL|Azure|AWS|Java|BERT|TensorFlow|FastAPI|CUDA|Docker|Python,10,46400,,32200,Low,Junior,2026,2,0,0,0,13.22
10822,Data Analyst,Software Engineering,8.4,Master's,London,Germany,On-site,Big Tech (FAANG+),Tech,62.2,6.5,Docker|React|Airflow,3,,97700,84100,Medium,Mid,2026,1,0,1,1,6.89
10823,DevOps Engineer,Software Engineering,13.2,High School,London,Singapore,Hybrid,Mid-size,Automotive,53.5,3.7,AutoGen|TensorFlow|SQL|FastAPI|Java|C++|Docker|BERT,8,55400,9900,82000,Top,Junior,2026,4,0,0,1,48.91
10824,Data Analyst,IT Operations,7.9,Associate's,Beijing,Vietnam,Fully Remote,Big Tech (FAANG+),Healthcare,66.6,6.1,Airflow|CUDA|AWS|Java|AutoGen|PyTorch|Azure|BERT|FastAPI|C++,10,90200,95000,89500,Medium,Mid,2026,7,0,0,1,15.21
10825,Machine Learning Engineer,AI Engineering,7.8,Bachelor's,Ho Chi Minh City,USA,Fully Remote,Mid-size,Tech,83.1,3,,0,53100,6100,88900,High,Junior,2026,11,0,0,0,23.31
10826,Software Engineer,Software Engineering,8.7,High School,New York,China,On-site,Big Tech (FAANG+),E-commerce,86.9,9.5,C++|PyTorch|FastAPI|React|BERT,5,31400,59300,66600,High,Senior,2026,3,0,0,0,0.87
10827,Data Analyst,Software Engineering,11.2,PhD,London,China,Hybrid,Big Tech (FAANG+),E-commerce,86.9,8.4,AWS|C++|SQL|Python|Azure|Java|FastAPI,7,65000,52700,136300,High,Lead,2026,8,0,1,0,40.56
10828,Software Engineer,Product Management,14.5,PhD,London,China,Hybrid,Enterprise,Automotive,55.5,9.7,C++|PyTorch|SQL|FastAPI|Docker,5,,90700,55400,Top,Junior,2026,6,1,1,0,39.66
10829,Machine Learning Engineer,IT Operations,1.1,High School,Ho Chi Minh City,Japan,Hybrid,Big Tech (FAANG+),Automotive,94.3,2.7,PyTorch|AWS|CUDA|Python|BERT|Docker|AutoGen|FastAPI,8,24000,,69100,High,Junior,2026,2,1,1,0,34.73
10830,Machine Learning Engineer,Data Science,0.8,Associate's,San Francisco,China,Fully Remote,Startup,Education,64,8.6,CUDA|SQL|Python|React|PyTorch|AWS,6,60700,86500,98500,Top,Lead,2026,9,0,1,1,17.8
10831,Software Engineer,AI Engineering,14.1,High School,Beijing,USA,Hybrid,Enterprise,E-commerce,60.5,6,,0,50600,175900,49900,Top,Senior,2026,9,1,1,0,18.68
10832,AI Agent Developer,AI Engineering,7.9,Master's,Berlin,Singapore,Hybrid,Startup,E-commerce,80.7,3.9,C++|SQL|BERT|Java|React|Python,6,30900,,73800,Medium,Senior,2026,7,0,0,0,24.8
10833,Data Scientist,IT Operations,9.2,Associate's,Singapore,Singapore,Fully Remote,Big Tech (FAANG+),Finance,60.6,5.3,PyTorch|Docker|React|C++|Python,5,37200,144000,94600,High,Mid,2026,10,0,0,0,20.1
10834,Product Manager,Product Management,7.2,High School,Tokyo,Singapore,Hybrid,Big Tech (FAANG+),Healthcare,75.4,9.5,CUDA|AutoGen|TensorFlow|Airflow|React|Azure|BERT|AWS,8,,124000,63700,Medium,Senior,2026,8,0,1,0,8.42
10835,AI Agent Developer,Product Management,1.4,Bachelor's,Singapore,Japan,Fully Remote,Enterprise,Finance,70.4,7.2,AWS|PyTorch|TensorFlow|Docker|FastAPI|Airflow|Python,7,,,58300,High,Lead,2026,10,0,0,1,11.55
10836,AI Agent Developer,IT Operations,11.5,Associate's,New York,Germany,On-site,Mid-size,Finance,61.6,4.2,React|AWS|TensorFlow|BERT|Python|AutoGen|PyTorch|CUDA|SQL,9,58500,149300,86200,Low,Junior,2026,1,1,1,0,16.54
10837,DevOps Engineer,Product Management,11.2,High School,London,China,On-site,Enterprise,E-commerce,64.6,10,Docker|SQL|AutoGen|React|FastAPI,5,20200,81800,79400,Medium,Lead,2026,6,0,0,1,0.99
10838,Product Manager,AI Engineering,4.7,Bachelor's,Tokyo,Singapore,On-site,Mid-size,Education,71.4,4.1,Airflow,1,63500,94000,59900,Top,Mid,2026,9,0,1,1,17.06
10839,Product Manager,AI Engineering,4.6,High School,Tokyo,China,On-site,Mid-size,Healthcare,67.3,8.3,TensorFlow|Docker|PyTorch|FastAPI|BERT|Java,6,72300,66100,79000,Medium,Junior,2026,6,1,1,1,41.05
10840,AI Agent Developer,Data Science,12.6,Master's,Berlin,Japan,On-site,Big Tech (FAANG+),E-commerce,69.1,8.1,AutoGen|Python|TensorFlow|Docker|SQL|React|CUDA|BERT|PyTorch,9,22700,4600,74900,High,Mid,2026,3,1,1,1,23.46
10841,Data Analyst,IT Operations,1.1,PhD,Tokyo,China,Fully Remote,Startup,Finance,86.8,7.5,React|AWS|Docker|BERT,4,50400,104200,100100,Top,Mid,2026,2,0,0,1,9.28
10842,DevOps Engineer,Software Engineering,13.2,High School,Ho Chi Minh City,Germany,Fully Remote,Enterprise,Finance,58.4,7,AutoGen|BERT|Airflow|React|FastAPI,5,70200,168800,51300,Top,Senior,2026,8,1,0,0,34.74
10843,DevOps Engineer,Software Engineering,3.8,Associate's,Beijing,Japan,Fully Remote,Enterprise,E-commerce,81.4,2,C++|BERT|Docker,3,67500,44700,54500,Top,Junior,2026,11,0,0,1,1.08
10844,Machine Learning Engineer,Data Science,8.9,High School,New York,Japan,Hybrid,Big Tech (FAANG+),Automotive,83.9,10,React|Docker|BERT|Airflow|CUDA|PyTorch|Azure|Java,8,62800,48700,69200,High,Mid,2026,4,1,0,0,7.73
10845,Product Manager,Data Science,14,High School,Ho Chi Minh City,Vietnam,On-site,Big Tech (FAANG+),Automotive,90.1,2.4,CUDA|FastAPI|PyTorch|React,4,50900,112000,68600,Low,Mid,2026,12,0,0,1,29.11
10846,AI Agent Developer,Product Management,10.2,High School,Beijing,Japan,Hybrid,Enterprise,E-commerce,92.4,6.4,TensorFlow|CUDA|Azure|BERT|AWS|PyTorch|React,7,71700,91000,99100,Low,Mid,2026,1,0,1,1,33.62
10847,Machine Learning Engineer,Data Science,6.2,High School,Ho Chi Minh City,China,Hybrid,Enterprise,Tech,57.9,3.2,React|Java|SQL|BERT|TensorFlow|FastAPI|PyTorch|CUDA|AWS|Airflow,10,53200,160100,79100,Medium,Lead,2026,8,0,0,1,14.74
10848,Software Engineer,Data Science,10.3,Associate's,London,Japan,Hybrid,Startup,Tech,56.9,2.5,AWS|SQL|Docker|Python|React,5,61100,79600,91700,Top,Mid,2026,1,0,1,1,13.9
10849,Data Scientist,Software Engineering,5.2,Associate's,London,China,On-site,Big Tech (FAANG+),Automotive,80.7,6,Docker|Azure|C++|Airflow|AutoGen|Java|FastAPI|Python|AWS|PyTorch,10,56900,161300,111100,High,Senior,2026,2,0,0,0,1.03
10850,DevOps Engineer,Product Management,4.2,High School,Berlin,China,Hybrid,Startup,Healthcare,87.8,8.5,Java|Docker|PyTorch,3,28700,117800,55000,Medium,Senior,2026,1,0,0,1,14.25
10851,Software Engineer,Data Science,15,PhD,Ho Chi Minh City,Singapore,On-site,Big Tech (FAANG+),Education,63.6,4.4,,0,31600,145200,111400,High,Junior,2026,8,0,0,1,47.97
10852,Software Engineer,Data Science,11.3,High School,Singapore,Japan,On-site,Big Tech (FAANG+),Finance,76.3,1.7,,0,21000,67900,75800,Medium,Mid,2026,3,1,1,0,19.85
10853,Data Analyst,Product Management,9.7,Associate's,Tokyo,Vietnam,On-site,Startup,Healthcare,88.6,6.6,,0,42400,91100,17600,Medium,Junior,2026,9,1,0,0,16.39
10854,Data Scientist,IT Operations,5.3,Master's,London,China,Hybrid,Mid-size,Automotive,88.4,7.9,BERT|React|TensorFlow|Docker|C++|Java|Airflow,7,66200,106500,81000,High,Junior,2026,11,1,0,0,31.33
10855,Software Engineer,Product Management,0.7,High School,San Francisco,Singapore,On-site,Mid-size,E-commerce,82.7,3.7,Airflow|BERT|React,3,56800,114100,40500,High,Senior,2026,12,0,0,0,49.45
10856,Software Engineer,Software Engineering,0.5,High School,Beijing,Vietnam,On-site,Mid-size,Tech,53.9,7.2,Docker|AutoGen|Azure|BERT|CUDA|Airflow|AWS|React|PyTorch,9,49400,70800,42100,Low,Mid,2026,7,1,1,0,21.89
10857,Data Scientist,IT Operations,8.3,High School,San Francisco,Vietnam,Fully Remote,Big Tech (FAANG+),Automotive,52.5,1.7,Azure|Java|Airflow|PyTorch|Docker|AWS|FastAPI|TensorFlow,8,77200,,50200,High,Senior,2026,6,1,0,1,4.75
10858,Data Scientist,AI Engineering,11.4,High School,San Francisco,Japan,Hybrid,Startup,Healthcare,69.4,4.3,PyTorch|C++|AutoGen|SQL|Airflow,5,43900,161600,73300,Medium,Lead,2026,11,0,0,1,35.87
10859,Software Engineer,Product Management,8.1,Bachelor's,Berlin,UK,Fully Remote,Mid-size,Healthcare,51.3,5.3,FastAPI|AWS|BERT|Docker|SQL|React|Azure|C++|Airflow,9,61200,136100,43800,Top,Mid,2026,6,0,1,0,44.87
10860,Data Scientist,Software Engineering,12.6,High School,San Francisco,Singapore,Fully Remote,Enterprise,Education,95.2,8,AWS|Azure|SQL|CUDA,4,43200,50800,106800,High,Mid,2026,10,1,0,0,34.02
10861,Software Engineer,IT Operations,0.5,Associate's,San Francisco,UK,Hybrid,Mid-size,Automotive,51,4,React|BERT|Python,3,20100,110600,103000,High,Junior,2026,1,1,1,0,24.86
10862,Software Engineer,Product Management,5.5,Associate's,San Francisco,China,Fully Remote,Startup,Finance,51.5,5.1,Airflow|PyTorch|Python|Java,4,,148400,cbyw4j4di98dewk,Top,Junior,2026,8,1,1,1,12.32
10863,Data Analyst,Data Science,3.6,Bachelor's,Tokyo,USA,On-site,Big Tech (FAANG+),Healthcare,58.3,6.7,AutoGen|C++|React|AWS|Azure|PyTorch|Docker|Java|TensorFlow|BERT,10,34400,70700,73100,Low,Senior,2026,10,1,0,1,22.3
10864,AI Agent Developer,Product Management,6.7,High School,New York,UK,Fully Remote,Startup,Finance,81.4,6.6,Airflow,1,21600,121100,63100,Top,Lead,2026,11,1,1,0,21.11
10865,Software Engineer,AI Engineering,1.1,PhD,Ho Chi Minh City,Singapore,Fully Remote,Big Tech (FAANG+),Finance,77.1,5.7,Java|FastAPI|React,3,47000,122800,80500,Top,Senior,2026,3,0,1,0,48.13
10866,Machine Learning Engineer,Product Management,14.3,High School,Singapore,Japan,On-site,Startup,E-commerce,83,4,Azure|C++|FastAPI|SQL|TensorFlow|Docker|PyTorch|Airflow,8,35200,32400,96700,High,Lead,2026,3,1,0,0,1.85
10867,DevOps Engineer,IT Operations,3.3,Associate's,San Francisco,Singapore,Fully Remote,Startup,Automotive,94.7,7,Java|AutoGen|BERT|Airflow|Docker|SQL,6,79900,69000,107400,Low,Mid,2026,3,1,0,0,18.23
10868,Product Manager,IT Operations,13.8,Master's,San Francisco,Japan,On-site,Enterprise,Automotive,72.7,8.5,Java|Docker|Azure|Python|AutoGen|FastAPI|C++|PyTorch|TensorFlow,9,45300,78900,59900,Low,Junior,2026,11,1,0,0,15.55
10869,AI Agent Developer,Product Management,6.4,Master's,London,UK,Hybrid,Mid-size,Finance,52.2,2.4,PyTorch|TensorFlow|FastAPI|AutoGen|AWS|React|Java|Docker|Python|CUDA,10,33300,100000,100200,Top,Junior,2026,9,0,0,1,49.11
10870,AI Agent Developer,IT Operations,14.8,PhD,Singapore,USA,Fully Remote,Mid-size,E-commerce,88.2,4.1,Airflow|React|SQL|FastAPI|CUDA|AutoGen|PyTorch|C++,8,,78000,100100,Medium,Mid,2026,5,0,1,0,0.32
10871,AI Agent Developer,Data Science,8.3,High School,Tokyo,Germany,Hybrid,Startup,Healthcare,90.6,7,C++|Java|AWS|SQL,4,27600,115700,149000,Medium,Lead,2026,2,1,1,0,14.62
10872,Data Analyst,Product Management,14,Bachelor's,Beijing,China,Fully Remote,Mid-size,Healthcare,52.5,7.8,Azure|FastAPI|SQL|Docker|TensorFlow|AutoGen|BERT,7,67600,,110400,Medium,Senior,2026,4,0,1,1,48.69
10873,Software Engineer,Data Science,0.1,High School,Ho Chi Minh City,Singapore,On-site,Enterprise,Automotive,62.1,8,AWS|PyTorch|FastAPI|SQL|TensorFlow|Airflow,6,69300,37600,122000,High,Mid,2026,7,1,1,1,7.96
10874,Data Analyst,Data Science,11.2,PhD,Singapore,Germany,Fully Remote,Startup,Finance,88.5,6.9,AutoGen|TensorFlow|Airflow,3,10100,-8500,124800,High,Junior,2026,12,0,1,1,39.47
10875,Software Engineer,Software Engineering,13.5,PhD,Beijing,Germany,Hybrid,Mid-size,E-commerce,68.8,5.3,Azure|AWS|Airflow|Python|SQL|CUDA|Docker|BERT,8,93300,78500,58600,Medium,Lead,2026,10,0,0,0,28.19
10876,Data Analyst,Product Management,2.1,PhD,Berlin,Vietnam,On-site,Mid-size,E-commerce,73.6,6.8,,0,,106200,56000,Top,Senior,2026,1,0,0,1,45.3
10877,Data Analyst,IT Operations,1.4,Master's,London,Vietnam,On-site,Big Tech (FAANG+),Healthcare,91.2,2.2,Airflow|Azure,2,70400,99800,100000,High,Mid,2026,2,0,0,0,43.66
10878,DevOps Engineer,Data Science,6.4,High School,London,China,Hybrid,Mid-size,Healthcare,54.7,2.9,Docker|React,2,34000,56600,66100,Low,Junior,2026,8,1,1,0,28.81
10879,Machine Learning Engineer,Software Engineering,14,High School,Berlin,USA,Hybrid,Mid-size,Tech,83.9,9.3,FastAPI|Java|CUDA|C++|Airflow|Python,6,30300,133300,94600,Top,Lead,2026,8,1,0,0,27.71
10880,Data Analyst,Product Management,8.1,Bachelor's,Beijing,Vietnam,Fully Remote,Big Tech (FAANG+),Tech,60.7,9.3,Java,1,45000,84100,73300,Medium,,2026,3,0,0,0,7.55
10881,DevOps Engineer,Product Management,7.9,PhD,Singapore,Singapore,Fully Remote,Startup,Finance,53.1,7.5,,0,57500,134000,85400,High,Mid,2026,5,0,0,0,3.02
10882,Data Scientist,AI Engineering,2.1,PhD,Ho Chi Minh City,Singapore,On-site,Startup,Tech,83.1,3.9,FastAPI|AWS|TensorFlow|Java,4,54400,135600,83400,High,Senior,2026,8,0,1,0,36.6
10883,Machine Learning Engineer,AI Engineering,0,Associate's,Beijing,UK,Hybrid,Enterprise,E-commerce,56.1,6.8,Azure|PyTorch|FastAPI|SQL|TensorFlow|Python|AutoGen,7,73400,132800,93200,Low,,2026,10,0,1,1,30.63
10884,Data Analyst,Data Science,12.2,Associate's,Ho Chi Minh City,Singapore,Hybrid,Big Tech (FAANG+),Tech,87.4,7.2,CUDA|Java|AWS|SQL|Python|C++|Docker|PyTorch|Airflow,9,14600,125600,45500,Medium,Lead,2026,9,0,0,1,39.77
10885,Product Manager,AI Engineering,1.3,Master's,Tokyo,China,Fully Remote,Startup,Automotive,60.1,5.6,FastAPI|CUDA|PyTorch,3,68100,52400,43000,Medium,Junior,2026,11,1,1,1,0.91
10886,AI Agent Developer,Data Science,9.5,High School,San Francisco,Japan,Fully Remote,Mid-size,Automotive,52.4,7.7,FastAPI|Python|Docker,3,60300,91900,72700,High,Mid,2026,2,1,0,1,46.68
10887,Data Scientist,IT Operations,13.7,Bachelor's,Berlin,Germany,On-site,Mid-size,Education,55,1.3,FastAPI|C++|TensorFlow|CUDA|SQL|Java,6,56200,159600,78000,Medium,Mid,2026,10,0,1,1,3.65
10888,Data Scientist,Data Science,3.1,Bachelor's,New York,Singapore,Hybrid,Mid-size,Healthcare,92.1,3.3,Python|Azure|PyTorch|FastAPI|TensorFlow|CUDA,6,23100,90100,117000,Low,Lead,2026,8,1,1,0,45.23
10889,DevOps Engineer,AI Engineering,10,PhD,Ho Chi Minh City,China,Hybrid,Enterprise,Healthcare,68.5,8.2,C++|Docker|TensorFlow|CUDA|Airflow,5,34000,38400,85800,Top,Lead,2026,3,0,0,0,9.56
10890,Data Scientist,IT Operations,1.2,Bachelor's,London,Japan,Hybrid,Startup,Finance,65.1,9.4,Python|Airflow|FastAPI|AutoGen|BERT,5,62800,128600,81100,Medium,Junior,2026,9,0,0,1,13
10891,Machine Learning Engineer,AI Engineering,9.1,PhD,San Francisco,Japan,Hybrid,Big Tech (FAANG+),Automotive,74.6,8.9,,0,900,121500,68800,Low,Lead,2026,5,0,1,0,43.59
10892,Data Analyst,Data Science,2.5,High School,Tokyo,Vietnam,Fully Remote,Startup,Education,81.6,7.4,TensorFlow|C++|Airflow|Java,4,,95600,88000,High,Senior,2026,5,0,0,0,22.57
10893,Data Analyst,Software Engineering,11,Bachelor's,London,Japan,Fully Remote,Big Tech (FAANG+),Finance,51.9,2.5,FastAPI|PyTorch|Python|React|AutoGen|AWS|Airflow|Docker|SQL,9,59200,88600,69300,Top,Senior,2026,11,1,0,0,34.72
10894,Product Manager,Product Management,4.5,PhD,Tokyo,USA,Fully Remote,Big Tech (FAANG+),Finance,94.9,4.3,C++|Python|Azure|React|BERT,5,61200,109300,45400,Low,Junior,2026,4,1,1,0,45
10895,AI Agent Developer,AI Engineering,7,High School,London,Japan,On-site,Startup,Tech,97.9,1.5,Python|CUDA,2,35100,130100,101800,Top,Junior,2026,8,0,0,0,14.58
10896,DevOps Engineer,Data Science,9,High School,Beijing,Japan,Hybrid,Mid-size,Healthcare,70.9,6.8,Java|AWS|PyTorch|C++,4,35000,,62600,Top,Lead,2026,1,1,0,1,6.79
10897,AI Agent Developer,IT Operations,2.6,PhD,Singapore,Germany,Fully Remote,Mid-size,Finance,70.6,5,Docker|TensorFlow|Java,3,69000,123200,64400,High,Senior,2026,12,1,1,1,27.02
10898,Data Scientist,AI Engineering,11.1,PhD,Beijing,USA,Hybrid,Big Tech (FAANG+),Finance,93.9,6.2,Python|SQL,2,67700,166700,39500,High,Lead,2026,6,0,0,1,19.41
10899,Product Manager,AI Engineering,4.5,Master's,Beijing,China,Fully Remote,Mid-size,Healthcare,71.5,9.8,CUDA|AWS|React|Airflow|C++|SQL|PyTorch|FastAPI|Docker|Java,10,43200,,84500,Low,Junior,2026,7,0,0,1,39.94
10900,AI Agent Developer,Product Management,9.9,High School,Singapore,USA,On-site,Enterprise,Healthcare,92.8,4.6,Java|SQL|Python|Airflow,4,25400,207600,117800,Low,Senior,2026,8,0,0,0,0.25
10901,Machine Learning Engineer,Data Science,2.4,PhD,Tokyo,USA,Fully Remote,Enterprise,Automotive,51.4,3.8,Airflow|BERT|FastAPI|PyTorch|C++|React|AutoGen,7,79500,172600,32300,Low,Junior,2026,4,1,1,1,29.02
10902,Data Analyst,Software Engineering,10.3,High School,Tokyo,China,On-site,Big Tech (FAANG+),Healthcare,74.5,2.4,AutoGen|Airflow|SQL|Java,4,24300,81100,34800,Top,Junior,2026,12,1,1,0,25.8
10903,Data Scientist,IT Operations,1.9,Bachelor's,Singapore,Germany,Hybrid,Mid-size,Tech,97.6,2.3,React|Python|TensorFlow|FastAPI|AWS|Azure|CUDA|BERT,8,63500,181600,85100,High,Lead,2026,9,1,0,0,42.49
10904,Product Manager,Data Science,6.4,Associate's,London,Singapore,Fully Remote,Big Tech (FAANG+),Automotive,62.6,5.7,AutoGen|C++|AWS,3,74000,78600,81700,Top,Junior,2026,12,0,1,0,28.83
10905,AI Agent Developer,IT Operations,3.7,Associate's,Ho Chi Minh City,Japan,Fully Remote,Enterprise,Education,63.3,7.7,FastAPI,1,49900,,63200,Medium,Lead,2026,3,1,1,0,49.78
10906,DevOps Engineer,AI Engineering,11.2,PhD,Tokyo,USA,Fully Remote,Enterprise,Finance,81.5,6.1,CUDA|FastAPI,2,38200,89700,61200,High,Junior,2026,8,0,1,0,1.33
10907,Machine Learning Engineer,Product Management,3.9,PhD,London,USA,Hybrid,Enterprise,Tech,96.3,8.9,React|AutoGen|Docker,3,17700,120600,82300,Low,Junior,2026,10,0,0,0,25.18
10908,Machine Learning Engineer,Product Management,13.2,High School,Ho Chi Minh City,Singapore,On-site,Startup,Tech,59.9,3.8,CUDA|SQL|Python|Azure|FastAPI|React|TensorFlow|Java,8,51200,119800,27500,Top,Junior,2026,11,0,0,1,48.8
10909,AI Agent Developer,Software Engineering,13.4,PhD,Singapore,China,On-site,Enterprise,Automotive,96.1,6.4,React|CUDA|C++|SQL|Python,5,20700,,42400,High,Senior,2026,10,1,0,0,47.28
10910,Data Analyst,Product Management,2.9,High School,Beijing,UK,Fully Remote,Mid-size,Finance,83.2,7,,0,,118000,49800,Low,Junior,2026,5,1,0,0,10.93
10911,AI Agent Developer,AI Engineering,9.2,PhD,Tokyo,Singapore,Hybrid,Startup,Automotive,99.7,3.5,C++|PyTorch|Azure|TensorFlow|Java|Python|Airflow,7,9500,146400,65200,Low,Mid,2026,12,0,1,1,41.36
10912,Data Scientist,Software Engineering,1.3,High School,New York,USA,On-site,Enterprise,E-commerce,86.8,4.6,C++|Python|React,3,,103400,65900,Medium,Senior,2026,5,1,1,0,40.27
10913,AI Agent Developer,Data Science,5.9,PhD,Beijing,Vietnam,On-site,Mid-size,E-commerce,83.4,6.3,Docker|Airflow|Azure,3,52600,110500,10000,High,Mid,2026,7,0,0,1,48.12
10914,Machine Learning Engineer,Product Management,10.7,Master's,Berlin,Japan,On-site,Enterprise,Automotive,90.7,1.2,AutoGen|React|Java|AWS|TensorFlow|Airflow,6,66800,,42500,Low,Junior,2026,5,1,0,0,25.47
10915,Product Manager,Software Engineering,9.9,High School,Ho Chi Minh City,Japan,On-site,Mid-size,Finance,58.8,9,PyTorch|AutoGen|BERT|Airflow|C++|AWS|React|Docker|Azure|Java,10,44300,55600,89400,Top,Senior,2026,7,0,0,1,26.46
10916,AI Agent Developer,AI Engineering,9.4,Master's,New York,Singapore,On-site,Mid-size,Finance,97.3,2,Azure|PyTorch|FastAPI|React|BERT|Java|Docker|AutoGen|C++,9,,103400,87700,High,Mid,2026,9,1,1,0,39.32
10917,Data Analyst,IT Operations,4.2,Master's,Beijing,Germany,Fully Remote,Enterprise,Healthcare,58.3,1.4,CUDA,1,38800,150300,96600,Medium,Junior,2026,12,1,1,1,49.95
10918,Product Manager,IT Operations,5.7,Master's,San Francisco,Singapore,Fully Remote,Enterprise,Tech,51.3,2.9,Airflow|BERT|AutoGen|PyTorch|TensorFlow|Azure|SQL|Java|Python,9,93600,88900,88100,Low,Senior,2026,5,1,1,0,15.46
10919,DevOps Engineer,AI Engineering,1.5,Master's,Tokyo,USA,Fully Remote,Startup,Automotive,84.9,5.5,AWS,1,23400,124000,72400,Low,Junior,2026,2,1,1,0,34.17
10920,Software Engineer,AI Engineering,10.8,Bachelor's,New York,China,On-site,Enterprise,Tech,59.2,4,SQL|TensorFlow|PyTorch|C++|AWS,5,35700,,50700,High,Lead,2026,10,0,1,1,33.56
10921,AI Agent Developer,IT Operations,7.6,Associate's,London,Vietnam,On-site,Mid-size,Tech,87.9,5,,0,77000,104200,50300,High,Lead,2026,6,1,0,0,42.87
10922,Data Analyst,Software Engineering,10.6,Bachelor's,Ho Chi Minh City,Singapore,On-site,Big Tech (FAANG+),E-commerce,89.8,1.8,Azure|CUDA|FastAPI|Java|AWS|C++|Docker,7,44800,94400,53800,High,,2026,9,1,1,0,32.47
10923,Product Manager,IT Operations,3.7,PhD,Berlin,China,Fully Remote,Startup,E-commerce,61.8,3.1,AWS|AutoGen|Azure|FastAPI|Docker|Java|Airflow|Python|PyTorch,9,,102000,95600,Medium,Senior,2026,9,1,0,1,22.91
10924,Data Analyst,AI Engineering,4.9,PhD,London,Singapore,On-site,Mid-size,Education,54.3,1.9,C++|Docker|CUDA|Java|AutoGen,5,23600,93300,88200,Top,Senior,2026,12,0,0,0,15.54
10925,DevOps Engineer,Product Management,5,Associate's,San Francisco,USA,Fully Remote,Mid-size,Automotive,75,3.1,,0,30900,149500,50900,Medium,Senior,2026,5,0,1,0,48.46
10926,Machine Learning Engineer,Data Science,0.4,Associate's,New York,Vietnam,On-site,Big Tech (FAANG+),Education,94.5,7.3,SQL|BERT|Azure|FastAPI|TensorFlow|Airflow,6,62000,,84500,Low,Senior,2026,11,1,0,1,16.79
10927,Data Analyst,Product Management,5.1,Associate's,Beijing,Germany,Fully Remote,Enterprise,Automotive,92.4,6.2,PyTorch|TensorFlow|Airflow|FastAPI|BERT|Azure|AutoGen,7,21200,86000,90700,High,Senior,2026,2,0,1,0,12.76
10928,Product Manager,Product Management,12,Master's,Ho Chi Minh City,Germany,Hybrid,Mid-size,Finance,55.9,4,SQL|AutoGen|AWS|Java|CUDA|FastAPI|Azure,7,25700,68700,87800,Top,Mid,2026,6,1,1,1,39.63
10929,Data Analyst,AI Engineering,13.5,Bachelor's,Tokyo,Singapore,On-site,Big Tech (FAANG+),Automotive,98.2,3.4,AutoGen|CUDA|BERT|Python|C++|Docker|FastAPI|PyTorch|AWS|SQL,10,47800,47200,97400,Medium,Senior,2026,12,0,0,1,24.88
10930,Data Analyst,IT Operations,7.8,PhD,Berlin,Germany,On-site,Big Tech (FAANG+),Finance,63.2,10,SQL|React|Azure|AutoGen|BERT|FastAPI|Java|CUDA|Docker,9,76400,97300,76300,High,Lead,2026,4,0,1,1,9.16
10931,Data Analyst,Software Engineering,6.8,Bachelor's,Beijing,UK,Fully Remote,Enterprise,Finance,67.5,7.9,PyTorch|AutoGen|C++|AWS|FastAPI|SQL|Java|TensorFlow|Docker|Python,10,,62300,68400,High,Lead,2026,4,1,0,1,17.95
10932,Data Scientist,Product Management,0.5,Bachelor's,Berlin,China,On-site,Big Tech (FAANG+),Automotive,57.5,8.4,PyTorch|CUDA|TensorFlow|BERT|Docker|Java,6,45800,109800,76800,Medium,Senior,2026,3,1,0,0,10.17
10933,Data Scientist,IT Operations,13.2,Bachelor's,Tokyo,USA,Fully Remote,Big Tech (FAANG+),Finance,68.9,1.2,AWS|AutoGen|TensorFlow|Airflow,4,53300,110900,100400,Top,Junior,2026,12,1,1,0,10.45
10934,Machine Learning Engineer,Software Engineering,0.2,Associate's,Singapore,Vietnam,Fully Remote,Big Tech (FAANG+),Tech,81.8,1.5,Python|BERT|PyTorch|React|Java|Azure|SQL|FastAPI|C++|Airflow,10,15200,106300,94000,High,Senior,2026,1,0,1,1,3.79
10935,AI Agent Developer,Product Management,14.2,Associate's,Ho Chi Minh City,Singapore,Hybrid,Big Tech (FAANG+),Finance,75.3,7.4,AutoGen|FastAPI|Python|Docker|SQL|C++|PyTorch|CUDA,8,38400,,77400,Low,Mid,2026,9,1,0,0,32.26
10936,Data Analyst,Software Engineering,7.3,PhD,New York,Singapore,Hybrid,Big Tech (FAANG+),Tech,91.4,2.7,AutoGen|Azure|TensorFlow,3,58800,6500,103700,Low,Lead,2026,6,1,0,0,18.56
10937,DevOps Engineer,IT Operations,5.1,PhD,Berlin,Japan,On-site,Big Tech (FAANG+),Tech,82.1,4.8,,0,54700,159800,121400,High,Lead,2026,10,0,0,0,2.98
10938,AI Agent Developer,Data Science,13.9,PhD,Ho Chi Minh City,Japan,On-site,Mid-size,Tech,63.2,2.7,PyTorch,1,62200,,139000,Medium,Mid,2026,11,0,1,0,32.55
10939,DevOps Engineer,IT Operations,0.4,Bachelor's,Berlin,China,Fully Remote,Startup,Healthcare,77.9,2.6,Azure|Java|SQL|PyTorch|TensorFlow|AWS|AutoGen,7,64000,127400,138600,Top,Mid,2026,12,0,1,1,14.84
10940,AI Agent Developer,AI Engineering,8.7,Associate's,Beijing,USA,Fully Remote,Enterprise,Education,53.2,2,TensorFlow|Python|Docker|Java|C++|React|Azure|CUDA,8,,60000,155400,High,Junior,2026,3,1,0,1,8.1
10941,Machine Learning Engineer,Software Engineering,8.2,Master's,Berlin,UK,Fully Remote,Startup,Healthcare,79,6.3,Python,1,-300,49000,108700,Low,Lead,2026,1,1,1,1,48.02
10942,Data Analyst,Data Science,3.3,Bachelor's,Singapore,USA,Fully Remote,Enterprise,Finance,69.5,7.7,Java|C++|CUDA|Python|PyTorch|SQL|FastAPI,7,56700,120400,8200,Top,Senior,2026,6,0,0,0,3.74
10943,Data Analyst,Software Engineering,6.4,High School,Beijing,China,On-site,Startup,Education,54.9,1.5,FastAPI,1,40300,129000,80300,Top,Mid,2026,4,1,1,1,19.33
10944,Software Engineer,Software Engineering,9.8,Bachelor's,Beijing,USA,Hybrid,Enterprise,Education,65.4,3.5,TensorFlow|Airflow|Azure|FastAPI|Java|CUDA|PyTorch|Python,8,42300,50900,38300,High,Senior,2026,1,0,1,1,30.78
10945,DevOps Engineer,Product Management,10.9,Associate's,Ho Chi Minh City,Japan,On-site,Big Tech (FAANG+),Education,94.9,6.9,Azure,1,,123900,116900,Medium,Mid,2026,10,1,1,0,49.67
10946,AI Agent Developer,AI Engineering,0,High School,London,Japan,On-site,Startup,Automotive,79.3,4.5,PyTorch|BERT|React|TensorFlow|Docker|AutoGen|CUDA,7,55800,128000,67200,Medium,Mid,2026,4,1,0,1,4.12
10947,AI Agent Developer,Software Engineering,14.1,Bachelor's,Tokyo,Vietnam,On-site,Startup,Finance,95.2,7.3,Java,1,20600,125200,86200,Medium,Lead,2026,2,1,0,0,46.58
10948,Data Scientist,IT Operations,2.5,Associate's,Berlin,UK,Hybrid,Enterprise,Healthcare,70.5,7.8,Docker|TensorFlow|SQL,3,15700,106100,71400,Top,Mid,2026,3,1,1,1,44.04
10949,Software Engineer,IT Operations,3.5,Associate's,New York,Japan,On-site,Enterprise,Education,98.9,1.3,AWS|AutoGen|React|Python|FastAPI|TensorFlow|CUDA|SQL|Java,9,,112400,120000,Medium,Lead,2026,10,1,0,1,38.96
10950,Product Manager,Product Management,4,Master's,San Francisco,Vietnam,Hybrid,Mid-size,Education,68,4.4,Docker|Python|Java,3,,168400,7ie5vendrw4y7sy,Low,Junior,2026,10,0,1,0,5.13
10951,Product Manager,AI Engineering,0.6,Bachelor's,Beijing,UK,Fully Remote,Big Tech (FAANG+),E-commerce,87.8,7.6,AWS|BERT|C++|Java|SQL|AutoGen|PyTorch|FastAPI,8,,76800,92700,High,Lead,2026,7,1,1,0,14.54
10952,Data Scientist,AI Engineering,1.8,Associate's,London,Japan,On-site,Big Tech (FAANG+),Education,65.3,4.4,SQL|C++|AWS|FastAPI|CUDA|Java|AutoGen|PyTorch,8,,135100,48900,Low,,2026,7,1,1,0,13.56
10953,Data Scientist,IT Operations,14.8,PhD,Beijing,UK,Fully Remote,Mid-size,Education,55.3,1.1,React,1,59600,116800,21600,Medium,Senior,2026,5,1,0,0,26.71
10954,Data Scientist,Data Science,4.7,Associate's,London,USA,Fully Remote,Enterprise,E-commerce,91.7,4,Python|TensorFlow|SQL|AutoGen|Java|React,6,57900,45100,79700,High,Senior,2026,10,1,0,1,6
10955,DevOps Engineer,Product Management,1.7,Master's,London,Vietnam,Fully Remote,Big Tech (FAANG+),Finance,88.1,8.9,CUDA,1,60500,43000,44400,High,Senior,2026,2,1,1,0,40.81
10956,DevOps Engineer,Product Management,1.6,Associate's,New York,UK,On-site,Enterprise,Healthcare,91,9.6,BERT|SQL|AutoGen|AWS|React|Azure|Airflow|PyTorch,8,39600,106700,37600,Medium,Lead,2026,9,1,1,1,34.11
10957,Machine Learning Engineer,IT Operations,10.8,Bachelor's,London,Singapore,Fully Remote,Big Tech (FAANG+),Tech,65,6,,0,63400,36000,35800,High,Lead,2026,9,1,1,1,43.05
10958,Machine Learning Engineer,IT Operations,12.8,Bachelor's,New York,UK,On-site,Startup,Healthcare,85.2,3.8,FastAPI|React|Airflow|Python|Docker|Azure|Java|SQL,8,57600,4200,65300,Medium,Mid,2026,9,1,0,0,11.13
10959,Data Scientist,Data Science,3.9,High School,Ho Chi Minh City,USA,Fully Remote,Startup,Finance,61,5.2,AWS|Python|TensorFlow|Airflow|Azure|FastAPI|BERT|SQL,8,18300,232100,98300,High,Lead,2026,6,1,0,1,31.02
10960,Software Engineer,Data Science,0.3,Bachelor's,Beijing,Japan,On-site,Big Tech (FAANG+),Healthcare,50.6,3.1,,0,51200,61300,38500,Medium,Senior,2026,12,1,1,0,42.55
10961,AI Agent Developer,AI Engineering,3.3,High School,New York,Japan,On-site,Big Tech (FAANG+),E-commerce,93.3,2.5,Airflow|AutoGen|PyTorch|SQL|Python|Java,6,47000,136800,102000,Low,Lead,2026,1,0,1,0,2.52
10962,DevOps Engineer,Product Management,0.8,PhD,Tokyo,Singapore,On-site,Big Tech (FAANG+),Education,76.2,5.4,Airflow|AWS,2,59300,109400,61500,High,Junior,2026,12,0,0,1,27.53
10963,Software Engineer,Product Management,1.6,Master's,Singapore,China,Fully Remote,Mid-size,Education,99.2,7.6,AutoGen|SQL|BERT,3,50500,,48400,Top,Junior,2026,6,1,1,0,36.36
10964,Data Analyst,IT Operations,6.5,PhD,Beijing,China,On-site,Big Tech (FAANG+),Tech,69.3,3,Python|React|FastAPI|AutoGen|Docker|PyTorch|C++|Airflow|SQL|Java,10,45200,,105400,Low,Junior,2026,11,0,0,1,18.58
10965,DevOps Engineer,AI Engineering,3.4,High School,Singapore,Japan,Fully Remote,Mid-size,Finance,97.8,9.2,TensorFlow|AWS|React|CUDA|FastAPI|PyTorch|BERT,7,81100,122500,99100,Top,Senior,2026,8,1,0,1,17.68
10966,DevOps Engineer,Product Management,7.7,Associate's,Tokyo,Singapore,Hybrid,Mid-size,Education,80.8,2.5,Java|TensorFlow,2,62200,43300,95300,Low,Junior,2026,4,0,0,1,1.61
10967,Machine Learning Engineer,AI Engineering,3.8,Associate's,Berlin,Germany,Fully Remote,Startup,Finance,75.6,6,CUDA|FastAPI|Azure|Java|React|Python|Airflow|AWS|BERT,9,,161300,80800,Low,Mid,2026,6,1,0,1,24.49
10968,AI Agent Developer,AI Engineering,14.1,PhD,Tokyo,Germany,Fully Remote,Big Tech (FAANG+),Automotive,65.1,8,AWS|Docker|Java|React|Python|BERT|CUDA|C++|AutoGen,9,27600,50300,48200,Low,Junior,2026,11,0,0,1,29.82
10969,AI Agent Developer,IT Operations,13.6,Associate's,Ho Chi Minh City,Singapore,On-site,Startup,Tech,91.3,2.9,C++|AutoGen|Python|React|Docker|FastAPI|SQL|Java|CUDA|AWS,10,52400,142900,106100,Top,Senior,2026,8,0,1,0,37.02
10970,Product Manager,AI Engineering,8.5,High School,Berlin,UK,Fully Remote,Startup,Finance,91.4,3.7,Java|BERT|Azure|Airflow,4,32900,60400,75700,Low,Mid,2026,6,0,1,1,4.32
10971,Product Manager,Data Science,5.3,Master's,Berlin,Japan,Hybrid,Mid-size,Healthcare,70.8,1.5,SQL|React|AWS|Java|Azure|Python|CUDA|FastAPI,8,16900,80000,anawsk9zjn8yasc,High,Junior,2026,4,1,1,0,20.83
10972,Product Manager,Data Science,5.7,Bachelor's,London,China,On-site,Enterprise,Healthcare,86.4,9.5,,0,41900,193000,84800,High,Lead,2026,7,0,1,0,12.88
10973,Product Manager,Software Engineering,6.2,High School,Tokyo,UK,Fully Remote,Mid-size,Healthcare,72.4,5.4,Airflow|SQL|Azure|Java,4,43100,109800,99800,High,Lead,2026,5,0,1,0,10.34
10974,Data Analyst,IT Operations,10.9,High School,San Francisco,Vietnam,Fully Remote,Startup,Healthcare,87,1.6,BERT|PyTorch,2,70600,68800,34300,Low,Senior,2026,11,1,1,0,12.28
10975,Data Analyst,Software Engineering,6.8,Bachelor's,London,Singapore,On-site,Mid-size,Finance,99.7,8.5,React|Airflow|AWS|SQL|C++|Java,6,69500,91300,73900,Medium,Senior,2026,11,0,1,1,18.03
10976,DevOps Engineer,Data Science,12.9,Bachelor's,Tokyo,Singapore,On-site,Mid-size,E-commerce,63.1,6.1,Python|Airflow|AutoGen|Azure|C++|SQL|Docker|FastAPI|CUDA|TensorFlow,10,63400,109500,63700,Medium,Senior,2026,1,0,0,0,36.64
10977,Data Scientist,Software Engineering,14.2,Master's,Berlin,China,Fully Remote,Mid-size,Tech,81.7,1.5,AutoGen|SQL|Docker|FastAPI|C++|React|CUDA|Airflow,8,48200,65900,112100,High,Mid,2026,3,1,0,0,21.78
10978,Machine Learning Engineer,IT Operations,5,Master's,San Francisco,China,Fully Remote,Big Tech (FAANG+),Healthcare,69,5.1,Python|Java|SQL|C++|FastAPI,5,48500,126100,118400,Low,,2026,3,1,0,0,3.16
10979,Machine Learning Engineer,IT Operations,8.4,Master's,London,China,On-site,Mid-size,Finance,77.4,4.9,Python|SQL|C++|React,4,61100,67400,82300,Top,Junior,2026,1,1,1,0,17.37
10980,Product Manager,AI Engineering,1.4,Associate's,Singapore,Singapore,On-site,Startup,Education,93.7,2.3,,0,62900,14400,42200,Top,Junior,2026,4,0,1,0,5.48
10981,DevOps Engineer,Product Management,3,High School,Beijing,Germany,Hybrid,Mid-size,Education,67.4,4.8,C++,1,57100,91300,60200,High,Lead,2026,2,0,0,0,10.59
10982,Software Engineer,AI Engineering,6.2,Bachelor's,San Francisco,USA,Hybrid,Big Tech (FAANG+),Finance,53.6,3.5,TensorFlow|AutoGen|Python|React|CUDA|PyTorch|AWS|BERT|C++,9,,75700,11900,Low,Lead,2026,12,0,0,0,6.47
10983,Data Scientist,IT Operations,3.1,High School,Tokyo,USA,Hybrid,Startup,Healthcare,89.9,7.3,BERT,1,48600,105800,100400,Top,Junior,2026,10,0,1,1,48.6
10984,DevOps Engineer,Data Science,13.1,High School,Tokyo,Singapore,On-site,Mid-size,Automotive,77.8,1,PyTorch|Azure|C++|Docker|BERT|TensorFlow|FastAPI|SQL,8,44400,92000,60700,Top,Lead,2026,1,0,1,0,44
10985,Data Scientist,Data Science,2.4,Master's,London,Germany,On-site,Startup,Finance,72.5,2,React|Airflow|PyTorch|Azure|AWS|Docker,6,5600,134600,105300,Top,Senior,2026,12,1,0,1,31.25
10986,Data Scientist,AI Engineering,6.8,Master's,Tokyo,Japan,On-site,Big Tech (FAANG+),Tech,59.2,9.3,PyTorch|FastAPI|AutoGen|Azure|C++|Docker|TensorFlow|BERT,8,43200,128700,61000,Medium,,2026,6,0,0,0,12.53
10987,Data Scientist,IT Operations,9.1,High School,Berlin,Japan,Fully Remote,Enterprise,Tech,54.6,4.9,React|TensorFlow|AWS,3,35500,19600,70100,Medium,,2026,7,1,1,0,8.71
10988,DevOps Engineer,Data Science,10.4,Master's,London,Singapore,On-site,Big Tech (FAANG+),Automotive,63.9,2.6,SQL|AutoGen|Azure|Java|Airflow|Docker|CUDA|AWS|PyTorch,9,51900,98100,65600,Top,Mid,2026,4,0,1,1,42.1
10989,Product Manager,IT Operations,5.7,Associate's,London,Singapore,Fully Remote,Big Tech (FAANG+),Education,85.9,8.1,SQL,1,36500,82200,35100,Low,,2026,5,1,1,0,3.64
10990,Machine Learning Engineer,Data Science,13,Bachelor's,San Francisco,Germany,On-site,Startup,Education,70.6,8.7,C++|Docker,2,52700,87800,34300,Top,Mid,2026,9,0,1,1,34.66
10991,Machine Learning Engineer,IT Operations,8.5,High School,New York,Germany,On-site,Startup,Finance,78.5,2.9,FastAPI|React,2,12700,28300,124400,Top,Lead,2026,8,0,0,1,14.74
10992,Product Manager,Software Engineering,6.6,Bachelor's,Singapore,Japan,Fully Remote,Enterprise,Automotive,54.1,7.4,Airflow|Python|React|BERT|SQL,5,30700,-26900,56000,Medium,Mid,2026,2,0,1,0,24.48
10993,Data Scientist,IT Operations,1,Associate's,Singapore,USA,On-site,Enterprise,Finance,56.2,6.5,Azure|PyTorch|BERT|React|FastAPI|C++,6,35700,159800,93700,Low,Senior,2026,10,1,0,1,36.44
10994,Software Engineer,IT Operations,7,Master's,New York,UK,On-site,Enterprise,Finance,50.6,7.7,BERT|AutoGen,2,29000,90500,140800,High,Mid,2026,3,1,0,1,1.82
10995,AI Agent Developer,AI Engineering,12.3,PhD,San Francisco,Germany,On-site,Big Tech (FAANG+),Automotive,83.7,8.1,Airflow|Python,2,112400,111700,64600,Low,Junior,2026,9,1,1,0,8.78
10996,DevOps Engineer,Software Engineering,9.2,Associate's,Berlin,UK,Hybrid,Big Tech (FAANG+),Education,63.2,6.9,Azure|FastAPI,2,9400,72500,86500,Low,Lead,2026,5,1,1,1,32.36
10997,AI Agent Developer,Product Management,12.5,PhD,Beijing,UK,On-site,Enterprise,E-commerce,98.3,9.6,BERT|AutoGen|Java|PyTorch|Python|Azure,6,63500,42600,82200,Medium,Senior,2026,1,1,0,1,45.99
10998,Product Manager,AI Engineering,7.4,Bachelor's,Tokyo,Vietnam,Fully Remote,Enterprise,Healthcare,65.4,8.8,Python|C++|FastAPI|Docker|Airflow,5,69900,78200,83400,Low,Senior,2026,9,0,0,0,12.91
10999,Software Engineer,Product Management,1.8,High School,San Francisco,USA,Fully Remote,Enterprise,Healthcare,68.2,3.1,PyTorch|SQL|Airflow|AWS|CUDA|React|Java|TensorFlow,8,41200,59500,87200,Medium,Junior,2026,8,1,0,1,7.48
11000,DevOps Engineer,Data Science,0.2,Master's,Ho Chi Minh City,Singapore,Fully Remote,Mid-size,Healthcare,73.5,9.2,PyTorch|Python|SQL|Java|Docker|TensorFlow|C++|BERT|AutoGen|AWS,10,56600,124300,45000,Low,Lead,2026,10,0,0,0,46.24
11001,Product Manager,Product Management,4.5,Associate's,Tokyo,UK,On-site,Mid-size,Automotive,66,4.2,AWS|React|TensorFlow|Docker|Python|AutoGen|PyTorch|Java|Airflow,9,62200,113400,38800,Medium,Junior,2026,7,1,1,0,43.27
11002,Data Scientist,IT Operations,10.5,Master's,Ho Chi Minh City,Singapore,Fully Remote,Enterprise,Finance,90.9,7.5,Docker|Azure|TensorFlow|AutoGen|Python|BERT|C++|CUDA,8,52700,126400,74100,Low,Mid,2026,7,1,1,0,45.49
11003,Machine Learning Engineer,Product Management,11.9,PhD,San Francisco,Singapore,Hybrid,Big Tech (FAANG+),Finance,93.8,8.6,React|TensorFlow|C++|Docker|Java|Airflow,6,14700,115500,110000,Low,Lead,2026,8,1,0,0,6.24
11004,AI Agent Developer,AI Engineering,4.4,PhD,Singapore,USA,Fully Remote,Startup,Tech,50.6,4.9,,0,58100,22400,98000,Low,Lead,2026,11,0,0,0,46.18
11005,Data Analyst,AI Engineering,7.4,High School,Berlin,USA,On-site,Big Tech (FAANG+),Finance,82.7,1.5,Docker|TensorFlow|AutoGen|BERT|C++|Python|React|AWS,8,69400,85400,39600,Low,Senior,2026,4,1,1,1,29.07
11006,Data Analyst,Product Management,6.3,PhD,Beijing,Vietnam,Hybrid,Startup,Education,84.3,9.5,C++|FastAPI,2,91300,,89400,High,Mid,2026,7,0,1,1,33.35
11007,Software Engineer,AI Engineering,6.2,High School,Beijing,Singapore,Fully Remote,Enterprise,E-commerce,98.1,1.7,FastAPI|Docker|CUDA|Python|React,5,22400,106700,81300,High,Mid,2026,8,0,0,1,22.71
11008,Data Scientist,AI Engineering,3.5,Associate's,Beijing,Japan,Hybrid,Mid-size,Healthcare,68.5,4.1,FastAPI|AutoGen|Docker|CUDA,4,46600,73800,78500,Medium,Senior,2026,11,0,1,1,17.77
11009,AI Agent Developer,Product Management,2,High School,New York,USA,Fully Remote,Mid-size,Education,59.8,6.4,,0,49400,112400,78100,High,Junior,2026,10,1,1,1,5.64
11010,Data Scientist,Software Engineering,3,PhD,Berlin,UK,On-site,Startup,Education,76,2.1,CUDA|React|PyTorch|Python|C++|FastAPI|Azure|AutoGen|SQL|TensorFlow,10,48000,114300,82700,Top,Senior,2026,3,1,0,0,11.18
11011,AI Agent Developer,Software Engineering,0.8,Bachelor's,Ho Chi Minh City,Japan,Hybrid,Enterprise,E-commerce,72.4,8.5,,0,,89800,74200,High,Junior,2026,2,1,0,0,29.38
11012,Software Engineer,Data Science,3,High School,Beijing,Japan,Fully Remote,Mid-size,Healthcare,89.6,2.8,TensorFlow|Docker|AWS|Python|Java|PyTorch|C++|React|CUDA|Azure,10,72000,,60100,Medium,Junior,2026,2,0,0,1,15.84
11013,Software Engineer,AI Engineering,0.1,Master's,Berlin,China,Fully Remote,Enterprise,Automotive,95.2,9.9,AWS|Python|PyTorch|SQL|TensorFlow|CUDA|C++,7,69900,115100,69400,Top,Lead,2026,7,1,0,0,5.98
11014,Data Analyst,Product Management,9.4,Bachelor's,Tokyo,UK,Hybrid,Enterprise,E-commerce,54.3,9.2,AWS,1,57500,104900,28800,High,Mid,2026,9,1,0,0,35.48
11015,Data Scientist,AI Engineering,4.7,High School,Ho Chi Minh City,UK,Hybrid,Startup,Education,92.3,6.4,PyTorch|Python|React,3,41500,114200,88100,Top,Mid,2026,12,1,1,0,26.43
11016,DevOps Engineer,IT Operations,14.6,Master's,Singapore,USA,Hybrid,Enterprise,Finance,95.4,6.9,React,1,45700,126500,87500,Top,Mid,2026,8,1,0,0,2.05
11017,Data Analyst,AI Engineering,2.9,Bachelor's,New York,UK,Hybrid,Enterprise,Healthcare,96.2,5.8,Docker|FastAPI|BERT,3,44300,85400,116400,Top,Senior,2026,10,1,0,1,33.63
11018,Data Scientist,AI Engineering,5.2,High School,London,Singapore,Fully Remote,Startup,Tech,88.2,4.5,Docker|Azure|TensorFlow|SQL|C++|BERT|Python|CUDA|Java|AutoGen,10,22200,70300,90300,Medium,Senior,2026,10,1,1,0,43.08
11019,Data Analyst,Software Engineering,5.4,Associate's,San Francisco,China,Fully Remote,Mid-size,E-commerce,87.1,4.2,Airflow|Python|FastAPI|CUDA|AutoGen|BERT|PyTorch|C++|TensorFlow|React,10,64000,113900,70200,High,Junior,2026,7,0,1,0,38.79
11020,DevOps Engineer,Product Management,0.1,Master's,San Francisco,USA,Fully Remote,Big Tech (FAANG+),Education,50.7,9,,0,50500,76900,87200,Medium,Junior,2026,9,1,1,0,46.23
11021,Machine Learning Engineer,AI Engineering,12.6,Associate's,Ho Chi Minh City,Germany,On-site,Enterprise,Automotive,96,6.2,AWS|TensorFlow|BERT|Airflow|Azure|CUDA,6,63700,99600,67000,Medium,Senior,2026,4,0,1,1,16.89
11022,Machine Learning Engineer,Software Engineering,0.5,PhD,Singapore,UK,Hybrid,Startup,Education,67.6,8.4,SQL|C++|Java|CUDA|React|PyTorch|Python,7,55200,,58200,High,Lead,2026,10,1,0,0,4.4
11023,Machine Learning Engineer,Data Science,14.1,High School,Singapore,UK,Fully Remote,Mid-size,Tech,52.1,5.6,Docker|AutoGen|Azure,3,29900,167500,15200,Medium,Senior,2026,7,1,0,0,35.71
11024,Machine Learning Engineer,Software Engineering,13.4,High School,Singapore,Vietnam,Hybrid,Enterprise,Automotive,70.6,3.8,TensorFlow|CUDA|AutoGen|BERT|SQL|React,6,31500,130300,84700,Low,Junior,2026,5,1,0,1,45.1
11025,Product Manager,Software Engineering,8,Master's,Tokyo,Germany,Hybrid,Big Tech (FAANG+),Healthcare,86.6,1.8,SQL|Airflow,2,76300,149300,87500,High,Lead,2026,1,0,1,1,15.95
11026,AI Agent Developer,Software Engineering,8.2,High School,Ho Chi Minh City,Germany,Fully Remote,Mid-size,E-commerce,72.1,3.9,SQL|CUDA|AutoGen|AWS|React|TensorFlow|Docker|Python,8,61200,116400,107400,Low,Junior,2026,10,0,0,1,13.27
11027,Product Manager,AI Engineering,9.8,PhD,Ho Chi Minh City,Singapore,Hybrid,Startup,Automotive,87.9,8.9,FastAPI|CUDA|PyTorch|Docker|TensorFlow|C++|Azure|AutoGen,8,42400,111500,111100,High,Senior,2026,4,1,1,0,35.74
11028,Product Manager,AI Engineering,5.8,High School,London,China,Hybrid,Enterprise,Tech,75.5,7.4,Python,1,61200,116600,83700,High,Mid,2026,1,0,0,1,36.41
11029,Product Manager,Data Science,9.7,Bachelor's,Beijing,Singapore,Hybrid,Startup,Education,65,8.1,Java|FastAPI|BERT|CUDA,4,32600,81700,43900,Medium,Lead,2026,1,1,1,0,41.48
11030,Machine Learning Engineer,IT Operations,0.7,Associate's,Tokyo,Germany,Hybrid,Big Tech (FAANG+),Tech,60.1,8,C++|Airflow|TensorFlow|Python|Docker|PyTorch|AWS|SQL|Java|React,10,71700,54300,45000,Medium,,2026,7,1,0,1,37.29
11031,DevOps Engineer,IT Operations,0.8,PhD,Singapore,Singapore,Hybrid,Big Tech (FAANG+),Finance,71.1,2.1,TensorFlow|React|PyTorch|BERT|Docker|FastAPI|AWS|Python|SQL,9,22800,,80500,Medium,Lead,2026,3,1,1,0,20.02
11032,Software Engineer,IT Operations,6.9,PhD,London,Singapore,Fully Remote,Startup,Automotive,51.8,2.4,SQL|PyTorch,2,53900,120400,97400,Top,,2026,9,0,1,1,21.15
11033,Software Engineer,Data Science,8.2,Associate's,Ho Chi Minh City,Vietnam,Fully Remote,Enterprise,E-commerce,71.1,3.9,BERT|Python|Airflow|C++|FastAPI|React|Docker|SQL|PyTorch|Azure,10,47300,,99000,High,Mid,2026,11,0,0,1,40.23
11034,AI Agent Developer,IT Operations,13.3,Associate's,Tokyo,China,Hybrid,Startup,E-commerce,53.4,3.7,CUDA|C++|React|BERT|Java|AutoGen,6,50300,134300,64100,Top,Senior,2026,7,0,1,1,13.36
11035,Machine Learning Engineer,IT Operations,1.6,PhD,New York,Singapore,Hybrid,Mid-size,Education,93.9,1.6,,0,63000,82600,22500,Medium,Junior,2026,11,0,1,0,5.44
11036,Machine Learning Engineer,Software Engineering,12.3,Associate's,Ho Chi Minh City,Singapore,Hybrid,Startup,Education,78.8,2.4,Java|React|Python|BERT|Airflow,5,70000,55400,44800,Low,Lead,2026,6,0,0,0,10.9
11037,Machine Learning Engineer,AI Engineering,3.2,Master's,New York,Germany,On-site,Big Tech (FAANG+),Education,82.3,8.7,AutoGen|Python|Airflow|SQL|BERT|TensorFlow|React|Java|Azure|FastAPI,10,41800,114000,26700,Low,Lead,2026,2,1,0,1,25.27
11038,Data Analyst,AI Engineering,5.9,Associate's,Berlin,China,Hybrid,Enterprise,Finance,64.4,6.3,TensorFlow|React,2,10200,101000,83400,High,Mid,2026,5,0,1,0,28.52
11039,Data Scientist,Software Engineering,4.7,Bachelor's,New York,Germany,On-site,Enterprise,Tech,61.3,4.1,Python|BERT|TensorFlow,3,15700,,68400,Top,Senior,2026,8,1,0,1,3.53
11040,Data Analyst,Software Engineering,6,Bachelor's,Ho Chi Minh City,Germany,On-site,Big Tech (FAANG+),Education,85.4,5.7,Java,1,42400,121800,67500,High,Mid,2026,4,0,1,1,15.17
11041,Data Scientist,Software Engineering,2.3,Master's,London,Singapore,On-site,Big Tech (FAANG+),Automotive,83.6,3.4,PyTorch|Python|Java,3,50700,,86900,Medium,Mid,2026,8,0,1,1,37.46
11042,Machine Learning Engineer,AI Engineering,7.6,Associate's,Ho Chi Minh City,Japan,Fully Remote,Mid-size,Education,56.1,6.3,C++|React|AutoGen|BERT|Azure|Docker|TensorFlow|Airflow,8,57500,75200,66000,Top,Junior,2026,9,0,1,0,43.12
11043,Machine Learning Engineer,IT Operations,12,Bachelor's,Ho Chi Minh City,Germany,On-site,Big Tech (FAANG+),Tech,61.9,1.7,AutoGen|Python,2,53800,214100,123100,Low,Mid,2026,8,1,0,1,6.5
11044,Data Analyst,Software Engineering,6.6,High School,Berlin,Singapore,Hybrid,Big Tech (FAANG+),Automotive,97.3,9.1,TensorFlow|Docker|React,3,67800,,70200,Medium,Senior,2026,6,1,1,0,25.94
11045,Data Analyst,Data Science,7.4,Associate's,Singapore,UK,Hybrid,Big Tech (FAANG+),Automotive,65.2,3.2,Azure|SQL|Docker|Java|TensorFlow|AutoGen|PyTorch,7,86000,117700,31800,Medium,Mid,2026,2,1,0,1,7.49
11046,Data Scientist,Software Engineering,12.7,Master's,Beijing,Germany,Fully Remote,Enterprise,Automotive,51.3,8.4,Airflow|SQL|BERT|AWS|PyTorch|AutoGen,6,51900,140200,11300,Medium,Senior,2026,8,0,0,1,36.1
11047,Software Engineer,Product Management,10.6,Associate's,Ho Chi Minh City,UK,Fully Remote,Big Tech (FAANG+),Tech,53.2,6.9,BERT|Docker|Java|FastAPI|Azure|CUDA|Python|TensorFlow,8,57200,133900,88300,Top,Mid,2026,4,0,1,1,7.85
11048,Data Scientist,Software Engineering,7.4,PhD,Berlin,USA,Hybrid,Startup,Education,88.8,5.7,TensorFlow|CUDA|Airflow|BERT|Docker|PyTorch|C++|React|SQL,9,34700,127100,90900,Medium,,2026,1,0,1,1,4.83
11049,Data Analyst,AI Engineering,3.9,PhD,London,Japan,Fully Remote,Startup,Tech,87.9,9.4,TensorFlow|CUDA|Python|SQL|BERT|C++,6,51100,118100,90400,Low,Junior,2026,5,1,0,0,22.04
11050,DevOps Engineer,Software Engineering,13.3,Bachelor's,Berlin,Vietnam,Fully Remote,Enterprise,Tech,69.1,2.4,BERT|SQL,2,54100,99400,42200,Medium,Mid,2026,3,1,0,0,4.74
11051,Data Analyst,Product Management,8.7,PhD,San Francisco,China,On-site,Mid-size,Healthcare,57.7,2.1,React|SQL|Java|Azure|TensorFlow|Python|PyTorch|C++,8,53100,157500,52900,Top,,2026,3,1,1,1,40.8
11052,DevOps Engineer,Data Science,3.3,Master's,Berlin,China,On-site,Mid-size,Tech,74.9,3.9,C++|FastAPI|Airflow,3,35000,155300,116900,Top,Lead,2026,7,0,0,0,41.34
11053,AI Agent Developer,IT Operations,4,Bachelor's,New York,USA,Fully Remote,Enterprise,Finance,66.6,8.5,Airflow|CUDA,2,53300,140100,70400,Low,Lead,2026,12,0,1,1,25.59
11054,Data Analyst,Software Engineering,12,Master's,Beijing,Germany,Hybrid,Startup,Healthcare,68.7,1.3,,0,51800,164000,59500,Top,Mid,2026,1,0,0,0,28.62
11055,AI Agent Developer,Product Management,0.7,Master's,Beijing,Vietnam,On-site,Enterprise,Automotive,63,3.2,C++|Azure|Java|BERT|React|TensorFlow|Airflow|FastAPI,8,,,109600,Low,Mid,2026,3,0,1,1,6.63
11056,Software Engineer,Product Management,14.9,PhD,Tokyo,USA,Hybrid,Big Tech (FAANG+),Education,53.1,4.8,Python,1,42000,86700,49300,High,Junior,2026,10,0,0,1,13.83
11057,Data Scientist,Data Science,2,PhD,Singapore,USA,Fully Remote,Enterprise,E-commerce,89.6,7.4,Python|SQL|AWS|Java,4,,72400,64600,Medium,Junior,2026,6,1,0,0,6.05
11058,DevOps Engineer,AI Engineering,11.9,Master's,London,China,Hybrid,Mid-size,Education,80.9,3.7,TensorFlow|Python,2,93500,114800,105900,High,,2026,8,0,1,1,10.72
11059,Data Scientist,Software Engineering,5.9,PhD,Tokyo,UK,Hybrid,Startup,Healthcare,91.7,5,React|AutoGen|AWS|Java|TensorFlow|BERT|Python|Docker|C++|Airflow,10,51100,111600,108100,High,Senior,2026,6,1,0,0,19.73
11060,AI Agent Developer,Product Management,7.4,PhD,Singapore,UK,Hybrid,Mid-size,Healthcare,75.2,4,React|CUDA|Java|SQL|C++,5,71400,118500,108800,High,Senior,2026,11,1,0,1,34.09
11061,DevOps Engineer,Data Science,13.2,PhD,Singapore,Germany,Hybrid,Mid-size,Automotive,99.2,1.8,BERT|React,2,78500,161300,93500,Low,Lead,2026,4,1,1,1,36.4
11062,Data Scientist,IT Operations,6.2,Associate's,Berlin,Germany,Fully Remote,Startup,Tech,98.1,7.6,,0,,84900,lycdys8jv1neo6x,Medium,Junior,2026,8,1,0,1,22.22
11063,Data Analyst,Product Management,8.1,Master's,London,Singapore,Fully Remote,Big Tech (FAANG+),Tech,63.6,5.2,BERT,1,46000,93900,rqdfhdwmyuietan,High,Junior,2026,10,0,0,0,14.65
11064,Machine Learning Engineer,Data Science,0.7,High School,Singapore,Singapore,On-site,Startup,Healthcare,69.3,8.3,AutoGen|Docker|AWS|TensorFlow|Azure,5,46900,112000,83300,Low,Lead,2026,5,0,0,0,40.48
11065,AI Agent Developer,AI Engineering,0,Master's,London,USA,On-site,Startup,Tech,87.6,7.3,SQL|Docker|AWS,3,90300,94100,75300,Top,Senior,2026,10,1,0,1,21.88
11066,Data Scientist,AI Engineering,3.7,Bachelor's,Beijing,Germany,On-site,Enterprise,Healthcare,88.8,1.5,Azure|Python|SQL|AWS|Docker|BERT|Java,7,87700,26700,67400,High,Senior,2026,6,1,0,0,28.03
11067,AI Agent Developer,Product Management,10.2,PhD,Beijing,UK,On-site,Startup,Education,95.5,5.5,,0,20900,81600,44000,Low,Lead,2026,12,1,0,0,13.34
11068,Product Manager,Product Management,1.8,PhD,Beijing,Vietnam,Hybrid,Enterprise,E-commerce,82.6,9.9,,0,29900,60600,19600,Low,Mid,2026,1,1,1,0,3.33
11069,AI Agent Developer,Software Engineering,1.7,High School,Ho Chi Minh City,China,On-site,Mid-size,Education,73.8,3.8,Airflow|Docker|AutoGen|SQL|Java|PyTorch|Python|CUDA,8,74500,154700,98800,Low,Junior,2026,4,0,0,0,8.23
11070,DevOps Engineer,Data Science,6.2,Bachelor's,Berlin,UK,On-site,Startup,E-commerce,68.9,5.4,PyTorch|CUDA|Python|Airflow|FastAPI|Docker,6,39600,66900,72500,Low,Mid,2026,11,0,1,1,35.66
11071,Product Manager,Product Management,9.7,Associate's,San Francisco,Singapore,Hybrid,Big Tech (FAANG+),Automotive,71,6.9,TensorFlow|Java|React|AWS|FastAPI|Azure|Airflow,7,,98300,53600,Medium,Mid,2026,4,0,0,0,13.83
11072,DevOps Engineer,Software Engineering,10.7,Master's,London,Japan,Fully Remote,Enterprise,Finance,92.5,2.8,AWS|Python|FastAPI|C++|Java|BERT|CUDA|Airflow,8,45600,102100,125800,Top,Senior,2026,12,0,1,1,6.32
11073,Machine Learning Engineer,Software Engineering,2.7,Associate's,Berlin,Germany,On-site,Enterprise,Finance,99,7.3,C++|FastAPI,2,28600,,104900,Low,Mid,2026,12,1,1,0,32.1
11074,Product Manager,Product Management,1.2,Bachelor's,Singapore,China,Fully Remote,Big Tech (FAANG+),Education,52.6,6.9,AWS|TensorFlow|Docker|BERT|SQL|Azure,6,76100,110400,71100,High,Junior,2026,5,0,0,0,23.9
11075,Data Analyst,AI Engineering,14.1,High School,London,Japan,On-site,Enterprise,Tech,79,4.4,CUDA,1,,112500,89200,Top,Junior,2026,12,1,1,0,1.16
11076,AI Agent Developer,Data Science,3.9,Bachelor's,London,China,Fully Remote,Enterprise,Finance,76,3.6,Java|CUDA|AWS|SQL|C++,5,47400,64800,74300,Medium,Junior,2026,1,1,0,0,49.54
11077,Data Scientist,Data Science,12.8,High School,Tokyo,USA,On-site,Big Tech (FAANG+),E-commerce,68.8,9.3,Java|Azure|AutoGen|Airflow|TensorFlow|PyTorch|SQL|Docker,8,27300,,65900,High,Lead,2026,4,0,0,0,19.11
11078,Software Engineer,AI Engineering,13,Associate's,London,Germany,Fully Remote,Mid-size,Automotive,92.6,2.1,SQL|BERT|Docker|FastAPI|React|Airflow|Python|C++|Java,9,27800,44500,106200,Top,Mid,2026,11,0,1,1,32.76
11079,AI Agent Developer,Product Management,11.6,Associate's,London,USA,Fully Remote,Startup,E-commerce,78.8,4.9,CUDA,1,51200,115200,81700,Top,Mid,2026,7,1,1,0,49.18
11080,AI Agent Developer,Data Science,2.5,Bachelor's,New York,China,On-site,Startup,Healthcare,65.7,7.9,Docker|SQL|FastAPI|AutoGen|Python|Azure|AWS|Airflow|C++,9,31000,69200,43800,Medium,Junior,2026,6,0,1,1,31.73
11081,Machine Learning Engineer,Product Management,12.3,Bachelor's,San Francisco,USA,Fully Remote,Startup,Tech,72.2,2.3,Docker,1,80200,153900,84100,High,,2026,10,1,1,1,15.58
11082,Data Analyst,Product Management,11.5,PhD,New York,Germany,On-site,Startup,Tech,67.8,9.4,Airflow|Azure|Java|SQL|AutoGen|PyTorch|React|Python|FastAPI|Docker,10,63800,20900,90900,High,Lead,2026,5,0,1,1,24.42
11083,Software Engineer,Software Engineering,9,High School,Tokyo,UK,On-site,Startup,Finance,71.5,5.7,TensorFlow|Python|AWS,3,,177000,117400,Low,Senior,2026,11,1,0,1,5.14
11084,Product Manager,AI Engineering,5.1,PhD,Ho Chi Minh City,Vietnam,Hybrid,Startup,Healthcare,53.6,5.5,AWS|Docker,2,44100,109300,82300,Top,Senior,2026,1,0,0,1,8.46
11085,Product Manager,Product Management,3.9,Master's,Beijing,Japan,On-site,Enterprise,Finance,55.6,4.8,Azure|AWS|React|PyTorch|CUDA|C++|SQL|Python|Airflow|Docker,10,44700,87700,76500,High,Junior,2026,8,0,1,1,15.58
11086,Product Manager,IT Operations,1.8,Master's,Singapore,UK,On-site,Startup,Finance,81.2,8.8,C++|TensorFlow|React,3,58900,122000,87900,Medium,Mid,2026,12,1,1,1,4.24
11087,DevOps Engineer,AI Engineering,7.6,Bachelor's,Singapore,China,On-site,Enterprise,Finance,84.2,9.5,Python,1,-4100,158500,48700,High,Mid,2026,5,0,1,1,5.68
11088,DevOps Engineer,Data Science,8.8,Associate's,San Francisco,UK,On-site,Big Tech (FAANG+),Healthcare,81.8,4.4,AWS|BERT,2,40900,175400,143100,Low,Mid,2026,8,1,0,0,41.98
11089,Data Scientist,Software Engineering,5.4,Master's,London,USA,Hybrid,Mid-size,Finance,88.2,5.9,AutoGen|Java|C++|FastAPI|PyTorch|Docker|Azure,7,13600,99800,124100,Top,Lead,2026,11,1,1,0,12.48
11090,Software Engineer,Data Science,7.1,Master's,Berlin,Germany,Hybrid,Enterprise,Tech,97.2,3.8,AutoGen,1,54500,20200,99200,Low,Mid,2026,6,0,0,0,16.13
11091,Product Manager,Data Science,5.5,PhD,Singapore,UK,Hybrid,Mid-size,Finance,93,4.3,,0,26900,96600,82900,Medium,Lead,2026,7,0,0,0,8.68
11092,DevOps Engineer,AI Engineering,9.6,PhD,New York,UK,Hybrid,Big Tech (FAANG+),Healthcare,70.9,1.3,CUDA|React|AutoGen|Airflow|Docker|AWS|Java|FastAPI|Python|SQL,10,47600,78800,40600,High,Junior,2026,10,1,1,0,20.21
11093,Data Scientist,Data Science,13.5,Master's,Beijing,Germany,Fully Remote,Startup,Healthcare,60.9,8.1,PyTorch|BERT|CUDA|Java|Docker|AutoGen|Azure|Python|C++|SQL,10,32300,126200,75700,Low,Mid,2026,10,0,0,1,34.89
11094,Data Analyst,Product Management,2.5,Bachelor's,Ho Chi Minh City,USA,On-site,Mid-size,E-commerce,65.6,9.7,Azure|AutoGen|Python|Java|Airflow|React|TensorFlow,7,78500,83500,87500,Medium,Lead,2026,1,1,0,1,47.27
11095,Data Scientist,Data Science,5.7,PhD,Beijing,Vietnam,Hybrid,Mid-size,Finance,79.4,7.9,AWS|SQL|React|BERT|C++|CUDA|Airflow|Azure|PyTorch|FastAPI,10,95200,54700,49400,Medium,Junior,2026,6,1,1,1,26.94
11096,DevOps Engineer,Software Engineering,2.1,Master's,London,UK,On-site,Big Tech (FAANG+),Healthcare,92.8,5.7,Python|C++,2,68300,79100,61400,Low,Junior,2026,3,0,1,0,15.01
11097,Machine Learning Engineer,Software Engineering,9.4,Associate's,San Francisco,Japan,Hybrid,Big Tech (FAANG+),Education,85.1,8.4,FastAPI|Azure|Docker|SQL|Java|TensorFlow|BERT|Airflow|AWS,9,69500,154600,62900,Medium,Lead,2026,3,1,0,1,25.49
11098,Machine Learning Engineer,IT Operations,10.9,PhD,Beijing,China,On-site,Big Tech (FAANG+),Finance,77.2,8.7,SQL|TensorFlow|Docker,3,,105200,59400,High,Lead,2026,3,0,1,0,6.38
11099,Product Manager,Software Engineering,14,Master's,London,Singapore,Fully Remote,Enterprise,Automotive,80.1,5.9,SQL|Airflow|TensorFlow,3,37400,139300,117100,High,Mid,2026,6,1,0,0,33.86
11100,Machine Learning Engineer,Data Science,4.2,High School,Tokyo,USA,Hybrid,Enterprise,Tech,76.4,9.4,Azure|CUDA|BERT|C++|Python,5,11500,83500,70900,High,Senior,2026,8,0,0,0,16.42
11101,Product Manager,Software Engineering,14.3,PhD,New York,USA,Fully Remote,Mid-size,Tech,98.6,1.3,Airflow|AWS|Java|PyTorch|FastAPI|AutoGen|Python|React,8,53600,147100,108800,Medium,Mid,2026,12,0,1,1,47.24
11102,Product Manager,AI Engineering,0.9,High School,New York,UK,Fully Remote,Big Tech (FAANG+),Education,90.8,1.1,AWS|Azure,2,44000,65300,62800,Medium,Senior,2026,3,0,0,0,32.93
11103,DevOps Engineer,Software Engineering,9,PhD,London,Japan,On-site,Mid-size,Finance,89.1,1.7,Python|C++|CUDA|Azure|SQL|TensorFlow|Java|AWS|AutoGen|Docker,10,54500,69700,66400,High,Lead,2026,3,0,0,1,23.81
11104,Machine Learning Engineer,Product Management,0.9,PhD,Berlin,Singapore,Hybrid,Startup,Tech,75.9,1.5,,0,35800,154700,76200,High,Senior,2026,5,0,0,1,11.53
11105,Product Manager,AI Engineering,13.4,High School,New York,Germany,Fully Remote,Big Tech (FAANG+),Tech,66.6,4.8,CUDA|Azure|AWS|Docker,4,20200,152900,80200,Top,Lead,2026,6,0,0,1,4.6
11106,Software Engineer,IT Operations,7.9,Bachelor's,San Francisco,Singapore,On-site,Enterprise,Automotive,51,9.5,PyTorch,1,26800,23700,48700,Low,Junior,2026,6,1,0,1,9.41
11107,Data Analyst,Product Management,10,Master's,Berlin,UK,On-site,Big Tech (FAANG+),Tech,52.2,7.1,PyTorch|Python|Docker|AutoGen,4,80600,,83900,High,Senior,2026,7,0,1,0,28.5
11108,Data Scientist,Data Science,12.5,Bachelor's,London,UK,On-site,Mid-size,Tech,51.5,6.9,Docker|Java|Azure,3,88700,46400,47200,Medium,Senior,2026,7,0,1,0,25.98
11109,Data Scientist,Data Science,2.3,Bachelor's,Tokyo,Germany,Fully Remote,Enterprise,Healthcare,99,4.5,Azure|C++|AutoGen|Airflow|Python,5,18600,,121300,Low,Junior,2026,11,0,0,1,0.47
11110,DevOps Engineer,Data Science,0.6,Master's,London,China,On-site,Startup,Tech,55.7,5.8,,0,36600,141500,61700,Medium,Mid,2026,3,1,1,0,37.2
11111,Machine Learning Engineer,Product Management,13.2,Associate's,Tokyo,Germany,On-site,Startup,Finance,57.1,3.7,Docker|CUDA|AutoGen|C++|Azure|BERT|React|FastAPI,8,15100,163100,96600,Medium,Senior,2026,5,1,1,0,2.01
11112,Machine Learning Engineer,Product Management,4.7,Bachelor's,Singapore,UK,On-site,Mid-size,Tech,74.2,5.7,TensorFlow|Azure|AWS|CUDA|FastAPI|Docker|PyTorch|Python|Java,9,51200,168200,61000,Top,Lead,2026,1,0,1,1,3.9
11113,Product Manager,Product Management,1.9,Bachelor's,New York,Vietnam,Fully Remote,Big Tech (FAANG+),Finance,74.1,7.7,Java,1,,109400,106600,High,Mid,2026,1,1,1,1,35.59
11114,AI Agent Developer,AI Engineering,7,Bachelor's,San Francisco,Germany,On-site,Startup,Tech,96,6,Azure|C++|CUDA|Python,4,47700,90100,63200,Top,Junior,2026,2,1,1,1,32.31
11115,Product Manager,AI Engineering,9,Associate's,Berlin,China,Fully Remote,Mid-size,Finance,53.7,4.8,AutoGen|Python|Airflow|CUDA|React|SQL|Docker|TensorFlow|Azure|BERT,10,39900,99200,73700,Low,,2026,12,0,1,1,10.77
11116,Data Analyst,Data Science,0.5,PhD,San Francisco,Germany,On-site,Enterprise,Tech,97.9,8.6,Docker|PyTorch,2,54900,95000,69000,Medium,Junior,2026,12,0,1,0,33.14
11117,Software Engineer,Software Engineering,4.1,High School,London,Germany,Fully Remote,Enterprise,Education,60.8,3.6,React|Airflow|Java|PyTorch|CUDA|Azure|AutoGen|C++|FastAPI,9,63000,89600,67600,Medium,Junior,2026,2,1,0,0,0.95
11118,Data Scientist,Data Science,0.5,High School,Singapore,USA,Fully Remote,Mid-size,Finance,98.5,5.3,Airflow|Docker,2,63900,92500,38300,High,Lead,2026,7,0,1,0,13.9
11119,Product Manager,IT Operations,6.3,Associate's,New York,USA,Hybrid,Big Tech (FAANG+),Tech,77.1,9.8,Java|Docker|Python,3,74400,145100,56800,Medium,Junior,2026,5,0,1,0,37.98
11120,AI Agent Developer,AI Engineering,13.4,Bachelor's,San Francisco,UK,Hybrid,Big Tech (FAANG+),Automotive,82.6,9.7,Docker,1,43000,48200,83800,Medium,Senior,2026,3,0,0,1,23.74
11121,AI Agent Developer,Product Management,14.7,High School,Singapore,UK,Hybrid,Big Tech (FAANG+),Healthcare,65.8,1.1,TensorFlow|Java|CUDA,3,38300,143200,88700,Top,Junior,2026,7,0,1,1,42.78
11122,Product Manager,AI Engineering,9.6,Associate's,Tokyo,Singapore,Fully Remote,Big Tech (FAANG+),Healthcare,80.6,5.8,SQL|Docker|Java|PyTorch|Airflow|AWS,6,,99700,46600,High,Mid,2026,12,0,0,0,7.18
11123,DevOps Engineer,Product Management,2.4,Master's,London,Germany,On-site,Mid-size,Healthcare,85.5,4,FastAPI|Airflow|BERT|CUDA|React|Python,6,,,58600,High,Junior,2026,3,1,1,0,43.13
11124,Data Scientist,IT Operations,13.6,High School,Singapore,Vietnam,On-site,Mid-size,Healthcare,50.5,3.6,React|SQL|AWS|Python,4,45700,123800,73000,High,Senior,2026,3,0,0,1,24.31
11125,DevOps Engineer,IT Operations,7.7,Master's,San Francisco,Japan,Fully Remote,Enterprise,Automotive,51.7,6.4,FastAPI,1,39000,37900,77000,Medium,Senior,2026,4,1,0,1,5.07
11126,Software Engineer,AI Engineering,2.3,Bachelor's,Singapore,UK,On-site,Enterprise,Education,99.3,5,PyTorch|Airflow|AWS|CUDA|C++|Docker,6,84000,103500,84600,Top,Senior,2026,5,1,0,1,2.33
11127,AI Agent Developer,Product Management,13.8,High School,Tokyo,Germany,Fully Remote,Big Tech (FAANG+),Education,72.9,7.6,C++|AutoGen|SQL|FastAPI|AWS|Java,6,61700,184800,101100,Low,Mid,2026,8,0,1,0,0.06
11128,AI Agent Developer,IT Operations,11.4,Associate's,Beijing,Germany,On-site,Startup,Automotive,96.8,1.2,AutoGen|C++|Azure|FastAPI,4,27300,82100,83400,Medium,Senior,2026,9,1,1,1,31.85
11129,Data Analyst,Data Science,11,PhD,San Francisco,Japan,Fully Remote,Startup,Tech,86.5,9.3,Java|React|Python|PyTorch|Azure|SQL|C++|FastAPI,8,50000,,49900,Top,Mid,2026,5,1,0,1,11.1
11130,Software Engineer,Data Science,10.6,High School,Tokyo,Germany,Hybrid,Enterprise,Automotive,68.6,6.1,SQL|CUDA|BERT|Airflow|AWS|C++|Python|Docker|Azure,9,58100,,92400,Low,Junior,2026,8,0,0,0,7.3
11131,AI Agent Developer,Product Management,3,High School,Beijing,Japan,Hybrid,Enterprise,Healthcare,57.5,7.2,Docker|Java,2,27500,125400,99500,Medium,Mid,2026,3,0,0,0,30.07
11132,Software Engineer,AI Engineering,3.2,High School,New York,Japan,On-site,Mid-size,Education,98.9,6.4,PyTorch|BERT|Docker|Python|C++|AWS|Azure|React|Airflow,9,57100,125400,35500,Medium,Junior,2026,11,0,0,1,20.46
11133,Data Scientist,IT Operations,10.3,High School,London,Singapore,On-site,Enterprise,E-commerce,79.2,9.9,,0,47000,81800,86700,Low,Junior,2026,7,1,0,1,22.48
11134,Machine Learning Engineer,AI Engineering,3.3,Associate's,Singapore,Germany,On-site,Enterprise,Tech,59.6,9.9,AWS|PyTorch|AutoGen|BERT|TensorFlow,5,25500,,m4py6ltnf678gk1,Medium,Junior,2026,3,0,1,0,6.7
11135,AI Agent Developer,Data Science,6.6,Associate's,New York,Singapore,On-site,Big Tech (FAANG+),Finance,84.1,6.5,AutoGen|TensorFlow|Azure|FastAPI|SQL|Airflow|BERT|CUDA,8,23100,77200,58800,Medium,Senior,2026,12,1,0,0,12.66
11136,Data Analyst,IT Operations,11.7,PhD,Ho Chi Minh City,Germany,Hybrid,Startup,Education,54.6,7.2,PyTorch|AutoGen|Docker|C++|CUDA|React|Airflow|BERT|AWS,9,77400,118700,92400,Medium,Mid,2026,12,1,0,1,4.95
11137,Data Scientist,AI Engineering,11.8,Associate's,Tokyo,USA,Hybrid,Startup,Healthcare,93.4,6.6,,0,33200,94800,57500,Top,Lead,2026,10,1,0,0,16.75
11138,Product Manager,Software Engineering,6.8,Associate's,New York,Japan,Fully Remote,Mid-size,Education,54.5,3.8,TensorFlow|FastAPI|SQL|C++,4,70200,,67600,Top,Senior,2026,3,1,1,1,15.43
11139,Software Engineer,Product Management,11.9,Bachelor's,New York,China,On-site,Startup,Healthcare,61.8,2.7,SQL|PyTorch|React|C++|Docker|Python,6,63100,136200,53000,Medium,Senior,2026,4,0,1,0,38.88
11140,Product Manager,Product Management,12.6,Bachelor's,Singapore,Japan,Hybrid,Big Tech (FAANG+),Healthcare,54.6,4.6,TensorFlow|FastAPI|Docker|React|BERT|Python|AutoGen|SQL|AWS,9,37500,117400,90600,Top,Mid,2026,2,0,1,1,49.34
11141,DevOps Engineer,Software Engineering,9.8,Master's,Beijing,China,Fully Remote,Big Tech (FAANG+),Education,55.2,7.1,Docker|C++|BERT|Airflow,4,60000,69200,94100,Medium,Lead,2026,7,0,1,0,49.96
11142,Data Scientist,Data Science,3.4,PhD,Tokyo,Germany,Fully Remote,Mid-size,Education,76.2,1.5,Docker|AutoGen|Python|TensorFlow|FastAPI,5,,39700,85500,Top,Junior,2026,6,0,0,1,19.3
11143,Product Manager,IT Operations,4.1,Bachelor's,Beijing,UK,Fully Remote,Enterprise,Education,84.3,5.6,TensorFlow|Java|PyTorch,3,68100,54700,89900,Top,,2026,11,0,0,0,39.65
11144,AI Agent Developer,Product Management,4.7,PhD,London,Vietnam,Hybrid,Enterprise,Automotive,89.4,4.7,AutoGen|Azure|AWS,3,53500,61100,93100,Top,Mid,2026,3,0,0,0,13.96
11145,Software Engineer,Software Engineering,1.8,PhD,New York,Singapore,Fully Remote,Big Tech (FAANG+),Education,84.8,5.7,,0,43400,219700,109000,Low,Senior,2026,1,1,1,1,7.15
11146,Machine Learning Engineer,Software Engineering,4.1,High School,Tokyo,Germany,On-site,Mid-size,Finance,68.2,8.7,Docker|BERT|C++,3,76500,126400,60600,Medium,Lead,2026,12,1,0,1,32
11147,Data Scientist,Data Science,3.1,PhD,New York,Vietnam,Fully Remote,Big Tech (FAANG+),Tech,77.9,1.4,Java|Airflow|SQL|C++|PyTorch|AutoGen|React|Docker|BERT,9,64600,109100,11700,Low,Mid,2026,10,0,1,0,23.84
11148,AI Agent Developer,Data Science,6.8,High School,London,USA,Fully Remote,Startup,Healthcare,96.4,7.9,BERT|AWS|Airflow|CUDA|Docker|AutoGen|SQL|C++|TensorFlow,9,37100,77900,64800,Top,Junior,2026,3,0,1,0,29.68
11149,Data Analyst,AI Engineering,13.6,Master's,Berlin,China,Hybrid,Startup,Education,69.4,7,,0,,137500,65000,Top,Senior,2026,4,0,1,1,18.31
11150,DevOps Engineer,Product Management,1.6,Master's,London,Singapore,Fully Remote,Big Tech (FAANG+),Finance,62.6,2.8,C++|SQL|Java|BERT|Docker|React|AutoGen|TensorFlow|FastAPI,9,76000,92300,n29i4c2c9tcwjle,Medium,,2026,10,1,0,0,15.1
11151,Software Engineer,AI Engineering,10.8,Master's,Beijing,USA,Hybrid,Enterprise,E-commerce,76,7.6,PyTorch|Airflow|AutoGen|SQL|FastAPI|AWS|BERT|TensorFlow,8,80000,113700,18700,High,,2026,1,1,1,0,46.39
11152,Data Scientist,Software Engineering,10.3,High School,Beijing,UK,Hybrid,Startup,Education,64.9,5.5,Docker|C++|AWS|TensorFlow,4,46400,124000,81700,Medium,Senior,2026,8,1,0,0,44.18
11153,Data Scientist,IT Operations,1.4,High School,San Francisco,UK,On-site,Mid-size,Automotive,63.1,5.3,,0,59800,116700,108600,High,Lead,2026,2,0,1,1,6.19
11154,Machine Learning Engineer,IT Operations,13.8,Master's,New York,Japan,Fully Remote,Enterprise,Healthcare,88.9,5.3,FastAPI|Azure|React|BERT|TensorFlow|Airflow|AWS|Docker|C++|CUDA,10,57200,102700,75300,Top,Senior,2026,3,0,0,1,32.62
11155,Machine Learning Engineer,Data Science,8.5,High School,Beijing,Singapore,On-site,Startup,Finance,94.5,9.5,CUDA|Azure|Docker|C++|Python|SQL|FastAPI|Airflow|Java,9,28000,59400,89200,Low,Junior,2026,5,1,1,0,17.89
11156,Data Analyst,IT Operations,5.5,Associate's,Tokyo,Singapore,On-site,Big Tech (FAANG+),Education,75.1,9.5,Java|TensorFlow|CUDA,3,60200,102400,57300,Medium,Mid,2026,9,0,1,0,28.38
11157,DevOps Engineer,IT Operations,11.3,Associate's,London,Singapore,Fully Remote,Enterprise,Finance,89,9.2,Airflow|BERT|C++|React|TensorFlow|Docker,6,7000,143500,93000,High,Junior,2026,6,0,1,0,10.36
11158,Data Analyst,IT Operations,3.9,High School,New York,Germany,Fully Remote,Enterprise,Healthcare,59.4,9,Azure|Java,2,68200,130200,72800,High,Senior,2026,3,1,1,1,36.18
11159,AI Agent Developer,Software Engineering,10.4,High School,London,Japan,Hybrid,Startup,Finance,77.4,1.3,React|Docker|BERT|AutoGen|CUDA|SQL|Java,7,60400,112700,60800,High,Junior,2026,3,0,1,1,15.49
11160,AI Agent Developer,IT Operations,0.6,Bachelor's,London,UK,Fully Remote,Mid-size,Finance,81.8,4.6,AWS|AutoGen|Azure|BERT|Docker|FastAPI|C++|PyTorch|Java|React,10,,132600,76500,Medium,Senior,2026,8,1,1,0,34.43
11161,Data Analyst,IT Operations,12.6,Bachelor's,New York,UK,Hybrid,Startup,Education,74.5,9.1,,0,30700,,96000,Medium,Junior,2026,4,1,1,1,7.16
11162,DevOps Engineer,IT Operations,6.7,PhD,Singapore,Japan,On-site,Startup,Education,55.8,7.8,CUDA|AutoGen|FastAPI|Docker|Python,5,14800,93600,72300,High,Mid,2026,5,1,0,0,6.68
11163,Data Analyst,AI Engineering,9.6,PhD,Berlin,USA,On-site,Startup,Tech,86.7,5.1,Azure|AutoGen|CUDA,3,29500,,70900,Low,Junior,2026,4,0,0,0,17.38
11164,DevOps Engineer,Software Engineering,3.3,PhD,San Francisco,Vietnam,Hybrid,Startup,Automotive,92,8,Airflow|TensorFlow|BERT|Python|React|Docker|FastAPI|Java,8,52700,57200,73800,High,Senior,2026,11,1,0,1,49.86
11165,DevOps Engineer,Data Science,10.2,Master's,Singapore,China,Fully Remote,Startup,Tech,81.8,2.9,AutoGen,1,84800,120600,81800,Low,Lead,2026,9,0,0,0,43.05
11166,Product Manager,AI Engineering,11.6,Associate's,Beijing,UK,Fully Remote,Big Tech (FAANG+),Automotive,58.5,6.4,AWS|SQL|TensorFlow|BERT|CUDA|AutoGen|Docker|Azure,8,60300,127300,80200,Medium,Mid,2026,8,0,1,1,31.04
11167,Software Engineer,Product Management,7.1,Master's,Ho Chi Minh City,Japan,Hybrid,Startup,Automotive,53.7,5.8,,0,42400,106600,79900,Medium,Lead,2026,7,0,0,0,15.44
11168,DevOps Engineer,Software Engineering,9.3,High School,San Francisco,UK,On-site,Mid-size,Tech,65.1,6.2,AWS|Python|Java|C++|TensorFlow|Docker|CUDA|BERT,8,64300,108000,44500,Medium,Senior,2026,4,0,0,0,8.2
11169,Machine Learning Engineer,Software Engineering,6.8,Bachelor's,Singapore,USA,Hybrid,Enterprise,Healthcare,51.8,7.5,Java|TensorFlow|AWS|C++|FastAPI|Python|Airflow|BERT,8,62400,76200,71300,Top,Mid,2026,9,0,1,0,37.2
11170,DevOps Engineer,Product Management,13.4,High School,Ho Chi Minh City,Singapore,Fully Remote,Big Tech (FAANG+),Finance,92,9.5,AutoGen,1,78900,76600,106600,Low,Senior,2026,11,1,0,0,10.21
11171,DevOps Engineer,Product Management,7.5,High School,Ho Chi Minh City,Singapore,Fully Remote,Mid-size,E-commerce,85.2,3.4,C++|AutoGen|Airflow,3,66800,45500,89400,Top,Lead,2026,8,0,1,1,20.57
11172,DevOps Engineer,Product Management,12.6,Bachelor's,Beijing,China,Hybrid,Startup,Tech,78.2,7.8,SQL|C++|Airflow|BERT|Java|FastAPI|AWS,7,50100,92600,105200,Medium,Lead,2026,8,1,0,1,26.46
11173,Product Manager,Data Science,12,High School,Berlin,Singapore,Fully Remote,Mid-size,Tech,94.5,6.8,React|AWS|Python,3,19900,76100,85300,High,Senior,2026,10,0,1,0,4.63
11174,Product Manager,IT Operations,6.2,PhD,London,Singapore,On-site,Enterprise,Healthcare,55.5,7.3,C++|TensorFlow|PyTorch|SQL|BERT|Java|React|AWS|Python,9,77000,67900,80400,High,Senior,2026,2,0,1,0,38.97
11175,AI Agent Developer,Software Engineering,3.5,Bachelor's,New York,USA,Hybrid,Mid-size,Finance,85.7,4.9,Airflow|AutoGen|FastAPI,3,47500,102200,111000,Top,Mid,2026,5,1,0,0,47.06
11176,Product Manager,IT Operations,6.1,High School,Berlin,Vietnam,On-site,Startup,Education,57.3,9.5,CUDA|C++|AutoGen|AWS|Azure|React|FastAPI|SQL,8,32200,85200,63900,High,Senior,2026,6,0,0,0,7.33
11177,Machine Learning Engineer,IT Operations,12.4,PhD,Ho Chi Minh City,USA,On-site,Enterprise,Tech,53,5.3,Python|Java|FastAPI|React|TensorFlow|AWS|CUDA|Docker|Airflow,9,,43700,62600,Medium,Lead,2026,6,1,1,1,43.38
11178,Machine Learning Engineer,Product Management,3.4,PhD,San Francisco,China,Hybrid,Startup,E-commerce,56.6,2.1,PyTorch|Airflow|Docker,3,,77800,118400,Top,Junior,2026,9,0,1,0,24.24
11179,Product Manager,Data Science,7.9,Associate's,Tokyo,Singapore,Hybrid,Startup,Finance,97.5,7.1,AutoGen|TensorFlow|Docker|Python|FastAPI|C++,6,58000,94700,97600,High,Lead,2026,4,1,1,1,6.79
11180,Data Analyst,AI Engineering,12.1,PhD,Beijing,China,Fully Remote,Big Tech (FAANG+),Tech,72,2.2,Airflow|Java|AWS|Azure|AutoGen,5,42200,56100,68000,Top,Senior,2026,7,1,1,1,30.39
11181,Software Engineer,Data Science,5.3,Master's,Singapore,UK,Fully Remote,Enterprise,Education,52.4,3.9,Java|Azure|BERT,3,69800,,59100,Low,Lead,2026,9,0,1,1,46.51
11182,Product Manager,IT Operations,9.6,Bachelor's,San Francisco,Vietnam,Hybrid,Enterprise,Tech,79.2,3.1,AWS|CUDA|Java,3,82400,103000,49200,Top,Senior,2026,5,1,0,0,47.87
11183,DevOps Engineer,Data Science,3.7,Bachelor's,Beijing,Germany,Hybrid,Startup,Education,60,5.9,AWS|Airflow,2,7300,65000,67000,Low,Mid,2026,11,0,0,0,35.99
11184,Data Scientist,Product Management,1.6,Bachelor's,Singapore,UK,Fully Remote,Mid-size,Automotive,50.3,4.1,Airflow|Azure|AWS|PyTorch|SQL|FastAPI|Java,7,29600,131200,98100,Low,Senior,2026,6,1,0,0,24.68
11185,Software Engineer,AI Engineering,11.9,High School,New York,Singapore,Fully Remote,Enterprise,Automotive,87.9,2.4,Airflow|AWS|BERT|SQL|PyTorch,5,52800,155500,20700,Low,Senior,2026,1,1,0,0,9.33
11186,Software Engineer,Product Management,1.5,High School,Tokyo,Japan,Fully Remote,Mid-size,Tech,57.7,8.1,PyTorch|Python,2,79600,97200,102400,High,Senior,2026,7,0,0,1,30
11187,Machine Learning Engineer,AI Engineering,4.1,Master's,London,USA,Hybrid,Mid-size,Healthcare,97.1,5.2,AutoGen|SQL|C++|Airflow,4,33200,91500,92700,Low,Senior,2026,5,1,1,0,30.67
11188,Software Engineer,IT Operations,12.8,PhD,Berlin,USA,Hybrid,Enterprise,Automotive,79.6,5.1,,0,54500,87200,49200,High,Senior,2026,4,0,0,0,5.55
11189,Product Manager,AI Engineering,5.2,High School,Tokyo,China,Fully Remote,Mid-size,Tech,54.3,9,Python|C++|TensorFlow|AutoGen|FastAPI,5,28200,79000,76500,Medium,Lead,2026,3,0,0,0,12.69
11190,DevOps Engineer,AI Engineering,14.6,PhD,Berlin,Japan,On-site,Enterprise,Education,60.9,5.8,Azure|FastAPI|Python|AWS|Java|React|Airflow|PyTorch|C++|SQL,10,48300,62600,62400,High,Lead,2026,1,0,0,1,15.37
11191,DevOps Engineer,AI Engineering,14.7,PhD,Berlin,China,On-site,Big Tech (FAANG+),Finance,80.5,7.4,PyTorch|React|FastAPI,3,52800,104600,52400,Top,Junior,2026,5,0,1,1,42.98
11192,AI Agent Developer,Data Science,4,High School,London,Japan,Fully Remote,Enterprise,Education,66.9,4,,0,43500,69500,82300,High,Junior,2026,3,1,0,0,29.17
11193,DevOps Engineer,Data Science,0.6,High School,London,China,Hybrid,Enterprise,E-commerce,76.6,6.1,PyTorch|FastAPI|Java|Docker,4,82800,-4000,88500,High,Mid,2026,8,1,1,0,12.2
11194,DevOps Engineer,IT Operations,10.6,Master's,Singapore,Germany,Hybrid,Enterprise,Automotive,90,7.5,AutoGen|Docker|SQL|AWS|PyTorch|C++|CUDA|FastAPI|Java|BERT,10,73800,181300,94200,High,Mid,2026,12,1,0,1,15.5
11195,Machine Learning Engineer,AI Engineering,6.8,Associate's,London,Germany,On-site,Big Tech (FAANG+),Tech,89.6,3.7,React|C++,2,43600,,30300,Medium,Junior,2026,4,1,1,1,7.29
11196,DevOps Engineer,Software Engineering,1.5,Bachelor's,New York,UK,Fully Remote,Mid-size,Automotive,84.9,7.2,FastAPI|AutoGen,2,44800,104500,63900,High,Lead,2026,3,0,0,0,2.21
11197,AI Agent Developer,IT Operations,10.6,High School,Beijing,Germany,On-site,Big Tech (FAANG+),Education,94.3,6.1,Java|BERT|FastAPI|PyTorch|Airflow|AWS,6,65900,48000,90500,Top,Mid,2026,12,1,1,0,25.49
11198,Data Scientist,AI Engineering,0.5,High School,Ho Chi Minh City,Japan,On-site,Mid-size,Education,60,4.9,CUDA|BERT,2,51000,192000,99300,Top,Junior,2026,1,1,0,1,1.59
11199,Product Manager,AI Engineering,13.1,PhD,London,China,Fully Remote,Enterprise,Finance,58.9,7.4,SQL|TensorFlow|Docker|Azure|FastAPI,5,50300,120800,81300,Low,Lead,2026,12,1,1,0,49.6
11200,Machine Learning Engineer,Data Science,2.1,Associate's,Beijing,Japan,On-site,Enterprise,Healthcare,90,3.9,Azure|TensorFlow|AWS|Docker|SQL|C++|AutoGen,7,36300,85300,102100,High,Junior,2026,10,0,0,1,38.62
11201,Data Scientist,IT Operations,1.9,High School,Singapore,UK,Hybrid,Big Tech (FAANG+),Tech,66,7.4,,0,62000,160500,79900,Medium,Mid,2026,2,1,1,0,38.89
11202,Machine Learning Engineer,AI Engineering,2.6,Associate's,London,UK,On-site,Big Tech (FAANG+),Finance,75.6,6,CUDA|Docker,2,37200,60200,88200,Low,Mid,2026,10,1,1,0,37.73
11203,Data Analyst,AI Engineering,14.4,Bachelor's,Ho Chi Minh City,Singapore,Fully Remote,Big Tech (FAANG+),E-commerce,87.2,3.2,AWS|AutoGen,2,37200,16900,54100,Top,Senior,2026,2,1,0,0,32.06
11204,Software Engineer,IT Operations,10.4,PhD,Tokyo,Vietnam,Hybrid,Big Tech (FAANG+),Tech,69.8,7,AWS|Java|AutoGen|PyTorch|C++|Azure|SQL|Python|BERT|Docker,10,55800,73900,93200,Low,Junior,2026,1,0,1,0,3.5
11205,Data Analyst,Software Engineering,12,Master's,San Francisco,Germany,Hybrid,Enterprise,E-commerce,56.5,9,Java|Docker|BERT|PyTorch|Python|SQL|React,7,52800,128800,42400,Medium,Junior,2026,8,1,0,1,22.8
11206,DevOps Engineer,IT Operations,6,Bachelor's,London,USA,On-site,Enterprise,Healthcare,84,3.8,C++|Docker|SQL|Python|CUDA|TensorFlow|FastAPI,7,50700,191200,49400,Top,Junior,2026,5,1,1,1,13.95
11207,Data Scientist,IT Operations,5,Associate's,Beijing,USA,Hybrid,Startup,Tech,90.9,8.3,AWS|PyTorch|BERT|Docker|Java|Azure|AutoGen|Airflow,8,13700,71500,55800,Top,Mid,2026,2,1,0,1,14.91
11208,DevOps Engineer,Software Engineering,3.5,Associate's,Singapore,Vietnam,Fully Remote,Big Tech (FAANG+),Tech,50.6,4,,0,54800,53400,116900,High,Lead,2026,8,0,0,0,18.54
11209,Software Engineer,IT Operations,7.2,Bachelor's,Singapore,China,On-site,Big Tech (FAANG+),Finance,78.1,8.4,,0,9900,,66100,Top,Junior,2026,10,0,1,0,16.03
11210,Machine Learning Engineer,AI Engineering,8.3,Associate's,San Francisco,Vietnam,Hybrid,Mid-size,Automotive,73.5,1.5,,0,70400,,86200,Top,Lead,2026,5,0,0,0,33.11
11211,Software Engineer,IT Operations,9.5,Master's,New York,China,Fully Remote,Mid-size,Tech,63,1.1,CUDA|Python|SQL,3,38900,,89000,Top,Junior,2026,10,0,0,0,0.37
11212,AI Agent Developer,Software Engineering,3.9,Master's,Singapore,Germany,On-site,Enterprise,Healthcare,58.1,2,Python|PyTorch|AWS|React|SQL,5,,110200,88300,High,Mid,2026,5,0,1,0,18.31
11213,Software Engineer,Product Management,14.2,Associate's,Tokyo,Germany,Fully Remote,Startup,Tech,59.4,8.9,React|Docker|Azure|BERT|SQL|TensorFlow|Python|Java,8,38400,184500,49700,High,,2026,2,0,1,1,47.22
11214,AI Agent Developer,IT Operations,2.5,Associate's,Singapore,UK,Hybrid,Big Tech (FAANG+),Tech,86.2,5.8,FastAPI|Airflow|React|TensorFlow|CUDA|AWS|SQL|Docker|AutoGen,9,56200,155000,84200,Top,Junior,2026,8,0,0,0,12.89
11215,Software Engineer,Data Science,14.5,Master's,Singapore,UK,On-site,Startup,Tech,76.8,6.3,Docker|Airflow|TensorFlow|AutoGen|FastAPI|BERT|Java|PyTorch,8,25900,136900,50800,Medium,Lead,2026,3,1,0,0,31.07
11216,Product Manager,AI Engineering,0.2,Associate's,Tokyo,UK,On-site,Startup,Tech,99.1,8.6,Java|CUDA|Docker|AWS|Python,5,87000,,33900,Medium,Junior,2026,4,0,1,0,28.02
11217,AI Agent Developer,AI Engineering,7.2,High School,San Francisco,UK,Hybrid,Enterprise,Healthcare,62.2,1.5,SQL|FastAPI|Python|Docker|Java|TensorFlow|AutoGen|Airflow|Azure,9,36300,84200,117500,Low,Senior,2026,5,1,0,0,24.46
11218,Data Scientist,Data Science,5,PhD,San Francisco,USA,Fully Remote,Startup,Finance,97.8,4.5,CUDA|Python|SQL|C++|BERT|Java|Airflow|FastAPI|React|Docker,10,67500,,68800,Top,Senior,2026,10,0,0,0,6.11
11219,DevOps Engineer,Data Science,6.7,High School,Tokyo,Singapore,Hybrid,Big Tech (FAANG+),Automotive,75.8,6.8,C++|React|Java|Python|Airflow|PyTorch,6,27700,,70100,Top,Senior,2026,9,0,0,1,41.79
11220,DevOps Engineer,IT Operations,8.6,Associate's,Ho Chi Minh City,UK,On-site,Enterprise,Healthcare,57.3,4.6,C++|PyTorch|CUDA|TensorFlow|Airflow|Azure|Python,7,42100,73300,101700,High,Junior,2026,2,1,0,1,28.36
11221,Data Analyst,Data Science,6.5,Associate's,Beijing,UK,On-site,Startup,Healthcare,57.4,1.3,Python|AWS|Java|TensorFlow|BERT,5,35000,87100,96000,High,Lead,2026,8,0,0,1,26.93
11222,DevOps Engineer,Product Management,6.2,PhD,Berlin,UK,Hybrid,Enterprise,E-commerce,80.4,6.9,Airflow|FastAPI|C++,3,38100,68600,60700,Medium,Senior,2026,5,0,0,0,47.46
11223,Machine Learning Engineer,Software Engineering,11,Associate's,Singapore,China,Fully Remote,Enterprise,Automotive,91.6,4.5,,0,,184500,84000,Medium,Mid,2026,11,0,1,1,4.14
11224,Product Manager,Data Science,10.3,PhD,San Francisco,Japan,Hybrid,Mid-size,Finance,87.4,1.2,Python|FastAPI|CUDA|BERT|Airflow|Docker|SQL,7,59300,119800,89700,Low,,2026,9,0,0,0,24.58
11225,Software Engineer,Data Science,12.5,Master's,Berlin,UK,Fully Remote,Enterprise,Education,82.8,2.5,Python|CUDA|C++|PyTorch|AWS|Docker|SQL,7,58200,91700,44200,Top,Senior,2026,9,1,0,0,35.3
11226,Data Analyst,Product Management,3.7,PhD,Berlin,Vietnam,Fully Remote,Startup,Finance,58.6,3,C++|Docker|FastAPI|SQL,4,,26400,58300,High,Mid,2026,10,0,1,1,39.86
11227,Machine Learning Engineer,AI Engineering,9.1,PhD,New York,UK,On-site,Mid-size,Education,55.4,5.6,BERT|C++|CUDA|Azure|Docker|AWS|FastAPI|Java|AutoGen|React,10,52600,78800,68900,Low,Mid,2026,12,0,1,0,0.04
11228,Machine Learning Engineer,AI Engineering,8.8,High School,London,UK,Fully Remote,Big Tech (FAANG+),E-commerce,50,2.7,,0,33100,163800,77900,Low,Mid,2026,3,1,0,1,34.11
11229,AI Agent Developer,IT Operations,5.5,Associate's,Singapore,USA,On-site,Big Tech (FAANG+),E-commerce,55.1,4.3,React|Azure|Python|Java|AWS|PyTorch|SQL,7,79300,75700,110000,Medium,Junior,2026,12,1,0,1,47.79
11230,DevOps Engineer,Product Management,7.3,Master's,London,Japan,Fully Remote,Big Tech (FAANG+),Healthcare,88.3,7.8,AWS|Python|React|FastAPI|Docker,5,31500,84100,60300,Top,,2026,9,0,1,0,36.51
11231,Data Scientist,Software Engineering,4.7,Bachelor's,London,UK,Fully Remote,Big Tech (FAANG+),Finance,94.8,8.3,React|AWS|SQL|BERT|FastAPI|Java,6,40600,48000,114200,Top,Lead,2026,7,0,1,0,20.95
11232,Data Scientist,Software Engineering,2.1,PhD,New York,Japan,On-site,Big Tech (FAANG+),Education,62,8.2,C++|Azure|CUDA|React|BERT|Python|FastAPI|Docker|PyTorch,9,51200,,89300,High,Lead,2026,9,0,0,1,43.8
11233,Data Analyst,Product Management,3.2,Bachelor's,Berlin,China,Fully Remote,Startup,Finance,89.7,7.3,PyTorch|Airflow|SQL,3,29600,112800,37200,Top,Junior,2026,7,1,1,1,43.93
11234,Product Manager,Software Engineering,1.6,Associate's,Tokyo,Germany,Hybrid,Enterprise,Education,59.9,5.9,Python|Docker|Azure,3,62700,107400,85600,Low,Mid,2026,8,1,1,1,34.41
11235,Data Scientist,AI Engineering,10.2,PhD,London,Japan,Fully Remote,Mid-size,Finance,62.5,6,BERT|SQL|FastAPI|Python|CUDA|Java|Airflow|Azure,8,72300,52900,113800,Top,,2026,4,1,0,0,33.3
11236,Software Engineer,Software Engineering,9.9,Bachelor's,San Francisco,Japan,On-site,Enterprise,Healthcare,61.2,9.6,Azure|AutoGen|Java,3,32300,120400,72600,Top,Junior,2026,5,1,1,1,17.22
11237,Data Scientist,Software Engineering,14.3,High School,Tokyo,UK,On-site,Enterprise,Education,52.6,8.9,TensorFlow|CUDA|PyTorch|C++|AWS,5,36400,83600,59100,High,Mid,2026,12,0,0,1,12.13
11238,Data Analyst,Product Management,10.9,Bachelor's,Tokyo,Singapore,Hybrid,Startup,Finance,59.7,6.8,BERT|TensorFlow|PyTorch|SQL|AutoGen|React|Azure,7,73900,109500,63300,Medium,Lead,2026,6,1,1,0,31.49
11239,Data Scientist,Product Management,0.8,High School,New York,UK,Fully Remote,Startup,Tech,68.7,5.2,AutoGen|Azure,2,52900,,89800,Low,Mid,2026,4,1,0,0,0.39
11240,Software Engineer,Software Engineering,13.3,Master's,San Francisco,UK,Hybrid,Startup,E-commerce,70.3,7.6,,0,45600,,43000,High,Junior,2026,8,0,0,1,42.15
11241,AI Agent Developer,Data Science,12.9,Associate's,New York,USA,Fully Remote,Mid-size,E-commerce,65.5,1.6,Docker|PyTorch|FastAPI|CUDA|Java,5,34800,126200,121600,High,Senior,2026,5,0,0,1,45.13
11242,Product Manager,Product Management,6.6,Bachelor's,Beijing,Singapore,Hybrid,Startup,Education,75.7,9.5,Azure,1,42600,127600,105400,Top,Lead,2026,3,0,1,1,8.2
11243,Data Analyst,IT Operations,8.8,PhD,Singapore,Germany,On-site,Enterprise,E-commerce,68.9,5.9,Airflow|BERT|React,3,47100,,95100,High,Mid,2026,1,1,0,1,28.63
11244,AI Agent Developer,IT Operations,14.6,Associate's,London,USA,On-site,Mid-size,E-commerce,98.5,5.5,AutoGen|SQL|Airflow|Java|Docker|React|Python|AWS|PyTorch,9,62800,139000,48800,Medium,Mid,2026,1,0,0,1,8.91
11245,AI Agent Developer,AI Engineering,8,Bachelor's,Berlin,USA,Hybrid,Startup,Tech,90.4,3.6,PyTorch|CUDA,2,49900,148000,114600,Low,Senior,2026,8,0,0,0,24.73
11246,AI Agent Developer,Software Engineering,13.6,PhD,Ho Chi Minh City,USA,Fully Remote,Startup,Automotive,96.5,1,CUDA|TensorFlow,2,31800,117400,109700,Low,Mid,2026,3,1,0,0,31.92
11247,Machine Learning Engineer,Data Science,1.2,PhD,San Francisco,Singapore,Fully Remote,Startup,Finance,77.9,1.6,Azure|AWS|Python,3,39500,133700,114500,High,,2026,11,1,0,0,19.53
11248,Product Manager,AI Engineering,2.9,PhD,New York,China,On-site,Enterprise,Education,83.9,3.4,FastAPI|SQL,2,27600,106900,86400,Low,Junior,2026,10,1,0,0,44.74
11249,DevOps Engineer,Software Engineering,6.6,PhD,Tokyo,Germany,Fully Remote,Startup,E-commerce,58.3,5.9,BERT|Docker|AWS|Azure|Python|React|C++|FastAPI|CUDA,9,47400,127500,79200,Medium,Mid,2026,4,0,0,0,44.56
11250,Product Manager,Product Management,8.8,Bachelor's,Beijing,China,Hybrid,Enterprise,Finance,87.6,1.8,React|Java|TensorFlow|Azure|CUDA|PyTorch|AutoGen,7,95100,81700,85600,High,Mid,2026,7,0,1,0,26.54
11251,Machine Learning Engineer,IT Operations,12.2,Master's,Ho Chi Minh City,China,Hybrid,Mid-size,Finance,61.8,9.7,BERT|Docker|CUDA|PyTorch,4,99500,29600,91000,High,Lead,2026,1,1,0,1,29.02
11252,DevOps Engineer,Data Science,14.8,High School,New York,Germany,Fully Remote,Startup,Tech,57.3,4.7,Docker,1,56500,158000,111100,Medium,Junior,2026,6,0,0,1,0.14
11253,Product Manager,IT Operations,5.8,High School,Beijing,China,On-site,Big Tech (FAANG+),Finance,52.1,3.8,C++|FastAPI,2,16900,107800,45000,High,Lead,2026,1,0,0,1,16.9
11254,AI Agent Developer,Product Management,0.7,High School,Tokyo,Singapore,On-site,Big Tech (FAANG+),E-commerce,73.6,5.7,BERT|React|AutoGen|C++,4,68500,106800,84900,Low,Senior,2026,3,1,0,0,38.04
11255,Data Analyst,Software Engineering,12,Master's,London,Germany,On-site,Enterprise,Education,64.3,1.6,TensorFlow|BERT|Airflow|SQL|Python|React,6,63300,136000,91900,Low,Lead,2026,4,0,0,1,49.7
11256,DevOps Engineer,Product Management,9.1,PhD,Singapore,Japan,On-site,Startup,Finance,99.3,8.7,Java,1,103700,73500,105200,Medium,Mid,2026,11,0,0,0,47.26
11257,Software Engineer,Product Management,3,PhD,Singapore,Japan,On-site,Startup,Tech,62.5,5.1,BERT|FastAPI|CUDA|PyTorch,4,51500,95700,71700,Top,Lead,2026,7,1,0,1,4.73
11258,Software Engineer,IT Operations,7.4,Associate's,Beijing,UK,Hybrid,Big Tech (FAANG+),Education,93.3,2.6,PyTorch|React|SQL|AWS|FastAPI|Azure,6,41500,,81300,Top,Lead,2026,2,0,0,1,20.86
11259,Data Scientist,Data Science,11.1,High School,New York,USA,Fully Remote,Mid-size,Education,65.8,2.5,Airflow|CUDA|BERT|React|AWS|Azure|Java,7,30000,92500,76300,Top,Lead,2026,8,1,0,0,2.73
11260,DevOps Engineer,Product Management,11.6,High School,Singapore,Japan,Hybrid,Mid-size,Education,87.5,4.2,PyTorch|Docker|SQL,3,66400,84400,86700,Medium,Junior,2026,6,0,1,0,41.87
11261,Data Analyst,IT Operations,7.5,PhD,Singapore,Japan,On-site,Enterprise,E-commerce,83,6.2,React|Airflow|BERT|AWS|Docker|SQL|CUDA,7,46200,,65100,Top,Lead,2026,10,0,1,1,36.5
11262,Machine Learning Engineer,Data Science,4.6,High School,London,China,On-site,Big Tech (FAANG+),Tech,78.1,4.8,Java|CUDA|AWS|AutoGen|BERT|FastAPI,6,44900,115500,95500,Low,Senior,2026,2,0,0,0,46.09
11263,AI Agent Developer,Software Engineering,14.6,PhD,Tokyo,Germany,Fully Remote,Enterprise,Healthcare,70.8,6.4,,0,39900,25500,89100,High,,2026,3,0,1,1,25.09
11264,Data Scientist,Software Engineering,10,PhD,Berlin,Vietnam,Fully Remote,Enterprise,Automotive,83.6,7.3,Java|C++|Docker|PyTorch|Airflow|SQL|AutoGen|React|CUDA,9,94000,152700,43000,Top,Lead,2026,4,0,0,0,5.16
11265,Software Engineer,AI Engineering,6.1,PhD,Singapore,China,Fully Remote,Mid-size,Finance,70.4,7.7,CUDA,1,,71500,50000,Medium,Lead,2026,6,0,0,1,29.2
11266,Machine Learning Engineer,IT Operations,4.2,Bachelor's,Beijing,China,Hybrid,Big Tech (FAANG+),Finance,77.4,4.6,C++|Python|AWS|React|AutoGen,5,64000,119400,74700,Low,Mid,2026,1,1,0,0,43.36
11267,Machine Learning Engineer,Data Science,11,Bachelor's,Ho Chi Minh City,Singapore,Fully Remote,Enterprise,Finance,79.5,7.5,TensorFlow|Python|SQL,3,59200,121700,156400,Top,,2026,5,0,0,0,2.5
11268,AI Agent Developer,Product Management,3.6,Bachelor's,San Francisco,Germany,Hybrid,Mid-size,Healthcare,63.4,2.3,Docker|PyTorch|Java|AutoGen|BERT|React,6,5500,88100,72200,Top,Senior,2026,8,0,0,0,40.74
11269,DevOps Engineer,Software Engineering,2.6,Bachelor's,Tokyo,Vietnam,On-site,Mid-size,Education,67,5.6,React|BERT|Azure|AWS|CUDA|C++,6,,117400,53700,Low,Mid,2026,12,1,1,0,31.18
11270,Software Engineer,Data Science,7.9,Master's,London,Vietnam,Hybrid,Startup,Education,50.9,1.7,TensorFlow|Python|Azure|Airflow|Java|FastAPI|React,7,12900,56700,61400,Medium,,2026,7,1,0,0,6.61
11271,Data Analyst,IT Operations,4.3,Associate's,Tokyo,UK,Fully Remote,Big Tech (FAANG+),Automotive,92.6,3.2,Azure|BERT|Java|AutoGen|Airflow|CUDA|Python|TensorFlow,8,32000,78100,91800,High,Junior,2026,11,0,1,1,32.96
11272,Machine Learning Engineer,AI Engineering,9.4,Associate's,London,China,Hybrid,Big Tech (FAANG+),Tech,87.8,6.2,AutoGen|Python|AWS|Airflow|FastAPI|CUDA,6,39800,90300,119100,Low,Senior,2026,3,1,0,1,3.1
11273,AI Agent Developer,Software Engineering,1.8,PhD,Tokyo,Singapore,Hybrid,Startup,Healthcare,59.2,7.7,TensorFlow|SQL|Docker|AWS|Azure|PyTorch|Python|BERT,8,35500,118200,63000,High,Mid,2026,11,1,1,1,8.72
11274,Data Analyst,Data Science,9.8,High School,San Francisco,USA,Hybrid,Enterprise,Healthcare,68.1,1.9,CUDA|AutoGen|PyTorch|Azure|Python|Java|BERT|SQL,8,45400,86400,83900,Top,Junior,2026,2,1,0,1,2.92
11275,DevOps Engineer,Data Science,4.2,Bachelor's,Berlin,Japan,Fully Remote,Mid-size,E-commerce,71.1,2.9,React|AutoGen|Airflow|BERT|Java|Azure|Docker,7,34600,93500,65500,Low,Mid,2026,2,1,0,1,29.22
11276,Software Engineer,Data Science,0,Associate's,Beijing,China,Hybrid,Mid-size,Education,66.7,9.9,Python|SQL|TensorFlow|Docker|AWS|Airflow,6,77100,133200,94800,Top,Junior,2026,10,1,1,1,14.39
11277,DevOps Engineer,IT Operations,1.9,Associate's,Ho Chi Minh City,USA,Fully Remote,Mid-size,Healthcare,89.9,4,Java|CUDA|SQL|Azure|TensorFlow|React,6,61800,115900,65500,Top,Mid,2026,5,1,1,1,14.42
11278,Machine Learning Engineer,IT Operations,14,Bachelor's,Singapore,USA,Hybrid,Startup,Healthcare,86.3,3.6,AWS|PyTorch|FastAPI|Airflow|Java,5,37600,193500,98300,Top,Mid,2026,8,0,0,1,32.32
11279,Data Analyst,IT Operations,13,Master's,Berlin,Germany,Hybrid,Mid-size,Finance,88.4,1.8,Docker|C++|Python|SQL,4,33300,63800,12900,Top,Mid,2026,6,1,0,0,5.5
11280,Data Analyst,Product Management,3.5,Master's,Beijing,China,Hybrid,Enterprise,Education,95.2,7.3,Java|PyTorch|React|Airflow|TensorFlow|BERT|FastAPI|CUDA|AutoGen|Azure,10,38700,48600,94500,Top,Mid,2026,6,0,1,1,31.66
11281,Data Analyst,Data Science,11.7,Associate's,Ho Chi Minh City,Germany,Fully Remote,Enterprise,E-commerce,79.8,5.6,PyTorch|FastAPI|Airflow,3,31900,176400,zx48l1iosxzjcve,Medium,Lead,2026,7,0,1,1,34.89
11282,Machine Learning Engineer,Software Engineering,9.1,Master's,Tokyo,UK,Fully Remote,Startup,Tech,80.7,2.4,AutoGen|FastAPI|Docker|C++|React,5,26000,110500,91200,Top,Mid,2026,1,1,0,0,42.87
11283,Machine Learning Engineer,IT Operations,14.6,Bachelor's,San Francisco,USA,Fully Remote,Enterprise,Automotive,86.1,6.7,Java|FastAPI|CUDA|AutoGen|BERT|AWS,6,,153300,75400,Low,Senior,2026,3,0,1,0,33.57
11284,DevOps Engineer,IT Operations,5.6,Associate's,Singapore,Vietnam,On-site,Big Tech (FAANG+),Tech,84.1,5.7,Docker|TensorFlow|BERT,3,42200,59800,45800,High,Lead,2026,11,0,0,1,32.67
11285,Data Scientist,Data Science,10.2,Bachelor's,Ho Chi Minh City,USA,Fully Remote,Big Tech (FAANG+),E-commerce,93.5,6.1,BERT|PyTorch|Python|TensorFlow|FastAPI|C++|CUDA,7,57900,80500,80300,Low,Senior,2026,5,1,1,1,32.83
11286,DevOps Engineer,IT Operations,1,Master's,New York,UK,Hybrid,Mid-size,Finance,88.5,10,Java|Docker|React|AutoGen|FastAPI|TensorFlow,6,51300,105400,95400,Low,Lead,2026,7,1,0,1,2.06
11287,Software Engineer,Product Management,5.9,Bachelor's,Ho Chi Minh City,USA,On-site,Mid-size,Automotive,56,1.3,,0,79000,100000,81700,Medium,Lead,2026,6,1,0,0,22.09
11288,AI Agent Developer,Product Management,14.5,Master's,Beijing,Germany,Fully Remote,Big Tech (FAANG+),Tech,96.4,9.2,AutoGen|Airflow|Docker|BERT,4,67900,97000,39000,Top,Senior,2026,1,1,0,1,27.56
11289,Data Analyst,IT Operations,8.1,Master's,Berlin,China,Fully Remote,Enterprise,Education,84.2,8.6,CUDA|AWS|Docker|Airflow|React|C++|FastAPI|SQL,8,57200,36700,80600,High,Junior,2026,9,0,1,1,33.25
11290,Data Scientist,Data Science,4.3,Bachelor's,Singapore,Vietnam,On-site,Startup,Education,56.4,4.7,TensorFlow|Java,2,95900,95400,87900,High,Senior,2026,3,1,1,1,14.56
11291,AI Agent Developer,Data Science,1.8,Master's,Berlin,Germany,On-site,Mid-size,Automotive,88.6,8.9,C++|AWS,2,35900,113600,64800,Top,Mid,2026,12,1,1,1,33.9
11292,Data Scientist,Data Science,10.6,PhD,Singapore,Japan,Fully Remote,Mid-size,Automotive,67.9,6.8,AutoGen|TensorFlow|PyTorch|Java|FastAPI,5,46200,86500,vg58b4uztv9nwal,High,Mid,2026,7,0,0,1,19.79
11293,Product Manager,AI Engineering,9.7,Bachelor's,New York,China,On-site,Big Tech (FAANG+),Automotive,90.3,9,PyTorch|SQL|Python|Azure|React|Airflow|FastAPI|AutoGen|Java|TensorFlow,10,,139200,62900,Medium,Senior,2026,12,0,1,1,35.77
11294,DevOps Engineer,IT Operations,5.6,PhD,Beijing,Vietnam,Hybrid,Big Tech (FAANG+),Healthcare,97.8,6.4,SQL|AWS|C++|Airflow|BERT|TensorFlow|CUDA|React,8,66900,139300,43400,Top,Junior,2026,1,1,0,1,9.25
11295,Machine Learning Engineer,Data Science,14.3,Bachelor's,San Francisco,UK,Hybrid,Startup,E-commerce,62.8,2.9,TensorFlow|C++,2,32400,108700,72500,High,Lead,2026,1,0,1,1,15.23
11296,Data Analyst,Product Management,0.3,Master's,San Francisco,USA,Hybrid,Mid-size,Education,92.9,6.2,Docker|TensorFlow,2,49300,70900,43700,Low,Lead,2026,11,1,1,0,47.48
11297,DevOps Engineer,Software Engineering,4.6,Master's,Ho Chi Minh City,Vietnam,Fully Remote,Enterprise,Education,88.7,2.6,Docker|SQL|BERT|Python|TensorFlow|Airflow|C++|Java,8,50400,114300,42700,High,Mid,2026,1,1,1,1,37.9
11298,AI Agent Developer,Software Engineering,13.8,Associate's,New York,Singapore,Hybrid,Enterprise,E-commerce,83.6,2.3,C++|Java|TensorFlow|Python|AutoGen|Azure|Airflow|BERT,8,96600,119900,94300,Low,Junior,2026,12,0,0,1,44.93
11299,Product Manager,Data Science,4.8,Associate's,Tokyo,Japan,On-site,Big Tech (FAANG+),Finance,69.2,6.9,Java,1,63200,103900,79100,Top,Lead,2026,4,1,0,0,10.01
11300,Product Manager,Software Engineering,3.8,PhD,London,UK,Hybrid,Startup,Education,55.5,9.5,,0,71600,70200,87300,Low,Lead,2026,1,1,1,1,47.14
11301,Product Manager,Software Engineering,8,Master's,Tokyo,China,On-site,Big Tech (FAANG+),Tech,74.2,6.3,AWS|CUDA|BERT|AutoGen|Azure|TensorFlow|PyTorch,7,42200,133800,60700,Low,Mid,2026,1,1,1,1,37.21
11302,AI Agent Developer,AI Engineering,12.4,Associate's,Beijing,Singapore,Hybrid,Startup,Finance,55.3,8.2,,0,35000,117100,63000,Medium,Junior,2026,9,1,1,0,29.53
11303,AI Agent Developer,Product Management,1.5,Master's,New York,Vietnam,On-site,Enterprise,Tech,75,2.5,React|CUDA|BERT|SQL|Java|AutoGen|AWS,7,,84000,59000,Medium,Lead,2026,8,1,0,1,0.64
11304,AI Agent Developer,Product Management,14.1,Bachelor's,Berlin,UK,Hybrid,Startup,Automotive,91,6.9,Java|React|BERT|SQL|Python|AutoGen|C++,7,,106200,62300,Top,Junior,2026,5,0,1,0,2.6
11305,AI Agent Developer,AI Engineering,11.9,Associate's,New York,China,Hybrid,Enterprise,Education,99.9,7.6,FastAPI|Azure|Docker|React|CUDA|Java,6,79500,63100,63500,Medium,Junior,2026,2,0,0,1,38.62
11306,Product Manager,AI Engineering,2.7,PhD,London,Singapore,Hybrid,Startup,Tech,59.9,1.4,CUDA|AWS|React|PyTorch|C++|Python|AutoGen|Java|SQL|Azure,10,21600,24500,50100,Top,Mid,2026,7,1,0,1,33.45
11307,Product Manager,Software Engineering,10.7,Associate's,San Francisco,Singapore,On-site,Big Tech (FAANG+),Tech,60.4,1.9,,0,89600,38900,57200,Medium,Lead,2026,12,1,1,1,10.68
11308,Data Scientist,IT Operations,5.8,Master's,Beijing,Germany,On-site,Enterprise,Automotive,90.5,8,SQL|Azure|PyTorch|React|AutoGen|Docker|FastAPI|AWS,8,67700,110500,79900,Low,Mid,2026,1,0,0,0,22.06
11309,DevOps Engineer,Software Engineering,6,High School,New York,USA,Hybrid,Mid-size,Finance,73.5,5,AWS|React|Docker|BERT|AutoGen|SQL|Java,7,70000,88000,50000,Top,Senior,2026,11,1,1,0,32.8
11310,Data Analyst,AI Engineering,11.7,High School,Singapore,UK,On-site,Mid-size,Tech,95.8,4.7,CUDA|BERT|Python|Airflow|FastAPI|AWS|Java|React|TensorFlow,9,68700,116800,83200,Low,Lead,2026,9,0,1,1,0.76
11311,Machine Learning Engineer,Product Management,14.4,Master's,Tokyo,Singapore,On-site,Enterprise,Education,88.4,9.3,Docker|SQL,2,41900,133200,35800,High,,2026,1,1,1,0,33.86
11312,Product Manager,Software Engineering,1.9,Bachelor's,Ho Chi Minh City,Germany,Fully Remote,Mid-size,Finance,86.8,9.9,C++|BERT|Python|AWS|FastAPI,5,47400,113900,82600,Top,Junior,2026,3,1,1,1,20.08
11313,Machine Learning Engineer,IT Operations,6.3,Associate's,Tokyo,Japan,Hybrid,Enterprise,Finance,55.1,7.9,,0,,74200,73100,Top,Lead,2026,6,0,1,0,4.74
11314,DevOps Engineer,Software Engineering,7.2,High School,Beijing,Japan,On-site,Big Tech (FAANG+),E-commerce,51.8,8.1,AutoGen|React|PyTorch|CUDA|Airflow|AWS|Java|BERT,8,45000,116500,83100,Top,Mid,2026,4,1,1,1,8.18
11315,DevOps Engineer,Data Science,5.6,Bachelor's,San Francisco,China,On-site,Big Tech (FAANG+),Education,65.8,2.9,React|SQL|Docker|Python|BERT|C++|AutoGen|Azure,8,54700,84500,83100,Medium,Junior,2026,2,1,1,0,21.33
11316,Machine Learning Engineer,Software Engineering,5.4,Master's,New York,Singapore,On-site,Startup,Education,60.9,2.7,BERT|TensorFlow|SQL|AWS|CUDA|FastAPI|Airflow|Python|Azure|Docker,10,36700,87100,49400,High,Lead,2026,5,1,1,0,31.32
11317,Product Manager,AI Engineering,0.8,Bachelor's,San Francisco,Singapore,On-site,Mid-size,Automotive,85.6,9.8,,0,65500,142000,76400,Medium,Junior,2026,10,0,0,0,17.22
11318,Machine Learning Engineer,Product Management,10.3,Master's,Tokyo,Vietnam,Fully Remote,Mid-size,Automotive,72.5,7.3,Java|CUDA|SQL|PyTorch|Python|Docker|BERT|C++,8,,122800,46800,Medium,Mid,2026,1,1,1,1,5.5
11319,Data Scientist,Product Management,6.5,Associate's,New York,Singapore,On-site,Mid-size,Healthcare,76.2,7.2,React|BERT|AWS|AutoGen|Java|Airflow|Azure,7,41900,83300,64700,High,Lead,2026,1,0,0,0,41.32
11320,Software Engineer,AI Engineering,2.9,Bachelor's,Tokyo,USA,On-site,Enterprise,Education,90.7,3.6,Java,1,33500,67300,98500,Top,Mid,2026,11,0,1,1,25.01
11321,Product Manager,Data Science,12.2,Associate's,Beijing,China,Fully Remote,Big Tech (FAANG+),Finance,73.9,9,Azure,1,36700,155500,50400,Medium,Mid,2026,6,1,1,1,14.15
11322,Product Manager,AI Engineering,12,Bachelor's,Berlin,UK,Hybrid,Mid-size,Healthcare,77.2,1.4,SQL|Azure|CUDA,3,23600,98300,73600,High,Lead,2026,11,1,1,1,34.17
11323,Data Analyst,Software Engineering,7.3,Master's,San Francisco,Singapore,Hybrid,Startup,Education,92.1,3.5,Azure|AWS|BERT|Docker|AutoGen|Java|CUDA|Airflow|Python,9,58500,54200,54800,Low,Mid,2026,9,0,1,1,16.81
11324,AI Agent Developer,AI Engineering,4.5,Master's,San Francisco,USA,Fully Remote,Mid-size,Automotive,71.6,2.6,Java|PyTorch|Docker,3,38000,82300,82600,Top,Mid,2026,10,1,0,0,18.09
11325,Software Engineer,AI Engineering,9.6,Bachelor's,Tokyo,Singapore,Hybrid,Startup,Automotive,54.2,7.4,Airflow|TensorFlow|Docker|Python|Azure|SQL|BERT|CUDA,8,49200,30000,98100,Low,Mid,2026,7,1,1,1,13.88
11326,DevOps Engineer,Data Science,4.3,Master's,Ho Chi Minh City,Germany,Hybrid,Mid-size,Education,76.1,7.4,,0,74300,-4500,63300,Top,Junior,2026,10,1,0,0,18.05
11327,Product Manager,Software Engineering,3.5,PhD,Tokyo,USA,Fully Remote,Mid-size,Healthcare,79,5.8,,0,47600,138200,80400,Top,Mid,2026,4,0,0,1,13.12
11328,Machine Learning Engineer,IT Operations,11,PhD,Beijing,Germany,On-site,Big Tech (FAANG+),Automotive,75.6,1,CUDA|TensorFlow|Docker|Java|Python|SQL|FastAPI,7,46800,64800,69400,High,Senior,2026,8,1,0,1,49.12
11329,Software Engineer,IT Operations,0.6,Associate's,Tokyo,China,Fully Remote,Startup,Automotive,62.9,8.9,Docker,1,49000,51200,50600,High,Junior,2026,1,0,1,0,12.88
11330,Data Analyst,Product Management,1.4,PhD,Ho Chi Minh City,Singapore,Fully Remote,Mid-size,E-commerce,61.2,9.6,Python|Java|PyTorch|SQL|Docker|Azure|Airflow|FastAPI|React,9,55900,77400,83900,Low,Senior,2026,5,0,1,0,32.35
11331,DevOps Engineer,AI Engineering,0.1,PhD,Singapore,Vietnam,Fully Remote,Startup,Tech,68.5,2.8,AWS|BERT|SQL|CUDA|Docker|PyTorch|React|C++|Azure,9,40600,86500,87100,Low,Mid,2026,2,0,0,0,9.61
11332,AI Agent Developer,Product Management,2.3,High School,Ho Chi Minh City,Japan,Fully Remote,Startup,Education,58.3,8.6,AutoGen,1,67000,76200,50300,Medium,Mid,2026,11,0,0,1,27.84
11333,AI Agent Developer,Data Science,1,High School,Beijing,USA,Fully Remote,Big Tech (FAANG+),E-commerce,83.3,9.8,Docker|C++|PyTorch|Azure,4,52600,63800,96600,Medium,Junior,2026,3,1,1,0,25.45
11334,Data Analyst,IT Operations,14.9,High School,New York,Vietnam,On-site,Big Tech (FAANG+),Tech,80.7,3.9,PyTorch|SQL|C++|Python|TensorFlow|Docker|AutoGen|BERT|React|CUDA,10,39100,98300,106800,Top,Mid,2026,10,0,1,1,27.69
11335,Data Analyst,AI Engineering,4.3,High School,Tokyo,Vietnam,Hybrid,Startup,Education,81.6,2.7,TensorFlow|SQL|PyTorch|Java|C++|Docker|AutoGen,7,43100,90400,52700,Low,Junior,2026,4,1,0,0,17.82
11336,Machine Learning Engineer,Data Science,2.2,Master's,Berlin,Japan,Fully Remote,Big Tech (FAANG+),E-commerce,61.2,9.8,Java|PyTorch|AWS|SQL|Docker,5,72900,167800,109500,Medium,Lead,2026,1,0,1,1,43.54
11337,Product Manager,Data Science,3.6,Associate's,Ho Chi Minh City,USA,On-site,Mid-size,E-commerce,62.3,1.5,AutoGen|Python|Docker|AWS,4,36900,85400,75100,High,Junior,2026,5,0,0,0,14.89
11338,AI Agent Developer,AI Engineering,14,Associate's,Singapore,Singapore,Fully Remote,Mid-size,Education,89.4,3.5,BERT|Azure|TensorFlow|FastAPI|Airflow|SQL|C++|PyTorch,8,58400,98300,73300,High,Mid,2026,10,0,0,0,43.57
11339,DevOps Engineer,Data Science,7.8,PhD,Ho Chi Minh City,USA,On-site,Big Tech (FAANG+),Finance,84.5,7.7,AutoGen|TensorFlow|FastAPI,3,59600,63400,116600,Low,Junior,2026,6,1,1,1,20.32
11340,Software Engineer,AI Engineering,5.5,Associate's,Tokyo,Vietnam,Hybrid,Startup,Healthcare,93.8,6.6,,0,28500,125900,95900,High,Junior,2026,11,1,1,1,32.61
11341,DevOps Engineer,AI Engineering,13.1,PhD,New York,UK,On-site,Mid-size,Education,70.2,7.2,,0,21100,166600,59400,Medium,Junior,2026,1,0,1,0,0.5
11342,Data Scientist,Software Engineering,5.9,Associate's,San Francisco,UK,On-site,Enterprise,E-commerce,77.4,7.4,Azure|AWS|FastAPI|PyTorch|Docker|BERT|C++|React|CUDA|Airflow,10,43500,96100,62300,Medium,Mid,2026,4,0,0,1,22.05
11343,Data Scientist,Product Management,5,Bachelor's,Tokyo,USA,Hybrid,Startup,Finance,86.9,7.2,BERT|AutoGen|Java|FastAPI|Python|AWS|Airflow|Docker|CUDA,9,66100,,83100,Low,Junior,2026,2,0,0,1,32.48
11344,Data Analyst,Data Science,3.1,Bachelor's,San Francisco,Vietnam,Hybrid,Startup,E-commerce,98.7,4.1,AWS|React,2,20600,107200,82900,Medium,Senior,2026,1,0,0,0,14.88
11345,Machine Learning Engineer,Data Science,5.7,Associate's,Singapore,Vietnam,On-site,Enterprise,Healthcare,99.5,3.8,TensorFlow|FastAPI,2,32600,119100,74000,Low,Lead,2026,5,0,0,0,16.07
11346,Data Scientist,Software Engineering,4.8,Master's,Singapore,China,Fully Remote,Enterprise,Finance,100,4.9,,0,63500,215600,57400,Medium,Lead,2026,12,1,0,0,19.85
11347,AI Agent Developer,Software Engineering,10.2,PhD,Beijing,Vietnam,Fully Remote,Startup,Education,94.5,8.3,TensorFlow|Azure,2,28600,94000,61300,Medium,Lead,2026,11,1,1,0,13.45
11348,DevOps Engineer,Software Engineering,4.3,Associate's,Berlin,Japan,Hybrid,Enterprise,Tech,82,9.4,Java|BERT|PyTorch,3,70500,86400,74400,Medium,Junior,2026,1,0,0,1,30.15
11349,DevOps Engineer,IT Operations,8.7,PhD,Tokyo,UK,Fully Remote,Big Tech (FAANG+),Healthcare,50.3,5.1,Docker|Java|AWS|AutoGen|SQL|C++|Python|TensorFlow|Airflow,9,,53800,35400,Low,Junior,2026,8,1,0,0,2.46
11350,Data Analyst,IT Operations,1,High School,Ho Chi Minh City,China,Hybrid,Big Tech (FAANG+),Automotive,85,1.8,CUDA|React|TensorFlow|Airflow|Azure|Docker|C++|BERT,8,33700,88000,87400,Low,Lead,2026,2,1,0,0,41.56
11351,Product Manager,IT Operations,2.9,Associate's,Ho Chi Minh City,Singapore,On-site,Startup,Education,61.9,9.4,BERT|C++,2,79500,,81400,Medium,Lead,2026,5,0,1,1,48
11352,Product Manager,AI Engineering,6.1,Master's,Beijing,Japan,On-site,Big Tech (FAANG+),Education,52.9,1.7,C++|SQL|TensorFlow|Azure|AutoGen|FastAPI|CUDA,7,56600,121900,51600,Medium,Mid,2026,3,1,1,0,8.28
11353,Software Engineer,Data Science,14.1,High School,New York,Singapore,Fully Remote,Mid-size,Education,84.9,2.4,React|CUDA|TensorFlow,3,34200,89200,87100,Medium,Junior,2026,6,1,1,1,11.26
11354,Data Analyst,Product Management,5.7,Associate's,Tokyo,UK,Hybrid,Big Tech (FAANG+),Finance,87.8,8.8,TensorFlow|FastAPI|React|SQL|C++|Airflow|Docker|AutoGen,8,81900,59200,32200,High,Mid,2026,6,1,0,1,47.44
11355,Software Engineer,AI Engineering,10,Bachelor's,London,Japan,Fully Remote,Big Tech (FAANG+),Automotive,83,6,AWS|PyTorch|C++|React|CUDA|AutoGen|SQL|Airflow|Azure,9,58100,,84200,Top,Junior,2026,8,1,1,0,8.21
11356,Product Manager,Data Science,3.8,Associate's,New York,Germany,Fully Remote,Enterprise,Finance,68.3,4.2,PyTorch|Python|Airflow,3,73800,83100,97400,Top,Lead,2026,11,0,0,1,5.32
11357,Data Analyst,Data Science,1.9,Bachelor's,Ho Chi Minh City,USA,On-site,Big Tech (FAANG+),Tech,75.6,9.4,BERT|CUDA|TensorFlow|SQL|FastAPI|PyTorch|C++|Java|Airflow,9,,130200,84900,High,Senior,2026,5,0,0,0,39.66
11358,Data Analyst,Software Engineering,0.9,Bachelor's,Singapore,Germany,Fully Remote,Startup,Finance,96.7,9.6,Python|AutoGen|Java|CUDA|Docker|Azure|FastAPI|SQL|C++,9,47800,107100,90100,Top,Mid,2026,5,1,0,0,33.88
11359,Data Analyst,Software Engineering,4.6,Associate's,Tokyo,USA,On-site,Big Tech (FAANG+),Education,86.5,4,React|Azure|BERT|AWS|Airflow|FastAPI|C++,7,61100,,91700,Top,Senior,2026,5,1,0,0,33.99
11360,Product Manager,AI Engineering,2.4,Associate's,Singapore,UK,Hybrid,Big Tech (FAANG+),E-commerce,75.2,8.8,FastAPI|PyTorch|BERT,3,27700,100500,84900,Top,Junior,2026,9,0,0,1,11.33
11361,Software Engineer,Software Engineering,2.6,Bachelor's,Ho Chi Minh City,UK,Fully Remote,Startup,Automotive,79.7,7.1,FastAPI|BERT|PyTorch|C++|SQL|AutoGen|Airflow|React|CUDA,9,40700,115900,73700,Medium,Senior,2026,2,0,0,1,18.8
11362,Software Engineer,Data Science,11.4,PhD,Berlin,Germany,On-site,Startup,Automotive,96.4,3.5,Azure|TensorFlow|React|BERT|CUDA,5,,85900,67000,High,Lead,2026,3,1,0,1,7.97
11363,Data Analyst,Software Engineering,0.2,High School,New York,Japan,Fully Remote,Enterprise,Finance,69.7,9.5,Java|Airflow,2,54200,65600,103600,Medium,Junior,2026,4,1,0,0,8.08
11364,Data Scientist,IT Operations,8.4,Master's,London,Singapore,Hybrid,Mid-size,E-commerce,55.1,1.6,SQL|FastAPI|C++|AWS|Airflow,5,7400,66400,90200,Top,Lead,2026,7,0,0,0,24.78
11365,Machine Learning Engineer,Software Engineering,5.7,Associate's,Berlin,USA,Fully Remote,Big Tech (FAANG+),E-commerce,66.3,3.9,Docker|BERT,2,81000,64400,104600,High,Junior,2026,10,0,0,0,33.64
11366,Product Manager,Data Science,7.6,High School,London,USA,Fully Remote,Mid-size,Finance,70.8,4.6,Docker,1,62700,150600,99800,High,Junior,2026,12,0,0,0,16.04
11367,Machine Learning Engineer,AI Engineering,8.4,High School,Berlin,China,On-site,Enterprise,Healthcare,63.6,7.2,React|Java|Python|PyTorch,4,60300,139100,45700,Medium,Junior,2026,1,1,0,1,23.77
11368,Machine Learning Engineer,Product Management,4.7,PhD,New York,Vietnam,Hybrid,Startup,Tech,76.4,1.3,TensorFlow|Python|Azure|C++|BERT|SQL|AutoGen|CUDA|PyTorch,9,91000,82900,58300,Low,Lead,2026,3,0,0,1,17.42
11369,Software Engineer,Software Engineering,4.4,High School,Ho Chi Minh City,Japan,Hybrid,Startup,Finance,65.2,9,C++|FastAPI,2,,106700,29000,High,Junior,2026,10,0,0,1,45.74
11370,Software Engineer,Data Science,11,Associate's,London,Japan,Hybrid,Startup,Education,55.2,6.9,Docker|AWS|AutoGen|Java|CUDA|SQL,6,47000,,36100,Low,,2026,7,1,0,1,35.17
11371,Data Scientist,Product Management,13.1,High School,San Francisco,China,Fully Remote,Enterprise,E-commerce,59.4,3.5,,0,38600,76400,29900,Top,Mid,2026,8,0,0,0,31.26
11372,Machine Learning Engineer,Product Management,2.9,Associate's,New York,UK,On-site,Big Tech (FAANG+),Tech,95.9,6.9,,0,62500,,18500,High,Lead,2026,2,1,0,1,36.52
11373,Machine Learning Engineer,IT Operations,1.5,Associate's,London,Germany,Fully Remote,Enterprise,Finance,81.5,5.8,Azure|Docker|AWS|C++|SQL|FastAPI|CUDA|Python,8,81000,62000,69100,Low,Junior,2026,11,1,0,0,13.4
11374,Data Analyst,Product Management,13.5,Bachelor's,San Francisco,Japan,Fully Remote,Startup,Tech,65.7,4,Docker|SQL|CUDA|PyTorch|Java|React|AutoGen|FastAPI|BERT|AWS,10,47000,65100,104400,Low,Junior,2026,3,0,0,1,46.49
11375,Software Engineer,Data Science,5.2,PhD,New York,USA,Fully Remote,Big Tech (FAANG+),Healthcare,68.3,1.3,AutoGen|Java|FastAPI|React|AWS|Azure|Docker|TensorFlow,8,67800,126900,83900,Medium,Junior,2026,7,0,0,0,9.97
11376,Machine Learning Engineer,Data Science,8.3,Master's,Berlin,China,Hybrid,Startup,E-commerce,74.7,6,,0,84100,102600,92400,Low,Senior,2026,7,1,1,1,6.9
11377,DevOps Engineer,Software Engineering,5.4,Bachelor's,New York,Germany,On-site,Startup,Healthcare,83.7,1.7,C++|AWS|Python|CUDA|TensorFlow|SQL|PyTorch|BERT|Airflow,9,69800,101200,76400,Top,Senior,2026,3,0,1,1,45.3
11378,Data Scientist,Software Engineering,1.9,Master's,Berlin,Singapore,Hybrid,Enterprise,Healthcare,79.1,8.3,C++|BERT,2,18100,145500,78600,Top,Mid,2026,10,1,1,0,13
11379,DevOps Engineer,Software Engineering,8.8,Associate's,Ho Chi Minh City,Germany,Fully Remote,Enterprise,E-commerce,96.6,1.8,BERT|Docker|Airflow|AutoGen|Java,5,26100,82800,94400,High,Senior,2026,5,1,1,1,42.42
11380,DevOps Engineer,Product Management,7.9,Bachelor's,Berlin,Japan,Fully Remote,Mid-size,Education,81.3,4.9,Airflow|BERT|TensorFlow|Azure|AutoGen|Docker|PyTorch,7,89700,128600,70900,Medium,Mid,2026,7,0,1,1,14.88
11381,Product Manager,Product Management,3,High School,Beijing,Vietnam,On-site,Startup,Healthcare,95.5,4.9,AWS|TensorFlow|Airflow|CUDA|Docker|Python,6,52200,66900,78100,Medium,Junior,2026,3,0,1,1,14.72
11382,Product Manager,IT Operations,6.8,High School,Ho Chi Minh City,USA,Hybrid,Big Tech (FAANG+),Finance,50.3,6,PyTorch|C++|React|CUDA|Docker|Python|AutoGen|FastAPI,8,,83300,64800,Medium,Lead,2026,8,1,0,0,47.89
11383,Data Scientist,Software Engineering,12,Master's,Singapore,Germany,Fully Remote,Startup,Finance,94.5,1.4,React|Docker|SQL|TensorFlow|AutoGen|C++|AWS|CUDA,8,61400,71100,44500,Top,Junior,2026,12,1,1,1,48.26
11384,DevOps Engineer,AI Engineering,8.9,Associate's,Singapore,Singapore,Fully Remote,Big Tech (FAANG+),Tech,86.1,2.8,C++|FastAPI|Airflow|SQL|Docker|BERT|AWS,7,78600,68300,71800,Low,Lead,2026,4,1,1,0,48.09
11385,Machine Learning Engineer,IT Operations,1.5,Master's,Singapore,USA,On-site,Mid-size,Finance,58.6,2.8,Python,1,,171200,45600,Top,Mid,2026,11,0,0,0,6.86
11386,Software Engineer,AI Engineering,8.2,PhD,Tokyo,Japan,Fully Remote,Startup,Finance,63.2,6.4,FastAPI|SQL|AWS|TensorFlow|PyTorch,5,41700,49200,97000,Top,Lead,2026,7,1,1,1,28.58
11387,Data Scientist,Product Management,10.5,High School,San Francisco,China,Hybrid,Big Tech (FAANG+),Tech,77.1,3.4,,0,29900,72000,87200,Low,Mid,2026,2,0,0,0,1.82
11388,Data Analyst,IT Operations,11.9,Bachelor's,Tokyo,Singapore,Hybrid,Big Tech (FAANG+),Automotive,56.2,2.3,Python|React|Airflow|PyTorch|FastAPI|Azure|Docker|TensorFlow|SQL,9,8700,18100,112200,Top,Mid,2026,5,0,0,1,34.32
11389,DevOps Engineer,IT Operations,9.4,Bachelor's,New York,Germany,Fully Remote,Mid-size,E-commerce,89.3,1.2,AutoGen|Airflow|BERT|Azure|Java|Python|Docker|AWS|CUDA,9,,79100,55400,High,Lead,2026,6,1,1,1,33.56
11390,Data Scientist,Data Science,2.3,Bachelor's,New York,Singapore,Fully Remote,Enterprise,Finance,89.6,8.6,CUDA|Python|Airflow|Docker|React|C++,6,32700,92700,40700,High,Junior,2026,1,0,0,0,49.62
11391,AI Agent Developer,Product Management,10.7,High School,San Francisco,Japan,Fully Remote,Mid-size,Tech,65,9.7,Airflow|TensorFlow|FastAPI|C++|CUDA|BERT|AWS,7,69300,133800,36800,High,Senior,2026,11,0,0,1,43.89
11392,AI Agent Developer,Product Management,10.2,Associate's,Beijing,Germany,On-site,Big Tech (FAANG+),Healthcare,53.5,7.3,FastAPI|AutoGen,2,37900,79900,114400,High,Junior,2026,9,0,1,0,10.91
11393,Product Manager,IT Operations,0.4,High School,New York,Singapore,On-site,Mid-size,Healthcare,99.4,4.7,BERT|React|AWS,3,23100,53400,65100,High,Mid,2026,9,1,1,0,22.19
11394,Software Engineer,Product Management,6.2,High School,Ho Chi Minh City,China,Hybrid,Enterprise,Education,62.5,2.1,SQL|AutoGen|Airflow|Python|C++|TensorFlow|React,7,,79800,37500,Medium,Junior,2026,4,0,0,1,12.86
11395,Machine Learning Engineer,IT Operations,5,Bachelor's,Ho Chi Minh City,Singapore,Hybrid,Startup,Finance,53.4,5.3,CUDA|AWS|C++|AutoGen|PyTorch,5,60500,,86800,Top,Junior,2026,5,0,0,0,2.39
11396,Software Engineer,Data Science,10,High School,Singapore,USA,Fully Remote,Mid-size,E-commerce,66.5,5.1,CUDA|TensorFlow|AWS|Airflow|Azure,5,46700,130400,66600,Low,Junior,2026,9,0,0,1,19.12
11397,Software Engineer,IT Operations,3.2,Bachelor's,Berlin,USA,Fully Remote,Mid-size,Tech,98.5,4.8,Python|Azure|Docker|FastAPI|Java|CUDA|AWS|BERT|Airflow|AutoGen,10,47800,,jjwnbmdc3gxwi4b,Medium,Senior,2026,10,0,1,0,5.39
11398,Software Engineer,Product Management,8.9,Associate's,London,Germany,Fully Remote,Startup,Education,89.6,4.4,AWS|Docker|Airflow|CUDA|SQL|Azure|React,7,62000,62200,112200,Low,Lead,2026,11,1,1,0,38.24
11399,Software Engineer,Product Management,13.7,PhD,New York,Japan,On-site,Mid-size,Education,74,5.5,SQL|AWS|Azure|FastAPI|PyTorch|AutoGen|BERT|CUDA|React|Airflow,10,84000,84700,71500,Top,Senior,2026,2,0,0,1,19.47
11400,Data Analyst,IT Operations,12,Bachelor's,Beijing,China,On-site,Enterprise,Tech,65.3,1.7,Azure|React|AutoGen|C++|FastAPI|TensorFlow|PyTorch|CUDA|BERT,9,58000,113700,89200,Medium,Junior,2026,5,0,1,1,1.56
11401,Data Analyst,IT Operations,13.8,Master's,Singapore,UK,Fully Remote,Big Tech (FAANG+),Tech,71.2,1.3,TensorFlow,1,59400,131900,85800,Low,Lead,2026,4,1,0,0,13.53
11402,Product Manager,IT Operations,14.7,PhD,San Francisco,USA,Fully Remote,Mid-size,Tech,50.9,1.6,BERT|SQL|AutoGen|Airflow|Java|Docker|PyTorch|FastAPI|CUDA|C++,10,,59000,142900,High,Junior,2026,2,0,0,0,16.64
11403,Data Scientist,Software Engineering,0.2,Associate's,Tokyo,Singapore,Hybrid,Startup,Tech,85.9,2.8,TensorFlow|SQL|Azure|Python|FastAPI|BERT,6,45300,,70000,Medium,Mid,2026,2,1,0,0,22.66
11404,AI Agent Developer,Product Management,9.3,PhD,San Francisco,UK,On-site,Startup,E-commerce,55,3.5,,0,-16300,15800,50000,High,Junior,2026,9,0,1,1,34.06
11405,Software Engineer,Product Management,6.2,Bachelor's,Ho Chi Minh City,Singapore,Fully Remote,Mid-size,Tech,76,2.5,AWS|BERT|PyTorch|CUDA|React|AutoGen|FastAPI|TensorFlow|Azure|SQL,10,31100,17800,58000,Medium,Lead,2026,10,0,1,0,39.39
11406,Product Manager,Software Engineering,12.9,Associate's,Ho Chi Minh City,Germany,On-site,Startup,E-commerce,78.3,3.3,PyTorch|SQL|C++|TensorFlow|BERT|Docker,6,28700,55700,99700,Top,Senior,2026,12,0,0,1,49.29
11407,Data Scientist,IT Operations,3.8,Master's,Ho Chi Minh City,UK,Fully Remote,Big Tech (FAANG+),E-commerce,50.1,2.7,C++|Azure|Docker|Python|PyTorch|Airflow,6,28200,60400,81300,Medium,Senior,2026,8,0,1,0,42.71
11408,AI Agent Developer,Data Science,14.7,Bachelor's,London,Japan,Fully Remote,Big Tech (FAANG+),E-commerce,99,2.4,SQL|Airflow|Python,3,42400,80700,63200,Top,Junior,2026,10,1,1,0,22.88
11409,DevOps Engineer,IT Operations,9.2,Bachelor's,London,Singapore,Hybrid,Startup,Healthcare,65.1,3.6,SQL,1,44500,,83600,Medium,Senior,2026,10,0,0,0,5.27
11410,Machine Learning Engineer,IT Operations,11.9,Associate's,New York,Japan,Hybrid,Mid-size,Automotive,53.9,4.6,PyTorch|Java|TensorFlow|Docker|CUDA|FastAPI|AWS|Python|BERT,9,28700,96600,108200,Top,Lead,2026,8,1,1,0,33.2
11411,Data Analyst,Software Engineering,1.3,Associate's,Tokyo,Singapore,Hybrid,Mid-size,Education,92.7,7.7,,0,75200,,116500,High,Senior,2026,8,0,1,0,21.12
11412,DevOps Engineer,Product Management,2.8,PhD,Beijing,UK,Fully Remote,Startup,Finance,57.6,9.6,SQL|AWS|C++|CUDA|Python|React|Java|AutoGen,8,62000,136200,84200,Top,,2026,5,0,1,1,20.28
11413,AI Agent Developer,IT Operations,11.4,Master's,London,Japan,Hybrid,Big Tech (FAANG+),Healthcare,51.2,9.3,AWS,1,54100,,103400,High,,2026,4,0,1,1,16.89
11414,DevOps Engineer,Product Management,0.3,PhD,San Francisco,USA,Fully Remote,Big Tech (FAANG+),Automotive,74.7,5.3,Docker|Airflow|Azure|Java,4,62900,,39400,Medium,Lead,2026,10,0,1,1,8.44
11415,Machine Learning Engineer,AI Engineering,12.3,PhD,Berlin,Germany,On-site,Mid-size,Education,56.5,5.2,,0,15600,118400,90600,Medium,Lead,2026,3,1,0,0,4.44
11416,Product Manager,Product Management,0.2,Bachelor's,London,UK,On-site,Big Tech (FAANG+),Healthcare,99.1,2.1,Azure|AWS|Python|SQL|BERT|PyTorch,6,15000,24300,70500,Medium,Mid,2026,2,0,0,1,40.94
11417,AI Agent Developer,Data Science,9.9,Associate's,Ho Chi Minh City,Singapore,Fully Remote,Enterprise,Education,50.5,9.7,C++|Airflow|BERT|Docker|Python|Azure|TensorFlow|SQL,8,74400,89700,46300,Medium,Senior,2026,10,1,1,0,9.25
11418,DevOps Engineer,Data Science,5.5,Bachelor's,San Francisco,USA,Hybrid,Big Tech (FAANG+),E-commerce,52.6,7.8,AWS|TensorFlow|BERT|Python|FastAPI|Docker|AutoGen,7,,125700,51700,High,Lead,2026,5,1,0,0,34.99
11419,Data Analyst,IT Operations,9.2,Master's,Beijing,Singapore,Hybrid,Mid-size,E-commerce,91.7,8.6,SQL|PyTorch|Python|React|AutoGen|AWS|TensorFlow|Java|Docker|FastAPI,10,51100,94200,54600,Low,Mid,2026,8,0,1,0,36.34
11420,Data Analyst,Product Management,10.4,PhD,New York,UK,On-site,Big Tech (FAANG+),Tech,62,3.1,PyTorch|FastAPI|Java|BERT,4,95000,109100,82300,Low,Junior,2026,5,0,0,0,15.37
11421,Data Scientist,IT Operations,5.1,Master's,London,Singapore,Fully Remote,Big Tech (FAANG+),E-commerce,95.6,4.6,Java,1,50000,92000,47300,Top,Mid,2026,7,1,1,0,27.81
11422,DevOps Engineer,Software Engineering,1.6,Associate's,Ho Chi Minh City,USA,Fully Remote,Startup,Healthcare,65.6,1.9,BERT|SQL|FastAPI|Docker|Airflow|CUDA|TensorFlow|C++|Azure|Python,10,35800,124300,92700,Medium,Mid,2026,5,0,0,1,35.57
11423,Software Engineer,Data Science,1,Associate's,Singapore,Japan,Fully Remote,Enterprise,Education,53.5,9.5,Docker|PyTorch|C++|FastAPI|Airflow|Azure|SQL|BERT|Python,9,69600,135500,99100,Medium,Lead,2026,10,1,0,1,6.72
11424,DevOps Engineer,IT Operations,8.8,High School,Berlin,Japan,On-site,Startup,Finance,50.5,3.6,Airflow|CUDA|Azure|C++|AWS|Python,6,7000,16000,72000,Low,Mid,2026,9,0,0,0,8.47
11425,Product Manager,Software Engineering,7.8,Master's,Berlin,Germany,On-site,Big Tech (FAANG+),Education,64.1,6.4,Java|CUDA|AWS|Azure,4,38300,73500,69800,Low,Junior,2026,8,0,1,0,35.88
11426,AI Agent Developer,IT Operations,11.1,Bachelor's,Singapore,Singapore,Hybrid,Big Tech (FAANG+),E-commerce,73.7,2.4,BERT|AWS|SQL|React|TensorFlow|Airflow,6,33400,19000,78900,Medium,Lead,2026,8,0,0,1,13.99
11427,AI Agent Developer,Product Management,7.6,Master's,New York,Japan,Fully Remote,Startup,Education,50.1,8.2,Python,1,26000,-58500,62700,Medium,Lead,2026,1,1,1,0,5.36
11428,Product Manager,Product Management,6.3,PhD,New York,China,Fully Remote,Enterprise,Automotive,79.1,2.7,TensorFlow|BERT|Azure|AWS|Docker|React,6,40000,123400,111500,Low,Lead,2026,5,0,1,1,26.01
11429,DevOps Engineer,Product Management,6,Associate's,London,USA,Fully Remote,Mid-size,Education,66.7,8.3,TensorFlow,1,55800,131700,22700,High,Lead,2026,9,0,0,1,40.32
11430,Product Manager,Product Management,0.4,Associate's,New York,USA,Fully Remote,Startup,Healthcare,69.5,4.6,AWS|React|Python|TensorFlow,4,76200,79800,65300,Medium,Junior,2026,11,0,0,1,15.31
11431,Machine Learning Engineer,AI Engineering,5,Master's,San Francisco,UK,On-site,Big Tech (FAANG+),Automotive,63.1,6.2,SQL|Docker,2,70800,72300,35900,Low,Junior,2026,8,1,0,1,13.03
11432,Product Manager,Software Engineering,14.6,Master's,Tokyo,Germany,Hybrid,Big Tech (FAANG+),Tech,76.5,3.4,Airflow|PyTorch,2,18100,93000,89400,High,Junior,2026,1,0,0,0,10.39
11433,Data Analyst,Software Engineering,13.1,Master's,Tokyo,Vietnam,On-site,Mid-size,Tech,61.5,8.9,React|AutoGen,2,95800,212000,80300,Low,Senior,2026,9,1,0,0,23.83
11434,Product Manager,Product Management,4.9,PhD,Ho Chi Minh City,Japan,Hybrid,Big Tech (FAANG+),Education,56.7,7.8,,0,,58200,93800,Medium,Junior,2026,10,0,0,0,28.64
11435,AI Agent Developer,AI Engineering,8.8,PhD,Ho Chi Minh City,Vietnam,Fully Remote,Big Tech (FAANG+),Finance,94.5,4.2,BERT,1,50800,46000,79000,Top,Mid,2026,1,1,0,0,6.73
11436,Data Analyst,Product Management,12.7,Bachelor's,San Francisco,China,Fully Remote,Mid-size,Healthcare,69.5,6.3,AWS|PyTorch|SQL|Airflow|FastAPI|Java|BERT,7,76900,,84800,Low,Lead,2026,5,0,0,1,40.07
11437,AI Agent Developer,AI Engineering,6.6,Master's,Ho Chi Minh City,Germany,Fully Remote,Big Tech (FAANG+),Finance,53.8,2.2,AWS|Python|React|CUDA|Azure|TensorFlow|Airflow,7,31600,126100,53200,Top,Mid,2026,10,0,1,1,26.5
11438,Data Scientist,Product Management,0.3,Bachelor's,Tokyo,USA,Fully Remote,Big Tech (FAANG+),Automotive,61.5,2.4,React|CUDA|Python|PyTorch|AWS|C++|Airflow|Docker,8,66900,115400,78700,Top,Junior,2026,1,0,0,1,28.14
11439,Software Engineer,Data Science,1.1,High School,London,Vietnam,Fully Remote,Enterprise,Finance,65.5,5.8,Azure|AWS|TensorFlow|Airflow|Python|React|PyTorch|AutoGen|C++|BERT,10,11300,103000,55400,Medium,Senior,2026,8,1,1,0,5.88
11440,AI Agent Developer,Data Science,7.7,PhD,London,China,On-site,Startup,Automotive,88.5,6.8,Docker|Java|Python|PyTorch|AutoGen|Azure|SQL,7,43900,87500,90300,High,Senior,2026,11,1,1,0,31.16
11441,Data Analyst,IT Operations,14.5,Associate's,New York,Germany,Hybrid,Enterprise,Finance,51.1,6,AutoGen,1,77300,40000,51300,Top,Lead,2026,2,0,1,1,33.92
11442,Data Scientist,Product Management,10.4,High School,London,China,On-site,Enterprise,Tech,73.9,6,FastAPI|SQL|React|C++|BERT|Python|PyTorch,7,40800,174400,62100,High,Junior,2026,6,0,0,0,20.19
11443,AI Agent Developer,Software Engineering,1.1,Associate's,Ho Chi Minh City,Japan,Fully Remote,Big Tech (FAANG+),Healthcare,70.4,7.7,Docker|BERT|Python,3,41700,177200,72900,Medium,Senior,2026,2,1,0,1,29.96
11444,Machine Learning Engineer,IT Operations,2.8,High School,Beijing,Vietnam,Hybrid,Startup,Finance,98.4,9.1,Airflow|FastAPI|Python|SQL|Java|AutoGen,6,37900,80100,113300,Medium,Mid,2026,2,0,0,0,11.67
11445,Product Manager,Data Science,11.6,Bachelor's,Ho Chi Minh City,UK,Hybrid,Startup,Education,59,4.5,,0,46100,156300,75800,Medium,Senior,2026,1,0,1,0,31.96
11446,Software Engineer,Product Management,12.6,Bachelor's,Tokyo,UK,Fully Remote,Big Tech (FAANG+),Automotive,81.4,5.8,TensorFlow|Airflow|CUDA|C++|Azure|SQL|Python|AWS|AutoGen,9,29800,113700,125500,High,Lead,2026,6,1,1,1,26.65
11447,AI Agent Developer,IT Operations,9.3,PhD,Singapore,Germany,Hybrid,Enterprise,Education,60.1,9,Java|PyTorch|Docker|Python|C++|TensorFlow|SQL|BERT,8,81600,,109600,Low,Senior,2026,5,1,0,0,29.14
11448,Data Scientist,Product Management,9.7,Associate's,Beijing,China,On-site,Enterprise,Healthcare,77.4,5.2,AWS|Docker|React,3,,33100,67400,Top,Junior,2026,4,0,0,1,12.59
11449,Machine Learning Engineer,Data Science,0.4,High School,New York,USA,On-site,Enterprise,Education,77.8,5,Azure|Airflow|SQL|PyTorch|Java|Docker|React|FastAPI,8,56500,130500,85100,Medium,Mid,2026,12,1,1,1,39.46
11450,DevOps Engineer,IT Operations,12.4,Master's,Berlin,Vietnam,On-site,Startup,Tech,53.8,7.9,React|Java|CUDA|Azure|PyTorch|AutoGen,6,66900,151500,88900,Top,Lead,2026,4,0,0,1,41.3
11451,Data Scientist,Data Science,11.8,Master's,Singapore,UK,On-site,Big Tech (FAANG+),Tech,72.8,8.9,C++,1,35300,114200,1400,High,Lead,2026,9,0,1,0,5.24
11452,Product Manager,AI Engineering,3.9,PhD,London,UK,Hybrid,Startup,E-commerce,73.1,7.6,,0,20900,110200,32100,High,Senior,2026,11,0,1,1,43.38
11453,Data Scientist,Data Science,10.6,Associate's,London,China,On-site,Enterprise,Healthcare,66,1.9,AWS|AutoGen|BERT|Docker|Azure|Python|C++|Airflow|Java,9,38400,64800,86200,Top,Lead,2026,2,1,0,0,38.79
11454,Machine Learning Engineer,Product Management,3.2,Master's,Tokyo,UK,Hybrid,Startup,Finance,63.9,5.2,AutoGen|Azure|BERT|Java|PyTorch,5,42100,55000,87800,Low,Senior,2026,10,0,0,0,27.66
11455,Data Scientist,Software Engineering,0.6,PhD,Ho Chi Minh City,Singapore,Fully Remote,Startup,Tech,61.2,2.9,Azure|AutoGen|PyTorch|Airflow|TensorFlow|BERT|AWS|Java|CUDA,9,,130700,78800,Medium,Mid,2026,7,0,1,1,2.75
11456,Machine Learning Engineer,Data Science,3,PhD,Ho Chi Minh City,China,On-site,Big Tech (FAANG+),Finance,50.3,3.9,SQL|React|AWS|C++|Azure|BERT|Docker,7,47000,101900,47200,Low,Senior,2026,5,1,0,0,26.16
11457,AI Agent Developer,Software Engineering,2.7,Associate's,Beijing,Vietnam,Fully Remote,Big Tech (FAANG+),Finance,50.1,5.2,SQL|AutoGen|FastAPI|Python|CUDA|AWS,6,50100,95300,135300,Top,Lead,2026,10,1,0,0,23.43
11458,Machine Learning Engineer,AI Engineering,5.1,Master's,London,China,On-site,Startup,Automotive,79.5,3,React|Azure|TensorFlow,3,21900,150200,89200,Medium,Mid,2026,9,1,0,1,11.17
11459,Machine Learning Engineer,IT Operations,6.3,Master's,Singapore,UK,Fully Remote,Mid-size,Education,64.6,5.6,C++|Python|CUDA|SQL|Azure|Airflow,6,46100,,100500,Medium,Senior,2026,4,1,0,0,41.68
11460,Software Engineer,IT Operations,7.6,Master's,Tokyo,China,Fully Remote,Big Tech (FAANG+),Finance,58.4,6.8,Azure|TensorFlow|FastAPI|BERT|AutoGen|C++|PyTorch|Airflow|Python|SQL,10,78700,123300,98300,Top,Lead,2026,6,1,1,1,16.03
11461,Machine Learning Engineer,Software Engineering,7.2,Bachelor's,Singapore,UK,Fully Remote,Mid-size,E-commerce,84.2,8.9,Python|Docker|Azure|Java|AWS|TensorFlow|SQL|AutoGen|BERT,9,71900,62700,78700,Medium,Lead,2026,2,1,1,0,29.01
11462,Machine Learning Engineer,IT Operations,4.1,Master's,New York,Japan,Fully Remote,Big Tech (FAANG+),Healthcare,76.4,2.9,C++|Docker|FastAPI|TensorFlow|AutoGen|PyTorch|Python|Java|React,9,39900,102100,77100,Low,Junior,2026,1,1,1,0,22.53
11463,DevOps Engineer,Data Science,0.4,High School,Ho Chi Minh City,Germany,Fully Remote,Enterprise,Healthcare,95.7,3.8,BERT|Python|CUDA|SQL|TensorFlow|Airflow|Azure|FastAPI,8,66600,83000,97600,High,Senior,2026,12,1,1,1,43.92
11464,AI Agent Developer,Software Engineering,9.1,Bachelor's,San Francisco,UK,Hybrid,Mid-size,Automotive,91.6,4.7,TensorFlow|Azure|CUDA|PyTorch|BERT|React|Python|AutoGen,8,47200,94500,61900,High,Senior,2026,1,0,1,1,25.05
11465,Product Manager,Product Management,5.9,Bachelor's,Singapore,Singapore,Hybrid,Enterprise,E-commerce,86.3,3,BERT|FastAPI|AWS|AutoGen|React|PyTorch,6,60100,51900,99300,Top,Senior,2026,4,0,0,1,13.9
11466,Software Engineer,Data Science,4.5,Bachelor's,London,Singapore,On-site,Enterprise,Education,56.3,4,Azure|Python|Airflow|Docker|FastAPI|TensorFlow,6,44100,150100,79400,High,Mid,2026,11,1,1,1,36.11
11467,DevOps Engineer,Data Science,13,Bachelor's,Berlin,Singapore,Hybrid,Startup,E-commerce,83.3,9,Docker|CUDA|TensorFlow|C++|PyTorch|Java|BERT|React,8,,81100,89800,High,Mid,2026,9,0,0,0,38.37
11468,Data Analyst,Data Science,11.2,PhD,Tokyo,Singapore,Fully Remote,Enterprise,Healthcare,84.7,2.2,,0,29600,164200,79500,Top,Junior,2026,3,0,0,1,46.73
11469,AI Agent Developer,Product Management,12.9,High School,Beijing,UK,Hybrid,Enterprise,E-commerce,88.2,5,SQL|AWS|C++|TensorFlow|BERT,5,60500,94900,52800,Top,,2026,12,0,0,1,37.31
11470,AI Agent Developer,AI Engineering,7.4,Associate's,Ho Chi Minh City,UK,Hybrid,Enterprise,Education,63.2,3.8,FastAPI|SQL|AWS|BERT|Azure|React|Python|PyTorch|AutoGen,9,-2900,80800,70800,Medium,Junior,2026,3,0,1,0,2.48
11471,Data Analyst,IT Operations,2,Master's,Ho Chi Minh City,Germany,Fully Remote,Enterprise,Tech,82,1.7,,0,71300,73200,105500,Top,Lead,2026,12,1,1,1,41.45
11472,Product Manager,Software Engineering,10.4,Bachelor's,New York,Japan,Hybrid,Startup,Finance,80.9,1.9,SQL|C++|BERT|React,4,45200,,91100,Low,Lead,2026,12,1,0,0,24.12
11473,Machine Learning Engineer,AI Engineering,3.1,Associate's,Ho Chi Minh City,USA,Fully Remote,Startup,Finance,69.3,8.1,Azure|Java|Python|AutoGen|FastAPI,5,37200,108700,102600,Top,Junior,2026,7,1,1,0,7.31
11474,DevOps Engineer,Software Engineering,6.6,PhD,Tokyo,UK,Hybrid,Enterprise,Healthcare,83.2,8.7,React,1,70000,97800,98500,Medium,Lead,2026,8,1,0,0,48.92
11475,Data Scientist,IT Operations,1,Associate's,London,USA,Fully Remote,Mid-size,Healthcare,54.3,7.7,React|CUDA|TensorFlow|Python|SQL|Airflow,6,,132100,60800,Medium,Junior,2026,11,0,0,0,32.5
11476,Software Engineer,Product Management,12.4,Bachelor's,London,Vietnam,On-site,Big Tech (FAANG+),Education,82.2,5.9,React|AutoGen|CUDA|Azure|Java|SQL|Docker|Python|BERT,9,59200,69100,36000,Top,Mid,2026,6,1,1,0,44.62
11477,Data Scientist,Data Science,1.9,High School,London,Japan,Hybrid,Mid-size,E-commerce,80.3,8,React|Docker|Java|TensorFlow|C++|AWS|SQL|Azure|PyTorch,9,82800,109300,96200,Low,Lead,2026,1,0,0,1,8.88
11478,Data Analyst,Data Science,13.5,Associate's,San Francisco,China,On-site,Enterprise,Education,60.5,2.4,Azure|Docker|TensorFlow|FastAPI|Airflow|C++|AutoGen,7,22600,148500,70800,Medium,Lead,2026,6,1,0,1,38.82
11479,AI Agent Developer,Product Management,13,Bachelor's,Berlin,USA,Fully Remote,Startup,Automotive,90.9,8,BERT|Java|Airflow,3,40900,155300,92300,Low,Junior,2026,8,1,1,0,29.83
11480,Product Manager,AI Engineering,7,Bachelor's,Berlin,Singapore,Fully Remote,Enterprise,Healthcare,93.7,4.8,C++|Azure|CUDA|React|SQL|Java,6,59100,70900,110000,Medium,Senior,2026,5,0,1,0,19.32
11481,AI Agent Developer,AI Engineering,11.2,Master's,San Francisco,Japan,On-site,Enterprise,Healthcare,60.5,7.8,BERT|C++|Python|Airflow|React|Java|AutoGen|FastAPI|Docker,9,18600,86200,66100,High,Junior,2026,8,0,0,0,10.68
11482,Software Engineer,Software Engineering,9.3,Master's,Ho Chi Minh City,Vietnam,Fully Remote,Startup,Healthcare,53.8,3,PyTorch|Python|TensorFlow|CUDA|Java|Azure|SQL|AWS|BERT|React,10,54900,75100,55900,Medium,Lead,2026,12,0,0,1,17.04
11483,AI Agent Developer,Product Management,12,High School,Singapore,Japan,Fully Remote,Mid-size,Education,80.2,8.5,C++|Python,2,103700,65500,49500,Medium,Lead,2026,1,1,1,0,26.7
11484,AI Agent Developer,AI Engineering,6.5,Master's,Berlin,China,Fully Remote,Big Tech (FAANG+),Education,74,6.1,AWS|AutoGen|PyTorch|SQL|FastAPI,5,56500,126800,74500,Medium,Junior,2026,12,1,0,1,36.65
11485,Software Engineer,Product Management,11.8,High School,Singapore,UK,Fully Remote,Enterprise,E-commerce,71.4,1.1,Docker|Airflow|AutoGen|Azure|AWS|CUDA|BERT|Java|SQL|React,10,55900,55000,39700,Medium,Junior,2026,4,0,1,1,21.8
11486,DevOps Engineer,IT Operations,6.9,PhD,Singapore,UK,Fully Remote,Startup,Tech,88.1,5.7,Docker|Airflow,2,25900,186400,83800,Medium,Junior,2026,12,1,0,1,19.63
11487,DevOps Engineer,Data Science,14.1,PhD,Berlin,Singapore,Fully Remote,Big Tech (FAANG+),Healthcare,98.5,3.8,AutoGen,1,76600,,85000,Top,Lead,2026,9,0,0,0,0.43
11488,Software Engineer,Data Science,7.3,Master's,San Francisco,UK,Fully Remote,Big Tech (FAANG+),Tech,73.9,1.5,CUDA|AutoGen|AWS|TensorFlow|FastAPI|PyTorch|Docker,7,,92800,84900,Top,Lead,2026,10,0,1,1,47.47
11489,Product Manager,Data Science,6.9,PhD,New York,Germany,Fully Remote,Big Tech (FAANG+),Education,50.3,5,PyTorch|TensorFlow|Azure|AutoGen|React|BERT|CUDA,7,49300,180500,32800,Low,Lead,2026,5,1,1,1,38.54
11490,Data Analyst,Product Management,11.8,Associate's,Berlin,Germany,On-site,Startup,E-commerce,79.8,3.8,AutoGen|Python|TensorFlow|BERT|React|Azure|FastAPI|Docker,8,68300,47500,104800,High,Mid,2026,10,1,1,0,49.79
11491,AI Agent Developer,Product Management,12.3,Associate's,Beijing,Germany,Hybrid,Enterprise,Education,82.7,2.8,AutoGen,1,0,68900,78200,Top,Junior,2026,12,0,1,0,46.02
11492,Product Manager,Software Engineering,8.3,Associate's,San Francisco,Singapore,Fully Remote,Startup,Automotive,91.4,4.1,Python|React|Azure|FastAPI|C++|PyTorch|Docker,7,,49900,63700,High,Mid,2026,10,1,1,1,43.15
11493,AI Agent Developer,Data Science,2.7,PhD,Beijing,Germany,On-site,Enterprise,Finance,60,2.6,Airflow|Java|AWS|BERT|SQL|Docker|C++|TensorFlow|Azure|Python,10,20500,99000,91200,Low,Junior,2026,3,1,1,1,2.9
11494,Data Analyst,Software Engineering,7,Associate's,Singapore,Vietnam,Fully Remote,Mid-size,Finance,76.2,3.7,CUDA|Azure|AutoGen,3,77500,74400,90900,Low,Mid,2026,3,0,1,1,30.78
11495,DevOps Engineer,Data Science,14.5,High School,Beijing,Singapore,Hybrid,Big Tech (FAANG+),Education,72.4,2,Docker|CUDA|SQL|AutoGen|Python|AWS|TensorFlow,7,37300,47900,46400,Medium,Junior,2026,9,0,1,1,11.27
11496,Product Manager,Software Engineering,11.3,Bachelor's,Ho Chi Minh City,Japan,Fully Remote,Enterprise,Finance,83.2,1.8,Azure,1,67900,52600,73800,Top,Senior,2026,1,0,1,0,44.08
11497,Machine Learning Engineer,Software Engineering,12.2,Master's,London,Vietnam,On-site,Mid-size,Finance,53.2,9.2,BERT|SQL|FastAPI,3,,113200,60000,Medium,Mid,2026,11,1,0,1,40.99
11498,Machine Learning Engineer,IT Operations,0.5,High School,New York,UK,On-site,Startup,E-commerce,94.2,9.1,Java|PyTorch,2,,125300,64500,Medium,Lead,2026,6,1,0,1,8.52
11499,Machine Learning Engineer,Software Engineering,7,Associate's,Ho Chi Minh City,China,Hybrid,Big Tech (FAANG+),Finance,75.6,8.5,PyTorch|Docker|CUDA|FastAPI,4,42200,44800,88100,Low,Lead,2026,6,0,0,0,39.32
11500,DevOps Engineer,Product Management,9.7,Bachelor's,London,Germany,Fully Remote,Enterprise,E-commerce,93.9,3.1,AWS|React|PyTorch|FastAPI|C++|CUDA,6,45400,92300,53200,Medium,Mid,2026,10,1,1,0,49.35
11501,DevOps Engineer,Software Engineering,12.5,Master's,New York,Japan,On-site,Big Tech (FAANG+),Automotive,67,7.5,Azure|FastAPI|Airflow|Docker|React,5,60200,83500,88900,Low,Junior,2026,8,1,1,1,17.88
11502,Data Analyst,Data Science,0.7,High School,Singapore,China,Hybrid,Big Tech (FAANG+),Healthcare,82.7,6.3,,0,54600,73800,51900,Top,Mid,2026,8,1,1,1,18.26
11503,AI Agent Developer,Software Engineering,12.8,Master's,New York,Singapore,Hybrid,Big Tech (FAANG+),Healthcare,97.8,1.5,CUDA|C++|Java|PyTorch|Azure|React|Airflow|FastAPI,8,48700,164400,105200,Top,Lead,2026,1,0,0,1,1.26
11504,Data Analyst,AI Engineering,8.2,PhD,New York,Singapore,Fully Remote,Startup,Healthcare,97.2,9.1,C++|SQL|Java,3,73300,97900,58700,Medium,Lead,2026,7,0,1,0,36.35
11505,Data Analyst,Data Science,3,Associate's,Beijing,Vietnam,On-site,Big Tech (FAANG+),E-commerce,97.2,10,AWS|PyTorch|FastAPI|SQL|Azure|Docker|AutoGen|Python,8,73000,106700,132400,Low,Lead,2026,10,1,0,1,41.34
11506,DevOps Engineer,AI Engineering,4.8,High School,Beijing,Germany,Fully Remote,Enterprise,E-commerce,52.1,7.4,AutoGen|TensorFlow|Airflow,3,,127300,95300,Top,Mid,2026,1,0,1,0,2.33
11507,Machine Learning Engineer,Data Science,4.2,High School,Beijing,Singapore,Fully Remote,Startup,E-commerce,70.2,3.1,BERT|AWS|FastAPI,3,41000,103300,70200,High,Mid,2026,8,1,0,0,47.26
11508,Data Scientist,Product Management,8,Bachelor's,New York,Vietnam,Fully Remote,Mid-size,Automotive,53,6,AWS|SQL|React,3,50600,99200,51200,Top,Senior,2026,5,0,0,0,3.67
11509,AI Agent Developer,Product Management,0.8,Bachelor's,Tokyo,Vietnam,On-site,Enterprise,Tech,65.5,2,,0,51700,133000,88000,Low,Junior,2026,2,1,0,0,28.44
11510,DevOps Engineer,Product Management,2.4,Bachelor's,San Francisco,USA,Hybrid,Startup,E-commerce,58.7,3.7,C++|AutoGen|Azure|Java|Airflow|FastAPI|React|Docker,8,,76800,100400,Medium,Senior,2026,3,0,1,1,46.37
11511,Machine Learning Engineer,AI Engineering,12.2,Master's,New York,Japan,Fully Remote,Enterprise,E-commerce,81,7.5,SQL|PyTorch|Java|TensorFlow|AWS|CUDA|BERT|Docker|Airflow,9,57500,81900,90600,Low,Lead,2026,11,1,0,1,46.42
11512,Product Manager,IT Operations,2,Associate's,San Francisco,Vietnam,Fully Remote,Enterprise,Healthcare,89,3.7,React,1,61900,60200,60500,Medium,Senior,2026,9,0,1,1,6.66
11513,Data Scientist,Data Science,3.5,Master's,San Francisco,UK,On-site,Mid-size,Education,75.7,2.3,PyTorch|Azure|C++|TensorFlow,4,64300,156500,110700,Top,Lead,2026,2,1,1,0,48.57
11514,Data Scientist,Product Management,6.8,Associate's,Beijing,Singapore,Fully Remote,Startup,Finance,89.8,1.1,CUDA,1,44300,122200,82300,Medium,Junior,2026,4,1,1,0,13.52
11515,DevOps Engineer,Data Science,7.8,High School,New York,Vietnam,Hybrid,Big Tech (FAANG+),Finance,50.6,6.2,,0,43300,109300,58700,Medium,Senior,2026,7,0,1,1,17.08
11516,Software Engineer,AI Engineering,11.5,Master's,Beijing,Germany,Fully Remote,Enterprise,Automotive,91,9.7,,0,77900,162300,130400,Medium,Lead,2026,8,1,1,0,33.76
11517,AI Agent Developer,IT Operations,6.7,Master's,Beijing,Singapore,Hybrid,Enterprise,Finance,58.9,5.4,Azure|AWS,2,40100,51000,jz9dvingq47sumf,Medium,Senior,2026,11,0,0,1,5.6
11518,Data Scientist,AI Engineering,11.8,Master's,Beijing,Singapore,Fully Remote,Enterprise,Tech,73,2.9,Java|AutoGen|Airflow,3,64800,96700,q3lqi2r412f8892,High,Mid,2026,3,1,0,0,26.71
11519,DevOps Engineer,Data Science,9.3,PhD,Singapore,UK,Fully Remote,Enterprise,Healthcare,72.1,5.2,TensorFlow|C++,2,34900,40600,62900,High,Mid,2026,10,1,0,0,40.8
11520,DevOps Engineer,IT Operations,1.7,Associate's,Singapore,Vietnam,Fully Remote,Enterprise,Automotive,93.7,6.4,Python|Azure|FastAPI|CUDA,4,56700,43700,74100,Medium,Junior,2026,10,1,0,1,24.81
11521,Machine Learning Engineer,IT Operations,2.3,Associate's,Tokyo,UK,Hybrid,Startup,Finance,98.3,8.2,Azure|PyTorch,2,58100,145100,54700,Low,Junior,2026,9,0,1,0,3.05
11522,Product Manager,AI Engineering,6.6,Master's,London,Vietnam,Fully Remote,Enterprise,Finance,62.8,5.1,AutoGen|Airflow|CUDA|SQL|C++|TensorFlow,6,63000,167600,79600,Low,Senior,2026,8,1,1,0,40.25
11523,Software Engineer,Product Management,6,PhD,San Francisco,Japan,Fully Remote,Enterprise,Education,53.4,2.6,Azure|AWS|SQL|BERT|React|Python|C++|Airflow,8,81800,83300,88700,Top,Junior,2026,6,1,0,1,12.01
11524,AI Agent Developer,Data Science,11.2,Master's,New York,UK,Fully Remote,Enterprise,Healthcare,82.5,2.7,,0,30000,83700,26700,High,,2026,12,0,1,1,40.28
11525,Data Analyst,Software Engineering,8.7,Associate's,Ho Chi Minh City,China,Hybrid,Big Tech (FAANG+),Automotive,75.1,9.1,React|Python|Docker|AWS|FastAPI,5,,82300,42800,Top,Mid,2026,8,1,1,0,46.91
11526,Product Manager,Software Engineering,5.8,High School,Beijing,USA,Fully Remote,Big Tech (FAANG+),Healthcare,78.3,3.1,AutoGen|BERT|AWS|Python|C++|CUDA|PyTorch|SQL|React|Docker,10,63200,167500,52200,Top,Senior,2026,11,0,1,0,37.74
11527,Product Manager,AI Engineering,2.6,PhD,Tokyo,UK,On-site,Startup,Automotive,52.3,7.6,TensorFlow|SQL|Docker|AWS|C++|Airflow,6,63300,76600,37400,High,Mid,2026,10,0,0,1,1.66
11528,Machine Learning Engineer,Data Science,3.4,PhD,Ho Chi Minh City,Germany,Hybrid,Enterprise,Finance,88.8,3.4,Docker|CUDA|FastAPI|SQL|Azure|React|Airflow|Java|Python|BERT,10,43800,166600,54300,Medium,Mid,2026,8,1,0,0,32.98
11529,Data Scientist,Data Science,8.6,Master's,Singapore,USA,On-site,Enterprise,Healthcare,61.6,7.5,BERT|Azure,2,57700,101900,111800,Low,Mid,2026,3,1,1,0,13.61
11530,Data Scientist,AI Engineering,6.4,High School,London,USA,Fully Remote,Mid-size,Healthcare,66.7,1.7,Python|AWS|Airflow|AutoGen,4,49600,80600,103500,Top,Senior,2026,7,1,1,0,9.95
11531,Machine Learning Engineer,Data Science,7.7,Associate's,New York,Vietnam,Hybrid,Big Tech (FAANG+),Tech,61.4,2.9,Azure|AutoGen|CUDA|PyTorch|SQL,5,,110700,59500,Low,Senior,2026,8,1,1,0,38.04
11532,DevOps Engineer,Product Management,2.6,Bachelor's,San Francisco,UK,Hybrid,Mid-size,Education,97.3,4.7,,0,48400,175600,88800,Medium,Senior,2026,12,0,0,1,14.48
11533,Data Scientist,AI Engineering,9.9,Associate's,San Francisco,Japan,Fully Remote,Enterprise,Healthcare,58.4,5.6,Docker|Java|C++|AutoGen|BERT|React|Airflow|CUDA|Python|TensorFlow,10,48700,106500,46200,Top,Mid,2026,6,1,0,1,7.18
11534,Software Engineer,Product Management,12.8,Associate's,Singapore,Singapore,On-site,Enterprise,Automotive,86.6,4.2,TensorFlow|Java|C++|React,4,55400,92200,123900,Low,Junior,2026,6,1,1,1,8.55
11535,AI Agent Developer,Data Science,3.9,High School,Tokyo,USA,Hybrid,Mid-size,Tech,62.3,6.2,Airflow|SQL|Azure|TensorFlow|React|Python|CUDA|C++|AWS,9,40000,121300,70100,High,Senior,2026,7,0,1,0,33.86
11536,Product Manager,AI Engineering,7.4,PhD,Beijing,Germany,Hybrid,Startup,Healthcare,71.2,3.9,AWS,1,34800,90700,24400,Top,Junior,2026,4,0,0,1,22.87
11537,Product Manager,Data Science,14.6,Associate's,Beijing,Japan,Hybrid,Startup,Healthcare,99.8,7.1,Azure|Airflow,2,23500,54900,130800,Medium,Mid,2026,10,0,0,1,10.43
11538,Software Engineer,AI Engineering,5,PhD,San Francisco,Japan,Hybrid,Mid-size,Tech,55,5.6,Azure|AutoGen|AWS,3,47300,97100,67500,Top,Lead,2026,10,1,0,1,3.98
11539,Data Scientist,Data Science,8.9,High School,Beijing,Germany,Hybrid,Enterprise,Finance,94.1,7.3,TensorFlow|React|Azure|PyTorch|FastAPI|AWS|CUDA|Docker|AutoGen,9,35300,134800,125800,Top,Senior,2026,9,1,0,1,46.86
11540,Product Manager,Product Management,1.4,High School,San Francisco,Singapore,Fully Remote,Mid-size,Healthcare,97.3,4.9,Azure|CUDA|AutoGen|Python,4,44100,117600,97900,Low,Junior,2026,3,1,1,0,49.88
11541,Data Analyst,Product Management,9.1,Master's,Tokyo,Germany,Hybrid,Big Tech (FAANG+),E-commerce,84.9,8.9,Python|Docker|SQL|Azure|BERT,5,74800,48500,82400,Low,Senior,2026,7,1,1,1,19.71
11542,AI Agent Developer,Data Science,1.3,Bachelor's,Singapore,Vietnam,On-site,Startup,Education,50.5,4.4,AWS|C++|CUDA|React|AutoGen|Docker|Python|Java,8,44700,131900,29100,High,Mid,2026,9,0,0,1,12.43
11543,AI Agent Developer,AI Engineering,14.4,High School,Ho Chi Minh City,China,Hybrid,Mid-size,Finance,91,3.8,React|AutoGen|PyTorch|Docker|Airflow|CUDA|Python,7,75200,120400,a07zcuiixh6eovv,Medium,Senior,2026,8,1,0,0,2.09
11544,Product Manager,Software Engineering,10.7,High School,London,Singapore,Fully Remote,Startup,Healthcare,94.1,6,Python|FastAPI|AutoGen|TensorFlow|React,5,57700,105000,36000,High,Mid,2026,7,0,1,1,15.36
11545,Machine Learning Engineer,Product Management,11.8,PhD,New York,UK,Fully Remote,Big Tech (FAANG+),Finance,99,5.6,BERT|Docker|PyTorch|CUDA|FastAPI|Python|TensorFlow|AWS,8,44400,143300,66700,Low,Lead,2026,5,1,1,0,29.14
11546,Product Manager,Product Management,10.6,High School,San Francisco,USA,On-site,Enterprise,Automotive,92,5.7,Azure|AutoGen|PyTorch|Airflow|Java|FastAPI|C++|Docker,8,29600,,79100,Medium,Mid,2026,2,1,0,0,26.22
11547,Machine Learning Engineer,Software Engineering,8.8,Associate's,London,UK,Hybrid,Enterprise,Finance,72.3,8.2,CUDA|Java|C++|PyTorch|Docker|BERT|AWS,7,47700,135300,108200,High,Lead,2026,2,1,1,1,20.56
11548,Product Manager,Data Science,6.7,Master's,Singapore,Japan,On-site,Enterprise,Tech,84.4,6.3,PyTorch,1,42000,29900,59900,Top,Lead,2026,4,0,1,1,18.1
11549,Data Analyst,AI Engineering,12.9,Master's,Beijing,USA,On-site,Startup,Healthcare,74.3,9,AutoGen|Azure|React|CUDA|BERT|C++|FastAPI|Docker|Python|Java,10,73700,125700,128800,High,Lead,2026,5,0,1,1,48.91
11550,DevOps Engineer,Data Science,14.4,Associate's,London,Singapore,On-site,Big Tech (FAANG+),Finance,67.7,6.6,SQL,1,89400,88300,36600,Medium,Junior,2026,12,1,0,1,25.01
11551,AI Agent Developer,IT Operations,7.5,High School,Ho Chi Minh City,Vietnam,On-site,Mid-size,E-commerce,81.3,1.2,Java|Azure|TensorFlow|Docker|Airflow|C++|SQL,7,70600,113400,54600,Top,Mid,2026,4,1,1,0,0.44
11552,Product Manager,Product Management,14,Bachelor's,Berlin,UK,Hybrid,Enterprise,Automotive,88.5,8.8,BERT|Python|Docker,3,35200,62600,79500,Low,Lead,2026,11,0,0,0,34.96
11553,Data Analyst,IT Operations,8.7,High School,Singapore,Vietnam,Fully Remote,Startup,Automotive,81.8,8.6,BERT|Azure|Python,3,51100,,16800,Top,Mid,2026,2,0,0,1,29.16
11554,Machine Learning Engineer,Product Management,8.1,Master's,Berlin,Vietnam,Fully Remote,Enterprise,Finance,91.3,1.4,Airflow|AWS|React,3,45500,142700,45500,Medium,Senior,2026,4,1,1,1,7.91
11555,Machine Learning Engineer,Product Management,6.8,Bachelor's,New York,Singapore,Hybrid,Big Tech (FAANG+),Tech,58.8,2.1,,0,,96100,86700,Top,Mid,2026,11,1,0,1,35.42
11556,AI Agent Developer,IT Operations,3.1,PhD,New York,UK,On-site,Mid-size,Automotive,68.7,6,CUDA|Java|Python|AWS|FastAPI|Azure|PyTorch,7,48200,,98300,High,Mid,2026,5,1,0,0,0.99
11557,Software Engineer,IT Operations,0.1,PhD,London,UK,Hybrid,Enterprise,Finance,65.6,1.4,BERT|Java|PyTorch|FastAPI|TensorFlow|CUDA|React,7,47400,121400,50600,High,Mid,2026,4,1,1,0,36.27
11558,Product Manager,Data Science,3.6,High School,New York,Singapore,On-site,Big Tech (FAANG+),Finance,59.7,4.7,AWS|SQL,2,86700,108100,61800,Top,Mid,2026,6,1,1,0,7.47
11559,Data Scientist,IT Operations,7.6,High School,Singapore,Singapore,On-site,Startup,Automotive,72.2,9.8,TensorFlow|AutoGen|BERT|Java|Azure|CUDA,6,56600,23300,87600,Medium,Junior,2026,10,1,0,1,49.23
11560,Machine Learning Engineer,Data Science,5.7,Bachelor's,Tokyo,USA,Hybrid,Big Tech (FAANG+),Finance,97.4,2.6,AutoGen,1,66500,99900,31700,Medium,Lead,2026,7,1,1,0,25.57
11561,DevOps Engineer,Data Science,6.7,Bachelor's,San Francisco,Japan,Hybrid,Startup,Finance,76.9,2.9,AWS,1,,132600,70500,Medium,Lead,2026,5,1,0,1,0.53
11562,DevOps Engineer,Data Science,14.7,High School,Ho Chi Minh City,Japan,On-site,Enterprise,Education,64.3,7.1,,0,,10400,69100,Medium,Lead,2026,9,1,1,1,41.9
11563,Machine Learning Engineer,Product Management,5.3,Master's,Beijing,Singapore,On-site,Enterprise,E-commerce,67.7,1.4,CUDA|SQL|BERT|Java|PyTorch|AutoGen|Python|C++|AWS,9,77300,102400,119100,High,Senior,2026,4,0,0,0,41.24
11564,Software Engineer,Product Management,6.8,PhD,Beijing,Germany,On-site,Big Tech (FAANG+),Finance,80.7,8.4,Docker|AutoGen|FastAPI|AWS,4,42600,108900,88400,Medium,Senior,2026,11,0,1,1,38.17
11565,Software Engineer,IT Operations,2,Bachelor's,San Francisco,Vietnam,On-site,Startup,Education,67.6,2.8,AutoGen|Azure|Airflow|Java,4,69200,109200,75500,Medium,Mid,2026,10,0,0,0,26.9
11566,Data Analyst,Product Management,0.7,Master's,London,Japan,Hybrid,Big Tech (FAANG+),Education,76.9,5.8,BERT|TensorFlow|CUDA|Docker,4,89200,90700,94200,Top,Junior,2026,2,1,1,0,10.92
11567,DevOps Engineer,IT Operations,11.6,High School,Beijing,China,Fully Remote,Big Tech (FAANG+),Finance,63.7,3.2,AWS|TensorFlow|SQL|AutoGen|PyTorch|BERT|React|CUDA|Airflow|Java,10,35600,106100,80500,Top,Junior,2026,11,0,1,0,32
11568,Data Analyst,Product Management,8.6,Associate's,London,Singapore,Fully Remote,Enterprise,Tech,67.3,6.9,,0,43200,91500,51700,High,Mid,2026,10,0,1,1,42.4
11569,DevOps Engineer,AI Engineering,11.4,Bachelor's,San Francisco,Singapore,On-site,Enterprise,Automotive,85.3,6.3,,0,41700,89100,93000,High,Mid,2026,8,0,0,0,24.65
11570,Product Manager,AI Engineering,2.2,Associate's,New York,USA,Fully Remote,Enterprise,Education,79.2,9.5,SQL|React|AWS|Airflow|Java|BERT|PyTorch|FastAPI,8,93100,119000,96500,High,Lead,2026,4,0,0,1,3.36
11571,Product Manager,IT Operations,8.6,Master's,San Francisco,Singapore,Fully Remote,Big Tech (FAANG+),Education,54.7,5,,0,28700,202300,67000,Medium,Senior,2026,4,1,0,0,48.76
11572,Data Scientist,Product Management,3.8,PhD,New York,USA,Fully Remote,Big Tech (FAANG+),Tech,98.7,8.9,CUDA,1,52200,98000,80000,Top,Senior,2026,3,0,0,0,33.84
11573,Product Manager,Product Management,3.4,Master's,Tokyo,Germany,Fully Remote,Mid-size,Healthcare,52.5,6.2,PyTorch|Docker|TensorFlow|C++|Python,5,59800,72400,123800,Top,Senior,2026,12,0,0,1,49.09
11574,Data Scientist,Data Science,0.2,PhD,Tokyo,Germany,Fully Remote,Mid-size,Tech,54.1,9.2,SQL|C++|TensorFlow|Azure|React|CUDA,6,39000,94800,80200,Medium,,2026,9,1,1,0,9.35
11575,Product Manager,Software Engineering,2,Master's,Ho Chi Minh City,Singapore,Fully Remote,Big Tech (FAANG+),Healthcare,85.1,3.6,C++,1,30200,96400,69900,Low,Mid,2026,4,0,0,1,10.17
11576,AI Agent Developer,IT Operations,4.6,Bachelor's,San Francisco,Vietnam,On-site,Mid-size,Healthcare,85.4,5.9,Airflow|Docker,2,33600,73600,49900,Medium,,2026,2,1,0,1,5.02
11577,Product Manager,Software Engineering,1.8,Bachelor's,Beijing,USA,On-site,Big Tech (FAANG+),Tech,50.9,4.5,Java|TensorFlow|AutoGen|Airflow|Python|AWS|FastAPI,7,45000,73400,52500,Low,,2026,11,1,1,1,10.52
11578,Data Analyst,Software Engineering,14.8,Associate's,Singapore,USA,On-site,Enterprise,E-commerce,82.1,1.6,C++|Docker|Python|SQL,4,39300,66000,77400,Medium,Lead,2026,1,0,0,0,5.42
11579,Machine Learning Engineer,IT Operations,4.6,Master's,Tokyo,China,Hybrid,Startup,Tech,51.7,6.2,FastAPI|CUDA|SQL|Azure|Airflow|C++|React|Python,8,78900,77300,59300,High,Lead,2026,12,0,0,1,13.65
11580,Data Analyst,Product Management,2,Master's,San Francisco,Vietnam,Fully Remote,Enterprise,Education,98,8.1,SQL|Docker|Azure|Python|TensorFlow|CUDA,6,39500,102900,90000,Low,Lead,2026,1,1,0,0,29.02
11581,Machine Learning Engineer,IT Operations,3,Associate's,Ho Chi Minh City,Vietnam,Fully Remote,Big Tech (FAANG+),Automotive,84.8,6,C++|CUDA,2,,96300,64500,Low,Senior,2026,8,1,0,0,40.99
11582,Software Engineer,Software Engineering,8.8,High School,Berlin,Japan,Hybrid,Enterprise,Tech,59.3,3.5,SQL|TensorFlow|Java|AWS|CUDA|BERT|Azure|AutoGen,8,57900,145500,146700,High,Lead,2026,1,0,0,1,4.82
11583,Data Analyst,Product Management,1,Master's,Tokyo,Germany,Fully Remote,Big Tech (FAANG+),E-commerce,57.9,3.4,React|TensorFlow|Java|FastAPI|Airflow|AutoGen|Docker|AWS|Python|C++,10,55800,18100,80800,Low,Mid,2026,5,1,1,0,7.88
11584,Software Engineer,AI Engineering,12.9,Master's,Ho Chi Minh City,Japan,On-site,Big Tech (FAANG+),Tech,78.5,3.1,AutoGen|Docker|AWS|TensorFlow|SQL|FastAPI|Azure|Python,8,-13700,93000,35500,Top,Senior,2026,8,1,1,1,14.49
11585,Data Scientist,IT Operations,14.4,Master's,London,Vietnam,On-site,Mid-size,E-commerce,81.7,9.8,AWS|CUDA,2,,77000,79700,Medium,Lead,2026,7,1,1,1,17.17
11586,Data Scientist,IT Operations,3.7,High School,London,Singapore,Hybrid,Big Tech (FAANG+),Automotive,91.6,4.6,AutoGen,1,39900,51500,65700,Low,Mid,2026,7,1,1,1,44.46
11587,AI Agent Developer,Product Management,6.8,Bachelor's,Ho Chi Minh City,China,On-site,Startup,Finance,95.2,3.9,PyTorch|CUDA|React|BERT|Azure|Java,6,29800,67100,92900,High,Senior,2026,8,0,1,1,11.34
11588,Product Manager,AI Engineering,0.3,Associate's,New York,Singapore,Hybrid,Mid-size,E-commerce,69.6,4.8,SQL|AutoGen,2,69200,26900,75100,Medium,Mid,2026,11,0,1,1,6.4
11589,Data Analyst,AI Engineering,9.6,High School,Berlin,Singapore,On-site,Startup,E-commerce,92.2,2,AWS|React|Java|C++|Azure|Python|PyTorch|TensorFlow,8,20100,93600,85400,Low,Lead,2026,3,0,0,0,43.69
11590,Software Engineer,Product Management,6.2,PhD,Ho Chi Minh City,Vietnam,Fully Remote,Big Tech (FAANG+),Education,77.1,2.8,SQL|PyTorch|React|FastAPI|CUDA|Azure|Python,7,71000,100100,142800,Medium,Junior,2026,5,1,0,1,44.13
11591,Machine Learning Engineer,Data Science,4.1,PhD,Tokyo,Japan,On-site,Enterprise,E-commerce,73.5,5.6,AWS|PyTorch|TensorFlow|C++|Python,5,7700,43900,69700,Low,Lead,2026,2,0,1,1,39.26
11592,Data Scientist,IT Operations,3.1,High School,New York,UK,Hybrid,Big Tech (FAANG+),Automotive,84.9,8.2,Python|C++,2,51600,,93400,Top,Mid,2026,5,0,1,0,19.07
11593,Product Manager,IT Operations,9.8,High School,Ho Chi Minh City,Singapore,Fully Remote,Big Tech (FAANG+),Healthcare,55.2,8.9,CUDA|Python|Java|Airflow|BERT|React,6,81300,103100,102700,High,Junior,2026,5,0,1,0,45.64
11594,Data Scientist,Software Engineering,6.2,Bachelor's,Beijing,Singapore,Hybrid,Enterprise,E-commerce,63.3,8.8,TensorFlow|CUDA|PyTorch|C++,4,38100,63100,82800,Top,Junior,2026,2,0,0,0,21.97
11595,Machine Learning Engineer,Product Management,2.7,PhD,Tokyo,UK,Fully Remote,Enterprise,Automotive,90.8,9.5,FastAPI|SQL|Python,3,,103700,34700,Top,Senior,2026,10,1,0,0,39.58
11596,Product Manager,Software Engineering,10.3,Associate's,Tokyo,China,Fully Remote,Startup,Education,75.2,2.1,CUDA|Airflow,2,,102100,94400,Low,Junior,2026,12,0,1,0,21.75
11597,Product Manager,Software Engineering,8.5,Master's,London,Germany,On-site,Mid-size,Education,95.4,1.4,C++|AutoGen|BERT|Azure|Docker|SQL|TensorFlow|React,8,70000,92300,25200,Top,Senior,2026,6,1,1,1,24.09
11598,Software Engineer,AI Engineering,12.9,Master's,Beijing,USA,On-site,Mid-size,Finance,54.4,2,Python,1,56000,131400,117700,High,Junior,2026,1,1,0,1,43.01
11599,Software Engineer,IT Operations,1.8,Bachelor's,Beijing,Vietnam,Fully Remote,Mid-size,E-commerce,65.7,6.4,Java|AWS|BERT|PyTorch|Python|Docker|Azure|SQL|AutoGen,9,46400,141800,42400,Medium,,2026,8,0,0,1,0.05
11600,Data Analyst,Software Engineering,11.8,Bachelor's,San Francisco,Japan,On-site,Startup,Healthcare,67.8,6,Airflow|React|C++|AutoGen|Azure|SQL|PyTorch,7,46200,143600,124100,Medium,Senior,2026,11,1,0,0,13.7
11601,Data Analyst,AI Engineering,10.1,PhD,San Francisco,Germany,On-site,Startup,Automotive,71.1,7,TensorFlow|Docker|Java,3,22200,65500,77100,Medium,Mid,2026,1,1,0,0,32.19
11602,DevOps Engineer,Product Management,1.7,Associate's,Tokyo,Japan,Hybrid,Enterprise,Finance,99.3,4.3,Airflow|FastAPI|CUDA,3,29500,92400,96900,Low,Senior,2026,3,0,1,0,46.1
11603,DevOps Engineer,Software Engineering,10.4,Associate's,Berlin,Germany,On-site,Mid-size,Healthcare,65.5,4.5,C++|React|CUDA|TensorFlow|AWS|FastAPI|BERT|Python,8,50700,21000,87800,High,Junior,2026,1,0,0,0,0.63
11604,AI Agent Developer,IT Operations,6.6,High School,Singapore,Vietnam,Fully Remote,Big Tech (FAANG+),Finance,75.9,5.9,Java|TensorFlow|FastAPI|CUDA,4,55500,127400,99300,Low,Lead,2026,2,1,0,0,23.21
11605,Data Scientist,Software Engineering,14.2,Bachelor's,San Francisco,USA,On-site,Startup,Healthcare,76.8,1.7,,0,,133900,25700,Top,Senior,2026,7,0,0,1,25.82
11606,Data Analyst,Product Management,2.1,Master's,New York,Vietnam,Fully Remote,Big Tech (FAANG+),Tech,88.5,8.2,TensorFlow|React|Airflow|Java|BERT|Docker|AutoGen|FastAPI|Azure|C++,10,65600,144400,58900,High,Senior,2026,7,1,0,0,49.97
11607,Software Engineer,Software Engineering,9.6,Master's,London,USA,Fully Remote,Mid-size,Tech,75.9,9.3,Azure|PyTorch|React,3,43000,174400,85200,Top,Junior,2026,11,0,1,1,34.86
11608,Machine Learning Engineer,IT Operations,5.7,PhD,Beijing,Japan,Hybrid,Mid-size,Tech,80.3,4.5,C++,1,60200,142700,76300,High,Junior,2026,5,1,1,1,6.32
11609,Software Engineer,AI Engineering,14.4,Master's,London,China,Fully Remote,Startup,Finance,87.7,7.7,AWS|SQL|React|AutoGen|CUDA|TensorFlow|Java|Airflow|Docker|FastAPI,10,14700,121500,65000,Medium,Lead,2026,5,0,0,0,27.77
11610,Data Scientist,IT Operations,4.9,Associate's,Tokyo,USA,Fully Remote,Startup,Tech,55.1,5.9,Airflow|AWS|FastAPI,3,51700,104000,79800,High,Junior,2026,7,0,0,0,7.7
11611,DevOps Engineer,AI Engineering,14.4,Associate's,New York,Germany,Hybrid,Enterprise,Automotive,98.2,3.1,CUDA|AutoGen|SQL|Java|PyTorch|Azure|Airflow|AWS|Docker|Python,10,63700,204000,69500,Low,Senior,2026,10,1,0,1,36.31
11612,Software Engineer,Data Science,13.5,Bachelor's,Ho Chi Minh City,China,Fully Remote,Big Tech (FAANG+),Automotive,92.3,1.6,AutoGen|SQL|Java|CUDA|TensorFlow|AWS|Docker|React|PyTorch|C++,10,63900,,130200,Medium,Senior,2026,11,0,1,0,18.17
11613,AI Agent Developer,IT Operations,4.1,PhD,Beijing,Japan,Hybrid,Enterprise,Tech,69.4,3.2,Airflow|AWS|TensorFlow|React|Java|Docker,6,48700,196400,108600,High,Senior,2026,12,0,1,0,33.05
11614,Data Scientist,IT Operations,12.1,Master's,New York,UK,Fully Remote,Enterprise,Healthcare,86.4,6.4,Azure|Airflow|Python|React|Java|Docker|BERT|AWS|CUDA,9,,,112100,Low,Mid,2026,10,0,1,1,44.73
11615,DevOps Engineer,Product Management,14.9,Bachelor's,Singapore,China,On-site,Big Tech (FAANG+),Healthcare,88.1,1.4,Docker|SQL|Java|CUDA|BERT|Python|AutoGen,7,44600,87500,120200,Low,,2026,5,0,1,0,39.58
11616,Machine Learning Engineer,Software Engineering,3.8,High School,London,USA,Hybrid,Mid-size,Finance,92.5,8.5,,0,57900,130400,87300,Top,Mid,2026,8,0,1,0,39.84
11617,DevOps Engineer,AI Engineering,6.6,High School,Tokyo,China,Hybrid,Big Tech (FAANG+),Healthcare,59.4,9.7,,0,,-20200,fquixhwf1b68ti5,Medium,Junior,2026,3,1,0,1,14.03
11618,Product Manager,AI Engineering,7.8,Master's,New York,Japan,Fully Remote,Mid-size,E-commerce,85.2,1.8,AutoGen|CUDA|Java|Airflow|TensorFlow|FastAPI|Python|Docker|React,9,27400,90400,68000,High,Mid,2026,2,1,0,0,29.55
11619,AI Agent Developer,Product Management,4.4,Master's,Ho Chi Minh City,China,Hybrid,Enterprise,Healthcare,51.7,3.2,FastAPI|Java|React|SQL|AWS|Azure|TensorFlow|AutoGen|CUDA|BERT,10,,147900,83800,High,Senior,2026,10,0,1,0,9.38
11620,Data Scientist,Product Management,0.2,Master's,San Francisco,Japan,Fully Remote,Mid-size,Automotive,55.8,7.1,FastAPI,1,46300,84800,78800,Medium,Junior,2026,4,1,0,1,11.05
11621,Machine Learning Engineer,Software Engineering,3.3,Associate's,San Francisco,UK,Hybrid,Mid-size,Education,88.8,8.3,AWS|Airflow|AutoGen|Python|Azure|React,6,58800,100000,41900,Top,Mid,2026,7,0,1,0,35.39
11622,AI Agent Developer,Software Engineering,4.2,Master's,New York,USA,Hybrid,Mid-size,Healthcare,90.7,4.1,,0,,36800,83900,Top,Junior,2026,9,1,0,1,20.34
11623,DevOps Engineer,IT Operations,6.7,High School,Tokyo,Singapore,On-site,Big Tech (FAANG+),Finance,79.6,5.6,AWS,1,27500,,47000,Medium,Junior,2026,3,0,1,0,44.43
11624,AI Agent Developer,Data Science,2.6,Master's,London,Germany,Fully Remote,Mid-size,Healthcare,79.1,9,BERT|C++|FastAPI|AutoGen|CUDA|Airflow|Azure|PyTorch|Python,9,39100,67100,123600,Medium,Mid,2026,11,0,0,0,24.36
11625,Data Scientist,Software Engineering,13.1,PhD,Beijing,China,On-site,Big Tech (FAANG+),Finance,87.5,4.5,PyTorch|React|BERT|SQL|FastAPI|Docker|AutoGen|Python|C++,9,58500,130100,94500,Medium,Junior,2026,3,0,0,0,3.45
11626,Data Analyst,Product Management,10.6,High School,Singapore,Singapore,Hybrid,Startup,E-commerce,95.3,1.7,Python|FastAPI|TensorFlow|Azure|AWS|Airflow,6,8700,132300,70200,Low,Junior,2026,11,1,0,1,20.74
11627,AI Agent Developer,Software Engineering,1.3,PhD,Singapore,Vietnam,Fully Remote,Startup,Tech,71.1,10,AutoGen|BERT|Azure|PyTorch,4,54100,68200,76600,Medium,Senior,2026,7,1,0,0,6.7
11628,Product Manager,AI Engineering,9.8,High School,Beijing,Germany,On-site,Enterprise,E-commerce,55.7,2.6,Python|C++|BERT|AutoGen,4,,62100,118100,Top,Lead,2026,1,1,1,0,49.72
11629,AI Agent Developer,Data Science,9.8,Bachelor's,Berlin,China,Hybrid,Enterprise,Automotive,91.9,1.4,AWS|FastAPI|BERT|React|CUDA|AutoGen|SQL,7,32400,,37600,High,Lead,2026,7,0,0,1,1.19
11630,DevOps Engineer,IT Operations,14.3,High School,London,Germany,On-site,Big Tech (FAANG+),Education,67.1,4.7,SQL|CUDA|Java|AutoGen|FastAPI,5,54800,47300,63000,High,Junior,2026,2,0,1,1,28.09
11631,DevOps Engineer,AI Engineering,0,High School,Singapore,Singapore,Hybrid,Mid-size,E-commerce,56.7,2.1,SQL|Java|PyTorch|Azure|C++,5,53300,131200,88300,Top,Mid,2026,10,0,1,0,18.22
11632,Machine Learning Engineer,AI Engineering,3.7,PhD,Berlin,Vietnam,Hybrid,Mid-size,E-commerce,80.7,9.8,Python|AutoGen|CUDA|TensorFlow|C++|React|PyTorch|Airflow|BERT,9,32700,101600,23600,High,Lead,2026,1,0,1,0,30.34
11633,DevOps Engineer,Data Science,13.9,PhD,Berlin,Germany,Fully Remote,Startup,Automotive,78.9,4.4,AWS|FastAPI|PyTorch|SQL|TensorFlow,5,47100,144600,71500,Top,Mid,2026,10,1,0,0,26.95
11634,Software Engineer,IT Operations,14,High School,Tokyo,Singapore,Fully Remote,Big Tech (FAANG+),Automotive,73.7,8.4,SQL|AWS|C++|React|BERT|AutoGen,6,49700,108100,63900,Low,Lead,2026,9,0,1,0,45.9
11635,Data Scientist,Product Management,10.8,High School,Tokyo,Germany,Fully Remote,Mid-size,Tech,93,2.6,BERT|Airflow|AWS|CUDA,4,,78800,136700,High,Senior,2026,1,1,1,1,9.12
11636,Data Scientist,IT Operations,11.5,Associate's,Tokyo,Vietnam,Hybrid,Mid-size,Tech,63.6,2.2,CUDA|AWS|React|TensorFlow,4,43000,53400,71600,Low,Senior,2026,8,0,0,1,5.98
11637,Data Analyst,Software Engineering,1.4,Bachelor's,Ho Chi Minh City,Vietnam,On-site,Big Tech (FAANG+),Healthcare,50.7,6.8,Python|TensorFlow|React|Docker|AWS,5,49500,,49200,High,Mid,2026,10,1,1,0,43.52
11638,Data Analyst,AI Engineering,7.7,Bachelor's,London,Vietnam,Fully Remote,Enterprise,Finance,66.2,9.2,TensorFlow|BERT|FastAPI|PyTorch|Python|AWS|Airflow|AutoGen|Docker|Azure,10,55700,49500,52900,Medium,Mid,2026,7,0,0,0,46.59
11639,Data Scientist,Software Engineering,3.5,Master's,Beijing,UK,Fully Remote,Big Tech (FAANG+),Automotive,50.5,2,FastAPI|Python|CUDA|Docker|TensorFlow|AutoGen|BERT|Airflow|C++,9,87800,95500,7700,Low,Senior,2026,10,0,1,1,17.76
11640,Product Manager,Product Management,2.7,High School,London,Japan,Fully Remote,Big Tech (FAANG+),E-commerce,77.2,6.3,SQL|AutoGen|TensorFlow,3,30600,132500,117100,Low,Mid,2026,9,0,1,1,47.81
11641,Data Analyst,Software Engineering,12.2,High School,Tokyo,Japan,Fully Remote,Mid-size,E-commerce,68.9,1.8,Airflow|Java|SQL|C++|Azure,5,77100,63300,77700,Low,Junior,2026,12,1,0,1,17.14
11642,Machine Learning Engineer,IT Operations,2,High School,Ho Chi Minh City,Singapore,Hybrid,Startup,Tech,90.7,8.3,Java|Docker|AutoGen|TensorFlow|C++|PyTorch|FastAPI,7,32100,58600,70600,Top,Senior,2026,5,0,1,0,29.22
11643,DevOps Engineer,Software Engineering,7,High School,London,Vietnam,On-site,Mid-size,Finance,89.9,9.2,FastAPI|Java|Azure|BERT|SQL|AWS|TensorFlow,7,49900,107200,98500,High,Senior,2026,3,0,0,0,33.34
11644,Data Scientist,Product Management,14.1,Bachelor's,London,Singapore,Hybrid,Mid-size,Automotive,71.7,6.7,TensorFlow|AWS|SQL|PyTorch|Java|Azure,6,68400,155600,88700,Medium,Senior,2026,1,0,1,1,49.7
11645,Data Analyst,Product Management,2.8,PhD,Berlin,Japan,Hybrid,Mid-size,Tech,60.8,7.2,Python|Airflow|AWS,3,,130900,75400,Top,Senior,2026,2,0,0,0,8.52
11646,Data Scientist,Product Management,14.7,Associate's,London,Germany,Hybrid,Big Tech (FAANG+),Finance,71.1,1.5,PyTorch|Docker|React|Airflow|CUDA|FastAPI|AutoGen|TensorFlow|Azure,9,2900,96300,50000,High,Junior,2026,6,0,0,1,14.73
11647,Software Engineer,IT Operations,14.9,PhD,Berlin,Vietnam,Fully Remote,Big Tech (FAANG+),Automotive,82.1,1.7,Java|AWS|CUDA|Airflow|Python|Azure|PyTorch|React|C++,9,71700,,61500,Low,Senior,2026,8,0,0,0,27.31
11648,AI Agent Developer,Product Management,8.3,PhD,Berlin,China,On-site,Mid-size,E-commerce,59.5,2.6,Azure|Java|SQL|FastAPI|React|Python,6,56500,101900,78100,Top,Senior,2026,9,1,1,1,10.73
11649,DevOps Engineer,AI Engineering,2.6,Bachelor's,New York,Vietnam,Hybrid,Mid-size,E-commerce,88.7,3.5,,0,38900,135400,91700,Medium,Mid,2026,8,1,1,0,29
11650,Data Scientist,Product Management,4.7,Associate's,Tokyo,Vietnam,Hybrid,Startup,Tech,66.5,7.8,SQL|React|FastAPI,3,47400,123400,41700,Low,Senior,2026,2,1,1,1,38.91
11651,AI Agent Developer,Software Engineering,6.4,High School,Singapore,Japan,Hybrid,Enterprise,Finance,96.6,4.9,AWS|C++|AutoGen,3,58500,110300,72900,Top,Lead,2026,1,0,0,0,43.96
11652,Data Analyst,Software Engineering,4.6,Bachelor's,Ho Chi Minh City,Singapore,Fully Remote,Mid-size,E-commerce,75.6,1.7,CUDA,1,61700,144400,107300,Low,Mid,2026,10,0,1,0,16.81
11653,AI Agent Developer,Software Engineering,4.2,Bachelor's,Berlin,USA,Fully Remote,Big Tech (FAANG+),Finance,92.4,8.7,C++|AWS|PyTorch,3,61000,159900,44000,High,Mid,2026,4,1,1,1,8.63
11654,DevOps Engineer,IT Operations,14.6,Associate's,London,Germany,Hybrid,Enterprise,Tech,80.8,9.9,TensorFlow|FastAPI|React|AWS,4,,133400,93600,High,Lead,2026,5,0,1,1,34.29
11655,Data Scientist,Software Engineering,2.3,Master's,Berlin,Japan,Fully Remote,Enterprise,Healthcare,77.7,5.1,BERT|PyTorch|Azure|Airflow|SQL|Python|CUDA|React,8,49800,19900,42500,Medium,Mid,2026,10,1,0,0,34.33
11656,Software Engineer,IT Operations,11,Bachelor's,Berlin,Singapore,On-site,Startup,Finance,84.1,5.6,TensorFlow|Airflow|Docker|Python|React|PyTorch|C++|Java|BERT,9,,138700,61700,High,Junior,2026,6,1,1,0,21.89
11657,Product Manager,IT Operations,0,PhD,Berlin,Singapore,Fully Remote,Enterprise,Education,90.6,1.7,C++|AWS|Airflow|PyTorch|AutoGen,5,,,25500,High,,2026,4,1,1,1,29.68
11658,Data Analyst,Product Management,8.9,PhD,Beijing,Germany,Hybrid,Mid-size,Finance,82.2,4.4,AWS,1,45100,,82500,High,Senior,2026,5,1,0,1,39.93
11659,Data Scientist,AI Engineering,13.7,High School,Singapore,Singapore,On-site,Mid-size,Tech,89.9,4.3,AWS|FastAPI|TensorFlow|AutoGen,4,58700,89800,55800,Low,Mid,2026,8,0,1,0,36.66
11660,DevOps Engineer,Product Management,4.3,Bachelor's,Singapore,China,Fully Remote,Big Tech (FAANG+),Education,59.5,9.7,Airflow|AutoGen|React|SQL|BERT|Azure|Docker|CUDA,8,,72800,25100,Low,Senior,2026,10,1,1,0,33.65
11661,Data Analyst,Product Management,2.8,High School,Beijing,UK,Hybrid,Mid-size,Healthcare,63.9,6.9,CUDA|AutoGen|FastAPI|BERT|AWS|Docker,6,51700,5100,78500,High,Mid,2026,3,0,0,0,33.09
11662,Machine Learning Engineer,IT Operations,9.8,Bachelor's,Beijing,USA,On-site,Mid-size,E-commerce,61.5,8,AutoGen|PyTorch|C++|Java|CUDA|Airflow|React|Azure,8,46200,111900,101500,Low,Senior,2026,1,1,0,1,36.21
11663,AI Agent Developer,IT Operations,10.7,Associate's,Beijing,China,On-site,Startup,Automotive,89.9,2.2,Airflow|AutoGen|CUDA|React|C++,5,25700,,85200,High,Mid,2026,9,1,1,0,30.37
11664,Product Manager,Software Engineering,10.3,Bachelor's,Singapore,China,On-site,Enterprise,Tech,54.3,4.8,SQL|Azure|Docker,3,71800,120800,84000,Medium,Mid,2026,9,0,0,1,4.22
11665,DevOps Engineer,Software Engineering,4.8,Master's,New York,Germany,Fully Remote,Startup,Automotive,89.8,2.7,AWS|CUDA|Docker|FastAPI|React,5,63400,84200,94600,Top,Mid,2026,2,0,1,0,29.14
11666,Machine Learning Engineer,Product Management,3.8,PhD,Berlin,USA,On-site,Enterprise,Healthcare,69.5,8.7,C++|React|TensorFlow,3,24600,144900,57000,Top,Junior,2026,3,0,0,0,44.48
11667,Data Scientist,Data Science,14.3,Associate's,New York,Germany,Fully Remote,Startup,Education,54,2.4,FastAPI|Java|TensorFlow|CUDA|AutoGen|AWS|Python,7,,169700,77700,High,Mid,2026,8,0,1,1,1.88
11668,Software Engineer,Data Science,13.8,PhD,London,UK,Hybrid,Big Tech (FAANG+),Healthcare,71.2,4.9,AutoGen|C++|FastAPI,3,38100,94900,130000,Medium,Junior,2026,3,1,0,1,19.95
11669,Data Analyst,Software Engineering,6.9,High School,Singapore,Singapore,Fully Remote,Startup,Finance,65,1.5,,0,76300,79300,78700,High,Junior,2026,3,0,1,1,19.65
11670,AI Agent Developer,Data Science,12.7,Associate's,Tokyo,Germany,Fully Remote,Startup,Automotive,79.6,6.7,SQL,1,67300,70900,54100,Top,Lead,2026,6,0,0,1,12.7
11671,Data Analyst,Software Engineering,6.8,Master's,Singapore,Vietnam,Hybrid,Big Tech (FAANG+),Automotive,73.6,5.3,Python|Java|Airflow|CUDA|Docker|BERT|PyTorch,7,54300,,83700,Medium,Mid,2026,6,0,1,1,28.73
11672,Product Manager,IT Operations,6.4,PhD,Ho Chi Minh City,Germany,Fully Remote,Mid-size,Healthcare,64.8,5.5,Azure|Python|AutoGen|Java|FastAPI|React|PyTorch,7,18400,76800,65500,Low,Junior,2026,7,1,0,0,8.53
11673,Data Scientist,Product Management,2.4,Bachelor's,New York,Singapore,Fully Remote,Mid-size,Education,93.1,1.9,TensorFlow|BERT,2,59100,99000,74100,Top,Lead,2026,10,0,1,0,45.82
11674,Data Analyst,AI Engineering,6.4,Bachelor's,Beijing,Vietnam,Hybrid,Big Tech (FAANG+),Automotive,70.3,5.6,SQL|TensorFlow|CUDA|Azure,4,,62800,93600,Top,Senior,2026,4,1,0,1,7.78
11675,AI Agent Developer,Product Management,8.1,Bachelor's,San Francisco,China,On-site,Big Tech (FAANG+),E-commerce,73.5,6.1,Java|PyTorch,2,43100,102100,61500,High,Junior,2026,5,0,1,0,48.25
11676,Data Scientist,Software Engineering,0.3,Associate's,Beijing,UK,Hybrid,Startup,Healthcare,92.3,9.7,Azure|TensorFlow|Python,3,76400,,3600,Medium,Junior,2026,10,0,1,1,0.58
11677,Data Analyst,Software Engineering,6.7,Master's,London,Singapore,On-site,Big Tech (FAANG+),Finance,54.5,1.3,Azure|AWS|AutoGen,3,46000,70500,70700,Medium,Junior,2026,3,0,1,1,24.4
11678,Software Engineer,Product Management,11.7,Master's,Berlin,Japan,Fully Remote,Big Tech (FAANG+),Finance,69.5,9.3,Azure|AutoGen|CUDA|Airflow|Python,5,73600,,87300,Low,Lead,2026,2,1,1,1,1.81
11679,DevOps Engineer,Software Engineering,10.2,Master's,Ho Chi Minh City,Vietnam,Hybrid,Enterprise,Finance,70.1,5.3,CUDA,1,42600,119600,118700,Medium,Lead,2026,3,1,1,1,43.86
11680,Data Scientist,Data Science,9.5,PhD,New York,UK,On-site,Enterprise,Automotive,74.8,2.9,Java|SQL|Azure|React|C++,5,32900,153400,101800,High,Junior,2026,12,0,0,0,39.94
11681,DevOps Engineer,Data Science,13.6,Associate's,Berlin,Germany,Fully Remote,Mid-size,Healthcare,55.3,7,FastAPI,1,25100,146100,66700,Medium,Mid,2026,3,0,1,1,11.25
11682,Data Scientist,Software Engineering,0.3,Bachelor's,Berlin,Japan,Fully Remote,Big Tech (FAANG+),Finance,55.1,5.7,BERT,1,,,87000,Medium,Lead,2026,2,0,0,1,6.9
11683,Software Engineer,Software Engineering,8.4,PhD,Tokyo,Germany,Fully Remote,Startup,Healthcare,70.8,3,BERT|C++|Java|CUDA|Azure|TensorFlow,6,50900,116300,pxt1qoz88z5xfl9,Medium,Lead,2026,1,1,0,1,10.6
11684,DevOps Engineer,Data Science,11.8,Master's,Tokyo,Singapore,On-site,Mid-size,Automotive,51.7,6.6,Airflow|PyTorch|TensorFlow,3,30900,214800,97100,Low,Senior,2026,11,1,0,0,3.92
11685,Machine Learning Engineer,Software Engineering,8.1,Bachelor's,New York,China,On-site,Mid-size,E-commerce,62.7,5.3,Azure|BERT|Docker|TensorFlow|Python|AWS,6,31800,,71000,Low,Senior,2026,3,0,1,0,11.85
11686,AI Agent Developer,Software Engineering,4.9,Associate's,New York,Singapore,On-site,Mid-size,E-commerce,60.1,7.2,Docker|C++|TensorFlow|BERT|AWS,5,73500,111600,93900,Top,Junior,2026,1,1,1,0,3.41
11687,Machine Learning Engineer,Product Management,2,High School,New York,Singapore,Fully Remote,Big Tech (FAANG+),E-commerce,74.5,7.2,,0,64800,148200,116700,Top,,2026,8,0,0,1,42.63
11688,Data Analyst,AI Engineering,13.3,Master's,New York,Singapore,On-site,Big Tech (FAANG+),Automotive,50.6,5.3,,0,86600,123200,138700,Low,Mid,2026,5,1,0,1,42.65
11689,Software Engineer,Data Science,7.1,Master's,Beijing,Germany,Hybrid,Startup,Finance,83.8,4.5,C++|PyTorch|Java,3,17700,201700,37700,Medium,Junior,2026,12,1,1,0,27.45
11690,Machine Learning Engineer,Product Management,13.2,Master's,Singapore,Vietnam,On-site,Startup,Automotive,92.8,1.6,FastAPI|Python|C++|Azure|SQL|BERT|Java|CUDA|Airflow|Docker,10,84200,77600,30100,Low,Junior,2026,6,1,1,1,45.99
11691,Data Scientist,AI Engineering,8.8,Master's,Singapore,China,On-site,Mid-size,Healthcare,85.3,5.4,AWS|Airflow|Python|SQL|Azure|Java|Docker|PyTorch|TensorFlow|BERT,10,34300,98100,51600,Low,Lead,2026,12,1,1,0,17.51
11692,Data Analyst,Software Engineering,10.1,Bachelor's,Berlin,UK,Fully Remote,Big Tech (FAANG+),E-commerce,90.9,3.2,Java|Docker|React|Azure|FastAPI,5,23700,,73600,High,Junior,2026,10,1,1,1,8.94
11693,Data Analyst,Software Engineering,12.1,Associate's,Singapore,China,Hybrid,Startup,Healthcare,82.2,1.5,AutoGen,1,,95600,61800,Medium,Senior,2026,7,0,0,0,15.22
11694,Machine Learning Engineer,Product Management,9.9,PhD,San Francisco,UK,Hybrid,Enterprise,Automotive,75.4,4,Java|BERT|React|FastAPI|C++|SQL|Docker|AWS|Azure,9,12800,52900,106200,Low,Junior,2026,7,0,1,1,6.18
11695,Machine Learning Engineer,Software Engineering,6,Bachelor's,Berlin,USA,Hybrid,Enterprise,Tech,61,1.8,,0,71700,104900,elwdbhipu9n2dnr,High,Junior,2026,4,1,1,0,41.12
11696,Software Engineer,IT Operations,7.7,Associate's,Beijing,Vietnam,On-site,Mid-size,Tech,64,6.2,React|Airflow|AutoGen|Python|BERT|PyTorch|SQL|TensorFlow|FastAPI,9,53400,72200,47200,Top,Senior,2026,6,1,0,0,38.02
11697,AI Agent Developer,Product Management,12,PhD,San Francisco,Vietnam,Fully Remote,Enterprise,Automotive,65.9,5.5,,0,35900,131600,108400,High,Lead,2026,8,0,1,1,9.49
11698,Machine Learning Engineer,AI Engineering,5.6,Master's,Singapore,UK,On-site,Mid-size,Finance,51.9,8.1,Java|TensorFlow|CUDA|Docker,4,70000,80300,88600,Medium,Mid,2026,6,0,0,0,27.28
11699,Product Manager,Product Management,5.8,Associate's,Berlin,Germany,Fully Remote,Big Tech (FAANG+),Education,95.7,3.4,AWS|AutoGen|Docker|FastAPI|CUDA|Java|SQL|Python|BERT,9,47300,128500,82400,Top,Senior,2026,7,1,0,1,14.03
11700,Machine Learning Engineer,Data Science,1.4,Master's,New York,Japan,Hybrid,Mid-size,Healthcare,95,4.3,Airflow|AutoGen|Python,3,50700,91600,47200,Top,Mid,2026,3,1,0,0,6.56
11701,DevOps Engineer,Product Management,13.7,Associate's,Ho Chi Minh City,Germany,On-site,Mid-size,Automotive,55.4,7.2,PyTorch,1,62500,147600,101800,Medium,Mid,2026,9,1,0,1,12.27
11702,Data Scientist,Software Engineering,1.4,High School,Singapore,USA,Fully Remote,Big Tech (FAANG+),Automotive,77.8,9.9,Docker|FastAPI|Java|React|TensorFlow|BERT|Python|Azure|AutoGen,9,,96300,69300,Top,Mid,2026,10,0,1,0,29.99
11703,Product Manager,Software Engineering,9.7,Master's,San Francisco,UK,On-site,Startup,Tech,73.4,9.1,AWS|AutoGen|Azure|Airflow|FastAPI|React|BERT|Java|C++,9,28900,,78400,Top,Junior,2026,2,0,0,1,32.53
11704,Product Manager,IT Operations,6.2,Master's,Tokyo,USA,Fully Remote,Startup,E-commerce,84.2,5.7,PyTorch|AutoGen|BERT|Airflow|SQL,5,47400,27200,83500,High,Mid,2026,11,1,1,0,9.34
11705,DevOps Engineer,IT Operations,6.1,Master's,San Francisco,UK,Hybrid,Startup,E-commerce,80.2,7.1,FastAPI|AWS|Airflow|SQL,4,23000,46000,109700,Top,Lead,2026,8,1,1,0,38.69
11706,DevOps Engineer,IT Operations,10.2,Bachelor's,San Francisco,USA,On-site,Startup,Education,56.2,5.8,C++|PyTorch|AWS|Java|FastAPI|BERT|AutoGen|CUDA|Python|SQL,10,41400,129900,86100,Medium,Lead,2026,8,1,0,0,28.75
11707,Data Analyst,AI Engineering,1,PhD,Tokyo,UK,Hybrid,Mid-size,Finance,83,4.9,SQL,1,30000,48600,57900,Top,Lead,2026,12,1,1,0,21.46
11708,AI Agent Developer,IT Operations,8.9,Master's,Berlin,Vietnam,On-site,Startup,Finance,80.4,6.4,Azure|Java|BERT|AutoGen|React|Airflow,6,43800,138200,74800,High,Junior,2026,2,1,1,1,32.31
11709,Data Scientist,AI Engineering,11.6,Master's,Ho Chi Minh City,USA,On-site,Enterprise,Education,76.6,4.5,AWS|Java|TensorFlow|React|CUDA|BERT|FastAPI|Azure|SQL|Docker,10,32100,82600,92000,Low,Senior,2026,9,1,0,1,16.66
11710,Software Engineer,IT Operations,12.4,Bachelor's,Tokyo,USA,Fully Remote,Enterprise,Finance,70.1,3.5,Azure|Python|SQL|CUDA|AutoGen,5,43200,99400,117500,Top,Lead,2026,3,1,1,0,13.19
11711,Product Manager,AI Engineering,2.6,Bachelor's,Singapore,UK,Fully Remote,Startup,Tech,97.7,7.4,C++|AutoGen|Docker|AWS|React|TensorFlow|SQL,7,70600,122500,64900,Medium,Mid,2026,10,0,1,0,46.32
11712,Software Engineer,Product Management,13.5,High School,Ho Chi Minh City,China,Fully Remote,Enterprise,Automotive,92.5,8.8,Azure|Python|Docker,3,,143000,62700,Low,Junior,2026,6,0,1,0,44.96
11713,Machine Learning Engineer,Product Management,9.8,Associate's,San Francisco,China,Hybrid,Enterprise,Finance,79.3,3.6,SQL|BERT|Airflow,3,57700,41600,94100,Top,Junior,2026,11,1,0,0,23.76
11714,Machine Learning Engineer,Software Engineering,13.2,Master's,Beijing,Vietnam,Hybrid,Big Tech (FAANG+),Tech,50.3,7.4,TensorFlow|CUDA|SQL,3,,44800,52900,Medium,Lead,2026,4,1,0,1,30.19
11715,Software Engineer,AI Engineering,7.3,Associate's,London,Germany,On-site,Big Tech (FAANG+),Healthcare,71.6,4.9,AutoGen|AWS,2,43400,89500,59200,High,Mid,2026,5,1,1,1,32.85
11716,Machine Learning Engineer,Data Science,8.1,Bachelor's,Berlin,Germany,Fully Remote,Startup,Automotive,85,3.7,PyTorch|SQL|CUDA|AWS|FastAPI|AutoGen|Airflow|Java,8,33500,147800,75600,Low,Mid,2026,3,0,0,1,32.78
11717,AI Agent Developer,Software Engineering,13.8,Bachelor's,Beijing,Vietnam,Hybrid,Mid-size,Education,55.9,6.6,AWS,1,51200,100800,85900,High,Lead,2026,12,1,0,0,26.41
11718,DevOps Engineer,Product Management,13.5,High School,Beijing,Germany,On-site,Mid-size,Healthcare,70.3,9.5,AutoGen,1,38900,146400,100500,High,,2026,10,0,1,1,15.64
11719,Machine Learning Engineer,AI Engineering,6.7,PhD,Ho Chi Minh City,Japan,Hybrid,Big Tech (FAANG+),E-commerce,59.6,4.2,BERT|AutoGen,2,67300,33900,79100,High,Junior,2026,8,1,1,0,44.48
11720,Data Analyst,IT Operations,4.1,Bachelor's,Berlin,Japan,On-site,Big Tech (FAANG+),E-commerce,66.9,7.8,Airflow|React|PyTorch|AWS|FastAPI|C++|Java|Azure|SQL|Docker,10,42900,77500,77200,Medium,Junior,2026,10,0,1,1,28.1
11721,Machine Learning Engineer,Data Science,5.9,Master's,Beijing,Japan,Fully Remote,Mid-size,Automotive,51.3,3.8,TensorFlow|AutoGen|BERT|C++|Docker|PyTorch|Azure|Airflow,8,72500,103000,89300,Medium,Lead,2026,12,1,0,1,45.36
11722,Data Scientist,Product Management,5.8,High School,New York,Singapore,On-site,Startup,Finance,56.3,8.2,SQL|FastAPI|AWS|Airflow|Java,5,8200,57100,36700,High,Mid,2026,10,0,1,0,41.42
11723,AI Agent Developer,Software Engineering,4.3,PhD,Beijing,Singapore,On-site,Mid-size,Automotive,72.7,7.8,AWS|FastAPI|CUDA|AutoGen|Airflow,5,50800,53900,77000,High,Senior,2026,8,1,1,1,32.48
11724,Data Scientist,AI Engineering,4,High School,New York,Japan,Fully Remote,Mid-size,Finance,94.9,7.9,Azure,1,,67900,115300,Medium,Lead,2026,7,0,0,1,35.53
11725,Data Scientist,Data Science,12.9,Bachelor's,London,UK,Fully Remote,Enterprise,Education,74.5,10,C++|SQL|BERT,3,31300,84700,94600,Top,Junior,2026,7,0,1,1,45.56
11726,Data Analyst,AI Engineering,1,PhD,New York,China,On-site,Mid-size,E-commerce,72.7,2.3,SQL|Java|AWS|Docker|AutoGen|React|Azure,7,,,74400,Low,Lead,2026,2,1,1,1,31.56
11727,AI Agent Developer,IT Operations,10.2,Associate's,New York,Vietnam,Hybrid,Big Tech (FAANG+),Automotive,89.4,4.5,C++|AWS|Python|PyTorch|TensorFlow,5,59600,148700,93400,Medium,Lead,2026,10,1,1,0,23.42
11728,AI Agent Developer,Software Engineering,2.6,PhD,Ho Chi Minh City,UK,Fully Remote,Startup,Automotive,63.4,6.7,PyTorch|Airflow,2,71700,108100,44200,Top,Junior,2026,12,1,0,1,22.11
11729,AI Agent Developer,AI Engineering,5.2,Master's,Beijing,Japan,On-site,Mid-size,Education,54.8,6.3,CUDA|FastAPI|C++,3,44300,112600,85800,Medium,,2026,6,0,1,1,48.99
11730,AI Agent Developer,Product Management,0.9,Associate's,London,Vietnam,Fully Remote,Enterprise,Finance,60.5,8,AutoGen|SQL|TensorFlow|BERT|Python|Java|C++,7,,111300,74100,Medium,Lead,2026,4,0,1,0,37.58
11731,AI Agent Developer,Software Engineering,4,Associate's,Beijing,China,Fully Remote,Big Tech (FAANG+),E-commerce,89.6,1.4,PyTorch|Docker|SQL|C++|BERT,5,38000,163100,77600,Low,Senior,2026,11,0,0,1,33.56
11732,Data Analyst,Product Management,11.5,Master's,Singapore,Germany,Hybrid,Big Tech (FAANG+),E-commerce,83.9,7.3,React|Airflow,2,51000,180800,65800,Medium,Senior,2026,9,1,0,1,4.8
11733,Machine Learning Engineer,AI Engineering,13.3,Associate's,Singapore,UK,Fully Remote,Enterprise,Finance,54.6,7.6,React|SQL|AutoGen,3,31300,,110100,Top,Junior,2026,5,1,1,0,29.4
11734,Data Scientist,Software Engineering,3.3,Bachelor's,New York,China,On-site,Big Tech (FAANG+),Education,83.4,1.5,Docker|Java|React|PyTorch|AWS|SQL|CUDA,7,65000,,62600,Medium,Lead,2026,6,0,0,1,9.44
11735,AI Agent Developer,Product Management,7,PhD,Tokyo,Vietnam,On-site,Enterprise,Finance,96.6,5.8,AutoGen|AWS|C++|PyTorch|Java,5,17500,88100,48400,Low,Lead,2026,7,0,0,1,19.49
11736,Product Manager,IT Operations,7.1,PhD,New York,USA,Fully Remote,Big Tech (FAANG+),Education,52.2,3.2,C++|Docker|CUDA|TensorFlow|React|Python,6,48700,135400,38000,Medium,,2026,2,1,1,1,27.87
11737,Machine Learning Engineer,IT Operations,13.1,Master's,Beijing,UK,Fully Remote,Big Tech (FAANG+),Finance,80.8,8.2,AutoGen|React|SQL|Azure|CUDA|TensorFlow,6,22400,156600,21200,High,Lead,2026,1,0,1,1,0.4
11738,Machine Learning Engineer,AI Engineering,11.4,Bachelor's,San Francisco,Singapore,Hybrid,Big Tech (FAANG+),E-commerce,69,1.4,FastAPI|Docker|PyTorch|React|Azure|CUDA|AWS|Python|BERT,9,49000,,80500,Low,Senior,2026,6,1,0,1,43.11
11739,Data Scientist,Software Engineering,7.7,Associate's,London,Vietnam,Hybrid,Big Tech (FAANG+),E-commerce,75.1,2.3,Java|AWS|Azure|C++,4,66200,137900,55400,Medium,Junior,2026,9,0,0,1,21.93
11740,Data Analyst,Data Science,10.1,PhD,Tokyo,Vietnam,Hybrid,Enterprise,Automotive,76.4,1.9,,0,,87000,42400,High,Junior,2026,7,0,1,0,31.13
11741,Software Engineer,Software Engineering,12.7,PhD,London,Singapore,On-site,Mid-size,Education,88.6,1.6,C++,1,37900,,68400,High,Junior,2026,12,1,0,1,10.1
11742,Software Engineer,IT Operations,0.1,PhD,Ho Chi Minh City,China,Hybrid,Big Tech (FAANG+),E-commerce,77.9,6.4,PyTorch|AWS|Airflow,3,64300,64400,92100,Low,Senior,2026,12,1,1,0,35.06
11743,Machine Learning Engineer,Product Management,6,PhD,New York,Vietnam,On-site,Enterprise,Education,79.7,8.8,TensorFlow|PyTorch|React|AutoGen|BERT|Docker,6,-4700,57000,72500,Low,Lead,2026,9,0,0,1,15.5
11744,DevOps Engineer,Data Science,13.6,High School,New York,UK,Hybrid,Enterprise,Education,66.6,5.6,PyTorch|CUDA|Azure|React|Java|Airflow|AutoGen|AWS|C++,9,48700,,78300,Medium,Lead,2026,12,0,1,1,25.81
11745,DevOps Engineer,AI Engineering,11.1,Master's,Singapore,Japan,On-site,Enterprise,Healthcare,56.3,2.9,Java|Airflow|PyTorch|CUDA|C++|TensorFlow|AWS,7,33400,145700,104300,Top,Mid,2026,11,0,0,0,16.16
11746,Data Scientist,Data Science,8.1,Associate's,Ho Chi Minh City,Singapore,Fully Remote,Mid-size,Healthcare,84.1,4.1,Docker|TensorFlow,2,59900,,95600,Low,Mid,2026,3,0,0,0,32.23
11747,Software Engineer,AI Engineering,7.9,Associate's,Singapore,UK,On-site,Startup,Finance,50,4.2,Airflow|AutoGen|C++,3,-600,142400,77800,Medium,,2026,5,0,0,1,42.52
11748,Machine Learning Engineer,Data Science,5.2,Master's,Beijing,Singapore,Fully Remote,Enterprise,Education,66.4,5.1,AWS|Airflow|Python|CUDA,4,40700,66000,50400,High,Lead,2026,6,1,0,0,32.05
11749,Data Analyst,AI Engineering,7.8,Bachelor's,New York,Vietnam,On-site,Enterprise,Finance,60.9,4.8,Docker|Java|AutoGen,3,37100,,61300,High,Senior,2026,6,0,1,0,8.91
11750,Software Engineer,AI Engineering,9.8,Master's,Beijing,China,On-site,Enterprise,Finance,69.4,7,Docker|CUDA|Java|C++|PyTorch,5,68100,36900,75700,Medium,Senior,2026,5,0,1,0,12.48
11751,Machine Learning Engineer,Data Science,6.3,PhD,London,UK,Fully Remote,Mid-size,Automotive,65.6,4.1,BERT,1,34200,,92900,Low,Senior,2026,2,0,0,1,26.14
11752,Machine Learning Engineer,Data Science,10.7,PhD,Tokyo,USA,On-site,Big Tech (FAANG+),Healthcare,85.2,7,PyTorch,1,45600,158200,83500,Medium,Lead,2026,11,1,1,0,13.56
11753,AI Agent Developer,AI Engineering,12.9,Master's,Tokyo,Japan,On-site,Mid-size,Healthcare,63,5.9,React|AutoGen|FastAPI|TensorFlow|Airflow|CUDA|Python|Docker|BERT|C++,10,51400,85200,59500,Medium,Lead,2026,10,0,0,0,9.77
11754,Data Analyst,IT Operations,2.3,Master's,Tokyo,Singapore,Hybrid,Enterprise,E-commerce,78,1.4,FastAPI|BERT|Java|Azure|CUDA|AutoGen|TensorFlow|AWS|PyTorch|React,10,,174300,85000,Low,Junior,2026,3,1,1,1,2.33
11755,AI Agent Developer,Data Science,6.8,Associate's,Singapore,Germany,Fully Remote,Startup,Healthcare,72.8,9.3,Java|Azure|CUDA,3,49100,106700,117600,Top,Mid,2026,6,0,1,1,5.21
11756,Data Scientist,Software Engineering,6.1,Associate's,Berlin,China,Fully Remote,Enterprise,E-commerce,90.1,2.6,CUDA|AutoGen|Java|FastAPI,4,51200,91200,82300,Top,Lead,2026,9,1,1,0,28.24
11757,AI Agent Developer,Product Management,10.3,High School,Ho Chi Minh City,China,Hybrid,Big Tech (FAANG+),Education,71.4,5.1,TensorFlow|Java,2,50000,,90400,Top,Senior,2026,10,1,0,0,9.73
11758,Product Manager,AI Engineering,3.7,High School,Tokyo,Germany,Hybrid,Startup,Automotive,93.2,9.5,SQL|PyTorch|CUDA|React|AutoGen|Airflow,6,97500,140100,66300,Medium,Lead,2026,8,1,0,0,24.92
11759,AI Agent Developer,AI Engineering,9.6,PhD,New York,Germany,Fully Remote,Startup,Finance,50,3.2,Azure|BERT|AWS|React|Java|C++|Python,7,14100,,70200,Low,Mid,2026,8,0,0,1,32.09
11760,Product Manager,Product Management,13.2,High School,Ho Chi Minh City,UK,Fully Remote,Mid-size,Finance,80.2,1.2,,0,34200,101700,32800,Top,Mid,2026,8,1,0,0,12.51
11761,Software Engineer,IT Operations,6.3,High School,London,Vietnam,Fully Remote,Mid-size,Education,50.5,5.4,AWS|PyTorch|Azure|Python|Airflow|BERT|React|FastAPI|C++,9,49100,112500,78400,Low,Senior,2026,11,1,0,0,47.48
11762,DevOps Engineer,Product Management,13.7,Bachelor's,London,Vietnam,Hybrid,Big Tech (FAANG+),E-commerce,85.7,3,BERT|AWS|Python|React,4,,46300,6000,Top,Junior,2026,6,1,0,0,12.83
11763,Machine Learning Engineer,Data Science,14.9,Master's,Singapore,USA,Hybrid,Mid-size,Tech,61.7,6.2,,0,69100,103900,36900,High,Mid,2026,12,0,0,1,8.11
11764,Product Manager,Product Management,1.6,Associate's,London,Japan,On-site,Big Tech (FAANG+),Education,69,8.4,Airflow|PyTorch|C++|AWS|BERT|TensorFlow|React|SQL,8,70800,98000,83400,High,Mid,2026,11,1,1,0,22.84
11765,Data Analyst,AI Engineering,3.5,High School,London,Singapore,Hybrid,Startup,E-commerce,69,5.6,Azure|C++|React|CUDA|TensorFlow|AutoGen|AWS|SQL|PyTorch,9,49300,118300,50300,Low,Mid,2026,3,0,1,0,22.11
11766,AI Agent Developer,Product Management,14.3,Associate's,San Francisco,Vietnam,On-site,Startup,Education,92.3,6.8,AWS|FastAPI|React|AutoGen|Airflow|Python|CUDA|Docker|BERT,9,74800,139700,25500,Top,,2026,5,0,1,1,42.92
11767,Product Manager,Software Engineering,14.4,High School,Berlin,USA,On-site,Startup,Automotive,55.1,7,BERT,1,38000,90600,ebgkas9gpeyxrss,Low,,2026,8,1,1,1,2.37
11768,Data Analyst,Data Science,1.5,High School,San Francisco,USA,Hybrid,Big Tech (FAANG+),Education,83.3,8.4,AWS|SQL|PyTorch|Java|Azure|TensorFlow|AutoGen|FastAPI,8,68300,120300,36500,Low,Lead,2026,3,0,0,1,13.62
11769,DevOps Engineer,Product Management,0.2,PhD,Beijing,China,Hybrid,Mid-size,Education,99.1,7.2,FastAPI|Java|Python|SQL|PyTorch|C++|Docker|AutoGen|TensorFlow,9,53800,,101300,Low,Senior,2026,1,1,1,0,43.95
11770,DevOps Engineer,AI Engineering,2.4,Bachelor's,Beijing,China,Hybrid,Mid-size,Healthcare,51.1,9.8,TensorFlow|CUDA|Airflow|Java|SQL|PyTorch|Azure|FastAPI|BERT|Python,10,,,86800,Medium,Lead,2026,12,1,0,0,37.94
11771,AI Agent Developer,Data Science,14.9,Master's,San Francisco,Japan,Hybrid,Mid-size,E-commerce,98.3,5.1,,0,23600,161600,120700,Top,Junior,2026,1,0,0,1,0.19
11772,Data Scientist,AI Engineering,2.7,Master's,Tokyo,UK,Fully Remote,Enterprise,Automotive,50.9,1.5,AWS|React|Airflow|AutoGen|BERT|FastAPI|PyTorch|Docker,8,14600,86700,84800,Top,,2026,7,0,1,0,26.39
11773,AI Agent Developer,IT Operations,7.5,PhD,Berlin,Germany,Hybrid,Startup,Finance,92.1,4.5,,0,44200,104300,122200,Low,Junior,2026,6,0,1,1,12.24
11774,Software Engineer,Software Engineering,12.7,PhD,Singapore,Germany,On-site,Startup,Tech,98.1,8.6,AutoGen|AWS|BERT|Python|C++,5,48100,13000,50800,High,Junior,2026,5,0,0,0,49.41
11775,Product Manager,IT Operations,0.3,Master's,Beijing,Japan,On-site,Enterprise,Tech,99.7,2.2,AutoGen|Java,2,27600,126800,59900,Low,Senior,2026,8,0,1,0,49.18
11776,Machine Learning Engineer,Software Engineering,9.1,Master's,San Francisco,USA,Fully Remote,Startup,E-commerce,73,7.6,Docker|BERT|React|PyTorch|SQL,5,68500,70600,82300,High,Lead,2026,8,0,1,1,46.37
11777,Data Scientist,Product Management,4.2,Bachelor's,Singapore,Japan,Fully Remote,Startup,Education,93.3,5.8,Python|Docker,2,33500,34900,71900,Top,Junior,2026,11,1,0,1,0.5
11778,AI Agent Developer,Data Science,12.9,High School,Singapore,Germany,Hybrid,Enterprise,Healthcare,56.1,9.1,,0,,113800,78600,Top,Junior,2026,1,0,1,1,45.25
11779,Data Analyst,Product Management,4.3,Bachelor's,London,USA,Fully Remote,Startup,Education,71.3,7.6,CUDA|TensorFlow|Python|SQL|AutoGen|Docker|C++,7,44100,,74300,Low,Junior,2026,7,0,0,0,16.33
11780,Data Scientist,Software Engineering,10.3,Master's,Beijing,Germany,Hybrid,Mid-size,E-commerce,65.4,6.9,C++|PyTorch|AWS|SQL|CUDA|FastAPI|Docker|BERT|TensorFlow|Airflow,10,65600,58800,69800,Medium,Junior,2026,11,0,1,0,32.1
11781,Product Manager,Software Engineering,10.1,High School,Ho Chi Minh City,UK,Hybrid,Enterprise,Tech,69.8,9,Java,1,26000,131100,54sopg6fnnvj8by,Top,Mid,2026,2,1,0,0,22.46
11782,Data Scientist,Software Engineering,3.3,Master's,Tokyo,China,Fully Remote,Startup,Tech,85.1,9.2,Airflow|AutoGen|AWS|BERT|CUDA|TensorFlow|SQL|React|Docker,9,17900,165300,56700,Top,Senior,2026,4,1,1,0,17.73
11783,Product Manager,AI Engineering,0.5,Bachelor's,Beijing,China,Fully Remote,Mid-size,Education,54.4,4.5,SQL|AWS|C++|Docker|Java|FastAPI|PyTorch|TensorFlow,8,60800,111200,52700,Top,Senior,2026,1,0,1,1,14.35
11784,AI Agent Developer,Data Science,6.1,Bachelor's,Ho Chi Minh City,USA,On-site,Big Tech (FAANG+),Education,99.9,9.4,,0,67100,150300,50500,Medium,Senior,2026,2,0,0,0,21.39
11785,Product Manager,Product Management,4.3,Bachelor's,New York,Japan,Fully Remote,Startup,Education,81.8,1.5,React|CUDA|Azure|TensorFlow|C++|AWS|SQL,7,56300,86400,76600,Top,Junior,2026,10,1,1,0,14.85
11786,Data Scientist,Product Management,12.1,High School,Ho Chi Minh City,Germany,Fully Remote,Enterprise,Finance,93.7,7.9,Docker|Azure|Java|React|PyTorch|AWS|BERT|SQL|Airflow|FastAPI,10,32300,123700,57100,Low,Junior,2026,9,1,0,1,46.3
11787,Data Analyst,IT Operations,12,Associate's,Ho Chi Minh City,Vietnam,Fully Remote,Mid-size,Healthcare,91.5,4,AutoGen|SQL|Azure|C++|Python|Airflow|CUDA|TensorFlow,8,63500,109700,61900,High,Mid,2026,12,1,1,0,21.85
11788,DevOps Engineer,Software Engineering,6.9,Associate's,London,UK,On-site,Big Tech (FAANG+),Healthcare,88.3,5.4,React|CUDA|Docker|Azure|Airflow|Java,6,61400,118200,110000,Top,Junior,2026,1,1,1,0,47.23
11789,Data Scientist,Software Engineering,9.1,Master's,London,Germany,Hybrid,Big Tech (FAANG+),Tech,52,8.5,BERT|PyTorch|SQL|AutoGen|AWS|Java|React,7,27200,62300,87000,Top,Lead,2026,7,1,0,0,18.57
11790,Product Manager,Software Engineering,9.1,High School,Tokyo,Singapore,On-site,Startup,Tech,75.8,6.7,BERT|TensorFlow,2,59000,2800,95200,Medium,Lead,2026,4,1,0,1,13
11791,DevOps Engineer,Product Management,12.4,PhD,London,Vietnam,Fully Remote,Big Tech (FAANG+),E-commerce,66.4,5.1,FastAPI|Azure|SQL|BERT|AutoGen|Airflow|AWS,7,52900,156000,103000,High,Junior,2026,7,1,0,0,40.46
11792,Product Manager,IT Operations,6.4,Associate's,Ho Chi Minh City,UK,Fully Remote,Enterprise,E-commerce,55.6,2.5,C++|React|BERT|AutoGen|Azure|PyTorch|CUDA,7,52100,89900,116100,High,Lead,2026,7,1,0,0,26.02
11793,Data Analyst,AI Engineering,4.1,High School,Berlin,UK,Fully Remote,Big Tech (FAANG+),Finance,67.1,9.5,Java|React|AutoGen|PyTorch|CUDA|C++|SQL|Airflow|BERT,9,22300,25400,74700,Medium,Lead,2026,11,1,0,0,8.14
11794,Product Manager,Data Science,4,High School,London,China,Hybrid,Startup,Tech,82.2,4,Azure|AWS|Java|SQL|Python|React|AutoGen|C++|Docker|CUDA,10,66500,,81800,Low,Senior,2026,10,1,0,1,46.4
11795,AI Agent Developer,AI Engineering,8,Associate's,London,USA,On-site,Big Tech (FAANG+),E-commerce,61.5,1.9,Airflow|AutoGen|Docker|TensorFlow|React|C++,6,39100,115000,62100,Top,Junior,2026,3,0,0,0,48.11
11796,Machine Learning Engineer,Product Management,6.7,High School,San Francisco,Germany,On-site,Startup,Finance,72.2,6.1,BERT|FastAPI|Java|Airflow|Docker|AutoGen|SQL,7,37000,102000,54000,High,Senior,2026,2,1,1,0,34.41
11797,Data Scientist,Software Engineering,6.6,High School,Ho Chi Minh City,UK,Hybrid,Big Tech (FAANG+),Healthcare,70.2,4.7,AWS|Airflow|Azure|Java|React|CUDA|FastAPI|AutoGen|BERT|SQL,10,59100,110600,37700,High,Lead,2026,3,1,1,1,48.59
11798,Machine Learning Engineer,Data Science,1.4,Associate's,New York,Germany,On-site,Mid-size,Tech,52.6,6.3,Azure|SQL|Python|Airflow,4,45600,103900,49700,Low,Senior,2026,5,0,1,1,33.71
11799,Product Manager,Product Management,10.8,Bachelor's,New York,UK,Hybrid,Startup,Automotive,81.4,3.1,Airflow|BERT|TensorFlow|FastAPI|AWS|Docker,6,21300,87100,61900,Low,Lead,2026,8,0,0,0,31.16
11800,Data Analyst,Product Management,3.2,Master's,San Francisco,Japan,Hybrid,Enterprise,Tech,80.9,4.4,CUDA|PyTorch|C++|React|FastAPI|TensorFlow|SQL|Java,8,80600,107100,80000,Top,Senior,2026,11,0,0,0,41.3
11801,Data Scientist,Product Management,3,PhD,Beijing,China,On-site,Enterprise,E-commerce,98.3,9.8,Docker|CUDA|C++,3,54600,93800,46500,Medium,Junior,2026,9,0,1,0,3.39
11802,Product Manager,Data Science,6.2,Master's,Tokyo,USA,On-site,Big Tech (FAANG+),Tech,64.9,9.4,AutoGen|FastAPI|CUDA|React|BERT|Java|SQL|AWS|Airflow|Python,10,49600,108000,50700,Medium,Lead,2026,4,1,0,1,22.14
11803,DevOps Engineer,Data Science,3.4,Bachelor's,New York,Vietnam,Hybrid,Mid-size,Automotive,70.9,8.8,,0,49400,115900,22700,Low,Junior,2026,6,1,1,1,21.52
11804,Software Engineer,IT Operations,8.8,Bachelor's,London,Vietnam,On-site,Big Tech (FAANG+),Tech,70.2,8,,0,50300,123300,57800,Low,Mid,2026,4,0,0,1,31.04
11805,Product Manager,IT Operations,5.6,High School,Berlin,Japan,Hybrid,Big Tech (FAANG+),E-commerce,96,2.4,Docker|Java,2,51900,80200,76600,High,Lead,2026,9,1,0,0,17.36
11806,Machine Learning Engineer,AI Engineering,6.7,Master's,Beijing,Singapore,On-site,Mid-size,Healthcare,70.4,5.2,AWS|SQL|Docker|FastAPI|Python|Airflow|BERT|CUDA|PyTorch,9,72800,127200,76300,Low,Senior,2026,5,0,0,1,22.67
11807,Data Scientist,Data Science,8.1,Bachelor's,Tokyo,China,On-site,Startup,E-commerce,72.1,7.6,FastAPI|CUDA|AWS|Azure|Docker|React|C++|SQL,8,81600,,66900,High,Mid,2026,2,0,0,1,42.47
11808,Machine Learning Engineer,Data Science,3.1,Master's,Berlin,UK,On-site,Enterprise,Finance,62.6,3.4,Airflow|C++|React|Azure|FastAPI|BERT|Python,7,,,68800,Medium,Junior,2026,1,1,1,1,47.4
11809,Data Scientist,Data Science,2.3,Bachelor's,Berlin,China,On-site,Mid-size,E-commerce,50.1,1.3,BERT|TensorFlow|React|CUDA|SQL,5,63500,107700,75100,Medium,Junior,2026,5,1,0,0,24.21
11810,Product Manager,IT Operations,13.2,PhD,London,USA,On-site,Big Tech (FAANG+),Finance,55.5,4.8,Airflow|PyTorch|TensorFlow|AutoGen|C++|FastAPI|SQL,7,62500,140400,106100,High,Junior,2026,8,0,1,1,35.26
11811,AI Agent Developer,Product Management,6.5,Bachelor's,Ho Chi Minh City,Vietnam,Fully Remote,Startup,Tech,85.2,4.8,CUDA|Azure|FastAPI|PyTorch|TensorFlow|Python|Java|Airflow|React|BERT,10,63800,11200,66000,Top,Mid,2026,11,1,0,0,27.37
11812,DevOps Engineer,Software Engineering,6.2,Master's,Ho Chi Minh City,Germany,Fully Remote,Big Tech (FAANG+),Finance,84.1,1.6,Java|AutoGen|CUDA|C++|FastAPI|TensorFlow|React,7,75400,57700,71500,Medium,Lead,2026,11,1,0,1,43.38
11813,Product Manager,IT Operations,0.5,High School,Ho Chi Minh City,Vietnam,On-site,Startup,Education,66.1,3.9,FastAPI|AWS|SQL,3,67000,144500,42600,Top,Lead,2026,6,1,1,1,13.09
11814,Machine Learning Engineer,Data Science,7.5,Master's,New York,Singapore,On-site,Enterprise,Tech,73.7,9.3,TensorFlow|React|SQL|BERT|FastAPI|AutoGen|C++,7,58300,113400,86800,High,Junior,2026,11,0,1,0,43.17
11815,Software Engineer,IT Operations,8.3,Associate's,Ho Chi Minh City,Singapore,On-site,Enterprise,Finance,64.9,3.3,Airflow|CUDA,2,37300,58000,73400,Top,Junior,2026,12,1,0,0,25.75
11816,Software Engineer,AI Engineering,8.4,Master's,Tokyo,Singapore,Hybrid,Startup,E-commerce,86.5,6.1,,0,56100,107500,61700,High,Junior,2026,7,0,1,0,22.81
11817,Data Analyst,Data Science,10.6,PhD,San Francisco,Singapore,Fully Remote,Enterprise,Automotive,92.1,5.4,Airflow|Python|Java,3,29100,142800,45500,High,Mid,2026,9,1,0,0,47.6
11818,Data Scientist,AI Engineering,2.7,PhD,London,USA,Hybrid,Big Tech (FAANG+),Tech,95,8.8,Python|CUDA,2,59200,50700,83700,Low,Mid,2026,4,1,1,1,15.25
11819,Machine Learning Engineer,Data Science,3.8,PhD,San Francisco,UK,Fully Remote,Startup,Finance,58.7,6.9,,0,56400,111300,47700,Medium,Junior,2026,5,0,0,0,4.12
11820,Data Analyst,IT Operations,12.2,Bachelor's,New York,China,Fully Remote,Big Tech (FAANG+),Automotive,84.8,2.4,SQL|PyTorch|React|C++|AutoGen|Azure|Python|BERT,8,21400,187500,88300,Medium,Senior,2026,9,0,0,1,33.59
11821,Machine Learning Engineer,Product Management,14.2,PhD,Tokyo,Vietnam,On-site,Startup,Finance,98.2,2.3,Java|React|TensorFlow|CUDA,4,40600,67900,119800,High,Lead,2026,3,0,0,0,13.15
11822,Data Scientist,Software Engineering,2,Master's,Ho Chi Minh City,Singapore,On-site,Big Tech (FAANG+),Finance,82.5,6,BERT,1,35200,63700,103800,Top,Mid,2026,1,0,0,0,32.09
11823,Product Manager,AI Engineering,7.5,High School,Tokyo,Vietnam,Hybrid,Enterprise,Finance,67.5,1.4,,0,64100,1700,75800,Low,Lead,2026,8,1,1,1,2.8
11824,Product Manager,IT Operations,3.2,PhD,San Francisco,Singapore,Hybrid,Mid-size,E-commerce,81.8,4.5,SQL,1,44100,85300,90600,Top,Mid,2026,9,1,1,0,28.11
11825,Software Engineer,Product Management,0.9,Master's,Berlin,Germany,On-site,Big Tech (FAANG+),Finance,84.4,4.6,AWS|Docker,2,21500,137000,57600,Medium,Senior,2026,11,1,0,0,11.86
11826,Product Manager,IT Operations,4.9,Bachelor's,London,China,On-site,Startup,Automotive,69.9,2.8,AWS|AutoGen,2,58900,79300,42200,Top,Mid,2026,10,0,1,0,3.76
11827,Product Manager,AI Engineering,2.2,Bachelor's,London,Germany,Fully Remote,Enterprise,Education,55.2,3.7,AWS|PyTorch|Docker,3,54100,204100,78300,Low,Lead,2026,11,1,0,1,2.78
11828,AI Agent Developer,Software Engineering,10.6,High School,San Francisco,Germany,Fully Remote,Startup,Finance,80.3,4,CUDA|AWS|Docker|Airflow,4,52500,236300,60000,Top,Senior,2026,12,1,1,1,47.88
11829,Software Engineer,IT Operations,8,High School,Tokyo,Singapore,On-site,Big Tech (FAANG+),Education,90.1,1.1,SQL|AWS|Azure|PyTorch|CUDA|Java|C++|Docker,8,28000,172200,40700,Medium,Senior,2026,10,1,1,1,13.27
11830,Data Analyst,Data Science,2.2,Master's,Beijing,UK,Fully Remote,Startup,Healthcare,99.9,8.3,BERT|Airflow|AutoGen,3,61800,71300,32200,High,Senior,2026,4,0,0,1,29.09
11831,DevOps Engineer,Product Management,0.1,High School,San Francisco,Vietnam,Hybrid,Startup,Tech,61.2,9.6,TensorFlow|Airflow|AWS|C++|Java|Docker|FastAPI|PyTorch|React|BERT,10,47700,112500,67500,Medium,Senior,2026,12,0,1,1,24.23
11832,AI Agent Developer,IT Operations,12.1,High School,London,Japan,Fully Remote,Big Tech (FAANG+),E-commerce,85,3.6,Azure|Python,2,46500,,99800,Low,Lead,2026,6,0,1,0,18.15
11833,Data Analyst,Product Management,2.6,Bachelor's,Berlin,China,On-site,Enterprise,Healthcare,51.4,2,,0,24800,74000,71100,High,Senior,2026,7,0,1,0,27.13
11834,Data Scientist,Data Science,9.1,Master's,San Francisco,UK,Fully Remote,Enterprise,Healthcare,98.5,9.6,,0,25600,113800,69900,Low,Lead,2026,7,1,1,0,27.98
11835,AI Agent Developer,Software Engineering,5.1,High School,San Francisco,Japan,On-site,Big Tech (FAANG+),Automotive,50.6,7.7,Azure|TensorFlow|C++,3,132000,57900,73700,Medium,,2026,8,0,0,0,41.86
11836,Data Analyst,Software Engineering,8.8,Master's,London,UK,Fully Remote,Enterprise,Automotive,67.9,9,Airflow|C++|AutoGen|Azure,4,26900,24300,51100,Top,Lead,2026,6,1,0,0,19.31
11837,Data Scientist,Data Science,4.7,PhD,San Francisco,Singapore,Hybrid,Mid-size,Education,53.8,4.2,,0,7900,44100,64000,Medium,Junior,2026,7,0,1,1,17.64
11838,Software Engineer,Product Management,1.3,Bachelor's,Beijing,Singapore,Hybrid,Startup,Education,81,5.4,BERT|PyTorch|Docker,3,42300,110800,106300,Top,Senior,2026,9,1,0,0,33.96
11839,DevOps Engineer,IT Operations,3.3,Bachelor's,London,UK,On-site,Big Tech (FAANG+),E-commerce,67,9.4,C++|Java,2,46200,175800,113200,High,Lead,2026,6,0,0,1,18.59
11840,Data Scientist,Data Science,2.8,Bachelor's,Singapore,USA,On-site,Mid-size,E-commerce,86.6,5.1,Docker|Java|React|PyTorch|CUDA,5,31700,137600,101100,Top,Mid,2026,2,0,1,1,25.55
11841,Product Manager,AI Engineering,6.4,Associate's,London,USA,On-site,Startup,Tech,74.3,7,PyTorch|Azure|BERT|AutoGen|TensorFlow|React|CUDA,7,,,94300,Top,Junior,2026,4,1,0,0,8.66
11842,Machine Learning Engineer,Product Management,9.9,Master's,Beijing,UK,Fully Remote,Big Tech (FAANG+),Finance,71,7.3,BERT|AutoGen|React|Azure|Docker|CUDA|SQL|Python|PyTorch|C++,10,,130500,113700,High,Junior,2026,5,0,1,1,14.19
11843,Data Scientist,Software Engineering,4,PhD,Singapore,USA,Fully Remote,Enterprise,E-commerce,67.4,8.5,Python|AWS|PyTorch|CUDA|Java|Azure,6,57300,97300,47800,Low,Mid,2026,8,0,0,0,10.06
11844,Data Scientist,Data Science,0.2,High School,Singapore,China,Fully Remote,Big Tech (FAANG+),E-commerce,54.3,9.8,PyTorch|SQL|AWS|Docker|AutoGen|Airflow,6,22000,142700,ge0521z3v83wodh,High,Junior,2026,4,1,0,1,42.03
11845,DevOps Engineer,Software Engineering,7.8,PhD,London,Vietnam,Hybrid,Big Tech (FAANG+),Education,60.2,4,Python|CUDA|BERT|PyTorch|SQL,5,42100,130200,23600,Low,Junior,2026,1,0,1,0,39.9
11846,Machine Learning Engineer,Product Management,9.1,Master's,San Francisco,Japan,On-site,Startup,Finance,82,3.2,C++|CUDA|Airflow|AWS|AutoGen|PyTorch|TensorFlow|SQL|Docker,9,50000,4300,66900,High,Lead,2026,1,0,1,0,19.61
11847,Product Manager,Software Engineering,14.4,Bachelor's,Tokyo,Singapore,Fully Remote,Startup,Tech,74.8,1.7,SQL|C++|TensorFlow|AutoGen,4,45200,74000,-11700,Top,Senior,2026,2,1,0,1,22.01
11848,Data Analyst,Data Science,8.8,Associate's,New York,China,Hybrid,Startup,Automotive,53.5,8.7,Airflow|C++,2,36300,127300,93800,Medium,Lead,2026,8,0,0,0,20.53
11849,Data Analyst,Product Management,7.1,Master's,Singapore,Vietnam,On-site,Mid-size,Tech,77.2,3.6,Azure|Docker|Python|C++|PyTorch|FastAPI,6,,,45800,Top,Senior,2026,3,1,0,0,9.64
11850,Data Scientist,AI Engineering,8.6,Master's,Tokyo,USA,Hybrid,Enterprise,Finance,52.7,1.4,,0,84600,,48500,Low,,2026,6,0,0,1,39.17
11851,Machine Learning Engineer,Data Science,13.9,High School,London,Japan,On-site,Big Tech (FAANG+),Automotive,75.6,8.8,FastAPI|Azure|AWS|PyTorch,4,3300,14400,109300,Medium,Mid,2026,7,0,0,0,41.45
11852,Machine Learning Engineer,IT Operations,12.4,PhD,Ho Chi Minh City,China,Fully Remote,Big Tech (FAANG+),Automotive,98.2,5.6,PyTorch|React|SQL|AWS|Python|CUDA|TensorFlow|C++|FastAPI|AutoGen,10,70500,108400,68900,Top,Senior,2026,11,0,0,0,30.5
11853,Product Manager,Data Science,4.8,PhD,Ho Chi Minh City,Germany,Hybrid,Enterprise,Automotive,65.4,8.5,React,1,27100,38700,91000,Top,Junior,2026,1,1,1,1,37.11
11854,DevOps Engineer,Product Management,3.6,High School,New York,Singapore,Hybrid,Big Tech (FAANG+),Tech,86.2,6,BERT,1,54800,66700,63300,Medium,Junior,2026,5,0,0,0,32.63
11855,Software Engineer,Data Science,3.9,Associate's,Singapore,UK,Hybrid,Startup,Education,87.3,3.8,Docker|AutoGen,2,51600,156400,51300,Top,Lead,2026,2,1,0,0,5.13
11856,Data Analyst,AI Engineering,7.6,Bachelor's,London,Singapore,On-site,Big Tech (FAANG+),Finance,70.2,2.2,CUDA|Azure|Python|Airflow|BERT|Java|React|Docker|AutoGen|AWS,10,29200,81700,97300,Low,Senior,2026,7,1,1,0,27.55
11857,DevOps Engineer,AI Engineering,11.2,Bachelor's,Berlin,Vietnam,On-site,Enterprise,Tech,79.7,4.9,Airflow|FastAPI|TensorFlow|PyTorch|C++|Java|AWS,7,46200,71700,79300,High,Mid,2026,12,1,0,0,17.35
11858,AI Agent Developer,IT Operations,7.5,Associate's,Singapore,Vietnam,Hybrid,Mid-size,Tech,73.6,1.2,Java|BERT|TensorFlow|C++|PyTorch|CUDA|AWS,7,42100,94900,80300,Low,Mid,2026,12,0,1,0,11.01
11859,Data Analyst,Software Engineering,1,High School,London,Germany,On-site,Mid-size,Healthcare,64.2,6.4,Docker|Python|Airflow|CUDA|BERT|PyTorch,6,50600,136400,60100,Top,Senior,2026,3,0,0,0,33.24
11860,DevOps Engineer,Product Management,10.9,Master's,Ho Chi Minh City,Germany,Hybrid,Enterprise,E-commerce,87.7,4.8,TensorFlow|C++,2,75600,90000,70900,Medium,Mid,2026,9,0,0,1,44.44
11861,Data Analyst,Product Management,12.1,PhD,Beijing,UK,Fully Remote,Big Tech (FAANG+),Tech,85.1,2.3,Airflow|Azure,2,78500,158800,60100,Medium,Lead,2026,1,0,1,1,49.99
11862,Software Engineer,Software Engineering,4.3,Master's,New York,USA,Hybrid,Big Tech (FAANG+),Healthcare,95,5.8,,0,34700,63200,94000,Medium,Mid,2026,2,1,0,1,28.86
11863,AI Agent Developer,AI Engineering,10,PhD,Beijing,Singapore,Hybrid,Mid-size,Education,80.9,8.2,,0,56900,58300,75800,Top,Junior,2026,9,1,1,1,33.62
11864,Software Engineer,AI Engineering,6.4,Master's,Berlin,China,On-site,Big Tech (FAANG+),Education,69.4,9.8,TensorFlow|Java|PyTorch|CUDA|Azure|AutoGen,6,70400,118900,90600,Medium,Senior,2026,7,0,0,1,32.57
11865,Product Manager,Data Science,13.3,High School,London,China,On-site,Mid-size,Finance,85.7,5.7,,0,41300,72100,67100,Low,Senior,2026,3,1,1,1,34.75
11866,AI Agent Developer,IT Operations,12.7,High School,San Francisco,China,On-site,Enterprise,Healthcare,81,2.2,TensorFlow|FastAPI|Airflow|Java|React|BERT,6,62000,119200,119800,Low,Junior,2026,11,1,0,1,12.31
11867,Data Scientist,IT Operations,7.9,Associate's,Berlin,USA,Fully Remote,Enterprise,Tech,80.8,8.3,AWS,1,97600,191700,73400,Top,Junior,2026,8,0,0,0,7.97
11868,DevOps Engineer,IT Operations,10.4,Master's,Beijing,Singapore,Fully Remote,Big Tech (FAANG+),Finance,92.5,7.3,,0,,49300,83900,Low,Senior,2026,5,0,0,0,20.37
11869,AI Agent Developer,Data Science,13.3,Master's,London,Singapore,Fully Remote,Startup,Healthcare,95.5,9.6,C++|Java|Python|CUDA|BERT,5,,113100,89500,Low,Senior,2026,2,1,0,0,23.29
11870,Product Manager,IT Operations,7.4,Associate's,Singapore,UK,On-site,Startup,Tech,59,5.8,Python|Docker|AWS,3,29800,137000,54100,Medium,Junior,2026,10,0,0,1,38.17
11871,Product Manager,Software Engineering,4.7,Associate's,Tokyo,China,Hybrid,Mid-size,Finance,65.7,4.2,React|Python|CUDA,3,37500,,66300,High,Mid,2026,1,0,1,1,31.14
11872,Software Engineer,Data Science,11.3,High School,Tokyo,Vietnam,Hybrid,Enterprise,Finance,82.5,9.7,FastAPI|PyTorch,2,40500,100500,89200,Low,Lead,2026,6,1,0,1,27.61
11873,Data Analyst,Software Engineering,3.3,High School,Singapore,Vietnam,Hybrid,Mid-size,E-commerce,77.9,5.8,SQL|Docker|BERT|C++|TensorFlow|Azure|AWS|React,8,58900,8000,36600,Top,Junior,2026,4,1,1,0,24.92
11874,AI Agent Developer,Data Science,5.8,Master's,Berlin,Vietnam,On-site,Enterprise,Education,82.6,1.1,C++|FastAPI,2,,99900,85700,Medium,Lead,2026,2,1,1,0,11.15
11875,DevOps Engineer,IT Operations,13,High School,San Francisco,Germany,On-site,Mid-size,Tech,71.7,5.3,SQL|PyTorch|Java|Azure,4,,60200,39900,Low,Mid,2026,1,0,1,1,18.64
11876,AI Agent Developer,Software Engineering,10.9,High School,Tokyo,Germany,Fully Remote,Mid-size,E-commerce,70.6,1,Docker|Airflow,2,70200,60700,37700,Top,Senior,2026,7,1,1,1,5.47
11877,Machine Learning Engineer,Software Engineering,6.1,Master's,San Francisco,USA,On-site,Mid-size,Finance,55.9,7.6,Docker|TensorFlow|CUDA|Azure,4,32000,91700,47500,Top,Senior,2026,4,1,1,1,3.29
11878,Data Analyst,Software Engineering,3.2,Associate's,San Francisco,China,Hybrid,Big Tech (FAANG+),Finance,81.2,6.1,Azure|TensorFlow|Python|FastAPI|Java|C++,6,41200,82100,86700,Medium,Senior,2026,1,0,0,1,0.66
11879,DevOps Engineer,Data Science,5.3,Master's,Tokyo,Germany,Fully Remote,Startup,Healthcare,58.8,2,Java|Docker|SQL|AutoGen|FastAPI,5,76300,50400,141200,Top,Senior,2026,10,0,0,0,4.38
11880,DevOps Engineer,Product Management,4.3,Bachelor's,Ho Chi Minh City,Vietnam,Fully Remote,Enterprise,E-commerce,83.6,8.3,Azure|C++|CUDA,3,69100,162500,43200,High,Senior,2026,1,1,0,0,29.75
11881,Data Scientist,IT Operations,2.6,Master's,Tokyo,Germany,On-site,Mid-size,Automotive,98.4,5.8,FastAPI|Azure|React|CUDA|TensorFlow|AWS|BERT|Java|Python|C++,10,41800,105900,76700,High,Junior,2026,7,1,1,0,48.58
11882,Software Engineer,Software Engineering,11.1,Bachelor's,Ho Chi Minh City,Singapore,Fully Remote,Startup,Tech,62.8,2,SQL|AWS|AutoGen|Docker|TensorFlow|PyTorch|Azure|Airflow|FastAPI|Python,10,37900,115800,stwpi9qwae2e7bw,Low,Senior,2026,5,0,1,1,1.43
11883,Data Scientist,Product Management,3.8,Master's,New York,Vietnam,Fully Remote,Mid-size,Education,57.1,2.4,SQL|FastAPI|Docker|C++|BERT|AWS|TensorFlow|Python,8,59400,77400,87800,High,Lead,2026,1,0,1,0,39.16
11884,DevOps Engineer,IT Operations,6.8,Bachelor's,Ho Chi Minh City,China,On-site,Mid-size,E-commerce,51.2,8.4,AutoGen|CUDA|FastAPI|TensorFlow,4,36900,97600,58000,Medium,Senior,2026,11,1,1,1,33.27
11885,Data Analyst,IT Operations,5.8,Bachelor's,Ho Chi Minh City,Singapore,Fully Remote,Enterprise,Finance,68.9,4.2,Docker,1,40400,16600,92200,Medium,Lead,2026,9,1,1,1,42.94
11886,AI Agent Developer,Software Engineering,14.7,Master's,Beijing,USA,Hybrid,Big Tech (FAANG+),Healthcare,60.7,8.4,Airflow|SQL,2,42000,56200,62100,Low,Lead,2026,3,0,1,1,47.27
11887,AI Agent Developer,Software Engineering,5.9,High School,San Francisco,UK,On-site,Mid-size,Tech,74.6,1.6,Azure|BERT|PyTorch|CUDA|AutoGen|Python|TensorFlow,7,46400,,71500,High,Senior,2026,10,1,1,0,40.65
11888,Data Analyst,Data Science,1.2,PhD,San Francisco,UK,Hybrid,Enterprise,Education,76.2,3.2,FastAPI|CUDA|AWS|SQL|Airflow|Azure|React|Python,8,38300,124900,52800,Top,Senior,2026,1,0,1,1,39.89
11889,DevOps Engineer,Product Management,1.3,High School,Ho Chi Minh City,Singapore,Hybrid,Big Tech (FAANG+),Tech,67.5,7.9,Python,1,17300,80700,102000,Top,Mid,2026,2,1,0,1,4.31
11890,Product Manager,Product Management,8.9,Bachelor's,Ho Chi Minh City,Vietnam,Hybrid,Big Tech (FAANG+),Healthcare,87.5,6.8,FastAPI|AWS,2,81000,115700,82400,High,Senior,2026,10,1,0,1,17.95
11891,AI Agent Developer,Software Engineering,9,Master's,Beijing,Germany,Hybrid,Startup,Finance,95.2,3.8,Java|PyTorch|CUDA|React|TensorFlow|AWS|Azure|BERT|FastAPI|Python,10,,30000,67700,Medium,Lead,2026,6,1,1,1,30.83
11892,Product Manager,IT Operations,6.3,Master's,Ho Chi Minh City,Germany,Fully Remote,Startup,Education,60.6,9.4,C++|SQL|BERT|Java,4,48300,83800,83200,Medium,,2026,3,0,1,1,0.85
11893,AI Agent Developer,Software Engineering,6.5,Master's,Tokyo,Vietnam,Fully Remote,Mid-size,Automotive,91.8,2.9,AWS,1,35200,100200,77300,Medium,Lead,2026,10,0,1,1,23.73
11894,AI Agent Developer,IT Operations,0.8,Master's,Singapore,China,On-site,Startup,Healthcare,56.6,8.6,Docker|Java|BERT|TensorFlow|Azure|AutoGen|C++|AWS|PyTorch|CUDA,10,74100,131600,82700,Medium,Mid,2026,8,1,0,0,0.42
11895,Software Engineer,IT Operations,7.7,PhD,Ho Chi Minh City,Singapore,On-site,Enterprise,Automotive,61.4,7.3,AutoGen|Airflow|SQL|Docker|CUDA|C++|TensorFlow|PyTorch,8,59400,67700,94300,High,Lead,2026,1,0,1,1,37.08
11896,Software Engineer,Software Engineering,7.6,Associate's,New York,Vietnam,Hybrid,Enterprise,E-commerce,78.1,2.1,AutoGen|SQL,2,37000,101700,82900,Low,Senior,2026,1,0,1,0,13.28
11897,Machine Learning Engineer,AI Engineering,2.2,Bachelor's,Ho Chi Minh City,China,Hybrid,Startup,Tech,65.3,6,Python,1,60100,90100,54500,High,Mid,2026,8,1,0,0,37.75
11898,Data Scientist,Product Management,1.6,PhD,Ho Chi Minh City,USA,On-site,Enterprise,Education,52.1,9.4,Python|Airflow|Docker|Azure|React|AWS|TensorFlow|FastAPI,8,51600,115000,31600,High,Lead,2026,11,1,1,1,24
11899,Data Analyst,IT Operations,1.9,High School,New York,USA,On-site,Enterprise,Finance,64.7,6.6,TensorFlow|Azure|FastAPI|React|AutoGen,5,52700,,94000,Medium,Senior,2026,1,0,0,1,5.4
11900,Data Analyst,IT Operations,1.5,Associate's,Singapore,Singapore,On-site,Mid-size,Automotive,95.2,5.8,AWS|BERT,2,,98300,61000,Medium,Mid,2026,11,1,0,0,45.96
11901,Data Analyst,AI Engineering,9.1,Associate's,Beijing,Vietnam,On-site,Mid-size,Finance,58.7,4.3,Docker|PyTorch|Java|C++|FastAPI|BERT,6,60000,113600,102900,Medium,Junior,2026,4,1,0,0,34.9
11902,Machine Learning Engineer,Data Science,2.9,Master's,Tokyo,USA,Hybrid,Enterprise,E-commerce,88.2,8.1,C++|Docker|Airflow|PyTorch|BERT,5,67100,75900,38200,Low,Senior,2026,11,0,0,0,36.22
11903,Software Engineer,AI Engineering,3.8,PhD,Singapore,Germany,On-site,Startup,Automotive,86.1,9.2,React|SQL|Python|Docker|AWS|BERT|FastAPI|Airflow|TensorFlow,9,86700,79100,51900,Low,Lead,2026,6,1,1,1,11.54
11904,DevOps Engineer,AI Engineering,2.6,High School,Ho Chi Minh City,China,Fully Remote,Enterprise,Finance,55.3,7.8,SQL|AutoGen|C++|Docker,4,,37400,71900,Medium,Senior,2026,1,0,0,1,6.28
11905,Product Manager,IT Operations,14.4,Master's,Tokyo,UK,Hybrid,Big Tech (FAANG+),Finance,66.5,7.5,,0,97000,128100,77700,Medium,Lead,2026,4,0,0,0,47.72
11906,Product Manager,Product Management,12.8,Master's,Berlin,UK,Fully Remote,Big Tech (FAANG+),E-commerce,59.5,2.7,C++|Azure|Java|AWS|TensorFlow|CUDA|React,7,,94700,98700,High,Lead,2026,5,1,1,0,17.31
11907,DevOps Engineer,AI Engineering,3.5,Bachelor's,San Francisco,USA,On-site,Big Tech (FAANG+),Healthcare,51.2,8.5,PyTorch|Docker|FastAPI|AutoGen|BERT|C++|Python|CUDA|SQL,9,45100,56800,101200,High,Lead,2026,1,1,1,1,11.72
11908,Machine Learning Engineer,Data Science,4.9,Associate's,Tokyo,China,Fully Remote,Mid-size,Education,58.7,1.4,BERT|Azure|Airflow|Python|FastAPI,5,,68400,73700,High,Lead,2026,2,0,1,0,43.92
11909,DevOps Engineer,Software Engineering,3.1,High School,Beijing,Germany,On-site,Startup,E-commerce,60.1,7.8,AWS|CUDA|React|Docker|Python|C++|BERT|PyTorch|Airflow|Azure,10,74100,166000,93800,Medium,Mid,2026,2,0,0,1,23.17
11910,Data Analyst,AI Engineering,7.4,Associate's,Beijing,UK,Fully Remote,Enterprise,Automotive,58.3,2.9,Docker|SQL|AutoGen,3,24200,89600,29000,High,Junior,2026,6,0,0,1,32.71
11911,Data Scientist,AI Engineering,0.3,PhD,San Francisco,Germany,Hybrid,Startup,Automotive,54.6,5.4,Python|FastAPI|SQL|AutoGen|BERT,5,53100,116900,66700,Top,Senior,2026,2,1,0,1,13.31
11912,AI Agent Developer,Data Science,10.1,Bachelor's,Singapore,Germany,Fully Remote,Startup,Tech,76.3,7.3,React|BERT,2,64400,79500,95200,Low,Lead,2026,6,0,1,1,48.46
11913,Product Manager,Product Management,7.8,Master's,Ho Chi Minh City,UK,Hybrid,Startup,Finance,66.1,7.8,,0,28500,54100,76800,High,Mid,2026,9,1,0,0,23.7
11914,Software Engineer,AI Engineering,13.5,Bachelor's,San Francisco,UK,Fully Remote,Big Tech (FAANG+),Education,95.4,9,,0,37400,101600,111400,Low,Mid,2026,2,0,0,0,21.22
11915,Software Engineer,AI Engineering,2.5,Master's,New York,USA,Fully Remote,Enterprise,Automotive,59.4,3.5,AWS|Airflow|Docker|BERT|TensorFlow|CUDA|C++|SQL|React|AutoGen,10,,144000,51600,High,Lead,2026,7,0,0,0,3.23
11916,Machine Learning Engineer,Product Management,12.1,Bachelor's,Beijing,Singapore,Hybrid,Mid-size,Healthcare,80.1,3,React|TensorFlow|FastAPI|SQL|PyTorch,5,91300,159000,97300,Low,Senior,2026,11,1,1,1,35.4
11917,Software Engineer,Data Science,11.9,Master's,New York,China,Hybrid,Startup,Healthcare,95,10,Java|BERT,2,64700,154500,62800,Medium,Lead,2026,1,0,0,1,27.05
11918,Data Analyst,AI Engineering,1.9,Associate's,Singapore,Vietnam,On-site,Startup,E-commerce,52.4,2.9,CUDA|Python|AWS|BERT,4,35500,126200,87400,Top,Mid,2026,9,1,0,0,48.31
11919,Product Manager,Product Management,6,Associate's,Singapore,China,Hybrid,Big Tech (FAANG+),Automotive,75.8,7,PyTorch|C++|Azure|SQL|Java|CUDA|Python|FastAPI,8,,122600,53300,Low,Senior,2026,4,1,1,0,6.38
11920,DevOps Engineer,AI Engineering,2.6,Associate's,Berlin,Vietnam,Hybrid,Big Tech (FAANG+),Education,72.5,9.6,PyTorch|BERT,2,32600,63500,78600,High,Junior,2026,5,1,1,0,19.55
11921,Data Analyst,Software Engineering,3.8,Associate's,New York,UK,On-site,Enterprise,Education,96.4,9.1,BERT|AutoGen|Python|CUDA|SQL|C++|TensorFlow|Azure|FastAPI|AWS,10,,,96900,Medium,Junior,2026,4,0,1,1,12.7
11922,Machine Learning Engineer,IT Operations,3.9,Bachelor's,Singapore,Germany,Hybrid,Mid-size,Automotive,83.2,5,BERT|PyTorch|AWS|TensorFlow,4,38900,140100,94400,Top,Junior,2026,10,1,1,0,33.38
11923,Data Analyst,Software Engineering,8.3,Master's,Singapore,China,Hybrid,Mid-size,Tech,67.5,6.7,FastAPI|AutoGen|CUDA|React|AWS|TensorFlow|PyTorch|Docker,8,65800,157500,78000,Medium,Junior,2026,9,1,0,1,3.58
11924,DevOps Engineer,AI Engineering,6.2,Associate's,Singapore,Germany,Fully Remote,Big Tech (FAANG+),Tech,85.6,5.8,PyTorch|SQL|Java|C++|Docker|React|CUDA|TensorFlow|Azure,9,21800,97300,95500,Medium,Lead,2026,1,1,0,1,49.63
11925,Data Scientist,Data Science,14.2,Bachelor's,San Francisco,China,On-site,Enterprise,Tech,79.1,4.1,Airflow|FastAPI|PyTorch|CUDA|AWS|AutoGen|BERT|Azure,8,71700,83500,91100,Low,Mid,2026,10,1,0,1,35.72
11926,Machine Learning Engineer,IT Operations,1.9,Master's,London,Singapore,On-site,Startup,Automotive,67.4,2.3,AutoGen|Python|FastAPI|TensorFlow|BERT|Airflow,6,13900,63200,67500,Top,Mid,2026,6,0,0,1,19.06
11927,Data Scientist,Software Engineering,14.6,Bachelor's,Singapore,Japan,Fully Remote,Enterprise,E-commerce,89.3,8.2,AutoGen|CUDA|SQL|Airflow|Docker|FastAPI|React,7,48500,100000,79700,Medium,Mid,2026,12,1,0,1,18.42
11928,AI Agent Developer,Product Management,3.5,Associate's,Singapore,China,On-site,Mid-size,Education,83.4,1.8,Airflow|BERT,2,36100,147100,97100,High,Senior,2026,5,0,0,0,24.02
11929,Data Scientist,Data Science,11.6,PhD,New York,Germany,Fully Remote,Big Tech (FAANG+),E-commerce,50.3,6.5,C++|Python,2,69900,80500,121600,Medium,Junior,2026,8,0,1,1,34.89
11930,AI Agent Developer,Software Engineering,5.1,Bachelor's,Beijing,Japan,Hybrid,Startup,E-commerce,93.3,6.3,,0,78800,126800,88800,High,Senior,2026,2,1,0,1,29.57
11931,AI Agent Developer,Product Management,2.1,Associate's,New York,USA,On-site,Startup,E-commerce,69.9,4,Java|C++|Airflow|AWS|Python|FastAPI|React|Azure,8,66200,146700,46200,Medium,Junior,2026,12,0,1,0,24.2
11932,Data Scientist,AI Engineering,12.9,High School,New York,Singapore,Hybrid,Mid-size,Healthcare,82.3,2.2,Java|Docker|AutoGen|Azure|SQL|React|BERT|FastAPI|C++,9,58900,84100,85100,Top,Senior,2026,4,0,0,1,9.77
11933,Machine Learning Engineer,Product Management,4.6,Master's,London,UK,On-site,Startup,Automotive,69.8,8.2,React,1,44600,93100,121100,Top,Mid,2026,5,1,0,0,8.69
11934,DevOps Engineer,Software Engineering,9.9,Associate's,London,USA,Hybrid,Enterprise,Finance,94.1,5.2,AWS|PyTorch|Airflow|AutoGen,4,76800,151000,58800,Top,Mid,2026,8,1,1,1,45.79
11935,Data Analyst,Software Engineering,8.5,High School,San Francisco,USA,On-site,Mid-size,Automotive,82.5,7.5,FastAPI|AWS,2,30000,114900,42300,Low,Mid,2026,1,0,1,0,27.58
11936,Data Analyst,AI Engineering,7.1,Bachelor's,Ho Chi Minh City,China,On-site,Mid-size,E-commerce,79,1.1,Docker|Airflow,2,,165200,87700,Medium,Senior,2026,7,0,1,0,29
11937,DevOps Engineer,Product Management,7.4,Bachelor's,Beijing,UK,Hybrid,Startup,Healthcare,99,1.7,CUDA|Airflow|AWS|BERT|PyTorch|Docker|AutoGen|Azure,8,71700,102400,76500,Top,Lead,2026,8,1,0,1,21.64
11938,Product Manager,Product Management,11,High School,Singapore,Singapore,Fully Remote,Mid-size,Healthcare,64,2.6,BERT|TensorFlow|Python|SQL|Docker|React|AWS|CUDA|FastAPI,9,68300,147000,77200,High,Mid,2026,1,0,1,1,35.41
11939,Product Manager,AI Engineering,1.3,High School,San Francisco,Japan,On-site,Big Tech (FAANG+),Automotive,53.3,2,AutoGen|TensorFlow|Java,3,,54500,70000,High,Mid,2026,5,0,1,1,40.08
11940,AI Agent Developer,Product Management,10,Master's,Ho Chi Minh City,China,Fully Remote,Enterprise,Finance,75.8,2.7,FastAPI|Java|TensorFlow,3,60000,131600,61200,Medium,Junior,2026,6,0,0,0,20.56
11941,AI Agent Developer,AI Engineering,13.4,Bachelor's,Singapore,Vietnam,Fully Remote,Mid-size,E-commerce,71.2,7.2,Docker|BERT|TensorFlow|SQL|AWS|Python|PyTorch|C++,8,67800,84900,57200,Top,Senior,2026,10,1,1,0,2.63
11942,Machine Learning Engineer,Data Science,0.9,High School,Singapore,China,Fully Remote,Big Tech (FAANG+),Healthcare,72.7,1.4,CUDA|Java|React|AWS|Docker|PyTorch|Python,7,47300,49100,82300,Low,Senior,2026,5,1,0,0,12.62
11943,Software Engineer,Software Engineering,2.1,PhD,London,Japan,Fully Remote,Startup,E-commerce,81,1.3,Docker|AWS|Python|CUDA|Airflow,5,78500,,92900,Top,Mid,2026,9,1,1,1,41.08
11944,Data Scientist,Data Science,10.7,PhD,Singapore,Germany,Fully Remote,Mid-size,E-commerce,80.8,1.3,SQL,1,91100,94700,66100,Medium,Lead,2026,4,1,1,1,28.01
11945,AI Agent Developer,IT Operations,6.6,High School,Singapore,Singapore,Fully Remote,Big Tech (FAANG+),Education,69.6,7.3,Docker|Airflow|C++|AutoGen|PyTorch|SQL|BERT|TensorFlow|AWS|Java,10,,,107800,Low,Senior,2026,2,1,1,0,44.06
11946,Data Analyst,IT Operations,6.1,Master's,New York,Singapore,On-site,Startup,E-commerce,93.1,5.8,Azure|C++|Java|FastAPI|CUDA|React|AWS|AutoGen|TensorFlow,9,42100,96200,76100,High,Lead,2026,9,1,1,1,19.09
11947,Machine Learning Engineer,IT Operations,2.1,Bachelor's,London,China,Fully Remote,Big Tech (FAANG+),Tech,82.6,4.3,C++|Docker|Java|AutoGen|BERT|SQL|CUDA|AWS|FastAPI|PyTorch,10,27700,24700,94200,Top,Lead,2026,2,1,1,0,15.75
11948,Data Scientist,AI Engineering,7.6,PhD,Berlin,Vietnam,On-site,Startup,Education,94.5,7.1,Python|SQL|AutoGen|PyTorch|FastAPI|TensorFlow|BERT|React,8,36900,87400,64400,Top,Mid,2026,2,0,1,1,0.07
11949,Machine Learning Engineer,Product Management,1.9,High School,New York,China,On-site,Enterprise,E-commerce,95.7,6,Python|C++|PyTorch|React|CUDA|AWS|Airflow|FastAPI|SQL|TensorFlow,10,,100300,78700,High,Lead,2026,12,1,0,1,9.01
11950,Data Scientist,Data Science,7.1,High School,Ho Chi Minh City,Japan,On-site,Mid-size,E-commerce,58.4,1.1,SQL|AWS,2,59400,126200,83800,Medium,Senior,2026,6,1,1,1,16.76
11951,Data Scientist,Data Science,11.5,Associate's,New York,Singapore,Hybrid,Enterprise,Finance,84,8.5,C++|React|Azure|Java|TensorFlow|AWS|AutoGen|CUDA,8,46700,137500,72400,Low,Lead,2026,9,1,0,1,3.97
11952,DevOps Engineer,Data Science,3.9,High School,San Francisco,Vietnam,Fully Remote,Enterprise,Education,65.9,4.2,PyTorch|AWS|Airflow|Python|BERT|TensorFlow|React,7,62700,,45900,High,Junior,2026,5,0,0,0,30.23
11953,AI Agent Developer,Data Science,7.2,Master's,Berlin,UK,Hybrid,Mid-size,Education,91.8,4.6,Docker|React,2,,71000,106800,Low,Senior,2026,10,0,1,1,49.49
11954,Machine Learning Engineer,IT Operations,14.9,PhD,London,Japan,Fully Remote,Enterprise,Finance,86.6,8,PyTorch,1,41900,68200,71600,Medium,Mid,2026,2,0,1,1,2.91
11955,Machine Learning Engineer,Data Science,10.3,Associate's,Beijing,Singapore,Hybrid,Enterprise,Tech,59.9,2.7,Java|Docker,2,62900,61200,24700,Low,Senior,2026,12,1,0,0,19.59
11956,DevOps Engineer,Product Management,12.6,PhD,Singapore,China,On-site,Big Tech (FAANG+),Education,96.9,1.1,FastAPI|Azure|TensorFlow|BERT|Docker|SQL|Java|React|AWS|C++,10,43400,35200,kp5io0nh50dpgbq,Low,Senior,2026,6,0,1,1,20
11957,Data Analyst,IT Operations,6.2,PhD,Tokyo,Singapore,Hybrid,Startup,Tech,84.2,9.2,React|PyTorch|Azure|AWS|Python|Airflow|Java|TensorFlow|SQL,9,24200,119400,114800,Top,Lead,2026,1,1,0,0,3.49
11958,Data Analyst,Data Science,11.5,Master's,Beijing,Vietnam,On-site,Enterprise,E-commerce,97.4,5.5,C++,1,94600,205000,105100,High,Junior,2026,10,1,0,1,9.27
11959,Product Manager,AI Engineering,0.6,High School,Beijing,Japan,Hybrid,Mid-size,Healthcare,60.1,4.1,FastAPI|TensorFlow|AWS|C++|AutoGen|PyTorch|Docker|Azure|CUDA|React,10,68800,134800,81900,Low,Lead,2026,10,0,0,0,22.64
11960,AI Agent Developer,Software Engineering,1.8,Master's,Singapore,UK,Fully Remote,Big Tech (FAANG+),Healthcare,93.5,8.4,FastAPI|C++|TensorFlow|Python|PyTorch|AutoGen|AWS|Docker,8,53300,139000,96200,Low,Lead,2026,3,0,1,0,47.78
11961,AI Agent Developer,Software Engineering,3,High School,London,Germany,Fully Remote,Startup,Automotive,83.4,1.2,TensorFlow|AWS|Python|PyTorch|AutoGen|FastAPI|BERT,7,67800,118500,110400,High,Lead,2026,3,1,1,0,28.51
11962,Software Engineer,Software Engineering,6,Associate's,Beijing,USA,Hybrid,Enterprise,Healthcare,77.6,2.8,Azure|Airflow|Python|FastAPI|C++|TensorFlow|PyTorch|BERT,8,58300,46100,77900,High,Lead,2026,10,1,1,0,4.99
11963,DevOps Engineer,IT Operations,12.7,Master's,Berlin,Vietnam,Hybrid,Enterprise,Healthcare,91,2.4,CUDA|Java|C++|AWS|AutoGen,5,18200,87600,101500,Medium,Lead,2026,6,0,0,1,37.11
11964,Data Analyst,Data Science,5.2,Master's,Singapore,Germany,Fully Remote,Mid-size,Finance,81.6,7.6,FastAPI|Python,2,53100,127900,55100,High,Senior,2026,4,1,0,1,42.86
11965,Data Scientist,IT Operations,9.8,Bachelor's,London,UK,Hybrid,Enterprise,Automotive,83.5,3.8,PyTorch|Python|FastAPI|BERT|CUDA|TensorFlow|Airflow|AWS|Java,9,35500,48900,48400,Low,Junior,2026,11,0,1,0,40.41
11966,Machine Learning Engineer,Product Management,10.6,Master's,San Francisco,Germany,Hybrid,Mid-size,Automotive,62.7,8,SQL|Airflow|TensorFlow|C++|CUDA,5,52300,80700,75400,Top,Junior,2026,11,0,0,0,40.92
11967,AI Agent Developer,AI Engineering,8.8,Bachelor's,Beijing,China,Fully Remote,Enterprise,Finance,90.9,1.4,PyTorch|React|Airflow|AutoGen|Azure|FastAPI,6,58100,47600,93500,Medium,Junior,2026,8,1,0,0,40.59
11968,Machine Learning Engineer,AI Engineering,5.4,High School,Singapore,USA,On-site,Enterprise,Healthcare,82.5,6.5,PyTorch|React|SQL|Airflow|Azure|Docker,6,69000,80100,106500,High,Mid,2026,7,1,1,1,11.14
11969,Machine Learning Engineer,Software Engineering,8.7,High School,Tokyo,Vietnam,Fully Remote,Mid-size,Healthcare,92.2,3.9,,0,30300,179400,72500,High,Junior,2026,9,0,0,0,29.71
11970,Software Engineer,Software Engineering,5.1,High School,Ho Chi Minh City,Japan,Fully Remote,Startup,Automotive,67.6,2.7,Java|TensorFlow|React|Airflow|C++|AWS|CUDA|Python|BERT|Azure,10,31000,164900,54300,High,,2026,5,1,1,1,8.13
11971,Data Analyst,Software Engineering,1.3,Bachelor's,London,Singapore,Hybrid,Big Tech (FAANG+),Healthcare,66.6,8.4,Java|Airflow|AWS|TensorFlow|Docker,5,40500,106500,129000,Medium,Lead,2026,11,0,0,0,16.42
11972,AI Agent Developer,Data Science,14.9,High School,London,UK,Fully Remote,Mid-size,Automotive,51.2,4.7,CUDA|Docker|BERT|Azure|Airflow|SQL,6,79300,162500,70200,Medium,Lead,2026,5,0,0,1,20.86
11973,Machine Learning Engineer,Product Management,1.9,PhD,New York,USA,Fully Remote,Startup,Healthcare,88.4,6.1,,0,42700,126800,49900,High,Senior,2026,5,1,1,1,21.6
11974,AI Agent Developer,Product Management,1.1,Master's,San Francisco,UK,Hybrid,Startup,E-commerce,66.5,1.3,FastAPI|Python|CUDA|SQL,4,,89900,89500,Medium,Lead,2026,9,0,0,0,21.89
11975,Data Scientist,Product Management,13.2,Bachelor's,Singapore,Singapore,Hybrid,Mid-size,Finance,66.4,8.1,FastAPI,1,48900,50700,159400,Top,Lead,2026,2,1,0,0,39.18
11976,Software Engineer,Product Management,4.5,High School,Beijing,Germany,On-site,Big Tech (FAANG+),Education,84.4,3.6,React|CUDA|Java|AutoGen|TensorFlow|SQL|FastAPI,7,42100,,77300,Low,Junior,2026,7,1,1,0,31.01
11977,Data Scientist,Software Engineering,9.8,PhD,Ho Chi Minh City,UK,Fully Remote,Mid-size,Tech,62.6,7.2,AWS|Python|C++|React|Azure|Java|CUDA|Airflow,8,52700,88500,76900,Top,Junior,2026,10,0,0,1,32.09
11978,AI Agent Developer,AI Engineering,4.9,Master's,Singapore,UK,On-site,Enterprise,E-commerce,95.5,7.8,Python|Airflow,2,65800,84300,93900,Low,Junior,2026,3,0,0,0,38.43
11979,Product Manager,Software Engineering,5.9,Master's,Tokyo,Germany,On-site,Enterprise,Healthcare,76.9,2.1,Python|Airflow|React|TensorFlow|Azure|Java|AWS|PyTorch|FastAPI,9,63500,95500,98400,Medium,Mid,2026,8,0,0,0,10.35
11980,AI Agent Developer,Product Management,3.9,High School,Berlin,Germany,On-site,Startup,Tech,98.5,3.7,Airflow|C++|TensorFlow|Python|SQL,5,25800,58400,45700,High,Junior,2026,9,0,1,0,23.22
11981,Data Analyst,Software Engineering,5.1,PhD,London,Singapore,On-site,Enterprise,Education,53.8,7.5,AutoGen|Python|CUDA|Docker|SQL,5,56700,48200,112300,Medium,Junior,2026,11,1,0,0,42.76
11982,Machine Learning Engineer,Product Management,6.2,Bachelor's,Berlin,USA,Fully Remote,Big Tech (FAANG+),E-commerce,66.8,3.1,AWS|BERT,2,82600,45800,72000,Top,Junior,2026,11,0,1,0,35.29
11983,Machine Learning Engineer,IT Operations,10.8,High School,Berlin,Vietnam,Fully Remote,Mid-size,Education,69.1,8.6,Docker|Java|TensorFlow|C++,4,56100,117800,76700,Top,Junior,2026,10,1,0,0,44
11984,Data Scientist,AI Engineering,7.7,Master's,Berlin,Germany,Fully Remote,Big Tech (FAANG+),Finance,86.5,3.8,Docker|Java|BERT|C++,4,72600,61700,46700,Medium,Junior,2026,9,0,1,1,22.66
11985,Software Engineer,IT Operations,14.2,Master's,San Francisco,USA,On-site,Startup,Tech,60.6,4.6,TensorFlow|SQL|Azure|FastAPI|BERT,5,84800,108400,66900,High,Senior,2026,5,1,0,1,38.29
11986,Product Manager,Data Science,0.6,Master's,New York,Singapore,Hybrid,Enterprise,Education,68.8,1.9,FastAPI|AWS|Airflow|C++|CUDA|Python|Docker|BERT|React,9,53300,101900,110600,High,Senior,2026,10,0,0,0,13.3
11987,DevOps Engineer,Software Engineering,7.5,High School,Singapore,UK,Fully Remote,Enterprise,Tech,95.5,2.3,TensorFlow|FastAPI|Azure,3,48800,113800,103700,Low,Senior,2026,11,0,1,1,43.39
11988,Machine Learning Engineer,Data Science,8.8,Associate's,Berlin,UK,On-site,Mid-size,Finance,55.7,3.5,Azure|AWS|C++|Java|AutoGen|Airflow|PyTorch|Docker|React,9,58600,,86500,Top,,2026,11,0,1,1,14.83
11989,Data Analyst,Software Engineering,13.8,Associate's,Beijing,Japan,On-site,Big Tech (FAANG+),Education,87.3,1.4,Airflow|Docker,2,75700,56200,13200,Low,Lead,2026,12,0,1,1,17.03
11990,Data Scientist,IT Operations,0.7,Associate's,Beijing,China,On-site,Big Tech (FAANG+),E-commerce,85.1,2.7,BERT|Python|CUDA|PyTorch|AWS,5,46800,169300,57100,Medium,Mid,2026,9,0,0,0,35.88
11991,Data Scientist,Product Management,8.6,PhD,Ho Chi Minh City,Germany,On-site,Mid-size,Tech,56.5,4.7,,0,27100,71900,85900,Low,Lead,2026,3,1,0,0,37.39
11992,DevOps Engineer,Product Management,12.8,High School,Ho Chi Minh City,Singapore,On-site,Enterprise,Education,84.4,4.4,Docker|Airflow|CUDA|React|PyTorch|TensorFlow|Azure,7,57200,177400,64300,High,,2026,8,0,1,0,2.63
11993,Data Analyst,Software Engineering,3.6,Master's,Tokyo,USA,On-site,Startup,Finance,78.5,2.8,SQL|CUDA|FastAPI,3,68600,46500,91400,Top,Senior,2026,7,0,0,0,7.51
11994,Software Engineer,Product Management,13.1,PhD,Berlin,Japan,Fully Remote,Startup,Education,64.4,1.7,,0,58000,59400,95000,High,Junior,2026,4,0,1,0,12.49
11995,Data Analyst,IT Operations,0.3,Associate's,Berlin,USA,Hybrid,Mid-size,Education,65.6,3.9,React|C++|Airflow|Python|TensorFlow|BERT|Azure|PyTorch|AutoGen,9,58800,28200,110200,Low,Junior,2026,12,0,0,1,49.99
11996,Software Engineer,Product Management,11,Bachelor's,New York,Vietnam,Fully Remote,Mid-size,E-commerce,91.6,7.7,CUDA|TensorFlow|PyTorch|Java|Airflow|AWS|FastAPI|React|C++|Docker,10,49200,103300,29900,Medium,Mid,2026,9,1,1,1,41.12
11997,Data Analyst,IT Operations,14,PhD,Singapore,Japan,Fully Remote,Mid-size,Healthcare,61.6,5.6,Docker|CUDA|Python|Java|React|FastAPI|BERT|AutoGen|Azure,9,45300,126000,65800,Low,Mid,2026,7,0,1,0,35.75
11998,Data Analyst,Data Science,9.9,PhD,Berlin,Singapore,On-site,Big Tech (FAANG+),Automotive,75.6,9.5,AutoGen|Airflow|BERT|SQL,4,75400,41000,55800,High,Junior,2026,8,0,0,0,48.17
11999,AI Agent Developer,IT Operations,6.6,High School,Berlin,USA,Fully Remote,Enterprise,Healthcare,84.1,2.3,Azure|React,2,14300,,60900,Top,Mid,2026,11,0,0,1,34.36
12000,Data Scientist,AI Engineering,0.7,PhD,San Francisco,Germany,Hybrid,Enterprise,Healthcare,56.5,2.9,Python|CUDA|Airflow|PyTorch|BERT|C++,6,51800,83500,73000,Low,,2026,8,0,1,0,34.58
12001,Data Analyst,AI Engineering,13.8,High School,Singapore,USA,Hybrid,Mid-size,Automotive,96.6,3.5,React|SQL|PyTorch|Python|Airflow,5,30400,,81100,Top,Senior,2026,3,1,1,0,44.91
12002,DevOps Engineer,AI Engineering,7.1,Bachelor's,Berlin,China,On-site,Startup,Education,63,1.1,SQL|C++|BERT|AutoGen|Docker|PyTorch|Airflow|Python|FastAPI|Azure,10,49300,95900,91400,Top,Mid,2026,7,0,0,1,15.1
12003,Data Analyst,Software Engineering,0.4,Master's,London,UK,Hybrid,Big Tech (FAANG+),Healthcare,65.9,9.5,,0,55300,136800,55700,Low,Senior,2026,8,0,1,0,0.09
12004,Machine Learning Engineer,Software Engineering,10.3,Master's,London,UK,On-site,Mid-size,Healthcare,83.3,5,Azure|CUDA|Airflow|Python|AWS|BERT|FastAPI|C++|React,9,60100,158600,67000,High,,2026,3,1,1,1,35.75
12005,Data Scientist,Software Engineering,7.2,Associate's,San Francisco,Japan,Hybrid,Big Tech (FAANG+),Finance,53.9,5.3,React|PyTorch|BERT|TensorFlow|Docker,5,,33300,78200,Medium,Senior,2026,9,1,0,0,7.81
12006,Machine Learning Engineer,IT Operations,1.9,Associate's,San Francisco,USA,Hybrid,Mid-size,Finance,81.4,2.4,AutoGen|TensorFlow|Python,3,77800,140900,76800,High,,2026,10,0,1,1,14.36
12007,Data Scientist,Software Engineering,3.2,Bachelor's,New York,USA,Fully Remote,Big Tech (FAANG+),E-commerce,95.8,8.9,AWS|SQL|Airflow|AutoGen,4,52100,132000,60800,Low,Lead,2026,4,1,0,0,41.13
12008,Machine Learning Engineer,Data Science,1,Master's,San Francisco,USA,Hybrid,Startup,Tech,62.5,7.2,Python|C++|Airflow|FastAPI|Azure|React|BERT|Java,8,28800,85200,59600,Top,Lead,2026,10,1,0,0,38.9
12009,Data Analyst,AI Engineering,8.6,Associate's,New York,USA,On-site,Startup,Education,68.1,4.9,,0,70700,31200,70200,High,Mid,2026,7,0,0,0,23.74
12010,Data Analyst,IT Operations,9.3,PhD,San Francisco,China,Hybrid,Startup,E-commerce,61.6,8.9,FastAPI|Java|Airflow|Python|Azure|C++,6,56700,113300,38000,Medium,,2026,8,1,0,1,5.22
12011,AI Agent Developer,AI Engineering,7.6,High School,San Francisco,Germany,Hybrid,Startup,Finance,90.9,9.1,Docker|AWS|FastAPI|TensorFlow|Azure|SQL|C++|React|CUDA,9,30800,32100,42500,Top,Senior,2026,8,0,1,0,14.92
12012,DevOps Engineer,Software Engineering,12.3,Associate's,Beijing,China,Fully Remote,Enterprise,Finance,58.4,1.4,AWS|SQL|CUDA|BERT|AutoGen|Airflow|C++,7,64600,112600,70400,Medium,Senior,2026,5,0,1,0,23.78
12013,Machine Learning Engineer,IT Operations,12.9,Bachelor's,New York,Singapore,On-site,Enterprise,Automotive,67.3,2.1,C++|CUDA|SQL|PyTorch|Docker|BERT,6,38800,76500,76900,Top,Junior,2026,7,1,0,0,38.41
12014,Software Engineer,Product Management,9.2,Master's,Tokyo,Singapore,On-site,Big Tech (FAANG+),Automotive,80.1,1.2,C++|Airflow|BERT,3,68700,66000,104300,Medium,Lead,2026,8,1,1,0,49.24
12015,AI Agent Developer,Data Science,0.2,Bachelor's,Beijing,China,On-site,Mid-size,Finance,70.2,6.2,Airflow|AWS|Python|Azure|C++|FastAPI|React|SQL|TensorFlow|Java,10,24800,111300,34900,Medium,Senior,2026,11,0,0,1,31.28
12016,Machine Learning Engineer,Software Engineering,10.4,High School,San Francisco,China,Fully Remote,Enterprise,Healthcare,53.3,3,SQL,1,47500,192200,86000,Low,Mid,2026,2,0,0,0,2.67
12017,Machine Learning Engineer,Software Engineering,6.3,High School,Singapore,UK,Hybrid,Mid-size,E-commerce,97.4,8.6,React|SQL|AWS|PyTorch|Azure|Python|FastAPI,7,58600,,110200,Low,Junior,2026,10,1,1,0,11.06
12018,AI Agent Developer,Data Science,8.5,Bachelor's,Berlin,Singapore,On-site,Big Tech (FAANG+),Finance,66.9,5.2,Java|CUDA|FastAPI|PyTorch|AWS|React|Airflow|Docker|C++,9,28700,99700,82100,Top,Lead,2026,4,1,1,0,12.98
12019,Data Analyst,Data Science,9.7,Associate's,San Francisco,China,Hybrid,Mid-size,Education,72.3,8.5,C++|BERT|Azure|Python|TensorFlow|React|PyTorch|Java,8,60500,111800,58100,Low,Junior,2026,6,1,0,0,31.72
12020,Machine Learning Engineer,Product Management,5.3,Associate's,New York,USA,Hybrid,Startup,Finance,58.4,6,Azure|Docker|C++|Java|AWS|PyTorch,6,70700,95700,66500,Low,Senior,2026,9,1,0,0,0.92
12021,Data Analyst,Software Engineering,13.8,Master's,Tokyo,China,Hybrid,Startup,Automotive,93.3,8.2,C++|AWS|PyTorch|FastAPI|Java|TensorFlow|React,7,45900,88400,120400,Medium,Junior,2026,2,1,0,0,25.33
12022,AI Agent Developer,Software Engineering,2,Master's,New York,USA,Fully Remote,Enterprise,E-commerce,64.6,4.3,Azure|Docker|React|CUDA|PyTorch|Python|AutoGen|SQL|Java|TensorFlow,10,57900,164400,103100,Top,Mid,2026,7,0,0,0,49.79
12023,Data Analyst,AI Engineering,10.1,PhD,San Francisco,Japan,Hybrid,Big Tech (FAANG+),E-commerce,51,9.5,Python|BERT|React,3,34100,111400,58900,Medium,Mid,2026,2,1,1,0,38.43
12024,Data Scientist,IT Operations,0.1,PhD,New York,Singapore,Fully Remote,Enterprise,Tech,65.8,7,AWS|PyTorch|CUDA|React|FastAPI|AutoGen,6,107200,121000,56000,Low,Senior,2026,10,0,0,1,38.47
12025,Software Engineer,IT Operations,13.9,Master's,Beijing,Germany,Fully Remote,Enterprise,Finance,99.2,6.4,PyTorch|AutoGen|Docker|Airflow,4,,116300,85100,Low,Junior,2026,2,1,1,1,37.27
12026,Product Manager,AI Engineering,1.7,PhD,Singapore,UK,Fully Remote,Enterprise,Tech,57.3,4.2,BERT|React|FastAPI|Java|Docker|AWS|AutoGen,7,56600,97600,86400,High,Senior,2026,1,1,0,1,34.17
12027,Machine Learning Engineer,IT Operations,1.4,Bachelor's,Singapore,Germany,On-site,Big Tech (FAANG+),Automotive,51.6,9.4,Airflow|Java|AutoGen|AWS|React|FastAPI|Python,7,44600,58200,110300,Medium,Lead,2026,9,1,0,0,14.92
12028,DevOps Engineer,Data Science,5,Associate's,Beijing,Japan,Fully Remote,Startup,Tech,78.9,4,C++|AutoGen|CUDA|Java|FastAPI|Azure|BERT,7,36800,65400,69800,Low,Senior,2026,6,0,0,0,39.15
12029,Software Engineer,IT Operations,5.6,PhD,San Francisco,Germany,On-site,Startup,Healthcare,68.6,8.5,Python|PyTorch|TensorFlow|AWS|Airflow|Java,6,69300,112600,rdxa5zomeng8jzn,Top,Senior,2026,2,1,0,1,32.29
12030,Product Manager,IT Operations,3.2,PhD,Ho Chi Minh City,UK,Fully Remote,Enterprise,Finance,89.7,4.6,Docker|CUDA|SQL|PyTorch|TensorFlow|BERT,6,1900,124000,68200,Top,Lead,2026,10,0,1,1,11.45
12031,Data Analyst,AI Engineering,8.8,Bachelor's,Beijing,USA,Fully Remote,Mid-size,Finance,86.6,7.9,Java|AutoGen|PyTorch,3,13500,52000,63000,Low,Junior,2026,4,0,0,0,48.95
12032,Machine Learning Engineer,Product Management,6.6,High School,Beijing,Japan,Fully Remote,Startup,E-commerce,59.3,9.2,AWS|AutoGen|Airflow|Python|Java|C++|Docker|CUDA|TensorFlow,9,56400,72300,7200,Low,Mid,2026,4,0,0,1,49.23
12033,Data Analyst,IT Operations,0.5,Master's,London,Japan,Fully Remote,Startup,Tech,78.2,5.2,Java|Python|BERT|AWS|Azure|React|Docker|C++|Airflow,9,42600,78200,68100,Low,Mid,2026,12,1,1,1,18.7
12034,Data Scientist,IT Operations,4.8,Bachelor's,San Francisco,USA,Hybrid,Big Tech (FAANG+),E-commerce,51.6,5.7,Python|FastAPI|CUDA|BERT|C++|React|SQL|AutoGen|AWS,9,66900,62400,99000,Top,Junior,2026,7,1,0,0,37.66
12035,AI Agent Developer,Product Management,12.2,High School,New York,USA,Hybrid,Startup,Education,72,4,,0,39600,17700,93700,Low,Senior,2026,7,1,0,0,34.07
12036,Machine Learning Engineer,AI Engineering,10.3,Bachelor's,Beijing,UK,Fully Remote,Startup,Tech,85.7,1.5,CUDA|FastAPI|BERT|Python,4,16600,47400,66900,Medium,Mid,2026,4,1,1,0,29.2
12037,Product Manager,Product Management,10.9,Associate's,New York,Singapore,Hybrid,Enterprise,Tech,70.7,6.9,AWS|C++|BERT|AutoGen|PyTorch|React,6,48700,98300,64300,High,Senior,2026,5,1,0,1,9.04
12038,Product Manager,AI Engineering,10.5,Bachelor's,New York,China,On-site,Enterprise,Automotive,55.9,2.1,Azure|AutoGen|BERT|React|Python|AWS|PyTorch|Java,8,44600,122600,62000,High,Lead,2026,11,1,1,1,23.39
12039,Data Scientist,Data Science,4.7,Bachelor's,London,Singapore,Hybrid,Big Tech (FAANG+),Tech,53.1,4.2,FastAPI|TensorFlow|PyTorch|AutoGen,4,,72500,61500,High,Mid,2026,12,1,0,0,36.5
12040,Data Scientist,AI Engineering,1.5,Associate's,San Francisco,Vietnam,Hybrid,Big Tech (FAANG+),E-commerce,92.7,4.1,,0,65700,118100,95100,Medium,Senior,2026,12,0,1,1,49.42
12041,Machine Learning Engineer,Data Science,4.1,Master's,New York,China,Hybrid,Mid-size,Education,94.6,2.4,FastAPI|React|Azure|Airflow|Docker|Java|C++|TensorFlow|AutoGen,9,57100,103800,108900,Low,Senior,2026,9,0,0,0,30.68
12042,Data Analyst,Data Science,12.5,High School,Tokyo,Singapore,Fully Remote,Startup,Tech,67.2,7,CUDA|Java|Docker|FastAPI|AutoGen|React|BERT|AWS|C++|PyTorch,10,30300,127800,93800,High,Senior,2026,6,1,0,0,37.61
12043,DevOps Engineer,AI Engineering,14.7,PhD,Beijing,China,On-site,Enterprise,Tech,58.2,2.6,Docker|CUDA,2,19300,165900,56900,Top,,2026,2,1,0,0,45.69
12044,Product Manager,Software Engineering,7.4,Master's,New York,Germany,Fully Remote,Enterprise,Finance,98.9,8,TensorFlow|AutoGen,2,57100,64800,54600,Low,Senior,2026,2,0,0,1,30.69
12045,Product Manager,AI Engineering,0.1,Bachelor's,Ho Chi Minh City,Vietnam,On-site,Startup,Finance,77.3,3.2,C++|React,2,30900,80800,111500,Top,Mid,2026,3,0,1,0,38.23
12046,Data Scientist,IT Operations,2.1,PhD,Ho Chi Minh City,USA,Fully Remote,Big Tech (FAANG+),Education,73.8,3.6,,0,,50800,77000,High,Mid,2026,11,1,1,0,22.9
12047,Software Engineer,IT Operations,4.8,Associate's,London,China,Hybrid,Enterprise,Finance,87.1,4.1,C++|AutoGen,2,47800,160400,56700,Medium,Mid,2026,7,1,0,0,14.59
12048,Data Scientist,Software Engineering,8.7,Master's,Tokyo,Singapore,On-site,Big Tech (FAANG+),Healthcare,58.4,2.4,Docker|SQL|Java|FastAPI|TensorFlow,5,50900,82500,77300,High,Mid,2026,2,0,1,1,24.65
12049,DevOps Engineer,Data Science,1.1,High School,Singapore,UK,Hybrid,Enterprise,Finance,79,4.9,PyTorch|Airflow|CUDA|AWS|FastAPI|C++,6,60100,109500,41500,High,Junior,2026,1,1,0,0,4.45
12050,Data Analyst,Software Engineering,14.2,Master's,Singapore,China,On-site,Enterprise,Healthcare,94.5,1.7,SQL|TensorFlow|PyTorch|Airflow|React|Java|Azure|AutoGen|BERT,9,71100,125900,45500,Low,Lead,2026,4,1,0,0,46.5
12051,Data Analyst,IT Operations,5.5,Master's,Beijing,USA,On-site,Mid-size,Education,51.2,4.8,SQL|Azure|BERT|Docker,4,40700,157200,59700,Low,,2026,10,1,0,1,15.52
12052,Software Engineer,Software Engineering,13.7,PhD,San Francisco,Singapore,Fully Remote,Enterprise,Healthcare,83.6,4.1,Java|Docker|BERT,3,61800,40500,97400,High,Mid,2026,7,0,1,1,23.05
12053,Product Manager,AI Engineering,11.7,Associate's,London,China,Fully Remote,Startup,Education,77.6,4,FastAPI|TensorFlow,2,46500,137600,67800,Medium,Senior,2026,5,1,0,1,32.67
12054,Data Scientist,Software Engineering,11.3,Associate's,Ho Chi Minh City,Japan,Hybrid,Startup,E-commerce,97.5,6.9,Airflow|CUDA|AWS|Docker,4,73500,22000,92400,Top,Mid,2026,7,1,1,1,25.22
12055,Data Analyst,Data Science,9.1,Master's,Tokyo,Germany,Hybrid,Startup,Finance,62.9,7.9,Java|AutoGen|Airflow|CUDA,4,33000,54300,79500,Top,Senior,2026,7,0,0,0,14.14
12056,DevOps Engineer,AI Engineering,9.4,Associate's,Beijing,Germany,On-site,Big Tech (FAANG+),Tech,92.9,4.2,CUDA|SQL|Python|Azure|TensorFlow|C++|Docker|AutoGen|FastAPI|AWS,10,60500,91200,40500,Medium,Junior,2026,12,1,0,0,49.21
12057,Machine Learning Engineer,Product Management,9.6,PhD,New York,China,On-site,Enterprise,Automotive,65.4,3.4,Docker|React|SQL|CUDA|Python|C++|FastAPI|PyTorch,8,33500,99200,114400,Low,Lead,2026,7,0,1,0,42.41
12058,AI Agent Developer,IT Operations,9.4,PhD,Beijing,Germany,Fully Remote,Big Tech (FAANG+),Tech,71.5,5.4,AWS|React|TensorFlow|BERT,4,31900,160900,44700,High,Mid,2026,11,1,1,0,5.14
12059,AI Agent Developer,IT Operations,8.3,High School,Berlin,UK,Fully Remote,Mid-size,Finance,60.7,8.1,C++|Azure|SQL|CUDA|AWS|AutoGen|Docker|PyTorch,8,40900,101900,60400,High,Junior,2026,1,1,0,1,18.37
12060,AI Agent Developer,Software Engineering,14.8,Associate's,Beijing,Vietnam,Fully Remote,Enterprise,Tech,93.2,6.8,Java|CUDA|PyTorch|AutoGen|Docker|SQL,6,8000,98500,63200,High,Mid,2026,11,0,0,1,9.71
12061,Product Manager,AI Engineering,11,High School,New York,China,Fully Remote,Startup,Finance,59.8,1.3,Airflow|BERT|TensorFlow|FastAPI,4,69700,107600,94900,Top,Mid,2026,8,1,1,0,23.93
12062,Data Scientist,Product Management,11.7,Bachelor's,Berlin,UK,Fully Remote,Mid-size,Finance,93,5.3,Airflow|FastAPI|React|C++|BERT|Java|CUDA,7,32500,145600,59400,Medium,Junior,2026,6,1,1,0,10.44
12063,Software Engineer,AI Engineering,13.1,PhD,Singapore,Japan,On-site,Mid-size,Tech,72.8,9.9,CUDA|PyTorch|BERT|Airflow|React|Docker|Azure|C++,8,40800,71300,53200,Medium,Senior,2026,6,1,1,0,15.61
12064,Data Analyst,IT Operations,3.2,Master's,Tokyo,UK,On-site,Enterprise,Healthcare,91.8,4.2,BERT,1,30700,34300,96300,High,Senior,2026,10,1,0,0,26.04
12065,Machine Learning Engineer,AI Engineering,1.3,PhD,London,UK,Hybrid,Startup,E-commerce,63.2,5,Python|AutoGen|FastAPI|Azure,4,69000,103800,68000,High,Senior,2026,4,1,0,0,7.2
12066,DevOps Engineer,Product Management,7.2,Bachelor's,Tokyo,Japan,On-site,Big Tech (FAANG+),E-commerce,56.6,3.6,Python|PyTorch,2,55300,103400,90900,Medium,Mid,2026,12,1,1,1,43.05
12067,Machine Learning Engineer,Software Engineering,7.7,Master's,Beijing,USA,Fully Remote,Enterprise,E-commerce,77.7,5.5,FastAPI|Airflow|Java|TensorFlow|CUDA|AWS|C++|PyTorch|SQL|BERT,10,61000,92800,135300,Top,Senior,2026,9,0,1,0,18.13
12068,DevOps Engineer,Data Science,12.4,Associate's,Singapore,China,On-site,Startup,E-commerce,75.5,2.4,,0,53400,165600,64100,Low,Senior,2026,10,1,1,1,45.71
12069,Product Manager,AI Engineering,6.7,Associate's,London,China,On-site,Mid-size,Automotive,67.8,3.2,,0,53400,,86000,High,Mid,2026,9,0,0,1,1.5
12070,Data Scientist,Data Science,8.6,PhD,Beijing,China,On-site,Enterprise,Education,83.1,7.4,Azure|AutoGen|FastAPI|CUDA|PyTorch|BERT|TensorFlow|C++|React,9,56600,23900,44500,Medium,Junior,2026,11,0,1,1,38.59
12071,AI Agent Developer,IT Operations,7.9,Master's,Ho Chi Minh City,Vietnam,Hybrid,Mid-size,Finance,54.8,2.2,Java|Azure|Airflow|React|PyTorch|FastAPI|AWS|CUDA|Docker,9,69000,79900,60400,Top,Lead,2026,6,0,0,1,43.25
12072,Data Scientist,Software Engineering,0.6,Master's,Ho Chi Minh City,UK,Hybrid,Startup,Automotive,81.1,9.3,BERT|PyTorch|Airflow,3,27100,119900,82600,Low,Senior,2026,11,0,1,1,49.23
12073,Product Manager,Software Engineering,9.2,High School,New York,China,On-site,Big Tech (FAANG+),E-commerce,60.6,3.8,Airflow|BERT|Java|AWS,4,38600,116800,110900,Medium,Junior,2026,9,1,0,0,6.59
12074,Software Engineer,AI Engineering,12.4,Bachelor's,Singapore,Germany,On-site,Big Tech (FAANG+),E-commerce,56.4,6.2,SQL|CUDA|AutoGen|Java|BERT|AWS|Python,7,29000,144200,36400,High,Mid,2026,1,1,1,0,21.69
12075,Software Engineer,Software Engineering,2.4,Associate's,San Francisco,USA,Fully Remote,Mid-size,Tech,95.5,3.9,,0,62000,160400,84500,Medium,Mid,2026,7,0,1,0,38.02
12076,Product Manager,AI Engineering,8.9,PhD,Singapore,Japan,Hybrid,Mid-size,E-commerce,73,5.3,Airflow|PyTorch|Java|FastAPI|Python|AutoGen|AWS,7,58800,116100,46500,Top,Senior,2026,9,0,0,1,25.68
12077,DevOps Engineer,AI Engineering,8.9,Master's,San Francisco,Japan,Fully Remote,Mid-size,Finance,88.2,9.1,Azure|TensorFlow|Python|BERT|C++|CUDA|FastAPI,7,64400,124400,67700,High,,2026,5,1,0,1,41.04
12078,Data Analyst,Data Science,2.5,Associate's,Tokyo,Vietnam,Fully Remote,Enterprise,E-commerce,54.5,1.6,BERT|Docker|Azure|AWS|PyTorch,5,-1000,44900,60800,Medium,Junior,2026,6,1,1,1,49.2
12079,Data Analyst,Software Engineering,1.9,PhD,Ho Chi Minh City,Singapore,On-site,Startup,E-commerce,52.9,8.7,Docker|CUDA|BERT|TensorFlow|AWS|Azure|Java|React|Python|AutoGen,10,41300,72700,56100,Medium,Senior,2026,6,1,1,0,37.83
12080,DevOps Engineer,AI Engineering,14.7,Associate's,Berlin,Japan,On-site,Mid-size,Automotive,74.7,6,FastAPI|Azure|CUDA|Airflow|Docker|React|C++|AWS|TensorFlow,9,2400,77900,79400,High,Junior,2026,5,0,1,0,37.11
12081,Software Engineer,Data Science,5.9,PhD,Berlin,USA,On-site,Mid-size,Finance,65.8,7,CUDA,1,89000,,49900,High,Mid,2026,10,0,1,0,28.39
12082,Software Engineer,Product Management,3.4,Associate's,Singapore,Singapore,Fully Remote,Mid-size,Healthcare,50.2,1.5,C++|Docker|Python|AWS|SQL|BERT|PyTorch|AutoGen,8,52500,130400,-6200,Top,Junior,2026,9,0,0,0,23.16
12083,Software Engineer,Data Science,2.6,High School,Singapore,UK,Fully Remote,Big Tech (FAANG+),Tech,59.2,7.9,AWS|FastAPI,2,33700,105000,64100,High,Mid,2026,5,1,1,0,41.75
12084,Data Scientist,Data Science,10,Bachelor's,Beijing,Japan,Fully Remote,Mid-size,Healthcare,60.9,2.2,Python|Azure|AWS|AutoGen|CUDA|PyTorch|Docker|TensorFlow,8,47600,173400,54700,Top,Senior,2026,3,1,0,1,11.64
12085,Software Engineer,AI Engineering,9.1,Associate's,Singapore,Singapore,On-site,Startup,Education,64.4,9.7,,0,49600,126200,63700,Medium,Lead,2026,6,1,1,1,43.07
12086,Machine Learning Engineer,IT Operations,9.7,Bachelor's,London,Singapore,On-site,Big Tech (FAANG+),Automotive,93.9,8.2,BERT|Java|C++|AutoGen|Airflow|React|CUDA,7,89500,113000,54800,High,Junior,2026,6,1,1,0,41.87
12087,AI Agent Developer,IT Operations,1.3,Associate's,Berlin,Japan,On-site,Startup,E-commerce,71,5.4,Java|Azure|React|FastAPI|Docker,5,46200,162500,87300,Top,Lead,2026,1,1,0,0,36.86
12088,Software Engineer,IT Operations,13.4,Master's,Beijing,Germany,Fully Remote,Big Tech (FAANG+),Tech,84,9.3,SQL|Azure|C++|Docker|Java|FastAPI,6,53700,71200,89200,Medium,Junior,2026,11,1,1,0,34.79
12089,DevOps Engineer,Data Science,5.8,High School,San Francisco,UK,Fully Remote,Big Tech (FAANG+),Education,50.9,2.5,PyTorch|AWS,2,38100,27300,42400,Low,,2026,4,1,1,0,0.4
12090,AI Agent Developer,AI Engineering,4.7,High School,London,China,Hybrid,Enterprise,Education,90.7,9.9,CUDA|AutoGen,2,92200,137600,104400,Medium,Lead,2026,10,0,0,0,49.52
12091,Data Scientist,Software Engineering,6.9,Bachelor's,Singapore,USA,On-site,Big Tech (FAANG+),Finance,62,7.5,FastAPI|Java|AWS,3,81400,116600,91400,High,Lead,2026,12,0,1,1,19.6
12092,DevOps Engineer,Data Science,5.9,Master's,Singapore,Japan,Fully Remote,Big Tech (FAANG+),Tech,65.5,1.9,TensorFlow|AWS|Airflow|CUDA|Docker|AutoGen|FastAPI|SQL,8,10900,94600,63200,Top,Senior,2026,10,0,1,1,18.99
12093,AI Agent Developer,Data Science,13,PhD,Ho Chi Minh City,Germany,Hybrid,Startup,Education,52.3,5.8,CUDA|PyTorch|Airflow|BERT|AWS|TensorFlow|Java|FastAPI|Docker,9,67100,80800,71500,Low,Lead,2026,1,0,1,1,49.42
12094,DevOps Engineer,AI Engineering,13.9,High School,Beijing,USA,Fully Remote,Startup,Automotive,70.5,7.4,Python|SQL|AutoGen|React|BERT|FastAPI,6,59000,70900,98400,Top,Lead,2026,6,0,1,0,12.09
12095,Data Scientist,Product Management,4.6,Master's,London,Singapore,Fully Remote,Mid-size,E-commerce,92.6,6.5,Java|C++|FastAPI|Python|BERT|Docker|PyTorch|Azure|AutoGen|TensorFlow,10,34500,99700,63500,Top,Senior,2026,2,0,0,1,47.66
12096,Machine Learning Engineer,Data Science,13,Master's,New York,Vietnam,On-site,Enterprise,Automotive,68.9,4.8,AutoGen|FastAPI|Java,3,30100,108400,93300,Low,Lead,2026,5,1,1,1,19.26
12097,Data Scientist,Product Management,11.7,Bachelor's,Singapore,Germany,Hybrid,Big Tech (FAANG+),Education,95.4,3.2,C++,1,9400,128000,82200,Low,Lead,2026,3,0,1,1,4.91
12098,Data Scientist,Product Management,14,Master's,Tokyo,Singapore,Fully Remote,Enterprise,Finance,93.4,3.1,Docker|AWS|Airflow,3,62900,42600,95700,Top,Senior,2026,6,0,1,1,26.15
12099,DevOps Engineer,IT Operations,3.7,Master's,Tokyo,Vietnam,Hybrid,Mid-size,Healthcare,53.1,9.3,Azure|Java|AWS|FastAPI,4,22800,144400,89400,High,Lead,2026,9,0,1,1,35.31
12100,Product Manager,AI Engineering,8.7,PhD,Singapore,Japan,Hybrid,Enterprise,E-commerce,65.3,3.1,Airflow|Python,2,56200,92100,59700,Low,Junior,2026,12,0,0,0,30.45
12101,Data Analyst,Product Management,4.1,Bachelor's,New York,Germany,On-site,Big Tech (FAANG+),E-commerce,95.5,9.7,AWS|C++|SQL,3,28200,102500,78500,High,Junior,2026,3,1,1,0,47.61
12102,Software Engineer,AI Engineering,12.4,Bachelor's,Berlin,China,Hybrid,Startup,Automotive,51.5,2.9,C++|SQL|Airflow|Azure,4,26100,70300,95600,Low,Lead,2026,9,1,1,0,19.19
12103,Software Engineer,IT Operations,0.1,Master's,Tokyo,Singapore,On-site,Enterprise,Automotive,88.3,4.5,Python|Java|BERT|C++|PyTorch|CUDA|React,7,51000,118600,93400,Top,Lead,2026,5,1,0,1,22.1
12104,Machine Learning Engineer,AI Engineering,8.5,PhD,London,USA,On-site,Big Tech (FAANG+),Automotive,95.3,1.1,AWS|Python|AutoGen|PyTorch,4,75000,173500,91200,Low,Lead,2026,2,1,0,0,12.3
12105,Machine Learning Engineer,Data Science,5.1,Associate's,Singapore,USA,On-site,Mid-size,Education,88.5,9.1,AutoGen|BERT|Python|AWS|PyTorch,5,,131600,69200,Top,Mid,2026,10,1,1,1,28.89
12106,Software Engineer,Product Management,4.8,High School,Singapore,Singapore,Hybrid,Big Tech (FAANG+),E-commerce,87.2,1.9,SQL|React|CUDA|C++|Python|PyTorch|BERT|Docker|AWS|TensorFlow,10,48800,82300,111300,Low,Lead,2026,12,1,0,0,46.98
12107,Data Analyst,AI Engineering,9.7,Bachelor's,Singapore,Singapore,Fully Remote,Enterprise,Automotive,92.2,4.2,,0,52100,29900,83400,Low,Junior,2026,10,0,1,0,17.28
12108,Software Engineer,Software Engineering,12.8,PhD,New York,UK,On-site,Big Tech (FAANG+),Tech,83.3,8.6,AWS|React|Python|AutoGen,4,48400,75500,116400,Low,Lead,2026,10,0,0,1,5.75
12109,Product Manager,AI Engineering,9.1,PhD,Berlin,Germany,Fully Remote,Big Tech (FAANG+),Education,71.2,8.1,TensorFlow|Airflow|C++|AWS|PyTorch|AutoGen|FastAPI|Docker,8,56200,78100,45500,Medium,Mid,2026,10,1,1,0,18.31
12110,Data Analyst,Product Management,12.8,Master's,Beijing,Germany,Hybrid,Enterprise,Education,53.1,8.6,C++|BERT|FastAPI|AWS|Azure|React|CUDA|Python,8,50300,116600,67500,Low,Senior,2026,12,1,0,1,44.16
12111,Machine Learning Engineer,IT Operations,4,High School,Singapore,Singapore,Fully Remote,Enterprise,Tech,89.4,9.2,C++|BERT|FastAPI|PyTorch|React|AWS|Azure|AutoGen,8,15200,73700,70700,Medium,Mid,2026,9,0,1,0,45.01
12112,AI Agent Developer,IT Operations,7.8,Bachelor's,Beijing,Vietnam,Fully Remote,Mid-size,Tech,95.3,9.2,Java|AutoGen|CUDA|FastAPI|Docker,5,76100,68600,95700,High,Mid,2026,3,1,1,0,6.1
12113,DevOps Engineer,Product Management,6.8,Associate's,London,Germany,On-site,Big Tech (FAANG+),Education,75.6,7.9,SQL|AWS|FastAPI|CUDA|PyTorch,5,57900,85700,55400,High,Junior,2026,9,1,1,1,38.23
12114,Product Manager,Data Science,0.2,Master's,London,USA,On-site,Startup,E-commerce,76.6,6.2,TensorFlow,1,45700,98100,55200,Low,Lead,2026,6,1,1,1,7.08
12115,Product Manager,Data Science,8.4,Bachelor's,San Francisco,Germany,On-site,Enterprise,Automotive,70.2,6.1,React|SQL|C++|Java|CUDA|Azure|FastAPI|Python,8,30000,87000,98900,High,Junior,2026,1,0,1,1,44.22
12116,Machine Learning Engineer,IT Operations,9.9,Bachelor's,London,UK,Hybrid,Big Tech (FAANG+),Finance,92.8,1.1,PyTorch|Java|Airflow,3,,83700,71200,Low,Mid,2026,1,0,0,1,23.76
12117,Machine Learning Engineer,IT Operations,8.9,PhD,Tokyo,UK,Fully Remote,Startup,Automotive,50.7,7.5,FastAPI|Azure|Airflow|Python|BERT|C++,6,67500,45600,89200,Medium,Mid,2026,11,0,0,0,44.94
12118,Data Scientist,Product Management,11,High School,London,Singapore,Hybrid,Startup,E-commerce,81.2,3,,0,23400,117800,54200,High,Lead,2026,3,0,1,0,3.72
12119,Product Manager,Data Science,8.6,Associate's,San Francisco,USA,Hybrid,Big Tech (FAANG+),Tech,95.4,8.5,FastAPI|Airflow|Python|BERT|TensorFlow,5,33200,58600,92500,Top,Senior,2026,5,0,1,0,3.82
12120,Data Scientist,IT Operations,1,High School,Singapore,USA,Hybrid,Big Tech (FAANG+),E-commerce,55.2,6,CUDA|Airflow|Java|React|BERT|SQL|TensorFlow|FastAPI,8,48300,136500,96200,Low,Junior,2026,6,1,0,1,46.77
12121,Data Scientist,Data Science,1.7,PhD,New York,USA,Hybrid,Big Tech (FAANG+),Automotive,98,9.9,Python|SQL|Docker|React|AutoGen|Java|FastAPI|AWS,8,17900,144400,106800,Low,,2026,5,0,1,1,38.62
12122,DevOps Engineer,IT Operations,8.9,Associate's,New York,Germany,On-site,Startup,E-commerce,98.4,2.9,,0,30600,50700,49900,High,Mid,2026,8,0,0,0,7.28
12123,Data Scientist,AI Engineering,4.1,Associate's,Berlin,Germany,Fully Remote,Big Tech (FAANG+),Finance,96.5,7.5,,0,,169300,45100,High,Senior,2026,6,1,0,1,44.52
12124,Data Analyst,Software Engineering,1.2,Master's,New York,China,On-site,Enterprise,E-commerce,73.1,5.9,Java|PyTorch|AutoGen,3,1000,144000,72700,High,Junior,2026,2,1,1,0,42.69
12125,Software Engineer,AI Engineering,6.4,Associate's,San Francisco,Japan,On-site,Startup,Healthcare,69.1,9.4,AWS|CUDA|PyTorch,3,45200,106700,105300,Low,Mid,2026,5,1,1,1,26.89
12126,AI Agent Developer,IT Operations,8.3,Bachelor's,Tokyo,Singapore,Hybrid,Enterprise,E-commerce,85.3,3.4,,0,23700,60500,52600,Top,Mid,2026,12,0,0,0,8.25
12127,Machine Learning Engineer,Software Engineering,4.9,High School,San Francisco,Japan,On-site,Enterprise,Automotive,65.9,1.5,C++,1,73700,-2400,48000,Low,Senior,2026,7,0,0,0,21.12
12128,Data Analyst,Software Engineering,10.8,High School,Beijing,Vietnam,Fully Remote,Big Tech (FAANG+),Healthcare,53.4,5.9,,0,38900,100200,62500,Low,Lead,2026,2,0,1,1,27.51
12129,AI Agent Developer,IT Operations,9.7,Master's,San Francisco,Germany,Hybrid,Enterprise,Tech,95.1,5.7,SQL|Python|Java|Airflow,4,64800,105100,79600,Medium,Lead,2026,5,0,1,0,10.48
12130,Product Manager,IT Operations,5,Associate's,Berlin,China,On-site,Big Tech (FAANG+),Automotive,81.7,3.8,PyTorch|Java|AutoGen|Python|C++|FastAPI,6,57700,135500,77900,Low,Junior,2026,12,1,1,0,42.92
12131,Product Manager,Data Science,11.3,PhD,New York,China,Hybrid,Startup,Education,60.4,9.9,,0,34200,21500,52800,Low,Lead,2026,5,0,1,0,41.68
12132,Product Manager,IT Operations,9.7,Bachelor's,London,UK,Fully Remote,Enterprise,Finance,50.9,1.6,TensorFlow|SQL|PyTorch|Airflow|AWS|Azure|FastAPI,7,57000,139500,56700,Low,Mid,2026,8,0,0,0,1.17
12133,Data Analyst,Product Management,9.6,Master's,New York,Germany,Hybrid,Big Tech (FAANG+),E-commerce,86.2,6.1,AWS|AutoGen|Docker|Airflow|BERT,5,84000,145100,72700,Top,Mid,2026,9,1,1,0,0.98
12134,Data Analyst,IT Operations,8.3,Associate's,Ho Chi Minh City,China,On-site,Mid-size,E-commerce,92.6,3.3,CUDA|AutoGen|SQL|Java|Airflow|BERT|Python|C++|React,9,51000,117100,56300,High,Senior,2026,3,1,1,1,21.84
12135,Machine Learning Engineer,Product Management,0.2,PhD,Berlin,UK,On-site,Big Tech (FAANG+),Automotive,70.3,1,TensorFlow|Java|AWS|Python|Docker|React|PyTorch|FastAPI|SQL|C++,10,42900,46000,48700,Low,Mid,2026,12,1,1,1,46.21
12136,Software Engineer,IT Operations,10.4,Associate's,Singapore,Vietnam,Fully Remote,Mid-size,E-commerce,54,9.9,,0,,90800,88200,Medium,Mid,2026,4,0,1,1,38.41
12137,Data Scientist,Data Science,5.6,Master's,Singapore,UK,Fully Remote,Big Tech (FAANG+),E-commerce,82.4,5.3,React,1,59700,53900,60500,Medium,Junior,2026,12,0,0,0,47.92
12138,Product Manager,Product Management,14.1,PhD,Tokyo,Vietnam,Hybrid,Mid-size,Tech,64.8,8.7,Azure,1,42600,,62500,High,,2026,9,0,1,0,14.2
12139,DevOps Engineer,AI Engineering,12.3,PhD,New York,Japan,On-site,Enterprise,E-commerce,57.2,8.6,AWS|Java|Azure|BERT|SQL|React|AutoGen|TensorFlow,8,-8100,53300,66300,Medium,Lead,2026,9,1,0,0,48.41
12140,Software Engineer,Product Management,8.8,PhD,New York,Japan,Fully Remote,Mid-size,E-commerce,75.5,8.3,,0,32200,108800,82300,Medium,Lead,2026,3,0,1,1,26.58
12141,DevOps Engineer,Data Science,3.8,PhD,Tokyo,USA,Fully Remote,Enterprise,Tech,74.1,5.1,BERT|AutoGen|Python,3,23900,66800,76400,Top,Junior,2026,2,0,1,1,30.55
12142,Machine Learning Engineer,Product Management,3.1,Associate's,San Francisco,USA,On-site,Enterprise,Education,75.8,9.1,TensorFlow|Azure|BERT|PyTorch,4,49500,90600,61100,Low,Lead,2026,11,1,1,1,11.45
12143,Machine Learning Engineer,IT Operations,5.1,PhD,Beijing,Singapore,Fully Remote,Big Tech (FAANG+),E-commerce,91.2,4.3,BERT|Java|Docker|PyTorch|AWS,5,73500,126700,71400,Low,Senior,2026,12,0,0,0,23.07
12144,Machine Learning Engineer,IT Operations,7.1,Associate's,London,UK,Fully Remote,Enterprise,Education,74.2,4.7,C++|PyTorch|React|SQL|FastAPI|Docker|AutoGen|Airflow|CUDA|BERT,10,59800,99800,69700,Low,Lead,2026,12,0,0,0,37.81
12145,AI Agent Developer,Data Science,4.4,PhD,San Francisco,Singapore,On-site,Startup,Tech,95,3.3,Python|Azure|Java|CUDA|C++|BERT|TensorFlow|SQL|Docker,9,40000,,111400,Low,,2026,7,0,0,0,17.55
12146,DevOps Engineer,Software Engineering,7.7,PhD,London,USA,Fully Remote,Mid-size,Finance,92.1,5,TensorFlow|Java|React|BERT|AWS|FastAPI|Azure|PyTorch|SQL,9,55200,94300,74500,Low,Junior,2026,4,1,0,1,3.48
12147,Software Engineer,IT Operations,2.5,Master's,Beijing,Germany,On-site,Big Tech (FAANG+),E-commerce,82.6,9.9,PyTorch,1,49600,,54500,Medium,Senior,2026,3,1,1,1,41.89
12148,Software Engineer,AI Engineering,14.7,Associate's,Beijing,UK,On-site,Enterprise,Automotive,52.8,6.2,Docker|AutoGen|PyTorch,3,,151700,35200,Top,Junior,2026,2,0,0,0,1.67
12149,Data Analyst,Data Science,1.6,Associate's,Ho Chi Minh City,China,Hybrid,Mid-size,Healthcare,93.2,8.5,Python|CUDA|SQL|PyTorch|Airflow|C++,6,61500,,98700,Low,Senior,2026,10,1,0,0,4.81
12150,Data Analyst,Product Management,14,High School,San Francisco,Germany,On-site,Mid-size,Finance,95.3,3.4,TensorFlow|Airflow|AutoGen|CUDA|Docker|C++,6,76000,80600,72900,Medium,Senior,2026,11,0,0,1,31.86
12151,Product Manager,Product Management,13.7,Master's,Tokyo,Singapore,Fully Remote,Startup,E-commerce,68.8,9.6,AutoGen|C++,2,47200,100600,82900,High,Mid,2026,12,0,1,0,33.43
12152,Data Analyst,AI Engineering,7.9,Associate's,Berlin,UK,Hybrid,Mid-size,Automotive,76.3,1.1,FastAPI|AutoGen|React|Airflow|Docker|Python|SQL|CUDA,8,,182400,94500,Medium,Lead,2026,8,1,1,1,27.49
12153,Machine Learning Engineer,IT Operations,10.9,Master's,London,Singapore,Hybrid,Big Tech (FAANG+),Healthcare,64.1,9.4,TensorFlow|Azure|BERT|Java|C++|Python|SQL|Docker,8,23500,92600,56100,Top,Lead,2026,7,0,1,0,3.89
12154,Software Engineer,Data Science,6.5,Master's,Beijing,Japan,Fully Remote,Big Tech (FAANG+),Tech,50.7,9.1,Airflow|Azure|React|FastAPI|AWS,5,,83900,55600,Low,Senior,2026,11,1,0,0,38.84
12155,DevOps Engineer,AI Engineering,9.5,Master's,Beijing,Vietnam,Hybrid,Enterprise,E-commerce,74,1.6,Python|CUDA|PyTorch|Airflow|AutoGen,5,44600,90400,76500,Low,Senior,2026,11,1,1,1,29.91
12156,Machine Learning Engineer,IT Operations,5.1,Bachelor's,Tokyo,Singapore,Fully Remote,Enterprise,Education,56.5,6.4,PyTorch|Python|Java|FastAPI|Azure,5,64400,95400,132700,Low,Lead,2026,5,0,0,0,33.52
12157,AI Agent Developer,Data Science,4.5,Associate's,Singapore,USA,Hybrid,Big Tech (FAANG+),Education,59.2,8.1,React|AutoGen|TensorFlow|SQL|C++|Airflow|AWS|BERT|CUDA|FastAPI,10,70700,108600,57000,Top,Junior,2026,7,1,1,0,0.15
12158,Data Analyst,Product Management,8.7,Master's,Berlin,USA,Fully Remote,Mid-size,Tech,74,4.6,CUDA|AutoGen|Docker|Airflow|SQL|TensorFlow|Azure|Python,8,50700,114600,61900,High,Senior,2026,1,0,0,1,4.39
12159,Machine Learning Engineer,Data Science,7.5,Bachelor's,Beijing,USA,On-site,Mid-size,Finance,93.4,1.8,AutoGen|Azure,2,25000,92200,95900,High,Senior,2026,9,0,0,1,36.05
12160,Machine Learning Engineer,Software Engineering,8.7,Bachelor's,Singapore,UK,On-site,Startup,Education,92.2,8.5,AWS|Java|Azure|AutoGen|SQL|FastAPI|C++,7,61200,173800,89900,Medium,Junior,2026,8,1,1,0,33.89
12161,AI Agent Developer,Data Science,4.3,PhD,Ho Chi Minh City,Germany,Hybrid,Enterprise,Healthcare,98.3,5.2,,0,55600,101300,62500,Medium,Junior,2026,11,0,1,1,9.92
12162,Data Scientist,Software Engineering,5.5,PhD,Berlin,Vietnam,Hybrid,Mid-size,Education,74.1,3.4,Docker|FastAPI,2,62700,146300,35300,Low,Lead,2026,4,1,0,1,25.24
12163,Software Engineer,Data Science,1.3,Associate's,Singapore,USA,On-site,Mid-size,Healthcare,77.6,1.6,PyTorch|Docker|SQL|CUDA,4,35500,103000,68500,Low,Lead,2026,1,1,0,0,15.62
12164,DevOps Engineer,Software Engineering,0.8,PhD,Ho Chi Minh City,Germany,Fully Remote,Enterprise,Education,91.1,6.8,React|AWS|CUDA|AutoGen,4,109600,83300,120400,Low,Junior,2026,12,0,0,0,31.25
12165,Product Manager,Product Management,3.8,Associate's,New York,Singapore,Hybrid,Big Tech (FAANG+),Tech,85,1.4,CUDA|React|C++,3,15100,,63900,Medium,Junior,2026,4,1,0,1,39.87
12166,Data Scientist,IT Operations,1.1,Bachelor's,London,China,On-site,Mid-size,Tech,59.1,8.1,Python|CUDA|FastAPI|AWS|C++|Docker|Airflow,7,51900,3800,95300,Low,,2026,1,0,0,1,9.4
12167,Data Analyst,Software Engineering,1.6,Bachelor's,Beijing,Japan,Hybrid,Startup,Education,69.9,7.9,AutoGen|React|Azure|C++|Java|SQL|FastAPI|Airflow|BERT|CUDA,10,,93700,47400,Medium,Mid,2026,6,1,0,0,32.47
12168,Machine Learning Engineer,Software Engineering,12.2,Associate's,Singapore,China,On-site,Mid-size,Finance,96.5,3.9,SQL|Azure,2,66500,-16600,96000,Medium,Lead,2026,8,0,1,1,21.72
12169,AI Agent Developer,Product Management,0.6,PhD,Berlin,Vietnam,On-site,Mid-size,Automotive,57.3,5.3,Airflow|Azure|BERT|CUDA,4,50200,51000,97200,Top,Senior,2026,11,1,0,1,9.64
12170,AI Agent Developer,Software Engineering,9.9,PhD,Ho Chi Minh City,USA,On-site,Startup,Education,60.5,7,,0,62400,,75700,Low,Junior,2026,5,1,0,0,19.83
12171,Software Engineer,AI Engineering,4.1,Associate's,London,China,Fully Remote,Big Tech (FAANG+),E-commerce,70,9.6,CUDA|AutoGen|BERT,3,68100,99000,105700,Low,Lead,2026,9,1,1,0,5.21
12172,Data Scientist,Product Management,13.1,High School,San Francisco,Japan,Hybrid,Startup,Automotive,97,5.7,Airflow|BERT|CUDA|AutoGen|Java|React|FastAPI|AWS,8,52200,113400,72300,Medium,Mid,2026,10,0,1,1,32.88
12173,Product Manager,AI Engineering,7.3,PhD,London,Germany,Fully Remote,Startup,Education,55.7,10,C++|SQL,2,54600,,124500,Medium,Senior,2026,2,0,1,0,49.91
12174,Software Engineer,Product Management,4.6,Master's,San Francisco,Germany,Fully Remote,Enterprise,Healthcare,83.6,3.9,React|PyTorch|Airflow|AutoGen|C++|Java|FastAPI,7,62800,80100,72000,Medium,Mid,2026,12,1,1,1,36.66
12175,Machine Learning Engineer,Software Engineering,7.8,PhD,San Francisco,China,On-site,Mid-size,E-commerce,56.6,5.7,Airflow|Docker|SQL|React|CUDA|Java|PyTorch|BERT,8,50400,86000,66600,Top,Mid,2026,2,0,0,1,42.6
12176,Software Engineer,AI Engineering,5.7,High School,Beijing,Singapore,Fully Remote,Big Tech (FAANG+),Finance,76.2,2,Python|React,2,76700,182100,83300,Top,Mid,2026,4,0,1,0,11.29
12177,DevOps Engineer,Software Engineering,8.5,Bachelor's,Singapore,Singapore,Hybrid,Mid-size,Automotive,76.8,6,FastAPI|C++|React|Docker|TensorFlow|PyTorch|SQL|AWS,8,69900,97100,h2ynz9adw8as9xj,Medium,Senior,2026,6,1,1,0,5.31
12178,AI Agent Developer,Product Management,1.7,Bachelor's,San Francisco,USA,Hybrid,Big Tech (FAANG+),Automotive,52.1,5.8,FastAPI|React|CUDA|SQL|AWS|AutoGen|Airflow,7,43900,49100,81000,Top,Mid,2026,6,0,0,1,0.11
12179,AI Agent Developer,Software Engineering,15,Bachelor's,London,Japan,On-site,Startup,E-commerce,97.7,8.6,BERT|Azure|FastAPI|Python|Docker|CUDA|Airflow|SQL|AutoGen|React,10,,134200,54500,Top,Lead,2026,6,0,1,0,36.48
12180,Data Analyst,AI Engineering,6.4,PhD,Beijing,Vietnam,On-site,Enterprise,Finance,90.3,10,Docker|C++|Airflow|Python|SQL|TensorFlow|BERT|CUDA,8,,89200,99300,High,Senior,2026,6,1,0,1,41.16
12181,Data Analyst,AI Engineering,5.2,Bachelor's,Singapore,USA,Hybrid,Startup,Education,65.1,9.9,React|TensorFlow|Airflow|FastAPI|BERT,5,51700,129800,97200,Low,Junior,2026,1,1,1,0,9.45
12182,Product Manager,Software Engineering,10.7,High School,San Francisco,UK,Hybrid,Mid-size,Finance,56.5,3.1,CUDA|Airflow|Docker|C++|BERT|TensorFlow,6,38100,140200,56000,Medium,Junior,2026,1,1,1,0,23.91
12183,Machine Learning Engineer,Data Science,5.5,High School,Singapore,China,On-site,Enterprise,Education,67.3,4,Java|Airflow|FastAPI|PyTorch|CUDA|Azure,6,40400,65900,63900,High,Junior,2026,12,0,0,1,29.25
12184,DevOps Engineer,Product Management,12.5,PhD,New York,UK,Fully Remote,Enterprise,Automotive,94.7,3.5,AWS|AutoGen|Java|TensorFlow|SQL|Docker|CUDA|BERT|React,9,63000,83600,99200,High,Junior,2026,3,0,1,1,47.91
12185,Data Scientist,Product Management,6.8,Master's,Beijing,China,Hybrid,Mid-size,Education,56.6,2.8,Azure|TensorFlow|Java|FastAPI|Python|Docker|Airflow|AWS|AutoGen|CUDA,10,40700,84800,123700,Top,Mid,2026,2,1,0,0,45.7
12186,Software Engineer,Software Engineering,10.8,PhD,Tokyo,Vietnam,On-site,Big Tech (FAANG+),Automotive,67.5,2.4,,0,78900,135300,75300,Medium,Mid,2026,7,0,0,0,0.79
12187,Product Manager,Data Science,1.6,Bachelor's,San Francisco,USA,On-site,Enterprise,Tech,74.7,5.6,CUDA|FastAPI,2,30000,164900,95800,Top,,2026,6,0,1,0,2.46
12188,Machine Learning Engineer,AI Engineering,12.7,PhD,Ho Chi Minh City,Japan,Hybrid,Big Tech (FAANG+),E-commerce,51.6,8.9,C++|SQL,2,40000,166400,93900,High,Senior,2026,5,0,1,1,47.95
12189,Data Analyst,IT Operations,11,High School,Tokyo,Singapore,On-site,Big Tech (FAANG+),Finance,63.4,6.3,CUDA|Airflow|AutoGen|Java|BERT|AWS|PyTorch,7,31400,91500,94000,High,Mid,2026,8,1,0,0,2.9
12190,Software Engineer,IT Operations,3.2,PhD,Singapore,Singapore,Hybrid,Big Tech (FAANG+),Healthcare,79.8,8.9,Python|BERT|TensorFlow|PyTorch,4,25600,161400,17500,High,Mid,2026,2,0,0,1,29.1
12191,Data Analyst,Software Engineering,2.2,PhD,Singapore,USA,On-site,Enterprise,E-commerce,66.2,9.6,Java|React|Airflow|C++,4,34100,114900,52300,Low,Senior,2026,11,1,0,1,3.96
12192,Software Engineer,Data Science,4.7,Master's,London,China,On-site,Startup,Education,93.5,4.4,React|CUDA|BERT|Java,4,39800,,111800,Medium,Senior,2026,12,0,0,0,33.34
12193,Data Scientist,Data Science,14.6,High School,London,Singapore,Fully Remote,Enterprise,Tech,96.8,8.5,BERT|FastAPI|SQL,3,41600,,55400,Low,Lead,2026,7,0,0,0,9.21
12194,Machine Learning Engineer,Product Management,3.9,Associate's,London,Germany,On-site,Startup,E-commerce,72.1,1.5,,0,6700,119000,69700,High,Senior,2026,10,0,1,1,1.71
12195,Software Engineer,AI Engineering,6.8,Associate's,Singapore,UK,Hybrid,Enterprise,Automotive,76.6,5.3,SQL|BERT|TensorFlow,3,26100,163900,124300,High,Junior,2026,4,0,1,1,13.94
12196,DevOps Engineer,Data Science,0.5,High School,Beijing,Japan,Hybrid,Startup,E-commerce,81.5,4.3,,0,53600,149100,62700,High,Junior,2026,11,1,1,0,26.57
12197,Product Manager,IT Operations,6,Associate's,Berlin,Japan,Fully Remote,Startup,Education,83.2,2.8,SQL|AutoGen|BERT|React|Docker|Python|C++,7,,68200,78400,Low,Senior,2026,12,1,0,1,26.75
12198,AI Agent Developer,AI Engineering,8.6,Bachelor's,Beijing,Singapore,Hybrid,Enterprise,E-commerce,53.2,4.9,,0,70800,113800,85500,Top,Lead,2026,3,1,0,0,38.18
12199,DevOps Engineer,AI Engineering,14.3,Associate's,Ho Chi Minh City,USA,On-site,Big Tech (FAANG+),E-commerce,52.7,5,Azure|AWS|Python|BERT|React|Docker,6,45200,65800,104200,Medium,,2026,1,1,1,0,3.02
12200,DevOps Engineer,Software Engineering,7.8,Bachelor's,Beijing,USA,Fully Remote,Big Tech (FAANG+),Education,93.3,8.3,C++|FastAPI|CUDA|Docker|TensorFlow|Airflow|PyTorch|SQL|AutoGen|React,10,61800,,90400,Top,Junior,2026,10,0,0,0,0.41
12201,Product Manager,Data Science,12.3,High School,London,China,Hybrid,Startup,Healthcare,61,8.8,Docker|TensorFlow|Java,3,42600,118600,62100,Top,Junior,2026,2,0,1,1,35.71
12202,AI Agent Developer,Software Engineering,8.2,Associate's,New York,Germany,On-site,Mid-size,Tech,79.2,6.9,Java|AutoGen|SQL|CUDA|BERT|PyTorch|Airflow|AWS|C++,9,68300,,75300,High,Senior,2026,7,0,1,1,47.71
12203,DevOps Engineer,Data Science,0.6,Associate's,Ho Chi Minh City,UK,Fully Remote,Mid-size,E-commerce,81.2,6.7,AWS|Azure|Java|FastAPI|C++|BERT,6,,139700,69300,Low,Mid,2026,3,1,1,1,9.64
12204,Software Engineer,Product Management,4.7,Bachelor's,Tokyo,Germany,On-site,Enterprise,E-commerce,58.2,2,Docker|SQL|PyTorch|Airflow|AutoGen|Python,6,52100,71300,97700,Top,Lead,2026,11,0,0,1,7.5
12205,Software Engineer,Software Engineering,8.6,Bachelor's,New York,Japan,Hybrid,Enterprise,Healthcare,88.1,6.2,C++|Python|CUDA|React|Airflow|BERT|FastAPI|Docker|AWS|Azure,10,80600,153500,73900,Low,Junior,2026,5,1,1,0,17.15
12206,Software Engineer,Software Engineering,14.3,PhD,Ho Chi Minh City,Germany,Hybrid,Enterprise,Finance,93.3,3.5,CUDA|Python|AWS,3,20900,85200,80600,Low,Senior,2026,11,1,0,1,35.11
12207,AI Agent Developer,IT Operations,12.9,Master's,Ho Chi Minh City,Singapore,Hybrid,Mid-size,E-commerce,64.3,3.7,,0,65000,54500,63100,Low,Senior,2026,3,1,1,1,38.09
12208,DevOps Engineer,Software Engineering,3.4,Associate's,Singapore,China,Hybrid,Big Tech (FAANG+),Education,93.9,1.9,Python|BERT,2,57800,140200,125100,Medium,Senior,2026,7,0,0,0,46.83
12209,AI Agent Developer,Data Science,3.3,Master's,London,Germany,Fully Remote,Enterprise,Education,54.1,6.7,React|PyTorch|Java,3,21500,118300,54300,Top,Lead,2026,12,0,0,1,40.1
12210,Software Engineer,IT Operations,3,Master's,Singapore,UK,Hybrid,Enterprise,E-commerce,90,6.3,CUDA|C++|React|Azure|PyTorch|Python|BERT|TensorFlow|SQL,9,57000,138800,128100,High,Mid,2026,4,0,1,1,1.39
12211,Product Manager,Software Engineering,13.8,Associate's,San Francisco,Japan,Fully Remote,Big Tech (FAANG+),Finance,82,3,SQL|PyTorch,2,56800,106100,70500,High,Senior,2026,8,1,0,0,10.32
12212,DevOps Engineer,Software Engineering,12.8,Bachelor's,Tokyo,Vietnam,Fully Remote,Startup,Education,79.2,3.4,FastAPI|PyTorch|TensorFlow|CUDA|Azure|Java,6,48200,12700,97800,Medium,Senior,2026,10,0,1,1,17.78
12213,DevOps Engineer,Product Management,11.6,PhD,Beijing,Japan,On-site,Enterprise,E-commerce,61.5,8,BERT|TensorFlow|Docker|AutoGen|Java|CUDA|PyTorch|Airflow,8,72800,66500,77900,Top,Mid,2026,8,1,1,1,47.35
12214,Data Analyst,Software Engineering,5.9,High School,Singapore,Vietnam,Hybrid,Mid-size,E-commerce,68.1,8.1,React|Docker|SQL|AutoGen|PyTorch|AWS,6,70100,104700,45300,High,Senior,2026,4,1,1,1,30.28
12215,Data Analyst,AI Engineering,7.6,Associate's,San Francisco,UK,On-site,Mid-size,E-commerce,95.5,5.4,CUDA|PyTorch|Azure|SQL|Airflow|Python|React,7,66300,97700,62900,Low,Junior,2026,12,1,0,1,49.82
12216,Data Scientist,IT Operations,7,Associate's,Tokyo,Japan,On-site,Enterprise,Tech,73.3,2.3,FastAPI|AWS|Python|React|CUDA|Airflow|C++|Azure|TensorFlow|BERT,10,78000,172100,103100,High,Lead,2026,2,0,0,1,15.88
12217,Machine Learning Engineer,AI Engineering,3.8,High School,London,Japan,On-site,Mid-size,Education,79.7,1.5,C++|Airflow,2,33800,68100,48800,Top,Mid,2026,7,0,0,1,46.07
12218,Data Analyst,IT Operations,7.6,Master's,London,Japan,On-site,Big Tech (FAANG+),Automotive,96.8,3.4,FastAPI|PyTorch|Azure|AutoGen|Docker|C++|React,7,39500,134700,10300,Low,Mid,2026,1,0,0,0,34.93
12219,AI Agent Developer,Product Management,0.5,PhD,San Francisco,Japan,On-site,Startup,Tech,73.3,7.6,C++|AutoGen|BERT|AWS,4,36800,,29800,Medium,Lead,2026,12,0,0,1,44.35
12220,Data Analyst,Software Engineering,2,Master's,Singapore,China,Hybrid,Startup,Finance,69.4,6.4,Python|Docker|TensorFlow|Azure,4,39800,3800,75200,High,Senior,2026,9,1,1,0,46.13
12221,Data Scientist,Software Engineering,13.3,High School,London,USA,On-site,Enterprise,Tech,94.7,7.5,Azure|React|AutoGen|Docker|FastAPI|AWS|C++|TensorFlow,8,40200,99300,50500,High,Lead,2026,5,1,0,0,22.65
12222,DevOps Engineer,Software Engineering,11.3,High School,New York,Japan,Fully Remote,Enterprise,Tech,95.5,5.2,Airflow|Java,2,47300,104500,76500,Medium,Junior,2026,10,0,1,0,43.6
12223,Data Scientist,IT Operations,6.3,PhD,Tokyo,China,Fully Remote,Startup,Healthcare,67.7,7.8,,0,42300,152500,89800,Top,Mid,2026,4,0,1,1,49.16
12224,DevOps Engineer,Software Engineering,7.8,High School,Tokyo,UK,Hybrid,Startup,Finance,79.6,5.3,Docker|TensorFlow|CUDA|AWS|React|BERT|FastAPI|Java|C++,9,28200,31200,90800,Low,Senior,2026,4,0,1,0,33.36
12225,Product Manager,AI Engineering,5.5,High School,Ho Chi Minh City,Japan,Fully Remote,Enterprise,Finance,98.2,1.8,Java|Airflow|Docker|React|TensorFlow|BERT|CUDA|SQL|AutoGen,9,,130900,84400,High,Senior,2026,11,1,1,0,12.95
12226,Product Manager,Software Engineering,11.1,PhD,Berlin,Germany,On-site,Mid-size,Finance,52.8,1.7,SQL|PyTorch|Docker|CUDA|AWS|TensorFlow|AutoGen|BERT|Java,9,32500,115800,125700,Top,Lead,2026,12,0,1,1,13.47
12227,DevOps Engineer,Product Management,11.8,Associate's,Beijing,Japan,Fully Remote,Enterprise,Tech,52,8.5,Java|AutoGen,2,81500,152600,114500,Low,Mid,2026,12,1,0,1,37.62
12228,Machine Learning Engineer,AI Engineering,11.4,Master's,San Francisco,Singapore,On-site,Big Tech (FAANG+),Finance,75.8,6.7,AutoGen|Azure|React|Docker|TensorFlow|BERT,6,66100,,51200,High,Lead,2026,9,1,0,0,16.43
12229,Data Analyst,Software Engineering,10.8,Associate's,London,Japan,Hybrid,Enterprise,Education,64.6,3.5,,0,26400,130900,90600,Top,Mid,2026,1,0,0,0,20.55
12230,AI Agent Developer,Software Engineering,3.1,Associate's,Tokyo,Vietnam,Fully Remote,Enterprise,Healthcare,79.1,7.8,Docker|Java,2,49600,55500,89300,Top,Lead,2026,4,0,0,1,26.33
12231,AI Agent Developer,Data Science,5.1,Master's,Tokyo,Germany,Fully Remote,Enterprise,E-commerce,86.2,2.2,React|BERT|C++|TensorFlow,4,21700,182500,47400,Medium,Senior,2026,6,0,1,1,45.58
12232,Software Engineer,IT Operations,7,Associate's,Ho Chi Minh City,Japan,Fully Remote,Enterprise,Tech,53.5,6.8,React|Docker|Java|BERT|Python|PyTorch,6,75500,83000,61300,High,Lead,2026,8,0,1,0,35.57
12233,DevOps Engineer,AI Engineering,5,PhD,San Francisco,Japan,Hybrid,Enterprise,E-commerce,94.1,9.9,AutoGen|FastAPI|BERT,3,50100,40500,34300,Low,Mid,2026,2,0,1,1,14.55
12234,AI Agent Developer,Data Science,11.3,Master's,Beijing,Japan,Hybrid,Enterprise,E-commerce,63.8,2.4,,0,49300,65200,61200,High,Junior,2026,8,0,1,1,6.68
12235,Machine Learning Engineer,Product Management,4.9,Bachelor's,Berlin,China,Fully Remote,Mid-size,Tech,69.1,2.3,C++|Java|BERT|React|AutoGen|Python|TensorFlow|Docker|PyTorch|Azure,10,,138700,91100,Medium,Lead,2026,9,0,0,0,14.49
12236,DevOps Engineer,IT Operations,2.1,Associate's,Berlin,UK,Hybrid,Enterprise,Education,66.9,5.2,Java|React|PyTorch,3,46600,98600,101700,Low,Junior,2026,8,0,1,1,16.68
12237,Machine Learning Engineer,AI Engineering,6,High School,London,Vietnam,On-site,Startup,Tech,92,6.8,BERT|TensorFlow|CUDA|PyTorch|SQL|Azure|Airflow|Python|Java|AutoGen,10,36800,140400,130400,Top,Senior,2026,5,1,1,0,36.63
12238,AI Agent Developer,Software Engineering,14.7,Master's,Berlin,Japan,Hybrid,Enterprise,Finance,58.5,1.2,BERT,1,48100,163200,94800,Medium,Lead,2026,12,0,1,1,21.26
12239,AI Agent Developer,AI Engineering,3.4,Bachelor's,Berlin,UK,Fully Remote,Mid-size,Healthcare,51.4,5.5,Java|TensorFlow|FastAPI|CUDA|Docker|Python|AutoGen|C++|SQL,9,,138900,85200,Low,Junior,2026,11,0,0,1,49.9
12240,Software Engineer,Software Engineering,9.2,High School,Singapore,Vietnam,On-site,Big Tech (FAANG+),Tech,98.6,1.7,C++|FastAPI|PyTorch|CUDA|Docker|AutoGen|TensorFlow|SQL|AWS,9,38900,137300,120900,Low,Lead,2026,1,0,0,0,1.72
12241,AI Agent Developer,IT Operations,6.5,Bachelor's,Beijing,Vietnam,Fully Remote,Startup,E-commerce,99,3.2,Airflow|SQL|AWS|C++|Azure|BERT|TensorFlow,7,77900,60100,113800,High,Lead,2026,6,1,1,1,17.71
12242,DevOps Engineer,Software Engineering,1.1,Associate's,San Francisco,Singapore,Fully Remote,Enterprise,Tech,62.9,7.4,Python|React|Java|AWS|SQL,5,40600,69400,61100,Top,Senior,2026,1,1,0,0,4.3
12243,Product Manager,Product Management,7.3,High School,Beijing,Vietnam,Fully Remote,Enterprise,Healthcare,50.5,7.6,Docker|Python|SQL|Airflow|FastAPI|Azure|TensorFlow|C++,8,,52700,71900,Medium,Mid,2026,11,0,1,1,17.84
12244,DevOps Engineer,Software Engineering,10.5,Associate's,Singapore,Japan,Hybrid,Startup,Automotive,82.3,7.6,SQL|AWS|C++|FastAPI|TensorFlow|BERT|Java,7,89200,101200,92400,Top,Mid,2026,4,0,0,0,21.69
12245,DevOps Engineer,Product Management,7.7,High School,London,China,Fully Remote,Enterprise,Education,82.4,1.6,TensorFlow|AWS|React|Airflow|Docker|Python|FastAPI|Azure|PyTorch,9,61300,177000,41200,Medium,Lead,2026,9,0,1,0,44.56
12246,Software Engineer,IT Operations,13.1,Master's,Tokyo,Japan,On-site,Mid-size,E-commerce,97,8.1,Java|SQL|Azure,3,57100,89900,bd6kkoffiyyrwvi,High,Senior,2026,12,1,1,1,21.27
12247,Software Engineer,IT Operations,4.3,PhD,Ho Chi Minh City,Japan,On-site,Enterprise,Automotive,64.9,4.9,AutoGen|Airflow|Python|BERT|FastAPI|Java|AWS|Azure,8,63100,170200,86000,Low,Lead,2026,5,0,1,0,1.28
12248,AI Agent Developer,AI Engineering,1.3,PhD,London,UK,On-site,Big Tech (FAANG+),Automotive,59.5,5.3,PyTorch|AutoGen,2,70000,36000,93400,High,Senior,2026,7,0,0,1,47.76
12249,Data Scientist,Product Management,14,Bachelor's,New York,USA,Fully Remote,Mid-size,Healthcare,80.8,4.8,Azure,1,33300,81900,96900,Medium,Mid,2026,9,1,1,1,7.26
12250,Data Scientist,Product Management,5.7,High School,Berlin,USA,On-site,Enterprise,Education,78.2,8.7,React|Python|Docker|PyTorch|AWS|FastAPI|Airflow|C++|CUDA|Java,10,60000,63100,66500,Top,Senior,2026,4,1,1,0,38.69
12251,Software Engineer,Data Science,8.6,Associate's,Singapore,Singapore,On-site,Big Tech (FAANG+),Tech,85.9,7.1,,0,55200,117600,86000,Low,Lead,2026,5,0,0,0,10.01
12252,AI Agent Developer,Data Science,11.9,Master's,Ho Chi Minh City,USA,On-site,Startup,Automotive,94.3,5.5,AWS|Docker|Azure|PyTorch|FastAPI|Python|React|TensorFlow,8,6700,114500,64600,Medium,Junior,2026,6,1,0,0,46.17
12253,Data Scientist,Data Science,4.9,Master's,Tokyo,UK,On-site,Mid-size,Finance,78,8.5,Python,1,55000,33600,99000,Low,Junior,2026,1,1,0,0,11.33
12254,AI Agent Developer,Software Engineering,10.7,Master's,Tokyo,Germany,Hybrid,Enterprise,Tech,57.5,8.2,Java|Docker,2,30200,66700,80100,Low,Lead,2026,10,0,1,0,42.76
12255,AI Agent Developer,Data Science,2,PhD,Beijing,Singapore,Fully Remote,Enterprise,Education,79.9,1,Python|React|SQL|PyTorch,4,52300,146300,99200,High,Junior,2026,12,1,1,1,20.73
12256,AI Agent Developer,Product Management,4.4,Associate's,New York,UK,Fully Remote,Startup,E-commerce,68.7,5.3,BERT,1,69700,138600,29500,Medium,Lead,2026,5,0,0,1,22.36
12257,Data Analyst,Software Engineering,2.2,Master's,San Francisco,Vietnam,On-site,Startup,Tech,72.6,1.4,BERT|Docker|SQL|AutoGen|C++|FastAPI|TensorFlow|PyTorch|React|Java,10,31300,66500,42700,Top,Lead,2026,10,0,1,0,31.46
12258,DevOps Engineer,IT Operations,12.2,Master's,Tokyo,Japan,Fully Remote,Mid-size,Healthcare,98,3.8,Azure|C++|BERT|SQL|FastAPI|Java|React|Docker|Airflow,9,47600,70300,83000,High,Mid,2026,4,0,1,0,24.37
12259,AI Agent Developer,AI Engineering,3.3,Bachelor's,New York,Germany,On-site,Mid-size,Healthcare,77.7,8.2,Docker|Airflow|C++,3,41500,95200,43700,High,Mid,2026,1,0,0,1,16.84
12260,Data Analyst,Data Science,10.8,High School,Berlin,Vietnam,On-site,Mid-size,E-commerce,57.5,9.5,Docker|PyTorch|AutoGen|React|AWS|CUDA|BERT|SQL|Python,9,72800,64900,100300,High,Mid,2026,4,1,1,1,12.13
12261,Software Engineer,IT Operations,14.1,High School,Beijing,Singapore,On-site,Enterprise,E-commerce,72.2,3.2,TensorFlow|AutoGen|Azure|AWS|React|SQL|BERT|FastAPI|PyTorch,9,39000,116200,100500,Medium,Lead,2026,5,1,0,1,13.31
12262,Data Scientist,Product Management,7.9,High School,Ho Chi Minh City,Japan,Fully Remote,Enterprise,E-commerce,61.4,1.2,AWS|SQL|BERT|Python|Azure|Java|AutoGen|C++,8,,91900,86500,Medium,Senior,2026,9,0,0,0,35.18
12263,DevOps Engineer,AI Engineering,8.1,Bachelor's,Beijing,Japan,Hybrid,Mid-size,Healthcare,56.8,4.6,React|AutoGen|TensorFlow|Python|SQL|PyTorch|C++,7,62600,138900,67200,Low,Lead,2026,1,1,1,0,5.44
12264,Product Manager,IT Operations,6.9,PhD,Berlin,Singapore,Fully Remote,Enterprise,Education,85.6,4,SQL|Python|React|CUDA|BERT|Azure|PyTorch|Docker,8,,90100,66300,Low,Mid,2026,6,1,1,0,28.08
12265,Data Scientist,AI Engineering,4.9,Bachelor's,Singapore,Vietnam,Fully Remote,Startup,Education,81.4,7.1,C++|AutoGen|BERT|PyTorch|Java,5,30600,135600,97400,Low,Mid,2026,8,1,1,1,18.98
12266,DevOps Engineer,Data Science,7.1,Master's,Tokyo,UK,Hybrid,Big Tech (FAANG+),Tech,74.9,5.5,Docker|BERT|CUDA|Python|React|SQL,6,44900,,90300,Low,Junior,2026,9,0,1,1,17.66
12267,Product Manager,Product Management,9,Associate's,New York,USA,Fully Remote,Enterprise,Automotive,71.2,4.6,,0,82000,80100,53500,High,Mid,2026,11,1,0,0,35.77
12268,Data Scientist,AI Engineering,14.8,Master's,Singapore,Germany,Hybrid,Mid-size,Automotive,66.1,3.1,CUDA,1,49700,98100,85500,Top,Senior,2026,5,1,0,0,25.16
12269,DevOps Engineer,IT Operations,14.1,Master's,Berlin,Singapore,On-site,Enterprise,Finance,54.4,8.5,Docker|React|BERT,3,70600,,112100,Low,Lead,2026,2,1,1,0,3.86
12270,Data Scientist,Data Science,12.9,Associate's,Tokyo,Singapore,Hybrid,Startup,Healthcare,65,3.2,,0,91200,97000,89200,Medium,Senior,2026,1,0,1,1,45.48
12271,Data Scientist,Data Science,13.3,High School,London,Japan,On-site,Mid-size,E-commerce,91.9,1.5,SQL|Java|BERT|React,4,48600,143900,65700,Low,Lead,2026,5,1,1,1,44.9
12272,Product Manager,IT Operations,7,Bachelor's,San Francisco,China,Hybrid,Big Tech (FAANG+),Education,89.2,6.1,C++,1,66600,54200,69400,Medium,Junior,2026,11,1,1,0,21.27
12273,Data Scientist,IT Operations,9.9,PhD,New York,Japan,On-site,Mid-size,Tech,98.6,3.9,C++|FastAPI|TensorFlow|Java|Azure|SQL|React,7,69100,139800,65700,Top,Junior,2026,3,0,0,0,0.69
12274,Data Scientist,AI Engineering,13.4,Master's,Berlin,USA,Fully Remote,Mid-size,Education,82.8,7.4,AWS|PyTorch|Azure|AutoGen|C++,5,22800,103000,64000,High,Senior,2026,6,1,1,1,3.01
12275,Product Manager,Software Engineering,5.9,Master's,Ho Chi Minh City,Japan,Hybrid,Mid-size,Healthcare,77.7,1.7,Docker|Airflow|React|SQL|CUDA|PyTorch|Azure|BERT|Python|Java,10,58000,107100,44700,Top,Junior,2026,9,1,1,1,24.58
12276,Software Engineer,Data Science,14.4,PhD,Ho Chi Minh City,China,Fully Remote,Enterprise,Finance,64.8,9.7,Airflow|SQL,2,80100,116300,77700,Top,Lead,2026,11,0,1,0,4.07
12277,AI Agent Developer,AI Engineering,6.2,Bachelor's,Tokyo,Singapore,On-site,Big Tech (FAANG+),Education,53.8,2.7,C++|Docker|BERT|AWS|TensorFlow|AutoGen|Java|PyTorch|CUDA,9,18400,88200,36000,High,Junior,2026,1,1,0,1,22.16
12278,Machine Learning Engineer,IT Operations,9,Master's,Tokyo,UK,Hybrid,Startup,Automotive,80.9,4.2,TensorFlow|AutoGen|Python,3,47700,114000,94500,Medium,Lead,2026,4,0,0,1,9.49
12279,Data Analyst,AI Engineering,10.6,PhD,Ho Chi Minh City,Japan,Hybrid,Enterprise,Tech,74.4,5.3,FastAPI|AWS|Docker|Azure,4,52300,90700,66800,Top,Lead,2026,4,0,1,0,40.12
12280,Machine Learning Engineer,IT Operations,14.3,Master's,San Francisco,Germany,Hybrid,Big Tech (FAANG+),Automotive,88,9,React|SQL|BERT|FastAPI|Java|PyTorch|Airflow|AutoGen|CUDA,9,48000,76600,108000,High,Senior,2026,12,1,1,1,18.38
12281,Machine Learning Engineer,Product Management,3.7,High School,London,UK,Fully Remote,Big Tech (FAANG+),Tech,70.6,7.5,TensorFlow|C++|React|Docker|Azure|AutoGen,6,46000,147100,50100,Medium,Lead,2026,7,1,1,0,18.92
12282,DevOps Engineer,IT Operations,11.2,High School,Beijing,China,On-site,Enterprise,E-commerce,99.3,2.3,Docker|C++|TensorFlow|Azure,4,27800,,71600,Medium,Junior,2026,2,0,0,1,1.25
12283,AI Agent Developer,IT Operations,7.8,Master's,Ho Chi Minh City,Vietnam,Fully Remote,Mid-size,Tech,69.9,4.9,BERT|Python|Java|Airflow|AutoGen,5,57700,80200,77800,Medium,Senior,2026,8,0,1,1,32.69
12284,DevOps Engineer,IT Operations,4,Master's,San Francisco,Japan,Hybrid,Big Tech (FAANG+),E-commerce,66.7,5.9,CUDA|PyTorch|React|Docker|Airflow|FastAPI|SQL,7,35100,133100,46100,High,Lead,2026,6,1,0,0,38.67
12285,AI Agent Developer,Software Engineering,11.6,High School,San Francisco,Singapore,On-site,Startup,Healthcare,93.5,7.3,C++|Airflow|Python|CUDA|TensorFlow|FastAPI|PyTorch|Docker|AutoGen,9,35600,63300,87200,Low,Lead,2026,4,1,1,0,13.17
12286,Product Manager,IT Operations,8.3,Master's,Tokyo,Singapore,On-site,Enterprise,Automotive,69.8,6.1,Java|AWS,2,12300,93000,46300,High,Lead,2026,3,1,1,0,30.84
12287,Product Manager,Data Science,9.9,Bachelor's,Tokyo,UK,Fully Remote,Big Tech (FAANG+),Tech,93.5,5.1,React|AWS|FastAPI|AutoGen|PyTorch|TensorFlow|Docker|Azure|CUDA,9,21500,45100,85700,Top,Senior,2026,10,0,1,0,32.34
12288,AI Agent Developer,Data Science,4.8,Bachelor's,London,Japan,Fully Remote,Startup,Tech,51.4,7.9,,0,79600,83200,112100,High,Lead,2026,12,1,0,0,31.48
12289,Data Scientist,AI Engineering,7.2,Associate's,Ho Chi Minh City,Germany,Hybrid,Startup,Finance,84.6,4.4,Docker|PyTorch|Java|AutoGen|SQL,5,51600,42500,89800,High,Senior,2026,7,0,1,0,34.92
12290,Software Engineer,Software Engineering,9.3,Bachelor's,London,Japan,Hybrid,Startup,Automotive,53.6,9.9,SQL|Python|C++,3,,71100,63900,Top,Junior,2026,9,0,0,0,39.25
12291,Data Scientist,AI Engineering,6.1,Master's,San Francisco,UK,Hybrid,Startup,Healthcare,57.4,9.5,PyTorch|Airflow|CUDA|Python|BERT|TensorFlow|React,7,32300,106600,104100,High,Senior,2026,11,1,1,0,37.9
12292,Software Engineer,Data Science,3,Master's,Ho Chi Minh City,USA,Hybrid,Enterprise,E-commerce,85,7.4,,0,11100,97700,w5rbslpz5wdwmku,High,Mid,2026,2,0,1,0,28.7
12293,DevOps Engineer,Data Science,14.4,PhD,Beijing,UK,On-site,Startup,Healthcare,64.5,8.9,AutoGen|BERT|Azure|Python|SQL|C++|FastAPI,7,36900,143800,81200,Top,Mid,2026,8,0,0,1,46.94
12294,Software Engineer,Product Management,7.7,Bachelor's,Berlin,China,Hybrid,Enterprise,Finance,60.5,4.5,React|TensorFlow|Python|C++,4,11700,128800,58600,Low,Lead,2026,2,1,1,0,39.02
12295,DevOps Engineer,IT Operations,11,High School,Ho Chi Minh City,UK,Hybrid,Startup,Healthcare,90.1,6.2,AutoGen|Azure|React|PyTorch|TensorFlow|BERT|Java|AWS|Airflow|Python,10,36000,85400,76900,Low,Lead,2026,11,0,1,1,44.54
12296,Product Manager,Data Science,6.2,High School,Berlin,Singapore,Hybrid,Startup,E-commerce,97.3,3.5,React,1,73000,138100,44600,Medium,Mid,2026,12,0,1,0,25.39
12297,Machine Learning Engineer,AI Engineering,5.3,Associate's,Ho Chi Minh City,Germany,Fully Remote,Enterprise,Automotive,61.6,9,AWS|C++|TensorFlow|Azure|SQL|Java,6,,94400,te4eptls3o8h1lc,Low,Junior,2026,6,0,1,1,35.02
12298,Product Manager,AI Engineering,6.1,PhD,Beijing,UK,Fully Remote,Mid-size,Education,65.9,5.2,CUDA|BERT|Azure,3,79000,72800,82700,High,Senior,2026,8,1,0,0,43.15
12299,Product Manager,IT Operations,6.1,High School,San Francisco,UK,Fully Remote,Big Tech (FAANG+),Finance,85.7,5.8,React|C++|Airflow|AutoGen,4,61400,50500,61800,Top,Mid,2026,1,0,0,0,26.99
12300,Machine Learning Engineer,IT Operations,8.2,Associate's,Singapore,Germany,Hybrid,Big Tech (FAANG+),Tech,90.8,8.8,AWS|TensorFlow|CUDA|Airflow|Docker|Azure|React|Java,8,,158500,88000,Medium,Senior,2026,7,1,0,0,43.7
12301,Software Engineer,Product Management,8.2,Bachelor's,Tokyo,UK,On-site,Enterprise,Tech,100,8.2,Azure|PyTorch|React|CUDA|Python|AWS|SQL,7,45100,151000,62600,High,Junior,2026,9,0,1,0,36.26
12302,Software Engineer,Software Engineering,7.5,PhD,Berlin,Singapore,Hybrid,Startup,Automotive,63.7,3.9,PyTorch|Python|Java|FastAPI|AWS|AutoGen|Azure|SQL|React,9,22200,91900,70100,Medium,Junior,2026,6,0,0,1,37.69
12303,DevOps Engineer,AI Engineering,2,PhD,San Francisco,Germany,Fully Remote,Enterprise,Education,77.8,1.8,Java|C++|CUDA|Azure|PyTorch|AWS,6,29700,96700,75000,Top,Mid,2026,6,1,1,1,46.37
12304,Data Scientist,IT Operations,7.4,Master's,London,Singapore,Fully Remote,Startup,Healthcare,56.7,2.5,Docker|BERT|FastAPI|AWS|PyTorch|Airflow,6,74500,,120200,High,Lead,2026,9,0,1,1,16.51
12305,DevOps Engineer,AI Engineering,2.5,Bachelor's,Ho Chi Minh City,Singapore,Hybrid,Enterprise,Tech,66.5,4.1,,0,53600,23800,46800,Medium,Junior,2026,2,1,0,1,29.73
12306,Data Scientist,IT Operations,1.9,PhD,Tokyo,Singapore,On-site,Big Tech (FAANG+),Finance,52.2,3.7,TensorFlow|AWS|C++|React|BERT|PyTorch|CUDA,7,22500,95600,94400,Medium,,2026,4,1,1,0,13.63
12307,Product Manager,Data Science,14,Associate's,Ho Chi Minh City,China,On-site,Enterprise,Education,60.5,1.3,Azure|Java|AWS|SQL|TensorFlow,5,63000,14400,57400,Low,Senior,2026,11,0,1,1,26.46
12308,Machine Learning Engineer,AI Engineering,9.1,High School,London,Germany,On-site,Big Tech (FAANG+),E-commerce,75.3,4.9,Airflow|BERT|Java|SQL|C++|PyTorch|AutoGen|Azure,8,18800,52800,119100,Medium,Senior,2026,8,1,0,1,22.18
12309,Product Manager,Data Science,9.9,Bachelor's,San Francisco,China,Fully Remote,Big Tech (FAANG+),Healthcare,58.2,2,AutoGen,1,59200,99500,52100,Low,Mid,2026,5,1,0,0,22.87
12310,AI Agent Developer,AI Engineering,6,Bachelor's,Beijing,China,Fully Remote,Big Tech (FAANG+),Education,94.5,3,Java|Docker|React,3,44800,132500,52700,Low,Mid,2026,9,0,1,1,10.43
12311,Software Engineer,Software Engineering,13.6,PhD,New York,Germany,On-site,Enterprise,E-commerce,85.5,8.1,,0,63800,33100,94200,Top,Senior,2026,3,1,1,0,31.28
12312,Data Scientist,Product Management,9.6,PhD,Ho Chi Minh City,UK,Hybrid,Mid-size,Education,51.4,5.5,TensorFlow|Java|SQL|BERT,4,44700,,75000,Low,Junior,2026,6,0,1,0,39.78
12313,DevOps Engineer,Data Science,11.5,PhD,Singapore,Japan,On-site,Enterprise,Education,93.8,4.4,TensorFlow|AutoGen|CUDA|PyTorch|Java|FastAPI|SQL,7,64500,97100,95400,Medium,,2026,6,0,1,0,13.43
12314,Machine Learning Engineer,IT Operations,5.5,Associate's,London,USA,Hybrid,Enterprise,Healthcare,98.9,2.7,C++|AWS|React,3,19400,93500,6rpao9f12do107v,Low,Lead,2026,3,0,1,0,6.2
12315,Data Scientist,Software Engineering,14.4,Master's,New York,Japan,Fully Remote,Mid-size,Finance,75.1,8.8,Azure|BERT|CUDA|SQL|C++|TensorFlow|Java|Airflow,8,56700,113200,79800,Low,Mid,2026,6,0,0,1,12.77
12316,DevOps Engineer,AI Engineering,12.3,PhD,Ho Chi Minh City,Singapore,Fully Remote,Mid-size,E-commerce,65.7,9.1,Airflow|Docker|PyTorch|Java|AutoGen|CUDA,6,41100,130800,100500,Medium,Senior,2026,1,1,1,1,37.76
12317,Software Engineer,Data Science,12.8,Master's,Berlin,Germany,Fully Remote,Big Tech (FAANG+),Finance,63.2,5.7,,0,57500,101800,26400,Top,Junior,2026,5,0,0,1,3.17
12318,Product Manager,AI Engineering,2.6,Master's,San Francisco,UK,On-site,Startup,E-commerce,54.4,9.3,Java|FastAPI|AutoGen|React|AWS|Airflow|C++|Azure|Python|Docker,10,,161600,84100,Top,Lead,2026,2,1,0,0,30.89
12319,Software Engineer,AI Engineering,4.1,Bachelor's,Tokyo,China,On-site,Startup,Healthcare,74.6,5.2,Docker|PyTorch,2,,91300,70100,Medium,Lead,2026,8,0,1,1,40.99
12320,Data Analyst,AI Engineering,4.3,High School,Tokyo,Vietnam,Fully Remote,Big Tech (FAANG+),Finance,52.5,2,Docker|AutoGen|Python|SQL|Airflow|BERT|PyTorch|FastAPI|TensorFlow,9,47900,59300,112700,High,Lead,2026,7,0,1,0,40.08
12321,AI Agent Developer,Product Management,4.1,High School,London,USA,Fully Remote,Enterprise,Healthcare,75.2,1.2,C++|Python|SQL|Java|AWS|Docker|TensorFlow|Azure|React,9,74800,172500,20700,High,Junior,2026,7,0,0,1,49.38
12322,Data Analyst,Product Management,12.8,Associate's,Berlin,Japan,Fully Remote,Startup,Education,62.6,2.2,React|AutoGen|Azure,3,37900,197800,56700,Medium,Junior,2026,10,0,1,1,39.5
12323,Machine Learning Engineer,IT Operations,0.5,Associate's,Beijing,UK,On-site,Enterprise,Education,73.8,6.6,Java|CUDA,2,54000,124000,42100,Low,Mid,2026,4,0,0,0,6.74
12324,Data Scientist,Data Science,1.1,High School,New York,Singapore,On-site,Mid-size,Healthcare,70.9,3.9,AWS|Azure|TensorFlow|BERT|AutoGen|Java|C++|Docker|FastAPI|Python,10,36500,8800,80400,Medium,Mid,2026,2,1,0,1,17.36
12325,Machine Learning Engineer,Software Engineering,4.1,High School,London,USA,Fully Remote,Mid-size,E-commerce,65.3,6.8,PyTorch|BERT|React|AutoGen|C++|CUDA|SQL|Java|TensorFlow|FastAPI,10,10700,110600,81300,Medium,Senior,2026,3,0,1,1,10.85
12326,Product Manager,Software Engineering,3,Bachelor's,Singapore,Singapore,On-site,Big Tech (FAANG+),Education,72.4,5.6,Java,1,51500,72200,yqs21hg8grvlanh,High,Senior,2026,10,1,0,1,18.82
12327,DevOps Engineer,Software Engineering,3.5,Bachelor's,Ho Chi Minh City,Vietnam,On-site,Enterprise,E-commerce,73.7,4,SQL|Airflow|React|Azure|AutoGen|TensorFlow|PyTorch,7,,159500,95100,High,Senior,2026,4,0,0,1,31.85
12328,Software Engineer,AI Engineering,12,High School,Tokyo,Vietnam,On-site,Big Tech (FAANG+),Finance,91.7,3,AutoGen|CUDA|C++|Airflow,4,23300,,102600,Medium,Senior,2026,3,1,1,0,14.49
12329,Data Analyst,Product Management,8.4,PhD,Ho Chi Minh City,Vietnam,On-site,Startup,Tech,83.3,1.7,TensorFlow|C++|Azure|SQL|Python|CUDA|Docker|React,8,69200,,84100,Low,Senior,2026,3,1,1,1,6.44
12330,Data Analyst,Data Science,0.1,PhD,New York,Japan,Fully Remote,Startup,Education,71.7,8,FastAPI|Docker|AWS|Java|BERT,5,2600,113600,41700,Top,Mid,2026,1,0,1,0,35.71
12331,Product Manager,AI Engineering,6.4,Bachelor's,Berlin,Singapore,Fully Remote,Startup,Education,95.3,8.4,PyTorch|C++|TensorFlow|AutoGen|BERT|React|Docker|FastAPI|Python,9,48900,151600,61100,Medium,Junior,2026,1,1,0,0,5.86
12332,Data Analyst,Product Management,6.1,Master's,Berlin,Germany,On-site,Enterprise,Automotive,87.8,5.9,,0,22100,,92100,Medium,Lead,2026,8,1,1,0,47.4
12333,Product Manager,Product Management,1.7,High School,London,USA,Fully Remote,Big Tech (FAANG+),E-commerce,53.8,2.4,BERT|AWS|React|C++|CUDA|Airflow|FastAPI|AutoGen|Python,9,58700,131000,81300,Top,Junior,2026,8,1,1,1,30.93
12334,Machine Learning Engineer,Data Science,10.1,Associate's,London,Germany,Fully Remote,Big Tech (FAANG+),Healthcare,57.7,3.4,TensorFlow|AWS|PyTorch|FastAPI|BERT|AutoGen|C++|SQL,8,39000,24400,58900,High,Mid,2026,1,0,1,0,38.22
12335,Software Engineer,Data Science,10.5,PhD,Berlin,Singapore,Fully Remote,Startup,Automotive,54.1,9.6,AWS|TensorFlow|FastAPI|AutoGen|CUDA|React|Azure|Java|SQL,9,38200,96500,100900,Low,Lead,2026,4,1,1,1,41.21
12336,Data Scientist,Data Science,10.8,Master's,London,Vietnam,Hybrid,Big Tech (FAANG+),Finance,65.9,3,Azure,1,27300,44900,89800,High,Lead,2026,2,0,1,1,32.15
12337,DevOps Engineer,AI Engineering,10.9,PhD,Berlin,UK,Fully Remote,Mid-size,Automotive,71.8,1.5,FastAPI|Python|React|AutoGen|TensorFlow|PyTorch,6,,66000,100600,Top,Junior,2026,1,0,1,1,35.1
12338,Data Scientist,IT Operations,0,Master's,New York,Vietnam,Fully Remote,Mid-size,Automotive,75.2,6,C++|FastAPI|Azure|Java|TensorFlow|AutoGen|PyTorch|Python|Airflow,9,44100,147700,84500,Top,Lead,2026,2,0,1,1,39.52
12339,Machine Learning Engineer,Data Science,14.3,High School,London,Germany,On-site,Mid-size,Tech,92.6,3.4,Azure|TensorFlow|React|Java|AutoGen|FastAPI|CUDA|PyTorch|SQL|Airflow,10,35800,86000,57200,Top,Mid,2026,1,0,0,0,22.7
12340,DevOps Engineer,IT Operations,12.2,High School,Berlin,Vietnam,On-site,Mid-size,Tech,50.9,9.6,BERT|CUDA|FastAPI|TensorFlow|Docker|SQL|C++,7,41700,70900,111400,Top,Lead,2026,5,1,1,0,0.14
12341,Data Analyst,AI Engineering,13.6,High School,London,Singapore,Hybrid,Big Tech (FAANG+),Automotive,71.4,6.2,Airflow|AWS|BERT|Java|FastAPI,5,43200,146900,92100,Low,Junior,2026,10,0,0,0,48.35
12342,AI Agent Developer,IT Operations,0.2,Bachelor's,Ho Chi Minh City,Vietnam,Hybrid,Mid-size,Tech,70.5,9.7,PyTorch|Java|Python|React,4,,123100,88400,Medium,Junior,2026,12,1,0,1,12.14
12343,Machine Learning Engineer,Software Engineering,14,Master's,San Francisco,Germany,Fully Remote,Mid-size,Tech,97.4,8.1,React,1,52400,25000,97600,Medium,Senior,2026,6,0,0,0,7.48
12344,Machine Learning Engineer,IT Operations,12.1,Associate's,Tokyo,Germany,Fully Remote,Mid-size,Automotive,62.1,7.5,Docker|TensorFlow|AutoGen,3,45600,97200,68500,Top,Mid,2026,12,0,1,1,45.96
12345,Software Engineer,Data Science,12.6,Associate's,Ho Chi Minh City,Singapore,On-site,Mid-size,E-commerce,56.1,8.5,CUDA|React|AutoGen|SQL,4,66500,,89300,Low,Lead,2026,8,0,0,1,27.06
12346,Data Scientist,AI Engineering,1.4,High School,Beijing,UK,Fully Remote,Mid-size,Tech,57.1,6.4,Azure|PyTorch|C++|AWS|TensorFlow|BERT|AutoGen|CUDA|Airflow|React,10,97600,131200,72300,Top,Lead,2026,10,1,1,1,13.78
12347,Machine Learning Engineer,Data Science,11.1,Associate's,Berlin,Germany,Fully Remote,Enterprise,Automotive,76,1.1,Azure|Docker|AutoGen,3,54600,88700,56600,Low,Lead,2026,8,1,1,0,46.59
12348,Machine Learning Engineer,Software Engineering,14.4,PhD,Beijing,Singapore,Fully Remote,Enterprise,E-commerce,69.5,4.5,Airflow|SQL|AWS|FastAPI|BERT|Java,6,,177700,41400,Medium,Junior,2026,4,0,1,0,42.77
12349,Data Analyst,Data Science,10.2,Master's,Berlin,UK,Fully Remote,Mid-size,Education,87.7,3,Docker|Azure|SQL|PyTorch|BERT|AWS|FastAPI|Java|Python|Airflow,10,52500,111500,cnnjxffaxgucp35,Low,Mid,2026,3,0,1,0,22.79
12350,Data Analyst,Data Science,8.6,Master's,San Francisco,China,Fully Remote,Mid-size,Tech,66.2,4.9,PyTorch|BERT|Airflow|CUDA|TensorFlow|AWS,6,59300,,84600,Medium,Lead,2026,12,1,0,1,47.81
12351,DevOps Engineer,Data Science,14.2,Master's,Tokyo,Singapore,Fully Remote,Big Tech (FAANG+),Automotive,56.4,5.2,Python|AutoGen|Java|React|Docker|BERT|Azure,7,43500,85100,56500,Low,Mid,2026,5,1,1,1,4.66
12352,Product Manager,Product Management,6.6,PhD,London,China,Fully Remote,Mid-size,Tech,69.3,2.2,Java|Python,2,47900,143500,62500,High,Lead,2026,8,1,0,1,46.88
12353,Product Manager,Software Engineering,9,Bachelor's,Berlin,Germany,Fully Remote,Startup,E-commerce,94.2,1.2,Azure|TensorFlow|SQL|Docker|CUDA|React,6,,88200,55800,Low,,2026,5,0,0,0,23.02
12354,AI Agent Developer,Data Science,7.1,PhD,San Francisco,Vietnam,On-site,Enterprise,Automotive,70.3,2.2,,0,78400,,36900,Top,Senior,2026,10,1,0,1,23.07
12355,Product Manager,Data Science,14,Master's,Ho Chi Minh City,USA,Hybrid,Mid-size,E-commerce,91.7,8.7,TensorFlow|Java|PyTorch|BERT|React,5,69400,,101700,High,Senior,2026,7,1,1,1,22.67
12356,Software Engineer,Data Science,1.1,Master's,London,Vietnam,Fully Remote,Enterprise,Education,68.6,7.8,CUDA|SQL|BERT|C++|AWS|Airflow,6,55100,2700,125700,High,Junior,2026,4,0,1,0,21.53
12357,AI Agent Developer,AI Engineering,7.5,Master's,Tokyo,Germany,On-site,Mid-size,Healthcare,64.1,8.2,Azure|Python|Docker|PyTorch|TensorFlow|CUDA|BERT|AWS,8,29500,83700,30100,High,Lead,2026,2,1,0,1,26.87
12358,DevOps Engineer,Product Management,10.3,Associate's,Ho Chi Minh City,UK,Fully Remote,Startup,Finance,88.7,3.5,FastAPI|Python|TensorFlow|CUDA|React|PyTorch|Java|Airflow,8,46500,81800,84700,High,Junior,2026,9,0,0,0,49.76
12359,Data Analyst,AI Engineering,11.9,Bachelor's,London,Singapore,Fully Remote,Mid-size,Healthcare,60.5,3.1,TensorFlow|React|SQL|AWS|Python|Java|PyTorch|Azure|AutoGen|BERT,10,69300,166000,45400,High,Junior,2026,11,0,1,1,0.72
12360,Product Manager,Product Management,8.7,PhD,Berlin,Vietnam,Hybrid,Enterprise,Tech,61.6,1.3,CUDA|TensorFlow|PyTorch|Java|Airflow|C++|Docker|FastAPI|BERT|React,10,98900,153100,95200,High,Junior,2026,10,1,0,0,25
12361,Data Scientist,Data Science,13.6,Master's,Berlin,China,On-site,Enterprise,E-commerce,52.5,5.3,,0,51500,52600,110300,High,Senior,2026,2,1,0,0,14.18
12362,Data Analyst,Software Engineering,14.1,High School,Ho Chi Minh City,Japan,Fully Remote,Enterprise,Automotive,59.4,4.4,SQL|Airflow|Azure|Python|AutoGen|TensorFlow|C++,7,74500,40500,94500,Low,Mid,2026,2,1,1,0,8.57
12363,Software Engineer,IT Operations,1,Bachelor's,New York,Germany,Hybrid,Big Tech (FAANG+),E-commerce,68.9,8.5,,0,53500,128600,52000,Top,Mid,2026,8,0,0,0,46.25
12364,Data Analyst,IT Operations,6,High School,Berlin,Vietnam,Hybrid,Enterprise,Tech,70,7.1,Java,1,75500,,57400,Low,Mid,2026,10,0,0,1,19.22
12365,Software Engineer,Data Science,0.4,Bachelor's,San Francisco,Japan,Fully Remote,Mid-size,Automotive,71,2.3,C++|TensorFlow|SQL|PyTorch|Java,5,8200,106800,64100,High,Lead,2026,6,0,0,0,27.32
12366,Software Engineer,AI Engineering,4.9,Master's,New York,Vietnam,Fully Remote,Startup,Healthcare,74,9.9,BERT|Docker|React|Airflow,4,32800,53500,92300,High,Junior,2026,5,1,0,1,46.52
12367,Software Engineer,Software Engineering,8.1,Bachelor's,London,UK,On-site,Startup,E-commerce,78.6,7.9,React|PyTorch|AutoGen|Azure|FastAPI,5,56300,97400,69500,High,Junior,2026,3,1,1,0,23.97
12368,DevOps Engineer,Product Management,13.7,Bachelor's,New York,UK,On-site,Mid-size,Finance,59.5,7.5,SQL|C++|Java|CUDA|TensorFlow|AutoGen|Docker|AWS|Python,9,25700,72500,92300,Low,Lead,2026,7,0,0,0,14.41
12369,Software Engineer,Data Science,12.7,Master's,Ho Chi Minh City,UK,Fully Remote,Big Tech (FAANG+),Education,80.7,2.9,Java|React|Azure|C++|BERT|AWS|Python|CUDA|AutoGen,9,58500,,75300,Top,Junior,2026,8,1,0,1,4.84
12370,Software Engineer,Software Engineering,1.9,High School,Beijing,Japan,Fully Remote,Mid-size,Education,66.8,9.1,React|CUDA|Azure,3,50800,86100,73300,Top,Mid,2026,9,0,1,1,29.92
12371,Data Scientist,Software Engineering,1.4,High School,Beijing,USA,Hybrid,Enterprise,Tech,86.7,5.3,C++|PyTorch|React|Docker|TensorFlow|AutoGen|Python|SQL,8,17900,92700,78000,Low,Junior,2026,11,0,1,1,45.58
12372,AI Agent Developer,Product Management,8.8,Associate's,Ho Chi Minh City,Japan,On-site,Big Tech (FAANG+),Tech,77.9,3.7,,0,14200,50800,74100,Medium,Lead,2026,2,0,1,0,4.04
12373,Machine Learning Engineer,Software Engineering,8,High School,Singapore,Germany,Fully Remote,Mid-size,E-commerce,77.7,6.9,PyTorch|FastAPI|Java|SQL|TensorFlow,5,56700,84600,36100,Medium,Lead,2026,8,1,0,1,22.3
12374,AI Agent Developer,AI Engineering,4,High School,San Francisco,Germany,Fully Remote,Big Tech (FAANG+),Healthcare,84.3,2.9,FastAPI|AutoGen|CUDA|Python|AWS|Azure|SQL|PyTorch|C++,9,27100,72000,51200,Top,Mid,2026,5,0,0,1,33.23
12375,Software Engineer,AI Engineering,13.5,Bachelor's,Beijing,China,On-site,Startup,Healthcare,66.7,9.2,TensorFlow|BERT|AutoGen|Java|C++|FastAPI|SQL,7,40900,92100,116200,Medium,Junior,2026,1,1,1,0,5.04
12376,Data Scientist,AI Engineering,13.9,Associate's,Ho Chi Minh City,China,Fully Remote,Mid-size,Finance,71.5,8.7,AWS|TensorFlow|Java|BERT|Python|SQL|PyTorch,7,62600,83400,86900,Low,Lead,2026,10,1,1,0,3.94
12377,Data Analyst,Software Engineering,6,Master's,Berlin,Germany,Hybrid,Mid-size,Finance,79.1,5.2,Docker|TensorFlow|Airflow|Azure,4,48400,166700,120100,Top,Lead,2026,7,0,1,0,10.22
12378,Data Scientist,AI Engineering,13.4,Master's,New York,Vietnam,Hybrid,Startup,E-commerce,71.1,2.7,Airflow|Docker|Azure|Java|React,5,,109200,52800,Top,Lead,2026,7,1,0,1,6.57
12379,Software Engineer,Product Management,5.8,PhD,Beijing,Germany,Fully Remote,Big Tech (FAANG+),Automotive,72.2,5.5,Docker|SQL|React|Azure,4,19700,80500,74900,Low,Mid,2026,10,0,1,0,18.89
12380,Data Scientist,Software Engineering,11.1,Associate's,Berlin,Singapore,On-site,Startup,Healthcare,63.6,2.3,Azure|Airflow|Python|Docker|Java,5,80000,139800,jult0h5aahdyxtc,Low,Junior,2026,12,1,1,1,20.51
12381,Product Manager,IT Operations,7.1,Bachelor's,Beijing,USA,Hybrid,Big Tech (FAANG+),Automotive,64.4,3.4,Python|Azure|CUDA|AutoGen|FastAPI|PyTorch|React|SQL|C++,9,66100,16100,48900,Low,Senior,2026,3,1,0,1,22.64
12382,Data Scientist,Software Engineering,1.8,PhD,London,China,On-site,Mid-size,Automotive,84.9,5.3,React|PyTorch|BERT|CUDA|C++|SQL,6,37100,122500,33000,High,Junior,2026,11,0,1,0,24.56
12383,Software Engineer,Product Management,13.9,PhD,Ho Chi Minh City,China,On-site,Big Tech (FAANG+),E-commerce,50.2,1.2,C++|FastAPI|PyTorch|AWS,4,31900,108100,50300,Medium,Mid,2026,3,0,0,0,2.91
12384,DevOps Engineer,IT Operations,6.8,Master's,Ho Chi Minh City,Singapore,On-site,Big Tech (FAANG+),Finance,54.8,7.9,C++|TensorFlow|Java,3,38800,,101200,Medium,Mid,2026,4,1,0,0,33.15
12385,Product Manager,Software Engineering,11,High School,San Francisco,Singapore,Hybrid,Enterprise,Automotive,97.4,2.8,Python|AutoGen|AWS|FastAPI|Docker|Java|C++|React|CUDA,9,30400,79100,63100,Top,Lead,2026,5,0,0,1,36.69
12386,Data Scientist,AI Engineering,5.5,Bachelor's,Berlin,Japan,Hybrid,Enterprise,E-commerce,59.4,8.8,Java|C++|PyTorch|React,4,,133500,67100,Medium,Lead,2026,5,1,1,1,6.86
12387,Machine Learning Engineer,Data Science,0.3,Associate's,Singapore,Singapore,Fully Remote,Enterprise,Finance,70.9,1.2,TensorFlow|Azure|Docker|BERT|Python|Airflow|React|FastAPI|PyTorch,9,72300,113900,74800,Top,,2026,5,1,0,1,11.35
12388,Machine Learning Engineer,Data Science,1.5,PhD,London,China,On-site,Startup,Automotive,92.5,5.8,AutoGen|Airflow,2,,134600,79100,Top,Senior,2026,6,1,0,0,14.03
12389,Data Scientist,AI Engineering,7.4,Bachelor's,New York,Germany,Hybrid,Startup,Automotive,50,8,SQL|Airflow|C++|Docker|AutoGen|AWS|React|Python|FastAPI,9,70200,65000,67500,High,Senior,2026,1,0,0,1,20.81
12390,DevOps Engineer,Data Science,10.3,Master's,San Francisco,China,Hybrid,Enterprise,Finance,96.3,3.1,PyTorch|Java|Airflow|TensorFlow|Python,5,24000,144500,65300,Top,Mid,2026,7,1,1,1,20.08
12391,Data Analyst,Data Science,5,PhD,London,Singapore,Fully Remote,Mid-size,Education,52.7,7.4,CUDA|Azure|SQL,3,29300,78800,84900,High,Lead,2026,12,0,1,0,10.28
12392,Software Engineer,AI Engineering,10.4,PhD,Singapore,Singapore,Hybrid,Mid-size,Finance,58.5,7.5,Java|SQL|BERT|C++|Azure|Python|FastAPI|CUDA|AWS,9,69200,,115700,Medium,Mid,2026,4,0,1,0,3.67
12393,Machine Learning Engineer,AI Engineering,10.5,Master's,London,Singapore,Hybrid,Mid-size,Tech,51.5,6.7,C++|TensorFlow|Airflow|Python|React|PyTorch|AWS|FastAPI|BERT|SQL,10,59000,,59600,High,Lead,2026,5,0,1,1,14.52
12394,Data Analyst,Software Engineering,10.6,Master's,Tokyo,China,Hybrid,Startup,Tech,76,4.3,Java|Azure|TensorFlow,3,,133200,36700,Low,Lead,2026,8,1,1,0,38.96
12395,Data Scientist,Software Engineering,7.4,Master's,New York,Singapore,Fully Remote,Big Tech (FAANG+),E-commerce,97.2,8.1,TensorFlow|AutoGen|Airflow,3,64200,176800,59300,High,Mid,2026,8,0,0,0,2.92
12396,Data Analyst,AI Engineering,13.7,Bachelor's,San Francisco,Japan,Fully Remote,Startup,E-commerce,92,6.7,Java|AWS|C++|TensorFlow|PyTorch|CUDA|Python|FastAPI,8,60100,99200,72500,Top,Junior,2026,12,1,1,0,18.31
12397,Product Manager,Product Management,7.3,Bachelor's,New York,Germany,On-site,Enterprise,Healthcare,82,6.3,AutoGen|TensorFlow|C++|PyTorch|AWS|BERT|React|Java,8,,139600,29000,Medium,Mid,2026,5,1,1,1,9.64
12398,AI Agent Developer,Data Science,6.8,Bachelor's,London,Vietnam,Hybrid,Big Tech (FAANG+),Tech,59.3,8.4,Docker|AWS|AutoGen|BERT|CUDA,5,4800,149600,77500,Top,Junior,2026,11,0,1,1,35.63
12399,Machine Learning Engineer,Software Engineering,3,High School,San Francisco,Singapore,Fully Remote,Mid-size,Finance,93.5,3.2,SQL|PyTorch|AWS|C++|Docker|React,6,49700,86100,89300,Medium,Senior,2026,3,1,1,1,16.57
12400,Data Scientist,Data Science,4.6,PhD,Beijing,China,Fully Remote,Startup,Tech,87.7,3.1,PyTorch,1,,35800,49200,Top,Lead,2026,10,0,0,0,19.86
12401,Software Engineer,IT Operations,0.6,Bachelor's,Tokyo,China,Fully Remote,Startup,Education,63.3,4.5,Airflow|SQL|C++|AWS|AutoGen|PyTorch|FastAPI|Python|Docker,9,71900,116600,67600,High,Senior,2026,8,0,0,0,45.86
12402,DevOps Engineer,AI Engineering,9.5,High School,Beijing,Singapore,On-site,Enterprise,E-commerce,90.3,1.7,Airflow|React|Python|TensorFlow|C++,5,60200,111400,91900,Top,Lead,2026,2,0,1,0,30.56
12403,Product Manager,Product Management,3.7,PhD,London,China,On-site,Mid-size,Education,93.9,4,Azure|SQL|Python,3,42600,113100,74200,Low,Lead,2026,12,1,0,0,41.19
12404,Data Scientist,IT Operations,4.6,Bachelor's,Beijing,Singapore,On-site,Startup,E-commerce,84.9,4.7,Azure|C++|AWS|SQL|AutoGen|Python|TensorFlow|Java|PyTorch,9,25400,100000,78900,Low,Mid,2026,9,0,1,1,34.25
12405,Software Engineer,IT Operations,11.6,Master's,New York,USA,On-site,Startup,Education,55,5.5,FastAPI|AutoGen|Docker,3,31300,79400,72400,Medium,Lead,2026,6,0,1,0,48
12406,DevOps Engineer,IT Operations,4.9,Associate's,San Francisco,Germany,On-site,Big Tech (FAANG+),E-commerce,99.2,3.3,,0,-10500,75600,77300,Medium,Senior,2026,10,0,1,0,28.58
12407,DevOps Engineer,AI Engineering,3.6,Bachelor's,New York,Singapore,Hybrid,Startup,Finance,53.8,9.2,,0,77900,127600,114500,High,Lead,2026,4,0,0,1,12.5
12408,Data Scientist,Software Engineering,2.5,Associate's,Beijing,China,Hybrid,Big Tech (FAANG+),Education,82.7,3.6,React|BERT,2,53900,-24000,89400,Top,Junior,2026,4,1,0,0,34.72
12409,Product Manager,AI Engineering,11.6,Bachelor's,San Francisco,USA,Fully Remote,Startup,Automotive,55.5,8.7,C++|SQL,2,46400,31800,24100,Low,Junior,2026,3,1,1,0,41.01
12410,Data Analyst,Software Engineering,1.9,Master's,New York,Vietnam,On-site,Mid-size,E-commerce,95.3,5,AutoGen|AWS|Docker|Azure|Python|PyTorch|C++|React|FastAPI,9,86700,26000,79100,High,Mid,2026,11,1,1,1,48.38
12411,Data Analyst,IT Operations,6.8,Associate's,Ho Chi Minh City,Vietnam,On-site,Enterprise,Tech,67.5,7.5,React|Docker|AWS|SQL|FastAPI|PyTorch|C++,7,31000,19400,119100,Medium,Mid,2026,5,1,0,1,30.89
12412,DevOps Engineer,IT Operations,7.6,High School,New York,Japan,Fully Remote,Mid-size,Automotive,75.6,2,Azure|TensorFlow|Docker,3,46000,94300,76200,High,Lead,2026,6,1,1,0,41.1
12413,Data Analyst,Product Management,10.3,Master's,London,Singapore,Hybrid,Enterprise,Tech,58.9,5.9,Airflow|C++|PyTorch|Docker|SQL|Python|AWS,7,36100,122400,29800,Medium,Senior,2026,10,1,0,0,35.53
12414,AI Agent Developer,Software Engineering,9.5,Associate's,Berlin,Japan,On-site,Startup,E-commerce,77.3,9.6,SQL|PyTorch,2,91600,121000,49500,Medium,Mid,2026,3,0,1,0,38.75
12415,DevOps Engineer,IT Operations,12.2,Associate's,Beijing,Japan,On-site,Mid-size,Finance,96.9,7,Python|PyTorch|Java|FastAPI|React|CUDA|SQL|Azure|AutoGen,9,44200,51300,72500,High,Mid,2026,9,1,0,0,29.89
12416,DevOps Engineer,Data Science,0.7,Master's,Tokyo,USA,On-site,Big Tech (FAANG+),Automotive,95.1,8.4,React|Azure|BERT|SQL|CUDA|Java|Python|FastAPI,8,53700,31500,55200,Top,,2026,8,0,0,0,14.55
12417,Software Engineer,Product Management,4.4,Master's,Singapore,Vietnam,Hybrid,Enterprise,Automotive,53.2,3.3,,0,82400,106600,115500,High,Junior,2026,12,1,0,1,4.38
12418,Data Analyst,AI Engineering,4.2,Master's,Beijing,Japan,Hybrid,Enterprise,E-commerce,68.9,8.2,,0,71700,120500,48400,Medium,Senior,2026,6,0,0,1,36
12419,Product Manager,Product Management,2.2,PhD,Singapore,UK,On-site,Startup,Education,63.4,4.2,Docker|Python|CUDA|BERT|PyTorch|Java|Airflow|FastAPI|AWS,9,17500,123200,73800,Low,Mid,2026,5,1,1,0,41.48
12420,DevOps Engineer,Data Science,4.3,High School,Singapore,Japan,On-site,Enterprise,E-commerce,74.1,5.4,PyTorch|Python|Java|TensorFlow|FastAPI,5,,43200,74900,Top,Lead,2026,11,1,1,1,38.56
12421,Product Manager,Software Engineering,4.6,Bachelor's,New York,Vietnam,Fully Remote,Enterprise,E-commerce,91.7,2.7,Java|Airflow|FastAPI|TensorFlow|PyTorch|BERT,6,,,113700,Top,Mid,2026,3,0,0,0,1.98
12422,AI Agent Developer,AI Engineering,7.8,Associate's,New York,UK,Fully Remote,Enterprise,Healthcare,86.9,5.4,FastAPI|Airflow|SQL|CUDA|PyTorch|React,6,53200,107200,72800,Low,Mid,2026,3,0,0,1,2.75
12423,Software Engineer,AI Engineering,10,Bachelor's,San Francisco,USA,Hybrid,Startup,Finance,67.2,5.6,C++|SQL|Java|Airflow|Azure|AWS|Docker|AutoGen|Python,9,56300,60200,103400,Top,Junior,2026,8,1,0,1,5.16
12424,Data Scientist,Software Engineering,5.7,Master's,San Francisco,Singapore,Fully Remote,Mid-size,Education,69.1,6.6,Java|Azure,2,31900,74900,68700,Medium,Junior,2026,6,0,0,1,41.22
12425,Product Manager,Product Management,10.8,High School,Berlin,Singapore,On-site,Startup,Finance,82.7,8.8,SQL|Python|Airflow|React|CUDA|Azure|AWS|BERT|Java|FastAPI,10,80600,64400,71900,High,Mid,2026,10,0,0,0,30.53
12426,DevOps Engineer,IT Operations,5,High School,Berlin,UK,Hybrid,Big Tech (FAANG+),E-commerce,59.7,3.7,AutoGen|CUDA|Azure|C++|TensorFlow|Airflow,6,58900,67500,65700,Medium,Senior,2026,11,1,0,1,29.49
12427,AI Agent Developer,Product Management,4.4,PhD,Tokyo,Vietnam,Fully Remote,Enterprise,Healthcare,55.1,9.9,Azure|Python|SQL|BERT|CUDA|TensorFlow|Java|PyTorch|C++|React,10,63000,,31500,Top,Junior,2026,6,1,0,1,10.67
12428,Machine Learning Engineer,Data Science,8.1,Master's,London,China,Hybrid,Enterprise,E-commerce,62.1,8.6,Java|Airflow|CUDA|React|PyTorch|BERT|Azure,7,77500,120800,100200,Low,,2026,4,0,1,1,3.83
12429,AI Agent Developer,IT Operations,0.4,Associate's,Ho Chi Minh City,UK,On-site,Mid-size,E-commerce,56.2,4.6,BERT|Python|Airflow|SQL|CUDA|React|Docker|AutoGen,8,55500,55700,93000,Top,Senior,2026,3,0,1,0,39.81
12430,AI Agent Developer,Product Management,1.2,PhD,London,Vietnam,Fully Remote,Enterprise,Finance,67.6,3,AWS|SQL|PyTorch|React,4,45800,81900,74600,Medium,Mid,2026,6,1,1,1,41.42
12431,Software Engineer,Software Engineering,6.3,Master's,San Francisco,Japan,Fully Remote,Mid-size,Healthcare,96.9,1.6,AWS|AutoGen|FastAPI|C++|TensorFlow|BERT|CUDA|Python,8,,124000,63300,Top,Senior,2026,1,0,0,1,12.57
12432,Data Scientist,Data Science,14.1,PhD,Tokyo,China,Fully Remote,Enterprise,Finance,56,3.1,TensorFlow|Python|BERT|AWS|Java,5,45500,,44200,Top,Lead,2026,11,0,0,1,41.3
12433,Machine Learning Engineer,Data Science,10.8,Bachelor's,Beijing,USA,On-site,Enterprise,E-commerce,90.9,9,AWS|FastAPI|Docker|Azure,4,46800,124000,z58ew218431hrep,Medium,Junior,2026,5,1,1,0,15.65
12434,Data Analyst,Data Science,1.3,Master's,New York,Singapore,Hybrid,Startup,Tech,76.7,3.6,Docker,1,11800,179100,74100,Top,Lead,2026,7,0,1,0,40.6
12435,Data Analyst,IT Operations,12.7,Associate's,London,USA,Fully Remote,Startup,Automotive,81.6,2.2,Azure|Airflow,2,37600,112600,82900,Medium,Senior,2026,1,1,1,1,3.43
12436,Product Manager,AI Engineering,11,Associate's,Singapore,Germany,Hybrid,Big Tech (FAANG+),Education,58.5,1.2,AWS|React|Java,3,28100,92700,86700,Low,Junior,2026,10,1,0,0,17.24
12437,AI Agent Developer,IT Operations,9.2,Master's,New York,USA,Hybrid,Mid-size,E-commerce,57.6,3.7,CUDA|Python|C++|Docker,4,9400,39200,52200,Top,Junior,2026,12,1,1,0,38.52
12438,Software Engineer,Product Management,12.3,PhD,New York,Germany,Hybrid,Big Tech (FAANG+),Education,58.1,2.9,Python|React|Airflow|SQL|FastAPI|Azure|PyTorch|C++,8,53100,7900,53300,Low,Lead,2026,4,1,0,1,14.44
12439,Software Engineer,AI Engineering,6.1,High School,London,USA,On-site,Startup,Healthcare,83.4,1.9,,0,58900,79600,73200,High,Senior,2026,2,1,1,1,2.01
12440,Data Analyst,Product Management,3.3,Master's,London,USA,On-site,Mid-size,Tech,87.4,9.6,,0,32800,119700,66500,Top,Junior,2026,1,0,0,1,7.52
12441,Product Manager,AI Engineering,7.7,Associate's,Singapore,USA,Fully Remote,Startup,Education,96,3.4,PyTorch|AutoGen|C++|Docker|Azure,5,44400,93500,3nfuxkd9fzfgi6b,High,Senior,2026,1,0,0,0,48.08
12442,Product Manager,IT Operations,8.2,Bachelor's,San Francisco,Germany,Fully Remote,Mid-size,Education,69.9,1.1,CUDA,1,61300,,39900,Low,Senior,2026,12,0,0,1,30.01
12443,Product Manager,Data Science,8.1,Associate's,Singapore,Japan,Hybrid,Enterprise,Healthcare,73.1,9.5,FastAPI|AWS|Azure|AutoGen|SQL,5,44000,114800,89400,Low,Junior,2026,7,1,0,1,8.85
12444,Machine Learning Engineer,Software Engineering,8.5,High School,Berlin,Germany,Hybrid,Big Tech (FAANG+),E-commerce,73.5,6.2,Airflow|TensorFlow|Docker|AWS|Azure|Python|FastAPI|BERT,8,47300,68100,76500,Medium,Junior,2026,6,1,0,0,32.38
12445,Data Scientist,Data Science,14.2,Associate's,San Francisco,UK,Hybrid,Big Tech (FAANG+),E-commerce,63.5,1.7,FastAPI|C++|Airflow,3,45100,150300,59500,High,Junior,2026,7,0,1,0,31.17
12446,Machine Learning Engineer,IT Operations,13.5,High School,Tokyo,Vietnam,On-site,Mid-size,Automotive,66.4,1.3,CUDA|FastAPI,2,62000,123700,83000,High,Lead,2026,1,1,0,0,20.39
12447,DevOps Engineer,AI Engineering,13.1,Master's,Tokyo,Vietnam,On-site,Big Tech (FAANG+),Healthcare,92.3,2,Java|AutoGen|PyTorch|C++|React|Airflow|TensorFlow|AWS|SQL|Docker,10,49700,36900,89800,Medium,Junior,2026,10,1,1,0,33.34
12448,DevOps Engineer,Data Science,12,Associate's,Singapore,Japan,Fully Remote,Startup,Tech,67.2,6.3,,0,43500,60300,27400,High,Junior,2026,12,0,1,0,5.59
12449,Data Scientist,IT Operations,14.2,PhD,Ho Chi Minh City,Vietnam,Hybrid,Big Tech (FAANG+),Automotive,93.5,1.6,,0,40500,80400,123700,Low,Mid,2026,3,1,1,0,16.07
12450,Data Analyst,Product Management,1.5,PhD,San Francisco,USA,Hybrid,Mid-size,Healthcare,65.3,6.1,,0,33200,170600,73900,Low,Mid,2026,7,0,1,0,1.88
12451,Data Scientist,Software Engineering,4,Associate's,Singapore,Japan,On-site,Big Tech (FAANG+),E-commerce,67,6.9,AWS|TensorFlow|Azure|SQL|Airflow|Python|FastAPI|PyTorch|Java|C++,10,61900,129600,86500,Low,Lead,2026,10,1,0,0,45.72
12452,Software Engineer,Data Science,7.4,Associate's,Berlin,Vietnam,Fully Remote,Big Tech (FAANG+),Automotive,78,2.3,PyTorch|Python|SQL|CUDA|BERT|TensorFlow|Java|Docker,8,61300,58800,85800,Low,Lead,2026,10,1,0,1,44.65
12453,DevOps Engineer,AI Engineering,12.7,Bachelor's,Ho Chi Minh City,Germany,Hybrid,Startup,E-commerce,55.2,5.4,SQL|Docker|Python|BERT,4,49900,226700,79200,Top,Mid,2026,9,0,0,0,10.2
12454,AI Agent Developer,Product Management,7.6,Associate's,London,UK,Hybrid,Enterprise,Finance,96.1,9.7,Docker|AutoGen|PyTorch|FastAPI|C++|Azure|TensorFlow|BERT,8,68800,131400,62000,Medium,Lead,2026,6,1,0,1,35.38
12455,AI Agent Developer,IT Operations,11.2,Bachelor's,Tokyo,China,Fully Remote,Startup,Finance,91,8.5,CUDA|BERT|AutoGen,3,50200,52500,77300,Top,Mid,2026,8,1,0,1,40.65
12456,Data Analyst,Software Engineering,2.1,Bachelor's,Tokyo,UK,Hybrid,Big Tech (FAANG+),Automotive,83.5,7.5,CUDA,1,56500,88100,75100,Top,Mid,2026,9,1,1,1,20.36
12457,Software Engineer,AI Engineering,3.8,Bachelor's,Ho Chi Minh City,Vietnam,On-site,Big Tech (FAANG+),Automotive,99.4,5.7,Airflow|Docker|CUDA,3,38600,79300,82100,High,Senior,2026,7,0,0,1,40.85
12458,Machine Learning Engineer,IT Operations,11,Bachelor's,Beijing,Japan,Fully Remote,Enterprise,Healthcare,50.8,4.5,TensorFlow|Azure|CUDA|AutoGen|SQL|C++|PyTorch|React|FastAPI,9,74000,66400,113300,Medium,Lead,2026,9,1,0,0,24.62
12459,Software Engineer,IT Operations,2.5,Master's,Berlin,Singapore,Hybrid,Enterprise,Tech,70.6,5.1,Java|Docker|TensorFlow|CUDA|React|C++|Python|FastAPI,8,53200,,67400,Top,,2026,11,1,1,1,39.86
12460,AI Agent Developer,Data Science,5.3,PhD,Berlin,Vietnam,Hybrid,Startup,Tech,92.9,7.9,Java|FastAPI|Azure,3,57700,94900,52100,Top,Mid,2026,10,1,1,0,37.87
12461,AI Agent Developer,Data Science,4,Bachelor's,Berlin,Germany,On-site,Enterprise,Finance,71.7,6,Python|Azure|Java|SQL,4,51300,137200,76100,Medium,,2026,4,0,1,1,28.1
12462,DevOps Engineer,AI Engineering,5.2,PhD,Tokyo,UK,On-site,Startup,Finance,50.3,7.9,PyTorch|Docker|FastAPI|CUDA|C++|BERT,6,51700,95000,56600,Low,Senior,2026,9,1,0,1,25.37
12463,Software Engineer,IT Operations,10.6,Bachelor's,New York,Singapore,On-site,Mid-size,Finance,57.9,9.7,Docker|AWS|FastAPI,3,55200,85600,47200,Medium,Mid,2026,9,1,1,1,14.64
12464,Software Engineer,Data Science,5.5,PhD,Tokyo,Germany,Hybrid,Big Tech (FAANG+),E-commerce,71.7,6.8,PyTorch|TensorFlow|React|Python|CUDA,5,8900,76100,56500,Medium,Lead,2026,2,1,0,1,20.57
12465,AI Agent Developer,Software Engineering,8.3,Associate's,New York,Germany,Hybrid,Enterprise,Tech,83.4,6.4,,0,58500,100700,40100,Medium,Mid,2026,11,1,1,0,19.59
12466,Machine Learning Engineer,Software Engineering,1.5,Associate's,Tokyo,China,Hybrid,Mid-size,Automotive,58.1,4.7,PyTorch|AutoGen|SQL|CUDA|FastAPI|Java|TensorFlow|Docker|Airflow,9,,68800,42900,Low,Lead,2026,9,1,0,1,5.16
12467,Data Analyst,IT Operations,12.1,PhD,San Francisco,Germany,Fully Remote,Mid-size,Finance,72.4,2.8,Python|SQL|AutoGen|BERT|TensorFlow|PyTorch|React,7,45400,98800,111500,Medium,Mid,2026,3,0,0,0,26.2
12468,Product Manager,Data Science,5.5,Bachelor's,London,Singapore,On-site,Startup,Education,50.6,4.4,React|PyTorch|Azure|AutoGen|CUDA|C++|Docker|TensorFlow|SQL|Python,10,36900,,101400,Low,Mid,2026,11,0,1,1,29.02
12469,Data Analyst,AI Engineering,9.7,Master's,Tokyo,Germany,Fully Remote,Startup,Healthcare,73.9,5.7,C++|Python|React|TensorFlow|FastAPI|Airflow|AWS|SQL,8,66600,46200,74200,Top,,2026,7,1,0,0,48.45
12470,Software Engineer,AI Engineering,10.9,PhD,San Francisco,China,On-site,Enterprise,Automotive,94.8,1.3,,0,34200,85700,47900,Top,Junior,2026,11,0,0,0,14.14
12471,Data Analyst,AI Engineering,3.1,High School,San Francisco,USA,Hybrid,Startup,Automotive,79.8,5.3,,0,44100,28900,28100,Low,Junior,2026,12,0,1,0,19.97
12472,AI Agent Developer,Software Engineering,13.3,Master's,London,Singapore,Fully Remote,Mid-size,Automotive,72,8.8,C++,1,,154200,67900,High,Senior,2026,3,1,0,1,27.59
12473,AI Agent Developer,Data Science,9.2,High School,San Francisco,USA,Fully Remote,Mid-size,Tech,58.1,9.8,PyTorch|C++|Azure|Java|AutoGen|React,6,,,91200,Medium,Lead,2026,12,1,1,0,42.65
12474,Software Engineer,Data Science,6.4,PhD,New York,Singapore,On-site,Big Tech (FAANG+),Finance,60.1,8.7,C++|Python,2,35400,,72000,Top,Mid,2026,11,0,0,1,12.9
12475,Software Engineer,Software Engineering,2.7,Bachelor's,Berlin,Japan,Fully Remote,Mid-size,Healthcare,53.8,2.5,PyTorch|TensorFlow|Docker|React|C++|AutoGen|BERT|FastAPI|Airflow|Java,10,25100,29200,98500,Top,Lead,2026,5,1,1,0,11.72
12476,Product Manager,AI Engineering,14.1,High School,New York,China,Fully Remote,Enterprise,E-commerce,87.1,2.4,AutoGen|CUDA|AWS,3,38700,100600,64300,Low,Junior,2026,12,1,1,0,26.59
12477,Product Manager,AI Engineering,11.3,PhD,Ho Chi Minh City,Japan,Hybrid,Big Tech (FAANG+),Healthcare,53.9,4.5,CUDA|AutoGen|FastAPI|React|SQL|Docker|BERT|Azure|Airflow|C++,10,53900,109100,67800,High,Lead,2026,2,0,0,1,6.43
12478,DevOps Engineer,IT Operations,3.1,Master's,Berlin,Japan,On-site,Startup,Healthcare,69.2,3,AWS|React|Airflow|AutoGen|CUDA|Docker|SQL|Python,8,31800,116700,88500,High,Mid,2026,10,0,1,1,34.82
12479,Software Engineer,Product Management,5.1,Bachelor's,Tokyo,Germany,Fully Remote,Big Tech (FAANG+),Education,87.5,7.1,Python,1,52500,69100,41500,High,Junior,2026,10,0,0,1,42.99
12480,Machine Learning Engineer,Data Science,12.1,High School,Tokyo,Japan,Hybrid,Mid-size,Healthcare,85.6,1.8,PyTorch|Docker|Python|React|AutoGen|TensorFlow,6,60600,108400,80000,Low,Lead,2026,3,0,0,0,1.48
12481,Data Analyst,Data Science,10.4,PhD,Tokyo,Vietnam,Fully Remote,Enterprise,E-commerce,78.9,5,SQL|Python|C++|React|AWS|Java|PyTorch|AutoGen,8,,176400,78800,Low,Lead,2026,10,1,0,0,9.75
12482,Software Engineer,Data Science,11.5,Bachelor's,Tokyo,Singapore,Hybrid,Startup,Healthcare,78.6,3.5,SQL|CUDA|AutoGen|AWS|PyTorch,5,26200,79200,69200,Medium,Lead,2026,4,0,1,0,28.96
12483,Data Scientist,Product Management,6.6,Bachelor's,Tokyo,UK,Fully Remote,Startup,Education,54.5,6.4,BERT|Java|React|AWS|C++|Python,6,14800,141400,108500,Top,Junior,2026,10,0,0,1,41.39
12484,DevOps Engineer,IT Operations,10.7,Associate's,New York,Vietnam,Hybrid,Mid-size,Healthcare,58.7,8.2,Airflow|Python|TensorFlow|CUDA|AutoGen|C++|BERT|Azure,8,,,92200,Top,Junior,2026,12,0,1,0,24.5
12485,Data Scientist,Product Management,5.8,Bachelor's,Singapore,Vietnam,Hybrid,Enterprise,Finance,76.7,9.3,PyTorch|Airflow|Docker|C++|AutoGen|TensorFlow|Azure|BERT|SQL,9,80900,94300,35400,Low,Lead,2026,12,1,1,1,39.22
12486,AI Agent Developer,AI Engineering,3.2,PhD,London,Germany,On-site,Mid-size,Education,67.4,9.7,C++|Airflow|BERT|Java|SQL|Docker|AWS,7,78200,105200,65500,Top,Senior,2026,6,0,1,0,21.11
12487,Product Manager,AI Engineering,9.5,Master's,Singapore,UK,Hybrid,Mid-size,Finance,50.9,4.2,AutoGen,1,56000,78500,57600,Medium,Mid,2026,11,1,0,0,19.38
12488,Data Analyst,Data Science,14.6,Associate's,New York,Japan,Fully Remote,Enterprise,Finance,89.9,8.7,Airflow|Java|Python|PyTorch|BERT|CUDA|Azure|Docker|FastAPI|React,10,56200,105600,72100,Low,Junior,2026,6,1,0,1,9.08
12489,Software Engineer,Software Engineering,4.7,PhD,Beijing,UK,Hybrid,Mid-size,Automotive,82.7,6.3,,0,45600,138600,50300,Top,Junior,2026,3,1,1,0,7.58
12490,Data Scientist,Data Science,6.9,PhD,San Francisco,Japan,Hybrid,Enterprise,Education,66.3,7.2,C++|PyTorch|React|FastAPI|CUDA|SQL|TensorFlow,7,,136100,48600,High,Junior,2026,3,0,0,1,37.26
12491,Data Analyst,Software Engineering,10.1,PhD,Singapore,USA,Fully Remote,Enterprise,Healthcare,54.9,8.7,Java|BERT|FastAPI|Azure|Docker|TensorFlow,6,,,70800,Low,Mid,2026,9,1,1,0,8.47
12492,AI Agent Developer,Product Management,8.1,High School,New York,China,Fully Remote,Mid-size,Tech,79.6,2.2,PyTorch|SQL|AWS|TensorFlow|C++|FastAPI|React|Airflow,8,33100,,77000,Top,Junior,2026,10,1,1,1,20.39
12493,Product Manager,AI Engineering,12.7,High School,San Francisco,Germany,Hybrid,Mid-size,Tech,67.4,9.5,Azure|AWS,2,,102300,54400,Top,Senior,2026,2,0,0,1,27.25
12494,Machine Learning Engineer,Software Engineering,11.4,Master's,Berlin,Japan,Fully Remote,Big Tech (FAANG+),Tech,62.8,5.9,AutoGen|Python,2,64000,187100,51500,Medium,Junior,2026,4,1,1,1,13.22
12495,DevOps Engineer,Product Management,0.9,PhD,Tokyo,Japan,Hybrid,Startup,E-commerce,86.1,4,TensorFlow|AWS,2,61000,61100,35400,Medium,Junior,2026,5,1,0,0,41.62
12496,Data Analyst,AI Engineering,15,High School,New York,UK,Hybrid,Startup,Finance,66.4,4,,0,42400,95500,83000,High,Senior,2026,8,1,1,1,20.24
12497,Data Analyst,Software Engineering,11.3,High School,Singapore,Germany,Hybrid,Enterprise,Finance,56.8,7.8,,0,75100,51500,65200,High,Mid,2026,8,1,0,0,18.84
12498,Machine Learning Engineer,Data Science,13,High School,London,Singapore,Fully Remote,Big Tech (FAANG+),Finance,74.1,7.1,AWS|AutoGen|Python|SQL|Docker|C++|PyTorch|FastAPI|Airflow|React,10,,104400,60100,High,Mid,2026,6,1,0,1,8.91
12499,Data Analyst,Data Science,9.8,Master's,Singapore,Japan,On-site,Enterprise,Education,91.4,7.6,AutoGen|AWS,2,20200,141700,95800,Medium,Junior,2026,2,1,0,0,10.99
12500,AI Agent Developer,Data Science,12.8,Master's,Tokyo,USA,On-site,Big Tech (FAANG+),E-commerce,92.5,3.3,Airflow|CUDA,2,61300,168600,11100,Top,Mid,2026,10,1,1,1,14.56
12501,AI Agent Developer,Product Management,1.7,PhD,Singapore,Vietnam,Hybrid,Enterprise,Healthcare,92.5,2.5,Azure|Airflow|Java|AWS,4,,60100,88100,Low,Senior,2026,10,1,0,1,17.47
12502,Machine Learning Engineer,Data Science,5.2,Associate's,Ho Chi Minh City,Japan,Hybrid,Startup,Automotive,71,7.5,Azure|Docker|PyTorch|Java|TensorFlow|Python|AutoGen|SQL|FastAPI,9,82200,66900,110500,Low,,2026,1,1,1,0,35.06
12503,DevOps Engineer,IT Operations,13.1,PhD,Beijing,UK,Fully Remote,Big Tech (FAANG+),Education,89.5,3.7,TensorFlow|PyTorch|Airflow|Docker|AutoGen|FastAPI|React|AWS|Java|CUDA,10,39600,163200,22700,Medium,Junior,2026,7,0,0,1,49.82
12504,Software Engineer,AI Engineering,3,High School,Berlin,Singapore,On-site,Mid-size,Finance,92.5,3,Python|Azure|Java|AWS|React|TensorFlow|AutoGen|C++|CUDA,9,71200,,26100,Medium,Senior,2026,10,1,0,0,25.33
12505,Data Scientist,Product Management,1.2,High School,London,USA,On-site,Mid-size,Healthcare,73,2.9,CUDA|SQL|Python,3,63800,74400,38700,Medium,Junior,2026,1,0,1,1,35.27
12506,Software Engineer,Data Science,11.8,Bachelor's,Beijing,Germany,On-site,Startup,Tech,65.9,2.3,FastAPI|SQL|BERT|Azure|CUDA|React|C++,7,,138800,44900,Medium,Senior,2026,11,1,1,0,12.19
12507,Data Analyst,AI Engineering,12.5,PhD,New York,Japan,Fully Remote,Big Tech (FAANG+),Automotive,85.1,4.8,Airflow|SQL|TensorFlow|BERT|Java|AutoGen|AWS|PyTorch|Docker,9,35500,31900,100000,Low,Senior,2026,3,0,1,0,47.35
12508,Data Scientist,Software Engineering,2.4,High School,Beijing,USA,Fully Remote,Mid-size,Tech,95.2,3.3,Python,1,42300,58000,68300,High,Junior,2026,9,0,0,0,40.52
12509,Machine Learning Engineer,Data Science,12.8,High School,Tokyo,USA,Fully Remote,Mid-size,Healthcare,98.6,9,AWS|SQL|React|Java|Docker|Airflow|PyTorch,7,60500,150400,98vg1my36qi9dp6,Low,Junior,2026,6,0,0,1,34.25
12510,Machine Learning Engineer,AI Engineering,10.3,Associate's,Tokyo,Singapore,Hybrid,Mid-size,Healthcare,64.5,7.2,Java|SQL|Python|TensorFlow|AWS|React,6,72600,20500,65600,Medium,Mid,2026,8,0,0,0,15.67
12511,DevOps Engineer,IT Operations,7.8,Bachelor's,Ho Chi Minh City,USA,Fully Remote,Startup,Tech,97.8,7.7,Docker|C++|Java|PyTorch|TensorFlow|React,6,,18900,67700,High,Lead,2026,12,1,0,0,4.08
12512,Data Scientist,Software Engineering,12.5,PhD,San Francisco,USA,Hybrid,Enterprise,Education,75,4.6,C++|FastAPI|Java|Azure|React|Python|AutoGen|Airflow,8,12000,133600,108200,Low,Mid,2026,9,0,0,1,48.41
12513,AI Agent Developer,IT Operations,6.3,Master's,Beijing,Singapore,Hybrid,Mid-size,Automotive,65.3,6.4,Docker|PyTorch|C++|CUDA|TensorFlow|SQL|Python,7,73700,164900,11100,Medium,Junior,2026,7,0,0,1,36.26
12514,Data Scientist,AI Engineering,2.9,PhD,Singapore,Singapore,Hybrid,Mid-size,Tech,99.4,5.5,CUDA|Airflow|AutoGen|C++|PyTorch|React|SQL,7,75900,157300,77700,Medium,Junior,2026,8,0,0,0,6.83
12515,Data Analyst,IT Operations,4.3,PhD,Beijing,Singapore,Hybrid,Enterprise,Tech,93.9,2.5,React|TensorFlow|SQL|AutoGen|Java|Python|PyTorch,7,39000,-3600,88600,Top,Mid,2026,4,1,0,0,27.59
12516,AI Agent Developer,AI Engineering,7.6,Associate's,Tokyo,USA,Fully Remote,Mid-size,Education,84.6,1.4,CUDA,1,67000,158500,102900,Top,Lead,2026,5,0,0,1,30.55
12517,Product Manager,AI Engineering,8,PhD,San Francisco,USA,Fully Remote,Big Tech (FAANG+),Tech,94.7,7.2,C++|Azure|Airflow|Docker|CUDA,5,59800,103200,97400,Medium,Lead,2026,7,0,1,0,22.17
12518,Product Manager,IT Operations,12.1,Associate's,New York,China,On-site,Mid-size,Automotive,84.1,2.1,BERT|Azure|TensorFlow|Docker|Python|Java|CUDA|FastAPI|SQL,9,32200,67700,81600,Low,Junior,2026,9,0,0,1,23.59
12519,Product Manager,AI Engineering,11.9,Associate's,New York,Germany,On-site,Enterprise,E-commerce,72,1.5,C++,1,67800,62600,107400,Top,,2026,8,1,0,1,27.3
12520,Machine Learning Engineer,Data Science,8.7,High School,Berlin,Vietnam,Hybrid,Startup,Automotive,97.4,5,C++|Java,2,49100,128000,109200,Low,Senior,2026,7,1,1,0,40.08
12521,Data Scientist,AI Engineering,11.7,Master's,Singapore,Germany,On-site,Startup,Education,98.2,7.6,AutoGen|Azure|FastAPI|Docker|TensorFlow,5,22800,,91200,Low,Mid,2026,4,1,1,1,40.58
12522,Product Manager,Product Management,2.9,Associate's,Singapore,UK,On-site,Big Tech (FAANG+),Tech,65.7,7.9,BERT,1,68000,156200,49700,Top,Lead,2026,11,1,0,1,48.03
12523,Software Engineer,AI Engineering,0.8,Bachelor's,New York,UK,On-site,Mid-size,Finance,67.7,8.9,SQL|BERT|PyTorch|Python|CUDA|Java,6,92300,75000,78800,Medium,Lead,2026,1,1,1,0,8.6
12524,DevOps Engineer,Product Management,13.1,Bachelor's,Beijing,Singapore,Hybrid,Mid-size,Finance,69.1,2.8,FastAPI|BERT|C++,3,3900,80500,95500,Top,Mid,2026,1,0,0,0,5.51
12525,Software Engineer,AI Engineering,1.1,Master's,Ho Chi Minh City,Germany,On-site,Enterprise,Healthcare,91.1,9.9,C++|Python|Docker,3,56100,,68100,Low,Senior,2026,12,0,0,1,30.53
12526,Product Manager,AI Engineering,3.7,Associate's,New York,USA,Fully Remote,Enterprise,E-commerce,89.6,7.9,,0,55300,68300,92500,High,Lead,2026,5,1,1,1,35.19
12527,DevOps Engineer,IT Operations,10.4,Master's,Singapore,China,Hybrid,Big Tech (FAANG+),Education,99.2,2.4,Azure|PyTorch|C++|Java|TensorFlow|React|Docker,7,26900,132800,73300,Top,Senior,2026,7,1,0,1,17
12528,Data Analyst,Data Science,6.1,High School,Singapore,Vietnam,Fully Remote,Big Tech (FAANG+),Healthcare,73.3,8.6,C++|Python|React|PyTorch|Azure|AutoGen|Java|SQL|FastAPI,9,70500,55300,60800,High,Junior,2026,11,0,0,0,49.24
12529,Software Engineer,Data Science,13.1,Bachelor's,Tokyo,Japan,Hybrid,Mid-size,Healthcare,86.8,5.5,TensorFlow|PyTorch|Azure|Docker,4,28200,181500,78700,Medium,Junior,2026,12,1,1,0,42.06
12530,Data Scientist,Software Engineering,4.5,PhD,Tokyo,Japan,Fully Remote,Mid-size,Finance,92.8,1.6,C++,1,51700,179700,40800,Top,Senior,2026,8,0,1,1,24.66
12531,Data Scientist,IT Operations,0.2,Bachelor's,Berlin,USA,On-site,Big Tech (FAANG+),Automotive,61.1,2.2,CUDA|React,2,35000,70600,81300,High,Senior,2026,7,0,1,0,36.21
12532,Software Engineer,IT Operations,4.5,Associate's,San Francisco,Germany,Hybrid,Startup,Healthcare,81,4.9,AWS|FastAPI|Docker|React|Python|BERT,6,29500,102500,kuzucy2r8wnxblu,Medium,Mid,2026,4,1,1,1,22.65
12533,Product Manager,Data Science,8.7,Master's,Berlin,Japan,Fully Remote,Startup,Healthcare,77.4,5.8,,0,,104900,89500,Low,Mid,2026,11,0,1,1,9.98
12534,Data Scientist,IT Operations,5.6,Bachelor's,Beijing,Germany,Hybrid,Startup,E-commerce,87.1,9.5,React|PyTorch|BERT|Java,4,35800,94700,46600,Medium,Mid,2026,7,0,0,0,7.97
12535,Data Analyst,Data Science,8,PhD,New York,China,Fully Remote,Startup,Finance,84.8,2.9,Docker,1,75600,60000,122900,Medium,Lead,2026,6,1,0,1,14.5
12536,AI Agent Developer,IT Operations,13.1,PhD,New York,China,On-site,Big Tech (FAANG+),Automotive,90.6,5.3,C++,1,50400,,49400,Low,,2026,8,0,1,0,44.79
12537,Product Manager,AI Engineering,13.7,Master's,Berlin,Singapore,Hybrid,Enterprise,E-commerce,65.6,3,Docker|FastAPI|AutoGen|BERT|C++|PyTorch|SQL|Azure|CUDA|TensorFlow,10,67200,,96400,Medium,Mid,2026,9,1,0,1,18.79
12538,Data Analyst,Data Science,4,Master's,New York,Germany,Hybrid,Startup,Automotive,60.8,6,Python|AWS|BERT|Java|Airflow|Azure|FastAPI|React|TensorFlow|PyTorch,10,,161500,71300,Top,Lead,2026,1,0,0,0,45.34
12539,DevOps Engineer,Data Science,6.9,Bachelor's,Beijing,Singapore,Fully Remote,Big Tech (FAANG+),Automotive,90.3,9.2,BERT,1,73800,164100,88000,Medium,Lead,2026,2,0,0,0,39.91
12540,Data Analyst,Product Management,8.2,Associate's,Ho Chi Minh City,USA,Fully Remote,Startup,Healthcare,68,6.1,BERT|Airflow|TensorFlow,3,44200,153900,93300,High,Senior,2026,8,1,0,0,30.35
12541,Product Manager,IT Operations,14.2,High School,San Francisco,Singapore,On-site,Mid-size,E-commerce,64.4,5.6,AWS|C++|Docker|AutoGen|React|CUDA|FastAPI,7,47600,156700,70000,Medium,Mid,2026,7,1,0,0,44.87
12542,DevOps Engineer,IT Operations,15,PhD,Tokyo,USA,Fully Remote,Startup,Healthcare,66.8,7.8,React|C++|AWS|BERT|Docker|Java|Azure|SQL,8,,129700,70900,High,Senior,2026,7,1,0,0,9.47
12543,Product Manager,Data Science,3.5,Master's,Beijing,USA,Fully Remote,Big Tech (FAANG+),Tech,53.3,2.3,AutoGen|C++|Airflow|AWS|React|TensorFlow|FastAPI|Docker|PyTorch|Java,10,52800,63600,70300,Medium,Senior,2026,3,0,1,1,3.81
12544,Data Scientist,AI Engineering,10.9,High School,New York,Japan,Fully Remote,Mid-size,Automotive,88.7,9.2,FastAPI|Airflow|SQL|CUDA|React|C++|Java,7,34000,47500,26000,Top,Lead,2026,7,0,1,0,37.52
12545,AI Agent Developer,AI Engineering,5.7,High School,Beijing,Vietnam,On-site,Mid-size,E-commerce,85.8,6.2,TensorFlow|React|Airflow|SQL|BERT|C++|PyTorch|FastAPI|Python|CUDA,10,72700,,95900,Low,Junior,2026,4,1,0,1,45.27
12546,Product Manager,AI Engineering,0.1,High School,Tokyo,Vietnam,On-site,Startup,Finance,77.6,7.2,AWS|PyTorch|AutoGen|React|TensorFlow|FastAPI|Java|Azure,8,31700,,76000,Low,Lead,2026,10,1,0,0,19.15
12547,Product Manager,IT Operations,0.1,Associate's,London,USA,Hybrid,Startup,Healthcare,85.8,8.4,,0,41300,46500,66500,High,Lead,2026,10,1,0,1,0.23
12548,Data Scientist,Product Management,6.9,Master's,Singapore,Germany,On-site,Mid-size,Tech,68.7,6.7,C++|AWS|CUDA|PyTorch|TensorFlow|Docker,6,60900,107000,71700,Medium,Lead,2026,2,0,1,0,38.32
12549,Machine Learning Engineer,Data Science,7.3,PhD,Tokyo,China,Fully Remote,Enterprise,Education,64.8,6.8,FastAPI,1,60100,122300,63900,Medium,Junior,2026,1,0,0,0,18.25
12550,Data Scientist,Software Engineering,0.3,Master's,Singapore,Singapore,Hybrid,Big Tech (FAANG+),Tech,93.1,7.6,Java|AutoGen|FastAPI|AWS|Azure|Docker|TensorFlow,7,27100,92600,24000,Top,Mid,2026,8,0,0,0,29.28
12551,DevOps Engineer,Product Management,10.3,Bachelor's,Tokyo,UK,On-site,Big Tech (FAANG+),Tech,71.1,1.5,Azure|PyTorch|Airflow|SQL|Java,5,,101500,64100,Medium,Lead,2026,5,0,0,1,10.47
12552,Data Scientist,Software Engineering,4.4,PhD,London,China,On-site,Big Tech (FAANG+),Healthcare,59.8,4.4,SQL,1,43800,204300,74800,High,Lead,2026,10,1,0,0,34.07
12553,Data Scientist,Product Management,8.4,Master's,New York,China,Fully Remote,Big Tech (FAANG+),Finance,87.5,9.7,Docker|Airflow|TensorFlow|Azure,4,46600,98700,54700,High,Mid,2026,4,1,1,1,26.59
12554,AI Agent Developer,AI Engineering,4.5,PhD,New York,UK,Fully Remote,Big Tech (FAANG+),E-commerce,66.8,3.3,TensorFlow|AutoGen|FastAPI,3,53900,116100,76300,Top,,2026,9,1,1,1,1.41
12555,Data Scientist,IT Operations,2.5,Bachelor's,San Francisco,USA,On-site,Mid-size,Automotive,60.6,5.9,React|SQL|TensorFlow|CUDA|Airflow|FastAPI|BERT,7,65100,147100,96200,High,Lead,2026,5,1,0,1,0.31
12556,Product Manager,Software Engineering,6.1,PhD,Ho Chi Minh City,China,Hybrid,Big Tech (FAANG+),Finance,51.4,2.6,FastAPI|AWS|Airflow|Azure|Python|React|Java,7,47200,136200,60100,High,Junior,2026,10,1,0,1,21.89
12557,AI Agent Developer,Product Management,3.5,High School,Tokyo,UK,Fully Remote,Enterprise,Healthcare,98.5,3.9,Airflow|C++|Java|AWS|Python|TensorFlow|FastAPI|AutoGen,8,51900,133400,39000,Top,Senior,2026,2,1,0,0,8.2
12558,Software Engineer,IT Operations,8,Associate's,Beijing,Singapore,On-site,Enterprise,Education,73.4,7.5,FastAPI|Airflow|SQL,3,34300,111000,76200,High,Senior,2026,9,1,0,1,45.28
12559,Machine Learning Engineer,Software Engineering,3,Bachelor's,Ho Chi Minh City,Japan,On-site,Startup,E-commerce,58.1,6.8,BERT|FastAPI|C++|TensorFlow|CUDA,5,80000,111100,85700,High,Lead,2026,10,1,0,0,5.22
12560,AI Agent Developer,Data Science,7.6,PhD,New York,Germany,Fully Remote,Startup,Automotive,87.9,4.7,React|Python|BERT|C++,4,58200,27200,117900,Low,Junior,2026,7,1,1,1,35.81
12561,DevOps Engineer,Product Management,2.4,Bachelor's,New York,Germany,Hybrid,Startup,Education,94.4,9.4,CUDA|AWS|SQL|BERT|Docker,5,44300,169400,62900,Top,Mid,2026,9,0,1,1,17.5
12562,Software Engineer,Data Science,10.1,High School,San Francisco,Germany,Hybrid,Startup,E-commerce,76.4,8,,0,74600,76300,75900,Low,Junior,2026,5,1,1,1,46.75
12563,AI Agent Developer,AI Engineering,11.3,Associate's,San Francisco,USA,Hybrid,Mid-size,Automotive,51.4,3.4,React|CUDA|Azure|AutoGen|AWS|Airflow|TensorFlow|SQL|C++,9,57400,135100,105400,Medium,,2026,7,0,1,0,6.65
12564,AI Agent Developer,Data Science,1.7,Bachelor's,San Francisco,China,Fully Remote,Enterprise,Automotive,68.3,5.2,Azure|React|Python|Java,4,54400,90600,53500,Top,,2026,8,1,0,0,38.89
12565,Machine Learning Engineer,Data Science,7,High School,Berlin,China,Fully Remote,Mid-size,Tech,62.2,8.9,PyTorch|Python|BERT|C++,4,,224600,88900,Medium,Lead,2026,12,0,1,1,47.96
12566,Product Manager,Product Management,1.1,High School,Ho Chi Minh City,Vietnam,Fully Remote,Enterprise,Education,81.8,1.2,Python|TensorFlow|BERT|Azure,4,70300,66900,88100,High,Junior,2026,4,1,1,0,47.85
12567,DevOps Engineer,AI Engineering,9,High School,New York,Germany,Hybrid,Mid-size,Education,75.9,6.2,Airflow|Azure|AutoGen|C++|TensorFlow,5,82300,194700,90500,Low,Senior,2026,8,0,0,1,12.81
12568,Data Analyst,Data Science,4,PhD,London,USA,Hybrid,Enterprise,Healthcare,67.8,3.1,Java|C++|Docker|CUDA|Python|AutoGen|React,7,70000,94900,60300,High,Lead,2026,7,1,0,1,14.82
12569,Data Analyst,IT Operations,7.9,Master's,Singapore,UK,Fully Remote,Startup,Finance,82.4,1.6,BERT|React|SQL|Azure|AWS|Python|TensorFlow|Airflow|CUDA|Docker,10,50600,129200,06yjkpor90cb8kr,Low,Lead,2026,3,0,0,1,7.47
12570,AI Agent Developer,Software Engineering,7.8,Bachelor's,Berlin,USA,Fully Remote,Enterprise,Tech,79.2,9.2,BERT,1,76800,100700,68600,Low,Junior,2026,11,0,1,0,18.63
12571,Data Scientist,Data Science,13.9,Master's,Beijing,China,Fully Remote,Startup,Tech,95.3,8.3,Docker|CUDA|Java|Python|AutoGen,5,44800,163400,74700,Low,Lead,2026,11,0,0,1,34.1
12572,DevOps Engineer,AI Engineering,8.2,High School,Singapore,Singapore,Hybrid,Enterprise,E-commerce,79.8,2.7,,0,,105200,41500,Low,,2026,8,1,1,0,0.54
12573,Software Engineer,Data Science,8.7,Master's,Berlin,Singapore,On-site,Mid-size,Education,75.4,8.5,CUDA|Java|C++|AWS,4,66200,112900,88000,High,Junior,2026,4,1,1,1,32.52
12574,Data Scientist,Software Engineering,6,High School,San Francisco,Singapore,On-site,Big Tech (FAANG+),Automotive,91.2,2.3,BERT,1,78800,104100,96000,High,Mid,2026,2,0,0,1,0.89
12575,Data Scientist,AI Engineering,14.2,High School,Tokyo,Germany,Hybrid,Enterprise,Automotive,60.1,5.3,BERT|AutoGen,2,50000,122600,43800,High,Senior,2026,9,0,0,0,33.37
12576,DevOps Engineer,Product Management,11.7,Associate's,Tokyo,Vietnam,Fully Remote,Mid-size,E-commerce,62.2,7.5,AWS|SQL|Java|TensorFlow,4,83000,,97500,Low,Mid,2026,8,1,1,0,42.02
12577,Product Manager,AI Engineering,4.3,Associate's,Beijing,Japan,Fully Remote,Big Tech (FAANG+),Education,89.2,5.8,AutoGen|Airflow|AWS|React|Azure|Docker|FastAPI|BERT,8,21000,11600,45800,Medium,Senior,2026,4,0,1,0,18.01
12578,AI Agent Developer,Product Management,12.7,Master's,London,USA,Fully Remote,Mid-size,Healthcare,72.1,8.7,Docker|AWS|Java|React|AutoGen|Azure|TensorFlow|CUDA|C++|Python,10,48200,118400,56800,High,Senior,2026,3,0,0,0,20.33
12579,AI Agent Developer,AI Engineering,6.5,Bachelor's,Beijing,Vietnam,Fully Remote,Big Tech (FAANG+),Automotive,70.5,6.6,,0,32900,185300,75700,High,Lead,2026,3,1,1,1,36.38
12580,AI Agent Developer,Software Engineering,12.4,Master's,Ho Chi Minh City,Singapore,Hybrid,Startup,Tech,94.4,4.9,CUDA|AutoGen|Airflow|Python|React|AWS|BERT|FastAPI,8,32500,83600,77400,Top,Senior,2026,6,0,1,1,40.46
12581,AI Agent Developer,Software Engineering,12.3,Bachelor's,Singapore,China,On-site,Enterprise,Tech,80.5,9.3,React|BERT|Airflow|SQL,4,49400,130700,108900,Medium,Junior,2026,2,1,1,0,49.98
12582,Data Analyst,AI Engineering,2.8,Master's,Beijing,UK,On-site,Mid-size,Education,90.1,1.3,Azure|Java|Docker|Airflow,4,,40800,90800,High,Mid,2026,11,1,1,0,27.03
12583,AI Agent Developer,Data Science,10.5,PhD,Beijing,USA,Hybrid,Enterprise,Automotive,90.5,5.4,TensorFlow,1,76400,77700,81900,High,Lead,2026,3,0,1,1,42.73
12584,Data Analyst,Software Engineering,4.4,PhD,Berlin,Japan,Fully Remote,Startup,Automotive,56,6.9,FastAPI|Java|Docker|Azure|Airflow|BERT|C++,7,77900,101900,58200,Top,,2026,1,0,0,1,2.81
12585,Data Analyst,Product Management,4.5,Bachelor's,London,China,On-site,Startup,Healthcare,82.7,8.5,,0,58900,98800,62500,Low,Senior,2026,10,1,1,1,5.35
12586,Product Manager,Product Management,4.4,Associate's,Beijing,Germany,Hybrid,Enterprise,Education,97.6,5.9,FastAPI|AutoGen|C++|SQL|React|PyTorch|Python|TensorFlow,8,44300,144700,51000,Medium,Mid,2026,5,0,0,0,43.52
12587,AI Agent Developer,IT Operations,10.9,Bachelor's,Ho Chi Minh City,USA,Fully Remote,Mid-size,Automotive,74,9,CUDA|AutoGen|Python|PyTorch|C++|Docker,6,56700,27300,63000,Medium,Mid,2026,3,0,1,0,18.92
12588,Machine Learning Engineer,Product Management,3.4,Master's,Berlin,Vietnam,On-site,Mid-size,Healthcare,86.6,4.8,AutoGen|TensorFlow|SQL|Docker|React,5,21700,93200,118100,Top,Mid,2026,11,1,0,1,11.3
12589,Software Engineer,IT Operations,0,High School,London,Singapore,Hybrid,Mid-size,Tech,78.3,3.9,CUDA|AWS|Python|BERT|AutoGen|C++,6,80900,75000,72200,Medium,Lead,2026,7,1,1,1,20.26
12590,Data Scientist,AI Engineering,10.7,PhD,London,USA,On-site,Enterprise,Healthcare,60.2,9.8,Docker|React|FastAPI|SQL|AutoGen|Airflow|C++|Java,8,14300,63600,79600,High,Mid,2026,9,1,1,1,26.28
12591,Data Analyst,AI Engineering,2.6,High School,New York,China,On-site,Mid-size,Automotive,59.8,7,SQL|TensorFlow|Java|AutoGen|Python|React|Azure|CUDA|Airflow,9,47400,,64000,Medium,,2026,5,1,0,1,16.21
12592,DevOps Engineer,AI Engineering,1.6,PhD,Tokyo,China,Hybrid,Mid-size,Finance,71.7,4.8,FastAPI|PyTorch,2,50000,110900,51600,Top,Junior,2026,2,1,0,0,9.88
12593,DevOps Engineer,Data Science,3.6,Master's,Singapore,Singapore,Hybrid,Big Tech (FAANG+),Education,74.1,8.9,,0,66900,105900,78700,Low,Senior,2026,2,1,1,1,1.85
12594,Software Engineer,Data Science,5.7,PhD,Ho Chi Minh City,Vietnam,On-site,Mid-size,Automotive,75.2,7.1,BERT,1,,92100,78700,Top,Senior,2026,12,0,0,1,38.38
12595,DevOps Engineer,IT Operations,7.1,Bachelor's,Tokyo,Japan,On-site,Startup,Finance,97.8,6.7,Java|Azure|SQL,3,60100,45900,nfwytgll2ec06yv,Medium,Junior,2026,4,0,0,1,45.2
12596,Machine Learning Engineer,Product Management,0.7,High School,Berlin,China,Hybrid,Mid-size,Tech,55,7.6,Docker|AWS|C++|Java|React|FastAPI,6,3000,89300,62800,Top,Senior,2026,10,1,0,1,0.86
12597,DevOps Engineer,Product Management,14.6,High School,Berlin,USA,Fully Remote,Enterprise,Education,69,7.6,SQL|TensorFlow|CUDA|Azure|Python|C++|React|AWS|Docker,9,,145100,64000,Top,,2026,12,1,0,0,17.47
12598,Data Scientist,AI Engineering,10.7,Master's,Ho Chi Minh City,Singapore,Fully Remote,Enterprise,E-commerce,75.7,5.4,AutoGen|TensorFlow|Java|Azure|Airflow|FastAPI|AWS|Docker,8,37300,34300,55600,Medium,Junior,2026,9,0,0,0,44.63
12599,Data Scientist,Software Engineering,4.8,High School,London,Japan,Fully Remote,Mid-size,Education,98.2,4.8,Java|BERT,2,53000,71500,80500,Low,Lead,2026,11,0,1,0,1.03
12600,Data Analyst,Data Science,4.8,Master's,San Francisco,Vietnam,Fully Remote,Enterprise,Tech,75.2,9.2,BERT|TensorFlow|Azure|FastAPI|SQL|AWS|React,7,47400,54100,101800,High,Mid,2026,2,1,1,0,36.57
12601,AI Agent Developer,Data Science,6.7,Associate's,Beijing,China,Hybrid,Enterprise,Tech,88.8,5.5,,0,,55800,100800,Top,Lead,2026,5,1,0,1,12.16
12602,Product Manager,AI Engineering,9.4,Bachelor's,Ho Chi Minh City,Singapore,Fully Remote,Mid-size,Tech,87.5,2.9,,0,26100,90300,117900,Low,Mid,2026,7,0,1,1,38.65
12603,Machine Learning Engineer,Data Science,2.2,PhD,Berlin,China,On-site,Big Tech (FAANG+),Healthcare,78.3,5.7,TensorFlow|React|SQL,3,52000,74400,43300,Low,Junior,2026,10,1,1,0,33.96
12604,Data Analyst,AI Engineering,2.8,PhD,Tokyo,USA,Fully Remote,Big Tech (FAANG+),Tech,56.5,1.3,,0,,65700,83300,Top,Senior,2026,12,1,0,1,47.06
12605,Machine Learning Engineer,IT Operations,12.9,PhD,Singapore,China,Hybrid,Big Tech (FAANG+),E-commerce,60.9,7.5,CUDA|C++,2,92600,100800,86200,Medium,Senior,2026,4,1,1,0,15.33
12606,AI Agent Developer,Product Management,3.8,Associate's,Ho Chi Minh City,Singapore,Fully Remote,Big Tech (FAANG+),Automotive,62,2.1,Java,1,77000,37300,38100,Medium,Junior,2026,7,0,1,1,7.58
12607,DevOps Engineer,Software Engineering,5.7,Bachelor's,London,USA,Fully Remote,Startup,Finance,51.9,2,CUDA|C++|Azure|BERT|PyTorch|Python,6,13400,179800,99000,Top,Lead,2026,7,1,0,0,24.75
12608,DevOps Engineer,Product Management,13.1,High School,Singapore,Germany,Hybrid,Mid-size,Education,69,9.5,SQL|Python|TensorFlow|Airflow|PyTorch|Docker|Java|React,8,44200,77300,17700,Medium,Junior,2026,2,1,0,0,49.24
12609,Product Manager,Product Management,9.9,High School,Singapore,Singapore,Fully Remote,Enterprise,Education,80.5,8,BERT,1,40000,85000,68900,Medium,Mid,2026,2,0,1,1,2.02
12610,AI Agent Developer,IT Operations,5.1,Bachelor's,Singapore,Japan,Hybrid,Enterprise,Tech,57.2,4.7,React|FastAPI|PyTorch|AWS|CUDA|Python|C++,7,53100,86300,33700,Low,,2026,2,1,1,1,8.92
12611,Data Analyst,Data Science,10.3,Bachelor's,New York,USA,Fully Remote,Mid-size,Finance,58.8,3.2,Airflow|CUDA|PyTorch|Docker|AWS|Java|BERT|SQL,8,76500,61200,u9zmuh9mgizz8qa,High,Mid,2026,9,0,0,1,42.86
12612,Product Manager,Software Engineering,0.3,PhD,Singapore,UK,Hybrid,Enterprise,Tech,85.3,8.6,,0,49100,150100,72100,High,Junior,2026,1,0,1,0,34.31
12613,AI Agent Developer,Data Science,11,High School,New York,China,Fully Remote,Startup,Healthcare,58.5,9.7,Docker|CUDA,2,31600,110300,98700,Medium,Senior,2026,6,0,1,0,21.25
12614,Software Engineer,Product Management,7.3,Bachelor's,Beijing,Germany,On-site,Big Tech (FAANG+),Finance,56.8,5.6,Python|Docker|Airflow|C++,4,,,75700,Medium,Mid,2026,7,1,1,0,24.68
12615,Data Scientist,AI Engineering,12.2,High School,Beijing,Japan,On-site,Mid-size,Tech,98.9,6.2,Azure|Python|CUDA|AWS|Airflow|AutoGen|SQL|Docker,8,57400,50500,57300,Top,Senior,2026,9,0,0,0,12.79
12616,Product Manager,Product Management,14.3,Bachelor's,Singapore,Vietnam,Hybrid,Enterprise,Tech,50.7,3.2,,0,65400,74200,102700,Medium,Senior,2026,3,0,1,1,48.12
12617,Product Manager,Data Science,13.9,Master's,London,UK,Hybrid,Startup,E-commerce,66.3,6.3,Java|Python|CUDA|FastAPI|SQL,5,70200,125400,74200,Top,Junior,2026,9,1,1,0,17.15
12618,Data Analyst,Product Management,13.6,PhD,Tokyo,Vietnam,Hybrid,Enterprise,E-commerce,51.7,4.6,Python|AWS|Java|FastAPI|Docker,5,43200,147600,45400,High,Mid,2026,7,0,1,0,18.99
12619,Machine Learning Engineer,AI Engineering,7.7,Bachelor's,Beijing,Singapore,On-site,Startup,E-commerce,91.9,8.6,BERT|TensorFlow|AutoGen|Airflow|PyTorch|Python|C++|CUDA,8,26400,94500,59200,Low,,2026,5,0,0,0,23.45
12620,Software Engineer,IT Operations,5.4,Associate's,New York,UK,Hybrid,Enterprise,Healthcare,79.2,4.4,TensorFlow|AWS|Azure,3,54300,163600,49900,Top,Lead,2026,12,0,0,0,10.68
12621,Data Analyst,Data Science,7,Bachelor's,London,Germany,Fully Remote,Big Tech (FAANG+),Finance,52.4,6.8,Airflow|CUDA|React|Java,4,43100,130900,72800,Low,Mid,2026,5,1,1,0,9.82
12622,AI Agent Developer,Product Management,10.3,Master's,Singapore,Japan,Hybrid,Mid-size,Healthcare,80.8,2.8,React|CUDA|Airflow,3,51500,185700,68000,High,Junior,2026,7,0,0,0,30.03
12623,AI Agent Developer,Data Science,13.3,Associate's,London,Germany,Hybrid,Big Tech (FAANG+),Automotive,56.2,1.8,C++|TensorFlow|SQL|Python,4,78300,77600,69800,Low,Junior,2026,10,1,0,0,38.73
12624,AI Agent Developer,IT Operations,3.1,Associate's,London,Germany,Fully Remote,Big Tech (FAANG+),Tech,74.8,1.4,Java|Docker|React|PyTorch,4,54000,83900,86900,High,Lead,2026,6,0,0,1,37.61
12625,AI Agent Developer,Product Management,13.8,Bachelor's,Ho Chi Minh City,UK,Fully Remote,Enterprise,Tech,83.5,4.7,AWS|AutoGen,2,86800,108600,142100,Low,Junior,2026,8,1,1,1,28.28
12626,Machine Learning Engineer,Product Management,12.2,Master's,Tokyo,USA,On-site,Big Tech (FAANG+),Tech,57.4,2.5,Python|Airflow|Docker|React|C++|CUDA|TensorFlow|SQL|Java|BERT,10,55900,70500,76800,Low,,2026,10,1,1,0,31.95
12627,Software Engineer,Data Science,14.7,Associate's,Singapore,Japan,Fully Remote,Mid-size,E-commerce,74.9,9.9,Airflow|BERT|CUDA|FastAPI|React|AWS|Python|Java,8,44300,131300,54600,Medium,Mid,2026,10,0,0,1,28.18
12628,DevOps Engineer,Data Science,13.2,PhD,Tokyo,Vietnam,Fully Remote,Startup,Tech,72.9,8.2,Docker|CUDA|FastAPI|Azure|AutoGen|AWS,6,24800,50600,131600,High,,2026,9,1,0,1,43.75
12629,Data Scientist,AI Engineering,4.2,PhD,Beijing,USA,Hybrid,Startup,E-commerce,95.8,7.2,,0,54500,40800,111900,Top,Lead,2026,6,1,0,0,19.37
12630,Machine Learning Engineer,IT Operations,1.6,High School,San Francisco,USA,On-site,Enterprise,Automotive,99.8,8.2,,0,31700,97800,88800,High,,2026,3,1,0,1,6.16
12631,Machine Learning Engineer,AI Engineering,1.7,High School,Tokyo,China,Fully Remote,Mid-size,Healthcare,82.7,3.4,Docker|SQL|FastAPI|C++,4,60700,159200,78400,Medium,Senior,2026,12,1,1,1,21.77
12632,DevOps Engineer,Product Management,4.4,Master's,Berlin,Singapore,On-site,Mid-size,Healthcare,92.7,8.9,AWS|React|SQL|AutoGen|Python|CUDA|PyTorch|Airflow,8,47700,119700,84900,Top,Junior,2026,9,0,0,1,43.54
12633,DevOps Engineer,Data Science,9.2,Associate's,New York,Vietnam,Fully Remote,Startup,Healthcare,82.3,10,BERT|AutoGen|Java,3,47100,132700,16400,Medium,Senior,2026,2,0,1,1,45.04
12634,Data Scientist,Product Management,12.1,PhD,Beijing,UK,On-site,Startup,E-commerce,93.8,3.6,C++,1,51700,166700,35100,High,Mid,2026,5,0,0,0,29.47
12635,Data Scientist,Product Management,13.5,PhD,Singapore,Singapore,Fully Remote,Big Tech (FAANG+),Education,71.7,9.9,,0,54700,117300,96800,High,Senior,2026,10,1,0,0,3.11
12636,DevOps Engineer,Software Engineering,9.4,Master's,Tokyo,China,Hybrid,Enterprise,Education,80.4,3.9,FastAPI|SQL,2,49300,86200,111100,Medium,Lead,2026,4,0,0,0,36.12
12637,AI Agent Developer,Software Engineering,0.1,Associate's,New York,China,On-site,Startup,Finance,92.3,1.1,Airflow|BERT|React|AutoGen|C++|Azure|Docker|Python|AWS,9,92700,158200,29800,Top,Senior,2026,2,1,1,1,32.65
12638,Machine Learning Engineer,Product Management,2.8,Master's,Singapore,Singapore,On-site,Startup,Education,95.9,4.3,Docker|Azure|AWS|AutoGen|CUDA|FastAPI|Python|React,8,34600,138600,53100,High,,2026,6,0,0,0,22.58
12639,Data Analyst,Data Science,1.5,Bachelor's,Singapore,Germany,Fully Remote,Mid-size,Finance,51.2,10,TensorFlow|FastAPI|AutoGen,3,70500,70700,58400,Medium,Lead,2026,12,1,1,0,8.15
12640,Data Scientist,Product Management,5.4,PhD,Beijing,UK,On-site,Mid-size,Automotive,55.2,6.7,Docker|FastAPI,2,,66000,51600,High,Senior,2026,10,1,0,0,30.32
12641,Data Scientist,Software Engineering,7.5,Master's,Berlin,USA,Fully Remote,Mid-size,Finance,96.6,7.3,Python|AutoGen,2,27900,97900,82600,Medium,Senior,2026,7,0,0,1,24.12
12642,DevOps Engineer,Data Science,0.7,Master's,New York,Japan,On-site,Startup,Automotive,78.4,3.1,TensorFlow|SQL|C++|Azure|BERT|CUDA|Airflow,7,51100,136000,93600,High,Mid,2026,2,1,1,0,3.02
12643,Software Engineer,Product Management,5.2,Bachelor's,San Francisco,USA,On-site,Enterprise,Tech,99.5,2.3,TensorFlow,1,57100,61100,49500,High,Mid,2026,3,1,0,0,19.89
12644,Data Analyst,IT Operations,2.7,High School,San Francisco,USA,Hybrid,Big Tech (FAANG+),Healthcare,89.6,9,Airflow|Azure|SQL|Java|C++|CUDA|Docker,7,,105400,39500,Low,Mid,2026,5,0,1,0,46.93
12645,Data Analyst,IT Operations,9.7,PhD,San Francisco,Germany,Hybrid,Enterprise,Education,90.9,4.7,Java|AutoGen|Docker|Python,4,,136200,45600,Top,Lead,2026,9,1,0,1,20.57
12646,Data Scientist,Product Management,7,Master's,Berlin,USA,On-site,Startup,E-commerce,69.3,1,PyTorch|CUDA|SQL|React|AutoGen|Azure|FastAPI|BERT|Python,9,62500,90100,63700,High,Mid,2026,7,1,1,0,21.47
12647,AI Agent Developer,Data Science,7.4,PhD,New York,Vietnam,Hybrid,Big Tech (FAANG+),Automotive,62.9,3.6,Python|Airflow|CUDA|AWS|FastAPI|Java|AutoGen,7,8100,111300,114700,Top,Mid,2026,12,1,1,0,27.87
12648,Software Engineer,Product Management,6.4,High School,Ho Chi Minh City,USA,On-site,Enterprise,Education,79.9,2.8,C++,1,48000,,76700,Medium,Lead,2026,12,0,1,1,14.86
12649,Data Analyst,Product Management,14.3,Master's,Singapore,USA,Fully Remote,Startup,E-commerce,94,6.4,Docker|SQL|React|C++|BERT,5,41600,130100,123200,Low,Lead,2026,3,0,1,0,3.68
12650,Data Scientist,Software Engineering,3.2,Bachelor's,Ho Chi Minh City,Vietnam,On-site,Enterprise,E-commerce,86.3,7.8,C++|BERT|Docker|FastAPI|React|CUDA|Java|AutoGen|Azure|SQL,10,35600,103200,94800,Medium,Lead,2026,10,0,0,1,30.06
12651,Data Analyst,IT Operations,7.7,PhD,New York,Germany,On-site,Startup,Healthcare,73.6,5.5,,0,67600,95000,59400,Top,Lead,2026,4,0,1,0,24.75
12652,Product Manager,Software Engineering,11,Bachelor's,San Francisco,China,Hybrid,Mid-size,Tech,87.7,2.7,FastAPI|PyTorch|Python|SQL|AWS|BERT,6,70600,140700,78400,Medium,Mid,2026,7,0,1,0,34.16
12653,Software Engineer,Software Engineering,8.4,High School,New York,UK,Hybrid,Enterprise,Tech,84.5,1.5,TensorFlow|BERT|Python|FastAPI|Azure,5,72700,-2600,61900,Medium,Junior,2026,11,1,1,1,23.82
12654,Software Engineer,Product Management,13.9,High School,Berlin,Germany,Fully Remote,Mid-size,Finance,95.7,3.8,PyTorch|Azure|Python|TensorFlow|C++|BERT,6,67000,134400,3667t7octqv1amf,Medium,Senior,2026,1,1,0,1,12.37
12655,Product Manager,Software Engineering,5.7,PhD,Singapore,USA,Fully Remote,Mid-size,Education,63.2,8.3,FastAPI|SQL|CUDA|BERT|Java|Python,6,,123300,67300,Top,Mid,2026,4,0,1,1,19.22
12656,Machine Learning Engineer,IT Operations,7,High School,Tokyo,China,Fully Remote,Big Tech (FAANG+),Tech,56,4.8,React|Python|PyTorch|AutoGen,4,52900,,94800,High,Junior,2026,1,1,0,0,0.68
12657,Product Manager,Software Engineering,1.3,Associate's,Singapore,UK,On-site,Big Tech (FAANG+),Healthcare,73.5,3.3,Azure|SQL|TensorFlow|C++|FastAPI,5,72200,,60600,Medium,Mid,2026,5,0,0,0,7.76
12658,DevOps Engineer,IT Operations,9.1,PhD,London,UK,Fully Remote,Enterprise,Education,68.1,1.2,React|Docker|Python|FastAPI,4,-400,58500,69100,Top,Mid,2026,12,0,1,1,39.3
12659,DevOps Engineer,Software Engineering,4.3,Associate's,New York,UK,Fully Remote,Startup,E-commerce,98.7,5.5,SQL|Azure|TensorFlow|Python|PyTorch,5,82500,104100,60200,Low,Lead,2026,12,0,1,0,46.58
12660,Data Scientist,IT Operations,2.4,High School,Beijing,Vietnam,Hybrid,Big Tech (FAANG+),Automotive,50.4,7.2,PyTorch|SQL|React,3,24900,60800,108800,Low,Junior,2026,2,1,0,1,18.26
12661,Software Engineer,Software Engineering,8.2,PhD,Beijing,Vietnam,Hybrid,Big Tech (FAANG+),Automotive,96.7,2.7,CUDA|Docker|Java|BERT,4,32200,145900,70500,Top,Mid,2026,9,1,0,1,46.37
12662,Machine Learning Engineer,Software Engineering,8,Associate's,Beijing,China,Fully Remote,Mid-size,Tech,97.8,5.8,FastAPI|C++|AutoGen|BERT|Python|AWS|Java|SQL,8,65300,1600,67000,Medium,Senior,2026,3,1,1,0,31.77
12663,Machine Learning Engineer,Data Science,1.1,High School,Ho Chi Minh City,USA,Fully Remote,Mid-size,Finance,52.5,4.8,CUDA|Airflow|AWS|Azure|BERT|Docker|Python|SQL|FastAPI,9,89000,35900,67600,High,Lead,2026,5,0,1,1,14.02
12664,Data Analyst,IT Operations,10.5,Master's,Tokyo,Singapore,On-site,Startup,Automotive,94.5,7.3,BERT|Airflow|CUDA|SQL,4,31300,52000,83200,Low,Senior,2026,12,0,0,1,29.99
12665,Data Analyst,IT Operations,9.4,Master's,Berlin,China,On-site,Big Tech (FAANG+),Finance,73.5,8.7,AWS|Docker|CUDA|React|C++|PyTorch|AutoGen|FastAPI|Airflow|TensorFlow,10,34300,34900,77200,High,,2026,8,1,1,0,40.41
12666,Product Manager,IT Operations,2.8,Bachelor's,Tokyo,USA,Hybrid,Big Tech (FAANG+),Automotive,88.3,3.8,Airflow,1,75100,87000,99100,Top,Mid,2026,8,1,0,0,39.29
12667,Machine Learning Engineer,AI Engineering,7,Master's,Ho Chi Minh City,Germany,Fully Remote,Startup,Finance,54,9.1,AWS|FastAPI|TensorFlow|BERT|AutoGen,5,53300,83200,65400,Low,Senior,2026,9,0,1,1,44.26
12668,Product Manager,Software Engineering,10.8,Associate's,Tokyo,Singapore,Fully Remote,Big Tech (FAANG+),Finance,97.8,7.4,Azure|Airflow|SQL|Python|TensorFlow|React|AWS,7,45000,,119300,Medium,Junior,2026,12,1,0,1,39.36
12669,Product Manager,IT Operations,7.9,Master's,Tokyo,UK,Fully Remote,Enterprise,E-commerce,80.4,1.3,Java|BERT|TensorFlow|CUDA|Azure|SQL|Python|React|Docker|AutoGen,10,54200,23600,56900,Low,Lead,2026,3,0,0,1,34.78
12670,Data Analyst,AI Engineering,5.9,PhD,Singapore,UK,Fully Remote,Enterprise,Healthcare,94.9,8.1,Airflow|FastAPI|Python,3,93700,78600,78000,Medium,Senior,2026,3,0,0,0,19.19
12671,Software Engineer,Data Science,4.8,PhD,Beijing,Vietnam,Fully Remote,Startup,Automotive,83.6,5.5,AutoGen|React|CUDA|Azure,4,65400,110400,86700,High,Junior,2026,4,0,1,1,8.99
12672,Product Manager,IT Operations,9.2,PhD,New York,Singapore,On-site,Mid-size,Education,76.8,9.5,AutoGen,1,57100,62700,74500,Low,Junior,2026,6,0,0,1,5.63
12673,AI Agent Developer,IT Operations,14.1,Master's,Beijing,Germany,On-site,Startup,Tech,58.6,3.9,,0,61600,33900,75400,Top,,2026,7,0,0,1,40.63
12674,Software Engineer,AI Engineering,10.1,Master's,Tokyo,Japan,Fully Remote,Enterprise,Healthcare,58.9,6.3,React|Docker|AWS|PyTorch|Azure,5,58300,128200,53000,Low,Mid,2026,12,1,1,0,38.34
12675,Machine Learning Engineer,Software Engineering,1.1,Bachelor's,New York,Germany,On-site,Big Tech (FAANG+),E-commerce,73.6,9.6,Azure|Docker|Python|AutoGen,4,68300,122800,91800,Medium,Junior,2026,12,0,1,0,44.72
12676,Machine Learning Engineer,Data Science,6.9,High School,Singapore,USA,On-site,Big Tech (FAANG+),E-commerce,93.5,3.4,BERT|AWS|Airflow|Azure,4,37200,15100,79000,High,Senior,2026,1,0,0,1,3.53
12677,Product Manager,IT Operations,13.4,Bachelor's,Berlin,Germany,Fully Remote,Mid-size,E-commerce,55.8,5.2,Python|TensorFlow|PyTorch|CUDA|Docker|Azure|React,7,48600,82800,75700,Top,Lead,2026,2,0,1,1,31.77
12678,Software Engineer,Software Engineering,1.4,Associate's,London,Singapore,On-site,Mid-size,Tech,99.9,7.8,CUDA|Java,2,,75400,jtkcn9n7kmgfvg8,Medium,Senior,2026,3,0,1,1,36.02
12679,Data Analyst,Data Science,14.8,PhD,New York,Singapore,Fully Remote,Enterprise,Automotive,93.8,7.2,Java|CUDA|Python,3,31500,172600,89200,Medium,Senior,2026,1,0,1,1,20.63
12680,Data Analyst,Product Management,14.2,Master's,Ho Chi Minh City,Vietnam,On-site,Mid-size,Automotive,69.6,8.5,FastAPI,1,28000,24400,90700,Top,,2026,3,1,1,1,26.57
12681,DevOps Engineer,Product Management,1.2,High School,Beijing,USA,Fully Remote,Startup,Finance,62.7,5.7,PyTorch|SQL|Docker|CUDA,4,,82000,6000,Top,Lead,2026,4,1,0,0,24.83
12682,Machine Learning Engineer,Data Science,14,High School,Singapore,China,Fully Remote,Enterprise,Finance,96.1,3.9,C++|PyTorch|Airflow|Docker|FastAPI|Python|CUDA|Java|BERT,9,64200,,91000,High,Mid,2026,11,1,1,1,21.75
12683,Data Scientist,AI Engineering,5.4,Master's,Singapore,USA,On-site,Big Tech (FAANG+),Education,56.2,5.8,Java|AWS|Python,3,,95200,69200,Medium,Senior,2026,6,1,0,0,14.53
12684,DevOps Engineer,Data Science,12.7,Bachelor's,Beijing,China,On-site,Big Tech (FAANG+),Finance,67.4,4.1,AutoGen|React|CUDA|Azure|Java|C++|Python,7,60100,,33500,Medium,Lead,2026,5,1,0,1,49.45
12685,Data Analyst,Data Science,6.3,High School,Tokyo,Japan,Hybrid,Big Tech (FAANG+),Tech,54.2,2.6,Java|BERT|Azure|CUDA,4,56400,20700,50800,High,Lead,2026,11,0,1,0,44.17
12686,Software Engineer,AI Engineering,6.6,Bachelor's,Tokyo,USA,Fully Remote,Mid-size,Healthcare,97.7,6,Airflow|SQL|Python|Azure|TensorFlow|AWS|Docker|PyTorch,8,45900,48500,44100,Low,Senior,2026,6,0,0,1,39.33
12687,Data Analyst,AI Engineering,9.5,Master's,Tokyo,UK,Fully Remote,Enterprise,Automotive,80.9,1.4,C++|CUDA|Airflow|Docker|TensorFlow|Java,6,70200,,53800,Top,Junior,2026,9,1,0,1,42.09
12688,Software Engineer,Software Engineering,11.6,Bachelor's,San Francisco,Japan,Fully Remote,Mid-size,Finance,66.8,1.3,CUDA|BERT,2,24500,119500,88400,High,Mid,2026,1,1,1,0,41.87
12689,DevOps Engineer,Software Engineering,0.5,PhD,Singapore,China,Fully Remote,Startup,Tech,63.8,1.6,C++|BERT|Docker|AutoGen|Java,5,56100,100200,89700,Top,Junior,2026,3,0,0,0,3.74
12690,Machine Learning Engineer,AI Engineering,8.9,Master's,Tokyo,Vietnam,On-site,Enterprise,Tech,72.2,7.1,SQL|FastAPI|Python|TensorFlow|Azure|Airflow|CUDA|C++|React|AWS,10,68500,124500,89500,High,Mid,2026,8,0,0,1,28.74
12691,Data Analyst,Product Management,2.8,Master's,Beijing,Japan,On-site,Mid-size,Education,54.6,4.7,,0,48300,86500,68600,High,Lead,2026,9,1,1,0,23.54
12692,Product Manager,Product Management,5.2,High School,San Francisco,Japan,Hybrid,Big Tech (FAANG+),Finance,94.5,5.4,Python|Java,2,58800,47600,140700,Medium,Lead,2026,11,1,1,1,9.94
12693,Software Engineer,Data Science,5.2,High School,New York,Japan,Fully Remote,Big Tech (FAANG+),Education,75.5,4.1,AWS|FastAPI|BERT|Docker|AutoGen,5,81700,122100,13600,Top,Junior,2026,2,1,1,0,13.06
12694,Machine Learning Engineer,IT Operations,7,High School,Berlin,China,Hybrid,Startup,E-commerce,86.3,3.3,BERT|TensorFlow|AutoGen|Azure|CUDA|PyTorch|React,7,45400,38800,49800,High,Mid,2026,10,0,0,1,7.07
12695,Data Scientist,Data Science,5,PhD,New York,China,Hybrid,Startup,E-commerce,61.7,4.2,TensorFlow|AWS|Python|Airflow,4,58400,61300,81300,Medium,Senior,2026,5,1,1,1,23.66
12696,Software Engineer,Data Science,1.6,PhD,Ho Chi Minh City,USA,Hybrid,Startup,E-commerce,75.2,2.7,BERT|FastAPI|Docker,3,70500,45300,58200,High,Junior,2026,3,1,0,0,12.82
12697,DevOps Engineer,IT Operations,2.2,Associate's,San Francisco,UK,Hybrid,Big Tech (FAANG+),Finance,60.6,7.1,Azure|Airflow|React,3,43600,107300,68100,Top,Mid,2026,10,0,0,0,10.63
12698,Data Scientist,AI Engineering,0.5,Master's,Beijing,Japan,Hybrid,Mid-size,Tech,90.8,1.9,Java|AWS|TensorFlow|React|BERT|AutoGen|FastAPI|PyTorch|CUDA|Azure,10,28400,,76100,High,Senior,2026,2,1,1,1,27.44
12699,Data Scientist,Product Management,7.1,High School,San Francisco,USA,On-site,Big Tech (FAANG+),Tech,88.8,5.7,Java|AutoGen|TensorFlow|FastAPI|React|Azure,6,,54500,67600,Medium,Senior,2026,12,0,0,1,10.63
12700,AI Agent Developer,Data Science,14.3,Master's,New York,USA,On-site,Big Tech (FAANG+),Automotive,57.4,5.3,TensorFlow|AutoGen|React|BERT|FastAPI|Airflow,6,52300,68300,40500,Medium,Mid,2026,11,0,0,1,29.48
12701,Data Analyst,IT Operations,1.7,Bachelor's,Beijing,UK,Hybrid,Big Tech (FAANG+),E-commerce,53.7,3.7,CUDA,1,49500,85900,95700,Low,Lead,2026,11,0,0,0,7.78
12702,Software Engineer,Software Engineering,14.2,PhD,Singapore,USA,On-site,Mid-size,Finance,91.2,1.9,Docker,1,,125300,95900,Top,Junior,2026,9,0,0,1,35.28
12703,Data Scientist,Data Science,11,Associate's,Ho Chi Minh City,UK,On-site,Big Tech (FAANG+),Automotive,55.5,7.3,Azure|TensorFlow|Python,3,26400,101100,114400,Low,Senior,2026,5,0,0,0,15.16
12704,AI Agent Developer,Product Management,9.6,Bachelor's,Singapore,Vietnam,Hybrid,Startup,Tech,77.4,6.1,React|BERT|Docker|Azure|PyTorch|AutoGen|AWS|Java|FastAPI|C++,10,45000,111400,27900,Medium,Lead,2026,9,0,1,0,38.17
12705,DevOps Engineer,AI Engineering,9.7,Master's,London,UK,On-site,Startup,Automotive,76.7,8.3,AWS,1,64300,117300,94200,Low,Mid,2026,12,1,1,1,39.83
12706,Machine Learning Engineer,Data Science,12.4,PhD,London,Germany,On-site,Startup,E-commerce,60.1,3.1,Airflow|BERT|Docker,3,49900,99100,kxwg5vrfffc5vhv,Top,Junior,2026,1,1,0,0,49.29
12707,Product Manager,Data Science,1.6,High School,London,UK,Fully Remote,Startup,Healthcare,79.6,8.1,SQL|React|CUDA|FastAPI|Java|TensorFlow|PyTorch|Docker,8,39700,108500,71900,Medium,Senior,2026,4,0,1,1,0.83
12708,Product Manager,IT Operations,7.6,Bachelor's,Beijing,UK,Hybrid,Big Tech (FAANG+),E-commerce,75.1,3.6,C++|React|Python|TensorFlow|CUDA|BERT|FastAPI|SQL|AWS,9,,94300,58700,Low,Lead,2026,1,0,0,1,40.49
12709,Software Engineer,Software Engineering,10.5,PhD,New York,Singapore,Fully Remote,Big Tech (FAANG+),E-commerce,75.5,2,AutoGen|React|Airflow|Azure|AWS|Python|C++|BERT,8,55400,158900,51100,Low,Mid,2026,5,1,0,0,24.09
12710,Data Scientist,Software Engineering,8.8,Master's,Beijing,Germany,Fully Remote,Big Tech (FAANG+),Finance,68,2.2,CUDA|PyTorch|BERT|C++|Airflow|Java|Docker,7,,121200,90500,Medium,Lead,2026,12,1,0,1,6.14
12711,Product Manager,AI Engineering,12.5,Master's,Singapore,UK,Hybrid,Startup,Healthcare,91.9,3,Azure,1,70500,173400,117000,High,Senior,2026,11,1,0,0,37.89
12712,Data Analyst,Product Management,1.1,Bachelor's,Berlin,China,Fully Remote,Mid-size,Education,54.2,7.1,Docker|TensorFlow|Python,3,,150700,124300,Medium,Junior,2026,5,1,0,1,3.29
12713,Product Manager,AI Engineering,10.4,Bachelor's,Singapore,Singapore,Fully Remote,Enterprise,Healthcare,71.9,3.2,SQL|React|BERT,3,,92100,100900,Low,Junior,2026,7,0,1,0,43.38
12714,Product Manager,Data Science,8,Bachelor's,New York,USA,On-site,Enterprise,Healthcare,63,6.4,Airflow|Azure|Docker,3,52300,92100,47100,Top,Senior,2026,7,1,1,0,31.62
12715,Product Manager,Data Science,5.7,Associate's,Singapore,USA,Fully Remote,Enterprise,Tech,92.4,3.3,Docker|Java|PyTorch|C++|Azure|React|AutoGen,7,17200,33700,71800,Low,Junior,2026,8,1,1,1,9.43
12716,AI Agent Developer,Software Engineering,5.1,High School,Singapore,Vietnam,Hybrid,Mid-size,Automotive,61.3,4.3,Azure,1,52400,55600,73600,Medium,Junior,2026,6,1,0,0,34.04
12717,Data Scientist,Product Management,9.3,PhD,Ho Chi Minh City,Vietnam,On-site,Big Tech (FAANG+),Tech,88.4,9,BERT|C++,2,29900,140400,88300,Low,Lead,2026,10,0,1,0,8.36
12718,Data Analyst,IT Operations,13.4,Master's,Tokyo,Germany,On-site,Enterprise,Education,80.6,5.5,,0,58200,138500,93400,Medium,Mid,2026,3,1,0,1,28.27
12719,Data Scientist,Product Management,7.4,Master's,London,China,On-site,Enterprise,Healthcare,93.7,6.4,PyTorch|SQL|CUDA|AWS|Python|BERT|C++,7,55600,,63400,Low,Senior,2026,9,0,0,0,0.25
12720,Software Engineer,Data Science,12.4,High School,New York,Vietnam,Hybrid,Big Tech (FAANG+),Finance,79.7,2.7,Docker|Airflow|PyTorch|AWS|C++|SQL|Azure|BERT|React,9,19500,152600,106300,Low,,2026,5,0,1,0,46.86
12721,Software Engineer,IT Operations,6,Bachelor's,San Francisco,USA,Hybrid,Enterprise,Education,77.8,2.2,AutoGen|Java,2,78800,147400,133800,High,Lead,2026,9,0,0,1,3.2
12722,Software Engineer,Product Management,1.5,Bachelor's,San Francisco,Vietnam,Hybrid,Big Tech (FAANG+),E-commerce,90.1,4.7,Airflow|PyTorch|FastAPI|Azure|SQL,5,37100,144700,84000,Medium,Lead,2026,5,0,0,0,37.49
12723,DevOps Engineer,Product Management,0.9,Master's,San Francisco,Vietnam,Fully Remote,Enterprise,E-commerce,78.1,8.7,Docker,1,13600,120500,60900,High,Mid,2026,3,0,1,0,35.25
12724,Product Manager,IT Operations,0.8,High School,San Francisco,UK,Fully Remote,Big Tech (FAANG+),Tech,92.2,3.2,Docker|C++|Python|TensorFlow|BERT|Java|Airflow|AWS|Azure|CUDA,10,75600,120300,101900,High,Junior,2026,7,1,0,0,32.58
12725,DevOps Engineer,Data Science,5.7,Master's,New York,Vietnam,On-site,Startup,Education,52.5,6.6,Airflow|SQL|React|FastAPI|Python|Java|AWS|AutoGen|CUDA,9,62200,92600,102800,Low,Senior,2026,9,0,0,0,1.96
12726,AI Agent Developer,Product Management,5.1,Bachelor's,London,Germany,On-site,Mid-size,Tech,74.8,8.8,Java|PyTorch|SQL|BERT|AutoGen|React|Azure|AWS,8,44900,74700,92400,Medium,Senior,2026,1,1,1,0,32.78
12727,Software Engineer,IT Operations,10.8,PhD,Singapore,USA,Hybrid,Enterprise,Finance,90.6,9.4,CUDA|Azure|Airflow|React|BERT,5,51000,145400,74900,Top,,2026,3,0,0,0,30.64
12728,Data Analyst,Data Science,11.1,Bachelor's,Ho Chi Minh City,Germany,Hybrid,Big Tech (FAANG+),E-commerce,92.4,9.9,,0,47700,89500,110100,Low,Lead,2026,7,1,0,0,31.63
12729,Data Scientist,IT Operations,0.8,PhD,Beijing,Singapore,Fully Remote,Startup,Tech,91.7,7.9,Python|Azure|CUDA|AutoGen|React|FastAPI|BERT,7,18300,-53700,51000,Medium,Lead,2026,9,0,0,0,26.91
12730,Product Manager,IT Operations,3.3,Associate's,Beijing,Germany,Fully Remote,Big Tech (FAANG+),Automotive,80.2,1.7,Airflow|AWS|AutoGen|PyTorch,4,22000,124800,73400,High,Junior,2026,4,1,1,0,16.52
12731,Machine Learning Engineer,Product Management,4.1,High School,Singapore,Japan,Hybrid,Enterprise,Tech,99.7,8.8,React|AWS|Azure|Docker|AutoGen|Java|TensorFlow|FastAPI,8,69000,57900,122600,Low,Mid,2026,5,0,1,0,11.71
12732,Data Analyst,Data Science,8.2,Associate's,Singapore,China,Hybrid,Enterprise,Tech,59.1,9,Python|Java|C++|Docker|BERT|PyTorch,6,58300,106100,74500,Top,Senior,2026,8,0,0,0,22.82
12733,Product Manager,Product Management,2.2,Bachelor's,Tokyo,Singapore,Fully Remote,Enterprise,Healthcare,58.7,6,SQL|PyTorch|C++|FastAPI|AutoGen|Python,6,68300,166400,75700,Low,Junior,2026,4,0,0,0,19.25
12734,DevOps Engineer,AI Engineering,2,High School,San Francisco,Singapore,On-site,Enterprise,Automotive,51.6,1.6,React|Python|PyTorch|Azure|Java,5,,184100,80500,High,Junior,2026,2,0,0,1,34.39
12735,DevOps Engineer,AI Engineering,14.2,Bachelor's,New York,Japan,On-site,Enterprise,Automotive,99.5,5.3,Docker|BERT|C++|FastAPI|TensorFlow|PyTorch|CUDA,7,,127700,52300,High,Mid,2026,7,1,0,0,13.53
12736,Data Analyst,Data Science,12.1,High School,London,Japan,Fully Remote,Startup,Finance,67.4,2.9,,0,41800,152600,9drr7rzqb33kpxv,Medium,Junior,2026,2,0,0,1,39.59
12737,DevOps Engineer,IT Operations,2.7,High School,Singapore,UK,Fully Remote,Big Tech (FAANG+),Healthcare,88.1,5,AWS|TensorFlow|AutoGen|FastAPI|Azure,5,26900,129800,61600,Top,Senior,2026,6,1,0,0,48.99
12738,Software Engineer,Product Management,6.1,Bachelor's,Singapore,Germany,On-site,Big Tech (FAANG+),Automotive,53,7.5,PyTorch|Azure|Docker|AutoGen,4,47400,,70400,Low,Senior,2026,7,1,1,0,34.93
12739,AI Agent Developer,Product Management,5.3,Bachelor's,Berlin,China,Fully Remote,Enterprise,Healthcare,64.9,7,FastAPI|C++|CUDA|Java|React|SQL|TensorFlow|BERT|Airflow,9,12900,136800,104400,High,Senior,2026,8,0,0,0,25.62
12740,Data Scientist,Data Science,11.9,High School,Ho Chi Minh City,USA,On-site,Big Tech (FAANG+),Healthcare,81.2,8,Docker|SQL|AWS|C++|Airflow|CUDA|Python|FastAPI|React|Azure,10,61900,57300,81600,Medium,Lead,2026,5,0,0,1,8.57
12741,AI Agent Developer,Data Science,7.7,High School,Beijing,USA,On-site,Startup,E-commerce,76.2,5.3,C++,1,63200,48800,113000,Top,Junior,2026,1,0,1,1,49.11
12742,Product Manager,AI Engineering,1.9,Bachelor's,Ho Chi Minh City,China,Fully Remote,Enterprise,Automotive,60.4,5.6,BERT|Azure,2,95500,140500,xpne0kjlxiszrof,Top,Junior,2026,3,1,1,0,13.64
12743,Data Scientist,Software Engineering,11.1,Bachelor's,Ho Chi Minh City,Singapore,Hybrid,Mid-size,E-commerce,73.1,9.4,PyTorch|CUDA|Python|Azure|TensorFlow|SQL|Java|BERT,8,48000,112300,96600,Medium,Senior,2026,10,1,1,0,28.42
12744,Data Scientist,Data Science,6,Master's,Tokyo,Germany,Hybrid,Startup,Tech,55.4,6.7,C++|AutoGen|Python,3,63500,106400,90800,High,Lead,2026,9,1,0,1,22.13
12745,AI Agent Developer,Software Engineering,3.9,Master's,San Francisco,Germany,Hybrid,Enterprise,Tech,77.1,7.7,TensorFlow|AWS|PyTorch|React|Java|Airflow|AutoGen,7,69400,81000,114700,Top,Mid,2026,6,0,0,1,9.97
12746,Data Analyst,Data Science,5.6,Master's,Ho Chi Minh City,UK,Hybrid,Big Tech (FAANG+),E-commerce,54.8,7,PyTorch|AWS|React|Java|SQL|AutoGen|Airflow|FastAPI,8,84400,85700,76500,Low,Senior,2026,11,1,0,1,39.04
12747,Data Scientist,IT Operations,7.5,Associate's,London,UK,Hybrid,Startup,Tech,81.8,6.8,AutoGen,1,27400,150300,77300,High,Mid,2026,5,1,0,0,5.89
12748,AI Agent Developer,IT Operations,5.1,High School,Tokyo,Japan,Hybrid,Enterprise,E-commerce,57.8,9.2,SQL|PyTorch|Java|C++|TensorFlow|Python,6,67900,66000,48400,High,Senior,2026,1,1,0,1,21.49
12749,Data Scientist,AI Engineering,3.6,PhD,Singapore,USA,Hybrid,Big Tech (FAANG+),Finance,77.4,4.2,,0,58000,100500,97300,Medium,Mid,2026,4,0,1,0,10.57
12750,Machine Learning Engineer,AI Engineering,6,Associate's,London,UK,Fully Remote,Big Tech (FAANG+),Healthcare,56.5,4.8,C++|AWS|Airflow|Python|TensorFlow,5,17700,68500,62800,Top,Lead,2026,5,1,0,0,27.48
12751,Data Analyst,Software Engineering,0.3,High School,Tokyo,China,Fully Remote,Enterprise,Finance,70,4.4,Airflow|TensorFlow|Azure|AutoGen|CUDA|Docker|AWS|BERT|Python|Java,10,59300,37900,93200,Medium,Mid,2026,2,0,0,1,43.04
12752,Software Engineer,Data Science,11.6,PhD,London,USA,Hybrid,Startup,Automotive,67.6,7.9,AWS|TensorFlow|Python|BERT|AutoGen|PyTorch|Docker|Java|React,9,,104300,79800,Top,Junior,2026,5,0,1,0,44.54
12753,Data Scientist,Product Management,2.6,Master's,Tokyo,Singapore,Fully Remote,Enterprise,Finance,87.8,8.8,AWS|Docker|Python|Azure|BERT|Airflow|CUDA|C++|TensorFlow,9,16300,129600,46300,Medium,Mid,2026,3,0,1,1,26.52
12754,Machine Learning Engineer,AI Engineering,0.7,PhD,Tokyo,Singapore,On-site,Enterprise,Finance,82.1,4.2,React|Docker|C++|FastAPI|BERT|SQL|CUDA|Java,8,48500,57500,77400,High,Lead,2026,8,0,0,1,12.08
12755,Software Engineer,Product Management,9.8,Bachelor's,New York,Germany,Hybrid,Enterprise,Tech,96.9,2.3,React|TensorFlow|BERT|SQL,4,51600,71600,64300,Medium,Junior,2026,10,0,1,0,19.17
12756,Software Engineer,Product Management,11.6,Bachelor's,London,USA,On-site,Enterprise,Education,96.1,5.4,Docker|AutoGen|Java|TensorFlow,4,51000,52600,39300,High,Senior,2026,11,1,1,0,34.44
12757,Product Manager,Data Science,12.2,High School,New York,Vietnam,Fully Remote,Enterprise,Education,86.2,9.9,,0,62500,105300,83400,High,Mid,2026,1,1,0,0,14.39
12758,Data Scientist,Software Engineering,7.4,Associate's,Singapore,USA,Hybrid,Big Tech (FAANG+),E-commerce,88.5,2.8,,0,38000,80600,117800,Medium,Lead,2026,4,1,0,0,7.67
12759,AI Agent Developer,Data Science,3.1,Master's,San Francisco,UK,On-site,Enterprise,Automotive,81.2,5.1,AWS|Docker|AutoGen,3,28100,15100,50600,Top,Lead,2026,12,1,1,1,13.91
12760,Data Scientist,AI Engineering,11.1,High School,San Francisco,China,Fully Remote,Startup,Education,84.6,3.4,BERT|React,2,59700,85800,8100,High,Mid,2026,11,1,1,0,6.08
12761,Machine Learning Engineer,Product Management,10.5,Master's,Tokyo,Germany,Hybrid,Mid-size,Tech,80.9,9.3,Python|Azure|Java|Docker|CUDA|SQL,6,81400,,126000,Medium,Lead,2026,9,0,1,1,13.83
12762,Software Engineer,Data Science,3.7,Bachelor's,San Francisco,Germany,Hybrid,Enterprise,Automotive,65.6,6,Java|Python|BERT|PyTorch|Azure|Docker|Airflow|C++|AWS,9,80000,146400,34800,High,Senior,2026,12,1,1,1,2.18
12763,Data Scientist,Data Science,13.6,Associate's,Beijing,UK,On-site,Startup,Healthcare,67.5,6.2,AWS|Airflow|TensorFlow|BERT|CUDA|AutoGen,6,97800,148400,119200,High,Lead,2026,1,1,1,1,3.12
12764,AI Agent Developer,Data Science,1.6,Associate's,Tokyo,UK,On-site,Mid-size,E-commerce,78.7,1.1,SQL|CUDA|React|Java|C++|Docker|AutoGen|PyTorch,8,42600,60300,108000,Medium,Senior,2026,6,0,0,0,42.92
12765,Product Manager,AI Engineering,14.7,Bachelor's,Beijing,UK,On-site,Startup,Tech,86,6.9,SQL|C++|React|Python|AutoGen|Airflow|PyTorch,7,46600,52600,77100,High,Mid,2026,6,0,1,0,8.91
12766,Data Scientist,Software Engineering,12.9,PhD,Beijing,Vietnam,Fully Remote,Big Tech (FAANG+),Finance,70.3,3.8,AWS|Docker|C++|AutoGen|Airflow|Java|Azure,7,7000,,59000,High,Lead,2026,11,0,1,1,42.19
12767,Data Analyst,Data Science,10.3,Associate's,Beijing,China,On-site,Big Tech (FAANG+),Healthcare,57.1,5.6,BERT|Azure|Java|AutoGen|CUDA|Airflow|Python|C++,8,37700,138900,103600,Medium,Mid,2026,2,0,1,0,49.79
12768,Product Manager,AI Engineering,14.1,PhD,Beijing,Vietnam,On-site,Mid-size,Finance,73,5.8,C++|PyTorch|Airflow|AWS|Docker|FastAPI|Azure|Python|Java|AutoGen,10,18400,137500,79100,Low,Junior,2026,1,1,0,1,19.52
12769,AI Agent Developer,Product Management,10.8,Master's,San Francisco,UK,On-site,Mid-size,Education,98.2,6.3,BERT|FastAPI|CUDA|TensorFlow|Python|SQL|Azure|React|Docker,9,43100,100100,121100,Medium,,2026,1,0,0,0,22.39
12770,Machine Learning Engineer,IT Operations,2.9,Associate's,London,China,Hybrid,Mid-size,Automotive,60.7,8.4,Docker,1,,144700,88500,Top,Mid,2026,10,1,1,0,14.3
12771,Software Engineer,AI Engineering,6.6,Bachelor's,Berlin,Singapore,On-site,Big Tech (FAANG+),Healthcare,82.5,3.7,FastAPI|BERT|PyTorch|Docker|Airflow|TensorFlow|C++|SQL|Azure|Python,10,71300,124300,119300,Low,Mid,2026,5,1,1,1,5.96
12772,Data Scientist,IT Operations,1.1,PhD,London,Singapore,On-site,Big Tech (FAANG+),Tech,99.1,3.3,Docker|TensorFlow,2,43400,80700,95100,High,Senior,2026,11,1,0,1,31.84
12773,AI Agent Developer,Data Science,5.8,Master's,Singapore,UK,Fully Remote,Startup,Finance,68.8,8.2,PyTorch|Python|TensorFlow|Azure|C++|React|Java|Docker,8,,,108100,Top,Senior,2026,5,0,0,1,42.4
12774,Product Manager,Data Science,11.1,Master's,Berlin,China,Fully Remote,Big Tech (FAANG+),Education,94.4,7.5,TensorFlow,1,33800,,84100,Low,Junior,2026,11,1,0,1,33.47
12775,Data Analyst,AI Engineering,5.8,Associate's,London,Germany,On-site,Mid-size,Finance,93.2,3,BERT|CUDA|PyTorch|Airflow|FastAPI|Azure|Java|Python|TensorFlow|Docker,10,67300,95000,73600,Medium,Lead,2026,10,0,1,0,5.47
12776,AI Agent Developer,IT Operations,5,Associate's,Singapore,Vietnam,Fully Remote,Enterprise,Automotive,67,1,CUDA,1,43700,75600,64600,High,Junior,2026,7,0,1,0,30.33
12777,DevOps Engineer,Data Science,8.9,High School,San Francisco,Japan,Fully Remote,Enterprise,Automotive,54.9,7,,0,55300,59900,52200,Low,Lead,2026,9,1,0,1,31.96
12778,Data Analyst,Product Management,13.1,High School,Beijing,UK,Fully Remote,Mid-size,Education,58.9,2.4,,0,63400,70500,72200,Medium,Senior,2026,4,1,1,0,34.49
12779,Product Manager,Software Engineering,0.7,Associate's,Ho Chi Minh City,UK,Hybrid,Big Tech (FAANG+),E-commerce,68.3,9.6,TensorFlow|FastAPI|CUDA|Airflow|PyTorch|BERT|Java|Docker|Python,9,64800,159800,50000,Low,Senior,2026,4,0,0,1,3.47
12780,Machine Learning Engineer,Software Engineering,5.8,High School,Tokyo,USA,On-site,Mid-size,Education,98,6.4,BERT|React|AWS|Azure|CUDA|FastAPI|C++|AutoGen|PyTorch,9,-5700,81500,64800,Medium,Senior,2026,11,1,1,1,34.91
12781,Software Engineer,Data Science,2.4,Bachelor's,Berlin,Japan,On-site,Big Tech (FAANG+),E-commerce,63.7,8.6,SQL,1,61200,163100,80800,Top,Lead,2026,11,1,1,0,30.23
12782,Product Manager,IT Operations,10.4,Bachelor's,Ho Chi Minh City,Germany,On-site,Enterprise,Education,96.3,8.3,SQL|Azure|Docker|Airflow|AWS|AutoGen,6,52000,102300,88200,Top,Senior,2026,7,1,0,0,43.41
12783,Machine Learning Engineer,Data Science,1.6,High School,Beijing,UK,Fully Remote,Startup,Education,59.1,6,AutoGen|SQL|BERT|TensorFlow|React,5,13900,90800,109300,High,Lead,2026,9,0,0,1,8.26
12784,Data Scientist,IT Operations,10,Associate's,Berlin,Vietnam,Fully Remote,Big Tech (FAANG+),Automotive,98.5,4.9,Azure|Java|AutoGen|C++|AWS|BERT|Python,7,77600,120900,81400,Medium,,2026,7,1,0,0,3.11
12785,AI Agent Developer,Product Management,4.3,Bachelor's,Ho Chi Minh City,Germany,Fully Remote,Startup,E-commerce,64.7,5.5,SQL|AWS|TensorFlow|AutoGen|React|Airflow|Azure|PyTorch|CUDA,9,54000,4600,87100,Low,Lead,2026,8,0,1,1,40.64
12786,DevOps Engineer,IT Operations,3,Master's,London,UK,Hybrid,Enterprise,Education,81.7,8.2,AutoGen|AWS|React|Docker|C++,5,19000,183300,69700,High,Lead,2026,10,0,0,1,5.15
12787,Data Analyst,Data Science,14,Associate's,Singapore,Vietnam,Fully Remote,Startup,Finance,53.5,6.8,Docker|FastAPI|AWS|PyTorch|SQL|Python|BERT|React|AutoGen,9,38400,138200,75200,High,Senior,2026,7,0,0,0,19.01
12788,Data Analyst,Product Management,0.3,PhD,Beijing,USA,Hybrid,Startup,Automotive,65,2.9,AutoGen|CUDA|React|Azure|FastAPI|BERT,6,45800,108200,76900,Medium,Senior,2026,9,0,0,1,43.45
12789,AI Agent Developer,AI Engineering,6.6,PhD,London,USA,On-site,Mid-size,Healthcare,60.5,6.5,React|PyTorch|TensorFlow|AWS|Java|AutoGen|Python|C++|SQL|BERT,10,,,127600,Top,Junior,2026,6,0,0,1,13.91
12790,DevOps Engineer,Software Engineering,0.3,Associate's,London,Singapore,Fully Remote,Startup,Automotive,50.2,4.6,Azure|Docker|React|SQL|C++|Airflow|Java|CUDA|TensorFlow,9,32500,102200,85600,High,,2026,11,0,1,1,22.08
12791,AI Agent Developer,Data Science,7.3,High School,Beijing,Vietnam,Hybrid,Enterprise,Education,57.8,1.6,React|FastAPI,2,36200,75700,45200,Low,Lead,2026,9,0,0,0,30.71
12792,Data Scientist,Data Science,7.5,Bachelor's,Berlin,Germany,Hybrid,Big Tech (FAANG+),Tech,79.7,4.4,Azure|AutoGen|PyTorch|Python|SQL|Docker|AWS,7,53600,99100,80800,High,Mid,2026,3,0,1,0,31.96
12793,Machine Learning Engineer,Data Science,4.8,Bachelor's,Tokyo,Vietnam,Fully Remote,Startup,Tech,69.5,3,TensorFlow|SQL|React|Docker,4,92800,83100,53800,Medium,Lead,2026,4,0,0,1,29.7
12794,Product Manager,Product Management,2,Associate's,New York,Japan,Hybrid,Big Tech (FAANG+),Automotive,86.1,8.5,CUDA|C++|SQL|TensorFlow|Azure|Airflow|Python|Docker,8,45400,64100,58700,Top,Mid,2026,9,1,0,1,3.03
12795,Data Analyst,AI Engineering,5.6,Master's,New York,Vietnam,Fully Remote,Mid-size,Healthcare,83.6,1.9,C++|Airflow|SQL|PyTorch|React|Java|CUDA|TensorFlow|AutoGen|Azure,10,41100,84200,76300,Medium,Lead,2026,2,1,0,1,38.92
12796,Data Scientist,IT Operations,10.1,High School,Tokyo,USA,Hybrid,Enterprise,Automotive,90,4.2,,0,53600,108500,86100,High,Mid,2026,12,1,1,1,39.75
12797,Machine Learning Engineer,AI Engineering,11.7,Master's,San Francisco,USA,On-site,Enterprise,Healthcare,93.4,7.3,FastAPI|PyTorch|React|AWS|Python|AutoGen|Docker|TensorFlow|BERT|CUDA,10,43400,114200,84600,Low,Mid,2026,2,0,1,1,5.22
12798,Data Scientist,Product Management,8,Associate's,Beijing,USA,On-site,Big Tech (FAANG+),Education,91,9.1,AWS|Python|React|Airflow|SQL|C++,6,43100,,58200,High,Junior,2026,10,1,1,1,36.98
12799,DevOps Engineer,Data Science,8.8,Associate's,New York,Japan,On-site,Enterprise,Finance,72.4,4,TensorFlow|CUDA|BERT|Airflow|AWS|Java|React|AutoGen|C++,9,69200,87600,36600,High,Mid,2026,8,0,0,1,25.19
12800,Data Analyst,Software Engineering,3,Master's,Tokyo,UK,Fully Remote,Mid-size,Finance,65.4,6.5,AutoGen|BERT|C++|CUDA|AWS|FastAPI|React,7,40100,71700,71800,Top,Junior,2026,11,0,0,0,0.63
12801,Product Manager,Data Science,4.3,PhD,Ho Chi Minh City,Singapore,On-site,Big Tech (FAANG+),Healthcare,75.1,4.4,,0,43000,49700,73400,Medium,Lead,2026,10,0,0,0,34.71
12802,AI Agent Developer,IT Operations,2.4,Associate's,Tokyo,Japan,On-site,Enterprise,E-commerce,76.8,2.8,CUDA|Airflow|TensorFlow|BERT|C++,5,,117700,72800,Top,Lead,2026,6,0,0,0,23.04
12803,AI Agent Developer,Software Engineering,3.7,High School,San Francisco,UK,On-site,Mid-size,Finance,65.7,3.9,TensorFlow|AutoGen,2,21400,158300,80300,High,Mid,2026,5,1,0,0,6.33
12804,Machine Learning Engineer,Data Science,3.4,Master's,Berlin,Japan,Fully Remote,Mid-size,Tech,77,6.7,Python|TensorFlow|AWS|C++|React|SQL|BERT|Java|AutoGen|Airflow,10,43100,84400,64300,Low,Lead,2026,2,0,0,0,8.79
12805,Product Manager,Software Engineering,7.8,PhD,Singapore,China,Hybrid,Startup,Automotive,55.3,7.4,Python|React|AWS|Azure,4,16700,77500,97900,Low,Senior,2026,1,0,1,0,37.89
12806,Software Engineer,AI Engineering,8.4,Master's,Tokyo,UK,Fully Remote,Enterprise,Education,61.6,4.3,,0,40000,134600,91800,Top,Senior,2026,3,0,1,0,47.26
12807,DevOps Engineer,Product Management,14.2,PhD,London,Germany,Fully Remote,Big Tech (FAANG+),E-commerce,87.3,2.4,React|FastAPI|AWS|Java|TensorFlow|Python|SQL|BERT|Docker,9,43000,57500,95600,Low,Senior,2026,11,1,1,0,8.2
12808,Machine Learning Engineer,Data Science,2.9,PhD,London,Germany,On-site,Startup,Tech,59.1,2.3,PyTorch|CUDA,2,43300,164800,111700,Low,Lead,2026,6,0,0,0,20.12
12809,Software Engineer,IT Operations,9.6,High School,Singapore,Singapore,Hybrid,Big Tech (FAANG+),Automotive,57,8.3,BERT,1,42200,97000,86900,Low,Senior,2026,11,0,0,1,15.98
12810,Data Scientist,AI Engineering,12.3,Associate's,Beijing,USA,On-site,Startup,Tech,64.4,6.9,AWS|SQL|C++|BERT|Airflow|AutoGen|PyTorch,7,55600,115000,76300,High,Junior,2026,11,0,0,0,29.34
12811,DevOps Engineer,Data Science,8.4,PhD,London,Japan,On-site,Mid-size,E-commerce,68.6,7.6,,0,27600,101500,72500,Low,Lead,2026,12,0,1,0,9.76
12812,Data Scientist,AI Engineering,3.8,Associate's,Ho Chi Minh City,Vietnam,Fully Remote,Startup,Healthcare,66.4,5.4,AWS,1,57800,-200,92600,Top,Senior,2026,12,1,0,1,28.95
12813,Product Manager,IT Operations,3.9,High School,Tokyo,USA,Fully Remote,Startup,Automotive,68.7,5.1,Docker,1,39900,97400,76900,Low,Lead,2026,12,1,0,1,41.56
12814,Data Analyst,Data Science,0.6,Associate's,Singapore,Singapore,Fully Remote,Startup,Tech,57,2.9,FastAPI|AWS|BERT|AutoGen|Python|PyTorch|Azure,7,65200,84700,29200,High,Senior,2026,5,1,1,1,32.06
12815,DevOps Engineer,IT Operations,4.6,Bachelor's,Ho Chi Minh City,Vietnam,On-site,Enterprise,Education,58.3,2.5,,0,48800,115600,60100,High,,2026,6,1,0,0,9.71
12816,Software Engineer,Software Engineering,11.2,PhD,Beijing,Japan,Hybrid,Startup,Education,61.8,2.4,Java|TensorFlow|AWS|SQL|Airflow|Docker|Azure|AutoGen|React|C++,10,38200,145700,111900,Low,Mid,2026,11,1,1,0,37.45
12817,Data Analyst,IT Operations,0.7,High School,London,USA,Hybrid,Mid-size,Tech,70.1,9.9,Azure|CUDA|Airflow|SQL|FastAPI|BERT|PyTorch|Docker|Python,9,23800,119700,28500,Top,Junior,2026,7,0,0,1,23.01
12818,AI Agent Developer,Software Engineering,3.3,Master's,Singapore,USA,On-site,Big Tech (FAANG+),E-commerce,66.8,8.4,Azure|Python|SQL|CUDA|PyTorch|FastAPI|BERT,7,55900,73400,83600,Low,Mid,2026,7,0,0,0,5.65
12819,Software Engineer,Data Science,10.6,High School,New York,Germany,Hybrid,Enterprise,E-commerce,89.6,6.6,Python|CUDA|PyTorch|BERT|Java|Azure|AWS,7,46200,165900,88700,Medium,Senior,2026,3,0,0,0,16.36
12820,Machine Learning Engineer,Software Engineering,11.7,PhD,Tokyo,Vietnam,On-site,Mid-size,Education,76.3,2.9,SQL|Python|Docker|Airflow|AWS,5,79300,101800,72800,Top,Junior,2026,11,1,1,0,12.07
12821,AI Agent Developer,Data Science,6.8,High School,New York,China,Hybrid,Enterprise,Education,78.8,4,Java|BERT|PyTorch|AutoGen,4,80800,151200,58200,Top,Mid,2026,10,1,0,1,42.17
12822,AI Agent Developer,Data Science,10.5,Master's,Berlin,China,On-site,Big Tech (FAANG+),E-commerce,78,4.2,AWS|SQL|Azure|AutoGen|Airflow|React|Python|TensorFlow|C++|Docker,10,40300,135300,48500,Top,Junior,2026,8,0,1,0,11.35
12823,Machine Learning Engineer,Product Management,5.8,Bachelor's,Beijing,USA,Hybrid,Big Tech (FAANG+),Healthcare,69.9,5.3,Azure|BERT|AWS,3,2900,,79700,Top,Lead,2026,8,1,1,0,25.6
12824,DevOps Engineer,Data Science,2.4,PhD,Berlin,Japan,Fully Remote,Big Tech (FAANG+),Finance,99,4.8,Java|AWS|PyTorch|Airflow,4,67700,142400,67200,Top,Mid,2026,11,0,1,1,32.62
12825,AI Agent Developer,Software Engineering,6,PhD,New York,USA,Fully Remote,Enterprise,Tech,51.9,9.4,Azure|Docker|AutoGen|React|SQL|AWS,6,39400,134700,113600,Low,Senior,2026,3,0,0,1,2.82
12826,Product Manager,Product Management,8.7,High School,New York,Singapore,Fully Remote,Enterprise,Healthcare,60.8,7.5,CUDA|PyTorch|SQL|FastAPI|React|BERT,6,43000,103100,87000,Low,Lead,2026,6,1,1,0,7.05
12827,Software Engineer,Product Management,14.2,Associate's,New York,Germany,Fully Remote,Big Tech (FAANG+),Tech,64.2,1.7,TensorFlow|SQL|AutoGen|Azure,4,73900,82100,65100,Top,Senior,2026,9,0,1,0,39.36
12828,Data Analyst,Data Science,1,Associate's,Berlin,Singapore,On-site,Big Tech (FAANG+),Education,94.1,4.2,TensorFlow|SQL|PyTorch|Azure,4,56900,132600,82400,Top,Senior,2026,1,0,0,0,17.19
12829,AI Agent Developer,IT Operations,7.6,Master's,Singapore,Vietnam,Hybrid,Mid-size,Healthcare,95.9,2.2,CUDA|Airflow|BERT|TensorFlow|PyTorch,5,67000,139700,58100,Medium,Lead,2026,11,1,0,0,35.1
12830,Software Engineer,IT Operations,4.9,Bachelor's,Beijing,Singapore,On-site,Big Tech (FAANG+),Education,92.3,3.5,React,1,,83600,70400,High,,2026,2,0,0,1,37.96
12831,Data Scientist,Product Management,7.6,Bachelor's,San Francisco,USA,Fully Remote,Startup,Education,70.8,9.6,Java,1,46600,124200,30500,High,Lead,2026,2,0,1,0,32.13
12832,Software Engineer,Data Science,0.4,High School,Tokyo,Singapore,Hybrid,Enterprise,Education,95.7,7.3,Azure|CUDA|AWS|BERT|AutoGen,5,63700,86500,66000,Top,Senior,2026,5,0,0,0,29.09
12833,Data Analyst,IT Operations,4.7,High School,San Francisco,Japan,On-site,Mid-size,Automotive,54.9,1.1,CUDA|React|Airflow,3,52100,78000,88600,Top,Junior,2026,6,1,1,1,24.75
12834,Software Engineer,Data Science,12.3,Associate's,Singapore,China,Fully Remote,Enterprise,Finance,82.6,4,AWS|Python|Docker|C++|BERT|Azure|React|TensorFlow|Java,9,60800,117300,70800,High,Mid,2026,3,1,1,0,19.65
12835,Machine Learning Engineer,Data Science,8.3,Bachelor's,Tokyo,Vietnam,Hybrid,Big Tech (FAANG+),Education,96.9,4.9,CUDA|BERT|AutoGen|Docker|Azure|Java|React|Airflow,8,53100,131600,97300,Low,Junior,2026,4,1,1,0,7.47
12836,Data Analyst,Product Management,6.8,Bachelor's,Ho Chi Minh City,USA,Hybrid,Startup,Tech,87.7,6.4,CUDA|Azure|FastAPI|React|SQL|AutoGen|AWS|BERT,8,77200,120700,gf13jbul91ph6pw,Medium,Mid,2026,10,0,0,0,48.64
12837,DevOps Engineer,Product Management,4.3,Bachelor's,San Francisco,Vietnam,Fully Remote,Big Tech (FAANG+),E-commerce,63.9,5.5,BERT|Java|AWS|PyTorch|SQL|FastAPI|TensorFlow|CUDA|Airflow,9,,94500,92900,Medium,Mid,2026,12,1,0,0,32.1
12838,Data Scientist,AI Engineering,4.5,Master's,Ho Chi Minh City,Germany,Fully Remote,Enterprise,Finance,85.9,1.6,,0,41300,54100,124800,Top,Junior,2026,2,0,0,1,9.71
12839,Machine Learning Engineer,IT Operations,5.7,Master's,San Francisco,Singapore,Hybrid,Mid-size,Tech,64.7,5.6,Azure|BERT,2,48200,,100900,Low,Senior,2026,12,1,0,0,41.82
12840,DevOps Engineer,IT Operations,12.5,High School,New York,China,Fully Remote,Enterprise,Automotive,55.6,2.2,React|SQL|FastAPI|Python,4,52400,114900,75900,Low,Lead,2026,3,0,0,1,41.12
12841,Software Engineer,IT Operations,14.5,Associate's,Beijing,Japan,On-site,Mid-size,Education,85.9,5.7,PyTorch|AutoGen|SQL|Docker|FastAPI|Airflow|TensorFlow|Python|React,9,24300,186200,69900,Low,Junior,2026,12,1,1,1,37.65
12842,Data Analyst,Software Engineering,6.6,PhD,San Francisco,Vietnam,Fully Remote,Startup,Tech,59,3.2,CUDA|Python|C++|Airflow|Docker|Azure|AutoGen|AWS|React,9,35100,61100,64800,Low,Senior,2026,8,1,0,0,5.78
12843,Data Scientist,Data Science,5.9,Associate's,Beijing,China,Fully Remote,Big Tech (FAANG+),Tech,55.6,2.3,BERT|Java|React|PyTorch|Python|Azure|CUDA,7,50700,95400,57300,Top,Junior,2026,5,0,0,0,0.9
12844,Machine Learning Engineer,Product Management,12.7,Master's,London,Singapore,Fully Remote,Big Tech (FAANG+),Tech,77.6,3.6,Python|PyTorch|C++|AWS|CUDA|Docker|Azure|FastAPI|AutoGen|Airflow,10,39100,93500,83300,High,,2026,2,1,0,1,35.41
12845,DevOps Engineer,IT Operations,6.4,Master's,London,USA,Hybrid,Startup,Finance,81,1.9,Docker|React|Azure|FastAPI|C++|PyTorch,6,15700,10400,65900,Top,Lead,2026,10,1,1,0,10.23
12846,DevOps Engineer,AI Engineering,8.3,High School,Singapore,Japan,Hybrid,Enterprise,Education,52.6,3.6,Airflow|Java|AWS|React|Python|AutoGen|Azure|CUDA|Docker,9,42700,76400,41500,Medium,Mid,2026,10,1,0,0,42.04
12847,Data Scientist,IT Operations,3.5,PhD,San Francisco,Japan,Fully Remote,Startup,Tech,50.2,8.8,,0,25700,52200,95000,Medium,Junior,2026,11,1,1,1,33.64
12848,Product Manager,Data Science,11.2,Bachelor's,Berlin,UK,Hybrid,Big Tech (FAANG+),E-commerce,94.1,3.8,Java|AWS|TensorFlow|SQL|FastAPI|Docker|AutoGen|Azure|C++,9,62000,83900,60500,Top,Junior,2026,2,0,1,0,18.72
12849,Software Engineer,Data Science,8,PhD,San Francisco,Vietnam,Fully Remote,Mid-size,Education,55.8,5.2,AWS|Airflow|BERT|TensorFlow|Python|CUDA,6,,160100,37300,Medium,Mid,2026,4,0,0,1,24.38
12850,Data Scientist,Product Management,12.1,PhD,San Francisco,China,On-site,Big Tech (FAANG+),Healthcare,79.2,5.7,SQL|Python|Docker|Azure|AWS,5,68000,,102900,High,Senior,2026,9,0,0,1,25.14
12851,DevOps Engineer,Software Engineering,11.7,PhD,London,Vietnam,Hybrid,Enterprise,E-commerce,97.7,2.6,Python|AWS|TensorFlow|BERT,4,54200,106900,103800,High,Senior,2026,6,0,1,1,18.95
12852,AI Agent Developer,Product Management,3.2,High School,Singapore,USA,Fully Remote,Mid-size,Automotive,75.6,5,Java|SQL|React|Azure|Airflow|Docker|BERT|AutoGen|C++,9,28500,178000,46400,Top,Mid,2026,1,0,0,1,8.97
12853,Machine Learning Engineer,IT Operations,10.7,Master's,Tokyo,USA,Hybrid,Enterprise,Finance,57,8.7,PyTorch,1,-12900,156400,61600,Medium,Senior,2026,11,0,1,0,49.72
12854,Data Scientist,AI Engineering,12,Bachelor's,Tokyo,Singapore,On-site,Big Tech (FAANG+),Healthcare,69.7,1.7,React|CUDA|C++|AWS,4,72900,67900,54900,High,Senior,2026,4,1,1,1,37.46
12855,Product Manager,Product Management,5.2,PhD,Singapore,Japan,On-site,Big Tech (FAANG+),Finance,81.2,9.3,,0,41500,26900,58900,High,Senior,2026,3,1,0,1,7.82
12856,DevOps Engineer,Software Engineering,2.6,Bachelor's,Berlin,Japan,Fully Remote,Mid-size,Finance,88.1,8.8,BERT|Airflow|CUDA|Java|C++|SQL|Docker|AutoGen|TensorFlow|Python,10,5400,7100,23100,Medium,Mid,2026,1,0,1,0,1.73
12857,Software Engineer,Product Management,0,PhD,Ho Chi Minh City,China,Hybrid,Enterprise,Tech,80.3,8.7,,0,81300,64800,64500,Low,Lead,2026,6,1,0,0,17.22
12858,DevOps Engineer,Data Science,6.8,Master's,New York,Germany,On-site,Mid-size,E-commerce,51.7,2.8,SQL,1,,77300,65600,Medium,Mid,2026,10,1,1,1,27.72
12859,Software Engineer,IT Operations,5.3,Bachelor's,Beijing,Vietnam,Hybrid,Mid-size,Healthcare,57.2,5.4,TensorFlow|AutoGen|Azure,3,81100,161900,114500,Top,Junior,2026,1,1,1,1,46.9
12860,Data Scientist,IT Operations,8.3,Associate's,Ho Chi Minh City,Vietnam,Fully Remote,Enterprise,Tech,68.6,6.5,Azure|TensorFlow|PyTorch,3,58500,148100,cdo4s8msm9l5adx,Low,Junior,2026,1,0,1,1,6.62
12861,Software Engineer,IT Operations,2.8,Master's,Singapore,USA,On-site,Mid-size,Healthcare,85.3,1.9,Docker|Airflow|SQL|PyTorch|Azure,5,63300,136800,61500,Top,Junior,2026,7,0,0,1,22.01
12862,Data Analyst,IT Operations,12.9,Bachelor's,Tokyo,Vietnam,On-site,Startup,Education,79.2,6,AWS,1,39800,79900,80500,High,Senior,2026,1,1,1,0,8.93
12863,Data Analyst,IT Operations,3.9,PhD,Ho Chi Minh City,China,Hybrid,Mid-size,Education,52.2,8.6,C++|SQL|React|BERT,4,64200,92500,41300,Low,Junior,2026,11,0,1,1,3.49
12864,Data Analyst,IT Operations,3.4,PhD,Berlin,UK,On-site,Big Tech (FAANG+),E-commerce,89.8,9.4,AutoGen|Java|AWS|PyTorch|Docker|CUDA|Airflow,7,88700,83700,76900,Top,Senior,2026,3,1,0,1,30.07
12865,Product Manager,AI Engineering,7.2,Master's,New York,Japan,Fully Remote,Enterprise,Tech,80.3,3.5,FastAPI,1,66600,188200,58400,Top,Senior,2026,5,1,1,0,5.19
12866,Product Manager,Software Engineering,7.5,Master's,Tokyo,USA,Fully Remote,Big Tech (FAANG+),Healthcare,94.4,3.6,AWS|PyTorch|React|AutoGen|Azure|TensorFlow|Java,7,42900,74900,78200,Top,Senior,2026,3,0,1,1,36.01
12867,AI Agent Developer,IT Operations,3.2,PhD,Berlin,Japan,On-site,Startup,Education,70.9,3.4,Azure|Java|AutoGen|BERT|FastAPI|SQL|Python,7,23800,68300,86500,Low,,2026,6,1,0,0,27.68
12868,Product Manager,Software Engineering,4.1,Bachelor's,Singapore,Japan,Fully Remote,Startup,Tech,74.5,2.4,PyTorch|Python|C++|Docker|AutoGen|TensorFlow|FastAPI|Azure|Java|CUDA,10,72900,122600,61200,Top,Junior,2026,9,0,0,0,11.63
12869,Data Scientist,IT Operations,2.5,Associate's,Ho Chi Minh City,Japan,On-site,Mid-size,Finance,70.3,4.9,BERT|C++|PyTorch|Python|Azure|Airflow|SQL|CUDA,8,51200,,81800,Low,Junior,2026,2,0,1,1,39.72
12870,DevOps Engineer,Product Management,10.8,High School,Beijing,UK,On-site,Big Tech (FAANG+),Education,86.1,8.1,Docker|AWS|Python|TensorFlow|AutoGen|Airflow|Azure|Java|BERT,9,52000,122300,57700,Low,Senior,2026,7,1,0,1,34.98
12871,DevOps Engineer,IT Operations,11.6,Master's,London,Vietnam,On-site,Mid-size,Automotive,87.6,7.4,Java|PyTorch|AutoGen|Airflow|FastAPI|React|SQL|Azure|CUDA|AWS,10,10400,111600,48600,Top,Senior,2026,4,1,1,0,31.31
12872,AI Agent Developer,Data Science,6.9,PhD,Berlin,Germany,On-site,Mid-size,Healthcare,86.2,9.1,FastAPI,1,,70300,t5vpvd4667jldyq,High,Lead,2026,11,0,1,1,10.69
12873,Product Manager,AI Engineering,10.7,Bachelor's,Tokyo,Japan,Hybrid,Big Tech (FAANG+),Education,64.6,4.2,PyTorch|AWS|Azure|FastAPI|Java|TensorFlow|C++|Python|AutoGen,9,51700,86200,100700,Medium,Lead,2026,6,0,0,1,35.33
12874,Software Engineer,Product Management,11,Master's,Ho Chi Minh City,China,On-site,Startup,E-commerce,81.8,6.1,AutoGen|TensorFlow|PyTorch|Airflow|CUDA|Docker|Azure|React|SQL,9,32000,66200,80200,Medium,Mid,2026,10,1,0,0,27.03
12875,AI Agent Developer,Product Management,2.1,Bachelor's,London,Japan,Fully Remote,Startup,Healthcare,66.9,7.9,FastAPI|AutoGen,2,54200,140600,94500,Low,Mid,2026,12,0,1,0,26.71
12876,Software Engineer,Data Science,14.5,Master's,London,Japan,Hybrid,Startup,Automotive,91.7,9.1,CUDA|Java,2,,94100,36400,Top,Senior,2026,10,1,1,1,5.98
12877,Software Engineer,IT Operations,12.3,PhD,Ho Chi Minh City,Vietnam,Fully Remote,Enterprise,Healthcare,52.8,8.8,Java|React,2,38700,91400,95500,Medium,Mid,2026,6,1,0,0,6.76
12878,Machine Learning Engineer,AI Engineering,3.1,Bachelor's,New York,Singapore,On-site,Enterprise,Healthcare,51.9,5.2,SQL|BERT|C++,3,54700,132400,110700,Medium,Lead,2026,8,0,1,1,1.62
12879,DevOps Engineer,Product Management,2.8,PhD,Ho Chi Minh City,China,Fully Remote,Mid-size,Education,55.1,9.2,,0,,127000,90100,Top,Lead,2026,7,1,0,0,12.27
12880,Data Analyst,AI Engineering,1.9,Bachelor's,Tokyo,Vietnam,Hybrid,Enterprise,Healthcare,60.1,5,React,1,109000,109400,71800,Medium,Senior,2026,5,0,0,0,24.67
12881,Product Manager,Product Management,2.1,Master's,Singapore,Japan,Fully Remote,Enterprise,E-commerce,51.9,9.1,TensorFlow,1,39400,141800,41700,Top,Mid,2026,7,1,1,1,17.95
12882,Software Engineer,IT Operations,11.2,High School,Beijing,Singapore,Hybrid,Big Tech (FAANG+),Automotive,53.6,8,AWS,1,36000,93800,88600,Medium,Senior,2026,12,1,1,1,35.64
12883,Machine Learning Engineer,Product Management,7,High School,Tokyo,Vietnam,On-site,Mid-size,Education,65.3,3,AWS|PyTorch|Java|Azure|Docker|TensorFlow|SQL|C++|Airflow|FastAPI,10,40900,64300,88900,High,Mid,2026,12,1,0,0,20.38
12884,DevOps Engineer,Product Management,11.7,Associate's,Singapore,Vietnam,On-site,Mid-size,Automotive,55,9.4,Airflow|Java|AutoGen|C++|TensorFlow|CUDA|AWS|BERT|Python|React,10,73300,,102300,Top,Senior,2026,6,1,1,0,4.66
12885,Data Analyst,Software Engineering,11.2,Associate's,London,USA,Fully Remote,Big Tech (FAANG+),E-commerce,90.1,3.2,FastAPI|TensorFlow,2,40100,,66900,Medium,Lead,2026,5,1,0,1,36.23
12886,Software Engineer,IT Operations,9.1,PhD,Beijing,UK,Fully Remote,Startup,Healthcare,52.7,9.2,FastAPI|Docker|BERT|TensorFlow|PyTorch|AWS|AutoGen|SQL|CUDA|Java,10,64800,157500,60800,Low,Junior,2026,9,0,0,0,9.21
12887,Software Engineer,Data Science,10.3,Bachelor's,Berlin,Singapore,On-site,Big Tech (FAANG+),Healthcare,95.4,6.5,C++,1,50700,89500,56000,Top,Mid,2026,4,1,0,1,15.75
12888,AI Agent Developer,Data Science,0.3,Associate's,London,Germany,On-site,Startup,Education,93.5,7,FastAPI,1,51200,163600,51900,Medium,Senior,2026,12,1,1,1,25.03
12889,AI Agent Developer,IT Operations,4.7,Master's,San Francisco,Singapore,Fully Remote,Mid-size,Automotive,60.4,2,Airflow,1,82000,51400,87300,High,Lead,2026,7,0,0,1,27.71
12890,DevOps Engineer,Data Science,9.6,High School,New York,UK,On-site,Mid-size,Healthcare,53.6,1.6,SQL,1,13900,,74100,Medium,Lead,2026,7,0,1,0,14.75
12891,Data Analyst,IT Operations,0.1,Bachelor's,Ho Chi Minh City,UK,Hybrid,Enterprise,Finance,55.3,9.7,CUDA|C++|SQL|TensorFlow,4,52700,,86700,Low,Lead,2026,3,1,0,1,23.04
12892,Software Engineer,Data Science,0.5,High School,Berlin,China,Hybrid,Enterprise,Healthcare,78,4,,0,63900,,78800,Top,Junior,2026,8,0,1,1,3.34
12893,DevOps Engineer,Software Engineering,12.8,Bachelor's,San Francisco,USA,Fully Remote,Big Tech (FAANG+),Healthcare,80,8.6,FastAPI|AutoGen|CUDA|React|Python,5,57900,145500,64600,High,Senior,2026,9,1,0,1,8
12894,DevOps Engineer,Data Science,10.3,Associate's,Tokyo,USA,Fully Remote,Enterprise,Tech,65.8,7.3,AutoGen|React|BERT|FastAPI|Azure|C++|Python,7,20700,81500,53200,Medium,,2026,11,0,0,1,29.95
12895,Data Scientist,Product Management,4,Associate's,Beijing,Vietnam,On-site,Mid-size,Automotive,64.8,6.4,BERT|TensorFlow|AutoGen|Python|CUDA|Airflow,6,,139700,108100,Low,Senior,2026,5,0,1,0,0.23
12896,Product Manager,IT Operations,10.3,PhD,Berlin,UK,On-site,Mid-size,Automotive,76.6,7.2,SQL,1,,96600,80600,Low,Lead,2026,1,1,1,0,9.2
12897,AI Agent Developer,AI Engineering,11.9,Bachelor's,San Francisco,Singapore,Hybrid,Startup,Finance,65.3,1.8,Azure|PyTorch|CUDA|Python|Java|FastAPI|Docker,7,3300,96100,104600,Low,Senior,2026,1,0,0,0,31.42
12898,Data Analyst,AI Engineering,4.6,Master's,San Francisco,Germany,Fully Remote,Enterprise,Finance,96.7,4.7,React,1,39400,46400,86900,Medium,Lead,2026,5,0,1,0,11.61
12899,Software Engineer,IT Operations,0.5,Associate's,San Francisco,China,Fully Remote,Startup,Finance,69.1,6.5,AutoGen|PyTorch|AWS|Airflow|BERT|Java|React|CUDA|TensorFlow,9,25400,,65900,High,Senior,2026,2,1,0,0,40.9
12900,DevOps Engineer,Software Engineering,14,PhD,New York,Singapore,Fully Remote,Mid-size,Automotive,61,8.8,PyTorch|FastAPI,2,53900,161300,64700,Medium,Mid,2026,2,0,1,0,19.63
12901,Software Engineer,Data Science,5.2,Associate's,Ho Chi Minh City,USA,Fully Remote,Enterprise,Tech,57.3,7.4,BERT,1,46900,50000,55000,High,,2026,12,0,1,0,35.71
12902,Data Scientist,Software Engineering,1.6,High School,Berlin,Vietnam,Hybrid,Startup,Tech,81.6,3.3,TensorFlow|SQL|AutoGen|FastAPI|Docker,5,57600,164600,106800,Top,Junior,2026,6,0,1,1,44.25
12903,Data Analyst,AI Engineering,7.4,Associate's,Tokyo,Germany,Hybrid,Mid-size,E-commerce,66.3,9.9,FastAPI|Azure|CUDA|Java,4,32700,42300,110100,High,Junior,2026,5,0,0,0,22.41
12904,DevOps Engineer,IT Operations,11.5,Bachelor's,Beijing,UK,Fully Remote,Startup,Automotive,59.4,6.8,SQL|AWS|CUDA|BERT|Azure|AutoGen|TensorFlow|Python|C++,9,55300,93300,67300,Low,Mid,2026,11,1,0,0,33.75
12905,Software Engineer,IT Operations,3.3,PhD,Berlin,Singapore,Hybrid,Enterprise,E-commerce,63.8,5.5,Java|AutoGen|FastAPI|Python|SQL,5,50100,96000,e7b6ng57zf3suny,Low,,2026,2,0,0,0,42.17
12906,AI Agent Developer,Software Engineering,4,Bachelor's,Ho Chi Minh City,Germany,Fully Remote,Startup,Healthcare,65.4,8,CUDA|BERT|AutoGen|Airflow|Azure,5,32800,87900,66200,Low,Lead,2026,5,1,1,1,12.32
12907,Product Manager,Software Engineering,3.6,Master's,Tokyo,USA,Hybrid,Startup,Finance,81.3,6.4,C++|Java|TensorFlow,3,71900,143600,37900,Medium,Lead,2026,11,0,1,0,44.26
12908,Data Scientist,Data Science,14.9,Master's,Berlin,China,On-site,Mid-size,E-commerce,58.7,7.4,Azure|AWS|BERT|React|TensorFlow|Docker|Airflow,7,64000,129900,60700,Top,Junior,2026,4,0,0,0,43.02
12909,Data Analyst,Product Management,3,Associate's,Beijing,Singapore,Hybrid,Enterprise,Education,86.6,6.6,SQL|CUDA|AutoGen|C++|Java,5,37200,32000,93200,High,Mid,2026,6,1,1,0,3.02
12910,Data Scientist,Product Management,8.6,PhD,Ho Chi Minh City,UK,Fully Remote,Big Tech (FAANG+),E-commerce,65.2,2.6,AutoGen,1,34200,158900,100300,Low,Mid,2026,1,1,0,0,23.55
12911,AI Agent Developer,Data Science,13.9,PhD,New York,China,On-site,Big Tech (FAANG+),Automotive,74.4,5.9,Java|SQL|C++|React,4,68600,166900,74900,Top,Junior,2026,12,0,1,1,5.56
12912,Data Analyst,Product Management,2.2,PhD,New York,Japan,Fully Remote,Startup,Finance,82.7,3.5,BERT|Azure|Java,3,17800,127200,57900,Top,Senior,2026,3,1,1,0,44.31
12913,Data Scientist,AI Engineering,14.6,PhD,London,Germany,On-site,Mid-size,Finance,77.2,6.1,,0,24100,86000,46800,Medium,Lead,2026,5,0,1,0,11.98
12914,Machine Learning Engineer,Product Management,14.2,Associate's,Berlin,Germany,On-site,Enterprise,Tech,83.1,2.1,,0,59600,,67100,High,Lead,2026,8,1,1,1,18.55
12915,AI Agent Developer,Data Science,13.3,Bachelor's,Beijing,Vietnam,Hybrid,Mid-size,E-commerce,66.1,3.1,React|BERT|TensorFlow|FastAPI|Python|Java|SQL,7,86300,88600,68900,Top,Senior,2026,2,1,0,0,46.9
12916,AI Agent Developer,Product Management,3.2,Associate's,Berlin,UK,Hybrid,Enterprise,Tech,98.2,8.3,React,1,,139100,68800,High,Junior,2026,8,0,0,0,28.1
12917,AI Agent Developer,IT Operations,9.5,Bachelor's,Ho Chi Minh City,Germany,On-site,Mid-size,E-commerce,72.9,4.6,C++|Azure,2,40200,28300,45700,Medium,Mid,2026,8,0,1,0,46.35
12918,Machine Learning Engineer,Software Engineering,11.4,High School,London,USA,On-site,Big Tech (FAANG+),Automotive,66.1,7.1,FastAPI|AutoGen|BERT|C++|TensorFlow|Docker|Airflow|Java|PyTorch,9,45600,116000,83900,High,Lead,2026,6,1,0,0,23.08
12919,Machine Learning Engineer,AI Engineering,14.8,High School,Beijing,Japan,On-site,Big Tech (FAANG+),Automotive,64.8,5.5,TensorFlow,1,40500,,77500,Medium,Mid,2026,5,0,0,1,49.14
12920,Software Engineer,IT Operations,2.7,Bachelor's,Berlin,USA,Fully Remote,Big Tech (FAANG+),Healthcare,52.1,4.1,PyTorch|Azure|TensorFlow|C++,4,,90200,68000,Low,Junior,2026,7,1,0,0,47.76
12921,DevOps Engineer,IT Operations,11.5,Associate's,Beijing,China,Hybrid,Mid-size,E-commerce,84.2,5.5,BERT|Python|C++|Java|AWS|CUDA|Azure|AutoGen|TensorFlow,9,,122100,75100,High,Junior,2026,6,0,0,0,1.01
12922,Product Manager,Data Science,5.1,Master's,Ho Chi Minh City,Japan,Fully Remote,Mid-size,E-commerce,63.1,8.3,Java|Python,2,53700,29700,5db9rlzvxnrm98b,Medium,Lead,2026,9,1,1,1,20.31
12923,Data Scientist,Software Engineering,2.6,Associate's,London,Japan,Hybrid,Startup,Finance,97.9,3.5,Java|React|AWS|FastAPI|Airflow|Python|Azure|PyTorch,8,63900,61900,88800,Top,Junior,2026,2,1,1,0,47.5
12924,Software Engineer,Software Engineering,6.3,Master's,Beijing,USA,Fully Remote,Big Tech (FAANG+),Finance,60.5,4.8,Docker|Azure|AutoGen|CUDA,4,53200,115900,106500,Low,Junior,2026,12,1,1,1,40.71
12925,Data Scientist,AI Engineering,11.9,Associate's,Ho Chi Minh City,Germany,Hybrid,Startup,Tech,76.5,2.8,Airflow|CUDA|PyTorch|Java,4,46800,118000,106900,Top,Mid,2026,6,1,0,0,10.6
12926,Product Manager,Data Science,7,PhD,New York,USA,On-site,Mid-size,Healthcare,86.8,4.2,,0,37800,76800,87900,Low,Senior,2026,11,1,0,0,44.25
12927,DevOps Engineer,AI Engineering,8.1,PhD,Beijing,UK,On-site,Enterprise,Automotive,93.5,9,,0,26500,112200,71000,Low,Junior,2026,12,1,0,1,10.08
12928,Machine Learning Engineer,Product Management,14.9,High School,London,China,Hybrid,Big Tech (FAANG+),E-commerce,57.8,8.1,Docker|React|C++|CUDA|AWS|PyTorch|FastAPI|Java|Python,9,24000,97700,58900,High,Lead,2026,7,1,1,1,46.81
12929,DevOps Engineer,IT Operations,6,High School,Singapore,Singapore,On-site,Big Tech (FAANG+),Tech,99.3,4.4,PyTorch|Airflow|TensorFlow|AutoGen|Azure|React|Python|AWS|Java,9,20000,26500,96500,Top,Lead,2026,1,1,0,1,4.15
12930,Machine Learning Engineer,AI Engineering,9.2,Bachelor's,Tokyo,Japan,On-site,Big Tech (FAANG+),Healthcare,95.3,2.2,FastAPI|AutoGen,2,62600,90700,45400,Top,Mid,2026,9,0,1,0,47.32
12931,Product Manager,IT Operations,5.5,Master's,Tokyo,UK,Fully Remote,Big Tech (FAANG+),Finance,98.1,4.8,PyTorch|Airflow|Azure|Java|CUDA|C++|Docker|FastAPI|AutoGen,9,38400,129000,77100,Low,Junior,2026,8,1,0,0,4.12
12932,DevOps Engineer,Data Science,5.9,PhD,Beijing,Germany,Hybrid,Big Tech (FAANG+),Healthcare,92.6,7.9,AWS|Java|CUDA|Airflow|Python|Azure|React|C++|BERT|AutoGen,10,57900,153100,51600,Low,Senior,2026,5,0,0,0,11.39
12933,Software Engineer,Product Management,10.4,Associate's,Beijing,Germany,On-site,Mid-size,Tech,93.9,1.4,AWS,1,35700,90400,99400,Low,Junior,2026,5,0,1,1,28.31
12934,Data Analyst,Data Science,14.1,Bachelor's,Ho Chi Minh City,USA,Hybrid,Big Tech (FAANG+),Automotive,79.9,7.7,React|AWS,2,48500,115400,95200,Medium,Lead,2026,9,0,1,0,9.4
12935,Software Engineer,Product Management,8.1,Associate's,Berlin,Vietnam,Fully Remote,Big Tech (FAANG+),Finance,92.3,7.1,BERT|AWS|FastAPI|PyTorch|Azure|SQL|CUDA|Docker|AutoGen|Airflow,10,43200,106900,75700,High,Mid,2026,2,0,1,1,19.46
12936,Data Scientist,Product Management,11.5,PhD,Tokyo,Japan,Hybrid,Startup,Education,76.7,1.6,Azure|AutoGen|Java|TensorFlow|PyTorch|Python|FastAPI,7,81500,121400,147500,Low,Junior,2026,6,1,0,1,8.45
12937,Software Engineer,IT Operations,1.3,PhD,San Francisco,Japan,Fully Remote,Enterprise,Finance,76.9,6.7,Docker|BERT|C++|React,4,40500,74100,56400,High,Senior,2026,4,1,0,1,27.89
12938,Product Manager,Data Science,3.2,PhD,Berlin,Vietnam,Fully Remote,Big Tech (FAANG+),Automotive,78.1,3.7,BERT|Airflow,2,66800,97100,86200,Low,Mid,2026,4,0,0,1,30.55
12939,AI Agent Developer,Data Science,7.5,PhD,Tokyo,Germany,Fully Remote,Startup,Finance,99.8,2.6,AutoGen|FastAPI|TensorFlow|CUDA|Airflow,5,22100,121800,88900,Medium,Mid,2026,8,0,0,1,11.02
12940,Data Scientist,AI Engineering,0.3,Associate's,Beijing,Germany,On-site,Mid-size,Tech,55.2,4.5,React,1,77100,116100,81000,Low,Lead,2026,3,1,1,0,14.58
12941,DevOps Engineer,Data Science,3.8,Bachelor's,San Francisco,Singapore,Fully Remote,Startup,Finance,90.3,2.8,Docker|CUDA|TensorFlow|React,4,66600,124300,68100,High,Lead,2026,11,0,0,1,36.91
12942,Data Scientist,AI Engineering,7.8,PhD,London,Singapore,Hybrid,Big Tech (FAANG+),E-commerce,63.7,8.4,FastAPI,1,38200,131900,77800,Low,,2026,8,1,0,0,4.33
12943,Data Analyst,Software Engineering,0.2,High School,London,Japan,Hybrid,Startup,Healthcare,68.1,7.7,Java|AutoGen,2,37900,106400,119500,High,Lead,2026,10,1,0,0,22.65
12944,Machine Learning Engineer,Software Engineering,4,Bachelor's,Singapore,Singapore,On-site,Startup,Tech,54,9.8,Airflow,1,73800,111900,76200,Top,Junior,2026,5,0,0,1,14.5
12945,DevOps Engineer,Software Engineering,7.7,High School,Tokyo,Singapore,On-site,Mid-size,Automotive,67.6,5.8,FastAPI,1,68600,77300,91300,High,Junior,2026,2,0,0,0,20.62
12946,Data Scientist,Data Science,8.6,Associate's,San Francisco,China,Fully Remote,Startup,Tech,99.5,1.8,CUDA|PyTorch|Python|AWS|Airflow|TensorFlow,6,45300,134400,34800,Medium,,2026,12,1,0,0,41.77
12947,DevOps Engineer,Data Science,13.9,PhD,Tokyo,Japan,Fully Remote,Mid-size,E-commerce,69.9,4.3,AWS|C++|Java|Azure|PyTorch|AutoGen|React|BERT,8,32800,56800,71400,Low,Senior,2026,5,1,1,1,48.95
12948,DevOps Engineer,AI Engineering,9.7,Bachelor's,Ho Chi Minh City,Germany,Fully Remote,Mid-size,Finance,83.5,8.5,Airflow|TensorFlow|CUDA|FastAPI|Java|AutoGen,6,,124800,132200,Top,Lead,2026,4,1,1,0,9.02
12949,DevOps Engineer,Product Management,6.2,PhD,Beijing,Germany,On-site,Startup,Finance,56,4.6,Docker|SQL,2,40600,105300,62400,High,Mid,2026,9,1,0,0,3.06
12950,Machine Learning Engineer,AI Engineering,14,PhD,Beijing,Singapore,On-site,Big Tech (FAANG+),Education,96.1,5.1,React|FastAPI|SQL|AutoGen|Python|Azure|TensorFlow,7,56700,71400,61100,Top,Mid,2026,6,1,1,0,9.85
12951,Product Manager,Software Engineering,11.8,Bachelor's,Singapore,China,Hybrid,Enterprise,Tech,91.4,4.7,Java|Airflow|AWS|Azure|BERT,5,38600,,118400,Medium,Senior,2026,11,1,1,1,43.63
12952,Software Engineer,AI Engineering,3,PhD,Berlin,Singapore,Fully Remote,Startup,Finance,69.3,3.1,React,1,45600,108600,59800,Top,Lead,2026,3,0,1,1,43.97
12953,DevOps Engineer,Product Management,2,PhD,Ho Chi Minh City,Singapore,Fully Remote,Startup,Finance,67.4,1.7,React|Azure|C++|BERT|TensorFlow|Docker|FastAPI|AutoGen,8,88100,90000,56800,Top,Senior,2026,2,1,1,1,14.34
12954,AI Agent Developer,Data Science,10.1,Master's,New York,UK,Hybrid,Startup,E-commerce,71.6,2.6,Azure|SQL|C++|Python,4,48500,82800,92600,High,Senior,2026,7,1,0,1,16.49
12955,Product Manager,AI Engineering,8.4,Master's,London,UK,Hybrid,Enterprise,Automotive,70.1,4.3,AWS,1,,116800,134500,Medium,Lead,2026,1,1,1,0,33.2
12956,Data Analyst,Software Engineering,11.8,Bachelor's,London,China,Hybrid,Enterprise,Education,62.9,3.2,Java|PyTorch|Airflow|Python|React|FastAPI|C++|AWS,8,19600,32900,98000,Low,Junior,2026,5,0,1,1,17.09
12957,Machine Learning Engineer,Software Engineering,11.1,Bachelor's,Beijing,China,Hybrid,Mid-size,Education,99.5,6.2,Python|AutoGen|Airflow|Java|Docker,5,15300,103700,76800,Low,Mid,2026,5,1,0,1,45.2
12958,Data Scientist,Data Science,9.4,PhD,Singapore,UK,Fully Remote,Enterprise,Education,90.5,6.5,React|AutoGen|CUDA|Python|Java|SQL|PyTorch|FastAPI|Docker|C++,10,61700,85100,108600,Low,Mid,2026,4,0,0,1,40.05
12959,Machine Learning Engineer,AI Engineering,14.8,High School,San Francisco,UK,On-site,Enterprise,Healthcare,63.4,6.1,SQL|Python|React|TensorFlow|PyTorch|Docker|AWS|BERT|FastAPI,9,34600,50900,70200,Low,Junior,2026,3,1,1,0,17.89
12960,Data Scientist,Product Management,8,Bachelor's,Ho Chi Minh City,UK,Fully Remote,Startup,Tech,99.1,1.8,Python|CUDA|SQL|PyTorch|Azure|AutoGen,6,49500,,62500,Low,Senior,2026,9,0,1,1,48.61
12961,Machine Learning Engineer,Data Science,1.7,PhD,New York,UK,Hybrid,Mid-size,Automotive,50.8,7,BERT|Airflow,2,7600,47500,112500,Top,Junior,2026,4,0,1,1,37.25
12962,Data Scientist,AI Engineering,12.4,High School,London,Japan,On-site,Big Tech (FAANG+),Healthcare,71.9,4.5,Python|PyTorch|React|Azure|AutoGen,5,9400,147300,108100,Low,Mid,2026,9,0,0,0,37.86
12963,DevOps Engineer,IT Operations,3.8,Master's,Ho Chi Minh City,Japan,Fully Remote,Mid-size,Automotive,78.5,8.9,AutoGen|TensorFlow,2,50300,128800,66000,Top,Lead,2026,7,1,1,0,48.02
12964,Software Engineer,Software Engineering,11.7,Bachelor's,New York,Singapore,Hybrid,Enterprise,Tech,51.9,5.7,BERT|React|AutoGen|CUDA,4,40300,133100,101000,High,Lead,2026,9,1,0,1,21.53
12965,Data Scientist,Product Management,14.4,PhD,Tokyo,USA,On-site,Enterprise,Education,58.1,1.8,Airflow|CUDA|Python|Java|PyTorch|FastAPI|Docker|AutoGen|Azure,9,43300,120500,107600,High,Junior,2026,2,0,1,1,2.07
12966,Data Scientist,Product Management,10.5,Master's,Beijing,Singapore,On-site,Startup,E-commerce,62.9,1.1,React|CUDA|Airflow|SQL|Docker|AutoGen|Azure|BERT,8,83400,14400,71200,Medium,Mid,2026,2,0,1,0,49.55
12967,AI Agent Developer,Product Management,8.9,Associate's,Berlin,China,On-site,Big Tech (FAANG+),E-commerce,86,7.3,FastAPI|Python|Azure|C++,4,59500,,79100,Low,Junior,2026,12,0,0,0,46.76
12968,Data Scientist,Software Engineering,6.9,Master's,London,Vietnam,Fully Remote,Big Tech (FAANG+),E-commerce,97,4.6,PyTorch|C++|SQL|Azure|FastAPI|AutoGen|React|Airflow|CUDA|Python,10,,135700,45400,Top,Junior,2026,12,1,0,1,48.31
12969,AI Agent Developer,AI Engineering,5.5,PhD,London,USA,Hybrid,Big Tech (FAANG+),Automotive,81.2,3.6,CUDA|SQL|AWS|AutoGen|Python|TensorFlow,6,51500,178900,74700,Low,Mid,2026,8,0,1,0,23.69
12970,Data Analyst,Data Science,5.3,High School,New York,Vietnam,Fully Remote,Enterprise,Tech,78.1,5,FastAPI,1,79900,115000,60300,Top,Lead,2026,12,0,1,1,8.23
12971,DevOps Engineer,AI Engineering,9.5,Associate's,Berlin,Vietnam,Fully Remote,Enterprise,Finance,76.8,1.7,CUDA|Python|React,3,69700,155600,69900,High,Mid,2026,9,1,0,0,9.79
12972,AI Agent Developer,Data Science,11.3,Associate's,San Francisco,Germany,Fully Remote,Mid-size,Finance,67.5,4.5,CUDA|SQL|BERT,3,39900,,42100,Medium,Junior,2026,2,1,0,0,23.66
12973,Software Engineer,Product Management,10.2,Associate's,Tokyo,China,On-site,Enterprise,E-commerce,91.4,3.8,,0,,75000,mmelqqp1qcylxpm,Medium,Junior,2026,6,1,1,0,33.77
12974,Product Manager,AI Engineering,3,Bachelor's,Ho Chi Minh City,Japan,Hybrid,Big Tech (FAANG+),Automotive,77,8.2,CUDA|C++|PyTorch|SQL|AWS|Azure|Airflow|Docker|React|Python,10,42900,126800,102100,Medium,Lead,2026,6,1,1,0,23.26
12975,DevOps Engineer,Product Management,7.4,PhD,Beijing,USA,Fully Remote,Big Tech (FAANG+),Finance,61.5,2.6,,0,71500,68000,107800,Low,Junior,2026,7,1,0,0,19.73
12976,AI Agent Developer,IT Operations,11.9,Associate's,Ho Chi Minh City,Singapore,Hybrid,Big Tech (FAANG+),Automotive,56.8,7.8,React|Azure|PyTorch,3,55500,35400,76000,Top,Junior,2026,5,0,1,0,48.17
12977,DevOps Engineer,Product Management,7.1,Master's,New York,China,On-site,Startup,Tech,99.3,5.5,C++|React|AWS|BERT|Azure|Java|CUDA|AutoGen|TensorFlow|Python,10,31600,,67200,Low,Lead,2026,3,0,0,0,32.39
12978,DevOps Engineer,Product Management,8,High School,San Francisco,UK,Fully Remote,Mid-size,E-commerce,50.9,1.7,TensorFlow|FastAPI|BERT|SQL|Airflow,5,24300,71300,82600,Medium,Mid,2026,10,0,1,1,20.37
12979,DevOps Engineer,Data Science,11.6,PhD,San Francisco,China,Hybrid,Mid-size,Healthcare,96.7,9.7,Docker|React|Azure,3,24900,22500,84300,Low,Senior,2026,11,0,0,1,34.49
12980,Data Analyst,IT Operations,9.9,Master's,London,Vietnam,On-site,Enterprise,E-commerce,60.9,7.6,,0,32100,146400,112300,Low,Mid,2026,3,0,1,1,39.59
12981,Software Engineer,Product Management,6.1,Bachelor's,Tokyo,Japan,Fully Remote,Startup,Healthcare,82.9,3.3,CUDA|Python|PyTorch|React|AWS|Airflow|SQL|Java|BERT,9,31000,120200,79600,Low,Senior,2026,12,1,1,1,18.37
12982,Machine Learning Engineer,Product Management,13.4,Associate's,London,UK,Fully Remote,Mid-size,Finance,65.1,6.2,SQL|Azure,2,25900,,77900,Low,Mid,2026,6,1,0,0,23.75
12983,Machine Learning Engineer,IT Operations,2.4,Master's,Ho Chi Minh City,China,Hybrid,Startup,Education,93,9.1,TensorFlow|PyTorch|Airflow|React|AWS|CUDA,6,72400,130400,95000,Top,Lead,2026,1,0,1,0,32.09
12984,AI Agent Developer,IT Operations,14.9,PhD,Tokyo,China,Hybrid,Startup,Healthcare,77.2,9.4,SQL|BERT|AWS|TensorFlow|PyTorch|Python|React|C++|Airflow|Azure,10,19400,138800,28500,Top,Lead,2026,8,0,1,1,31.88
12985,DevOps Engineer,AI Engineering,1.8,Master's,Singapore,Japan,Fully Remote,Enterprise,Education,57.1,7.6,TensorFlow|SQL|FastAPI,3,58100,120100,112300,Medium,Lead,2026,7,1,0,0,8.77
12986,AI Agent Developer,Data Science,0.2,Bachelor's,Beijing,Vietnam,Fully Remote,Startup,Automotive,63.5,7.5,Docker|SQL|CUDA|TensorFlow|AutoGen|Airflow|C++|Azure|FastAPI|Java,10,95600,40500,94000,Medium,Senior,2026,7,0,0,0,24.85
12987,Data Analyst,IT Operations,13.4,High School,New York,Singapore,On-site,Mid-size,Education,66,3.5,Docker|PyTorch|Python|BERT|CUDA|AutoGen|Airflow|TensorFlow,8,51700,56600,86600,High,Mid,2026,6,0,0,0,12.96
12988,Data Analyst,IT Operations,3.7,Associate's,Beijing,UK,On-site,Enterprise,Healthcare,94.3,9.9,React|TensorFlow|CUDA|SQL|AutoGen|Python|Java,7,51800,140300,91000,Top,Lead,2026,3,0,1,0,45.68
12989,Data Scientist,Software Engineering,10.9,PhD,San Francisco,Vietnam,Fully Remote,Mid-size,Finance,88.3,3.2,React|AWS|Java|Docker|SQL|PyTorch|CUDA|Airflow|TensorFlow,9,54600,123000,98300,Low,Senior,2026,12,1,1,1,24.82
12990,Data Analyst,IT Operations,12.2,Associate's,New York,Japan,Hybrid,Startup,Finance,91.5,1.8,AWS|React|TensorFlow|BERT|Airflow|CUDA|FastAPI|Java|SQL|PyTorch,10,20500,94800,141400,Top,Lead,2026,9,1,1,1,38.33
12991,Data Scientist,Data Science,12.9,Associate's,San Francisco,China,Hybrid,Startup,E-commerce,52.6,9.8,Azure|AWS|AutoGen|C++|Java|React|PyTorch|SQL,8,58700,32600,66100,Low,Junior,2026,10,0,1,0,2.21
12992,Software Engineer,Product Management,14.9,Associate's,Beijing,Singapore,Fully Remote,Big Tech (FAANG+),Finance,78.9,2.4,AWS|Docker|FastAPI|PyTorch|TensorFlow|Airflow|Azure,7,56700,66400,104000,Low,Junior,2026,11,1,0,0,19.08
12993,AI Agent Developer,Product Management,4.4,Master's,Singapore,USA,On-site,Enterprise,Automotive,100,5.7,SQL|AWS|TensorFlow,3,49200,87800,86000,High,,2026,6,1,1,1,7.94
12994,Product Manager,Product Management,10.7,Master's,Ho Chi Minh City,USA,Fully Remote,Enterprise,Healthcare,89.3,5.2,CUDA,1,16200,69800,56000,High,Senior,2026,12,0,0,0,19.65
12995,Software Engineer,Product Management,1.7,High School,Berlin,Germany,Hybrid,Big Tech (FAANG+),Tech,56,8.6,Azure|TensorFlow|FastAPI|SQL|C++|AutoGen|Docker,7,87900,58100,104100,High,Junior,2026,6,1,0,1,39.75
12996,Data Analyst,Software Engineering,6.1,Bachelor's,Tokyo,USA,Fully Remote,Mid-size,Finance,83.9,4.6,C++|CUDA|AWS|Azure|Java|Docker|React|BERT|AutoGen|TensorFlow,10,,113300,84500,High,,2026,6,0,0,0,46.35
12997,Software Engineer,IT Operations,12.7,PhD,New York,Japan,Fully Remote,Mid-size,Education,87.3,5.5,TensorFlow|Python|C++,3,25500,158700,85000,Low,Lead,2026,6,0,0,0,45.81
12998,Software Engineer,Product Management,5.5,Master's,Ho Chi Minh City,Japan,On-site,Startup,Healthcare,75.7,1.4,,0,29900,125600,81600,Low,Senior,2026,6,1,0,0,5.94
12999,Software Engineer,AI Engineering,8.9,Associate's,London,Japan,Hybrid,Enterprise,E-commerce,53.9,2.9,FastAPI|Airflow|AWS|CUDA|BERT,5,34500,81000,87200,Top,Senior,2026,12,0,0,0,15.08
13000,Data Analyst,Product Management,7.6,Bachelor's,London,UK,Hybrid,Startup,Tech,51.7,8.5,Azure,1,81800,97300,97200,Low,Junior,2026,4,0,1,1,33.02
13001,Product Manager,IT Operations,9.7,PhD,Beijing,Germany,Fully Remote,Big Tech (FAANG+),E-commerce,96.9,5.3,TensorFlow|AWS|CUDA|Docker|FastAPI,5,47500,124600,65100,Top,Lead,2026,2,0,1,0,10.18
13002,DevOps Engineer,Product Management,14.6,PhD,San Francisco,UK,Hybrid,Startup,Automotive,62.9,3.1,PyTorch|Docker|Java,3,47500,76100,74300,Top,Junior,2026,1,1,0,1,2.57
13003,Software Engineer,Software Engineering,0.8,PhD,London,Singapore,Hybrid,Mid-size,E-commerce,68.9,4.3,AutoGen|PyTorch|AWS|Airflow|TensorFlow|React|Docker|SQL|Java,9,39400,108500,102500,High,Mid,2026,8,1,1,0,47.68
13004,Data Scientist,Data Science,8.6,PhD,San Francisco,USA,Hybrid,Mid-size,Healthcare,89.8,3.6,FastAPI|CUDA|AutoGen|Python|PyTorch,5,70500,,51800,Top,Lead,2026,5,1,0,1,16.47
13005,Data Analyst,Data Science,12.9,High School,Berlin,Singapore,Hybrid,Big Tech (FAANG+),Tech,84.5,6,React|Java|SQL|Python|Docker|Azure|CUDA|TensorFlow,8,71600,84900,102600,Medium,Senior,2026,3,1,1,0,21
13006,Software Engineer,IT Operations,7.2,PhD,New York,USA,On-site,Mid-size,E-commerce,98.4,1.5,Azure|AWS|FastAPI|AutoGen|React|C++|CUDA|Airflow|Java,9,19700,36500,76200,Medium,Mid,2026,9,0,0,1,13.62
13007,Product Manager,Data Science,1.2,Bachelor's,Beijing,China,On-site,Big Tech (FAANG+),E-commerce,54.6,3,Java|Airflow|Docker|PyTorch|Python|FastAPI|CUDA|SQL,8,48000,,102500,Low,Senior,2026,3,1,0,1,16.26
13008,DevOps Engineer,Data Science,8.4,Master's,New York,UK,On-site,Enterprise,Education,85.3,4.2,Docker|PyTorch,2,45700,116400,89700,Medium,Senior,2026,5,0,1,0,48.2
13009,Data Analyst,AI Engineering,5,Bachelor's,New York,Vietnam,On-site,Big Tech (FAANG+),Education,54.1,9.4,TensorFlow|Docker|Azure|CUDA|FastAPI|AutoGen|Airflow,7,30900,133700,65300,High,Mid,2026,2,0,1,0,9.59
13010,Machine Learning Engineer,IT Operations,2.3,Associate's,Singapore,Singapore,On-site,Big Tech (FAANG+),Automotive,50,6.6,CUDA,1,38400,30300,65300,High,Junior,2026,6,0,0,0,24.75
13011,DevOps Engineer,IT Operations,12.7,High School,Ho Chi Minh City,China,Hybrid,Big Tech (FAANG+),Healthcare,56,5.5,SQL|TensorFlow,2,44200,138100,59100,Top,Mid,2026,9,0,1,1,31.91
13012,Data Scientist,Data Science,7.8,High School,London,UK,Fully Remote,Mid-size,E-commerce,80.8,2.7,SQL|C++|TensorFlow|PyTorch,4,29800,129100,47400,Low,Lead,2026,1,1,0,1,11.22
13013,Software Engineer,Data Science,14,Associate's,Tokyo,Japan,Fully Remote,Enterprise,Healthcare,83.8,6,SQL|TensorFlow|PyTorch|C++|Airflow|Java|FastAPI,7,55800,158900,79200,Medium,Junior,2026,11,1,1,1,35.78
13014,Product Manager,Data Science,12.1,Bachelor's,New York,Germany,On-site,Startup,Finance,71.9,9.4,SQL|BERT,2,55400,85400,81300,Low,Junior,2026,3,0,0,0,34.12
13015,Machine Learning Engineer,Software Engineering,10.4,Bachelor's,San Francisco,Singapore,Hybrid,Enterprise,Automotive,52.3,6.1,Java|AWS|FastAPI,3,60400,102700,92000,Top,Lead,2026,10,1,1,1,47.74
13016,Product Manager,Product Management,0.1,Associate's,Berlin,UK,On-site,Mid-size,Education,81.7,2.5,AWS|Python|AutoGen,3,40600,59000,69500,High,Lead,2026,1,1,0,0,23.02
13017,Machine Learning Engineer,Software Engineering,6.4,PhD,Singapore,Germany,Fully Remote,Enterprise,Automotive,54.3,10,Docker|React|Python|Airflow|FastAPI|TensorFlow|SQL,7,,97500,91300,Top,Senior,2026,5,0,1,1,19.23
13018,Data Analyst,IT Operations,3,PhD,San Francisco,Singapore,Hybrid,Enterprise,Automotive,57.1,5.5,Azure|CUDA|Python|React|FastAPI,5,35700,87400,i3pkrjrifg2tni1,Medium,Mid,2026,5,1,1,1,18.05
13019,Machine Learning Engineer,AI Engineering,13.7,Master's,Berlin,Germany,Hybrid,Big Tech (FAANG+),Healthcare,75.6,3.9,TensorFlow|Airflow|AutoGen|React|PyTorch|C++|SQL|Azure|Python,9,29000,106100,123700,High,Lead,2026,4,1,0,0,18.22
13020,Data Scientist,Product Management,2.6,Bachelor's,San Francisco,Singapore,Hybrid,Big Tech (FAANG+),Education,67,5.5,Java|Python|PyTorch|React|BERT|FastAPI|SQL,7,,,54700,Medium,Mid,2026,5,0,1,1,1.88
13021,Data Scientist,AI Engineering,4.3,Bachelor's,Tokyo,USA,Fully Remote,Mid-size,Education,73.2,3.4,PyTorch|Python|C++|Java|TensorFlow,5,61500,132500,109300,Low,Junior,2026,8,1,1,0,11.81
13022,AI Agent Developer,IT Operations,7.8,Associate's,London,Vietnam,Fully Remote,Big Tech (FAANG+),E-commerce,81.8,1.3,SQL|AWS,2,87800,91900,86300,High,Lead,2026,8,1,0,0,6
13023,Data Scientist,IT Operations,4,Associate's,London,Singapore,On-site,Mid-size,E-commerce,58,9,SQL|FastAPI|TensorFlow|Docker|Airflow|Java|AWS|C++,8,31900,,84500,Low,Junior,2026,6,1,1,1,44.03
13024,DevOps Engineer,AI Engineering,3.1,PhD,Beijing,UK,On-site,Startup,Healthcare,94.7,4.9,PyTorch|FastAPI|CUDA|Docker,4,52600,1300,68200,High,,2026,12,0,1,1,2.81
13025,Machine Learning Engineer,AI Engineering,9,Bachelor's,Beijing,Vietnam,Fully Remote,Enterprise,Healthcare,78,7.8,FastAPI|React|SQL|AutoGen,4,53500,151700,107000,Medium,Senior,2026,4,0,0,1,18.26
13026,Data Scientist,AI Engineering,1.3,Bachelor's,San Francisco,Germany,On-site,Startup,Finance,51.1,9.7,,0,78800,44900,84600,Medium,Lead,2026,11,1,0,1,10.97
13027,Data Analyst,IT Operations,0.9,High School,Beijing,USA,Fully Remote,Startup,Tech,81.4,6.7,CUDA|React|AWS|Python|TensorFlow,5,54400,132900,46400,Top,Lead,2026,4,1,1,0,32.28
13028,Product Manager,Data Science,5.6,Master's,London,Singapore,Hybrid,Enterprise,Tech,73.2,7.2,Docker|Python|FastAPI|PyTorch|CUDA|React|AutoGen|SQL,8,42700,127000,34500,Top,Lead,2026,5,0,1,0,16.32
13029,Product Manager,AI Engineering,10.8,Master's,New York,Vietnam,On-site,Big Tech (FAANG+),Automotive,85.1,9.5,TensorFlow|PyTorch|AutoGen,3,49100,57100,79200,High,Junior,2026,5,1,0,1,0.83
13030,AI Agent Developer,Product Management,8.3,PhD,San Francisco,China,Fully Remote,Startup,E-commerce,89.2,5.6,Azure|Docker|Java|Airflow|SQL|FastAPI|C++|React|PyTorch|Python,10,57000,148900,90000,High,Lead,2026,2,0,1,1,44.69
13031,Product Manager,IT Operations,6.3,Bachelor's,Ho Chi Minh City,Germany,Fully Remote,Enterprise,Education,96.9,3.9,C++|Airflow|Java|BERT,4,64800,52600,61100,High,Senior,2026,12,0,1,1,31.82
13032,Machine Learning Engineer,Software Engineering,8.5,High School,Tokyo,China,Fully Remote,Startup,Automotive,99.9,9.3,React|CUDA|TensorFlow|Java|Python|C++,6,84000,47200,68900,Top,Lead,2026,6,1,0,1,0.07
13033,AI Agent Developer,Software Engineering,5.5,Bachelor's,Singapore,Japan,On-site,Startup,Education,77.5,1.6,Airflow|PyTorch|SQL|AWS|AutoGen|BERT|FastAPI|React|CUDA|C++,10,82000,82100,103700,Medium,Lead,2026,7,1,0,0,33.98
13034,Machine Learning Engineer,Product Management,14,Associate's,Tokyo,Vietnam,On-site,Enterprise,E-commerce,78.1,2.9,BERT|PyTorch|AutoGen|FastAPI|CUDA|Docker,6,34700,84000,69600,Low,Junior,2026,3,0,0,0,10.82
13035,Data Analyst,Data Science,0.8,PhD,Tokyo,Vietnam,Hybrid,Big Tech (FAANG+),E-commerce,51.1,4.1,AutoGen|C++|Python|BERT,4,,75800,90000,Low,Mid,2026,10,1,0,1,48.18
13036,AI Agent Developer,AI Engineering,10.1,Master's,Beijing,Vietnam,On-site,Mid-size,Finance,93.3,8,SQL|AutoGen|PyTorch|FastAPI,4,25000,102800,64600,High,Senior,2026,4,1,0,1,22.24
13037,Software Engineer,IT Operations,13.4,Bachelor's,Ho Chi Minh City,Japan,On-site,Enterprise,Healthcare,51.4,9.1,React|CUDA|Azure|PyTorch|FastAPI,5,,114800,106300,Low,Mid,2026,9,0,0,0,11.16
13038,DevOps Engineer,AI Engineering,12.1,PhD,Berlin,UK,On-site,Mid-size,Healthcare,81.6,5.1,PyTorch|AWS|C++|CUDA|AutoGen|BERT|TensorFlow|React|FastAPI|Python,10,72500,96800,85900,Low,,2026,4,0,0,1,1.51
13039,DevOps Engineer,IT Operations,2.8,Master's,London,Germany,Hybrid,Enterprise,Healthcare,54.9,3.6,AutoGen|C++|CUDA|PyTorch|Python|Java|React|Azure,8,45100,53500,80800,Low,Lead,2026,10,0,1,0,2.94
13040,Machine Learning Engineer,Software Engineering,4.4,Bachelor's,Berlin,Germany,Hybrid,Enterprise,Tech,64.3,4.2,C++|FastAPI|Python|SQL,4,30800,65900,112200,Top,Lead,2026,11,1,0,0,2.82
13041,Product Manager,AI Engineering,10.8,High School,Beijing,Singapore,Hybrid,Mid-size,Healthcare,57,6.9,TensorFlow|FastAPI|AWS|PyTorch,4,20700,184300,41800,Top,Senior,2026,7,0,0,0,1.57
13042,Software Engineer,Product Management,1.3,PhD,New York,Singapore,On-site,Mid-size,Tech,56.9,2.4,C++|Airflow|SQL|Docker|FastAPI|BERT,6,81700,58000,94000,Low,Lead,2026,2,1,1,1,27.42
13043,AI Agent Developer,Data Science,12.2,Bachelor's,Singapore,Singapore,Fully Remote,Big Tech (FAANG+),Education,53.7,5.9,C++|Airflow|Python|PyTorch|Docker|BERT|React|Azure|TensorFlow,9,40300,59500,39400,Medium,Junior,2026,5,1,0,0,42.33
13044,Software Engineer,Product Management,10.8,Master's,Singapore,Germany,On-site,Enterprise,Automotive,65.9,6.3,AWS|SQL|FastAPI|Python|PyTorch|TensorFlow|Docker|React|Java|Airflow,10,19100,37900,81200,Medium,Mid,2026,6,1,0,1,17.3
13045,Software Engineer,Data Science,10.9,Master's,Beijing,UK,Hybrid,Enterprise,Tech,71.2,7.4,Python|Azure|BERT|Airflow|AWS|C++,6,49500,,80300,Top,Senior,2026,2,1,0,1,17.44
13046,Product Manager,AI Engineering,1.5,High School,Ho Chi Minh City,Vietnam,On-site,Enterprise,E-commerce,73.2,6.4,AWS|C++|BERT|Docker|PyTorch,5,50100,138400,87600,Medium,Lead,2026,1,1,0,1,5.2
13047,AI Agent Developer,AI Engineering,10.8,PhD,Singapore,Vietnam,On-site,Big Tech (FAANG+),Finance,72,1.9,Azure|AWS|PyTorch|Java|AutoGen|C++,6,67700,115900,35900,High,Lead,2026,9,1,1,0,0.06
13048,Data Analyst,Data Science,10.2,PhD,Beijing,Japan,Fully Remote,Mid-size,Finance,76.2,7.2,TensorFlow|CUDA|Docker|Java,4,26100,151500,85000,High,Mid,2026,7,0,0,1,47.59
13049,Product Manager,Software Engineering,12.5,Bachelor's,Tokyo,China,Fully Remote,Enterprise,E-commerce,93,1.2,AWS|Azure|React|CUDA|Docker|C++|Airflow|FastAPI|BERT,9,73300,71100,q4vh03tp8dpw8r9,Medium,Mid,2026,8,1,1,0,22.88
13050,Software Engineer,IT Operations,0.6,Master's,New York,UK,On-site,Mid-size,Education,81.6,4.5,Java|TensorFlow|SQL,3,76300,,63800,Low,Lead,2026,5,0,1,1,36.87
13051,Software Engineer,Product Management,0.3,Master's,New York,USA,Hybrid,Big Tech (FAANG+),Automotive,50.9,4.8,React|PyTorch|AWS|Airflow|C++,5,51800,111000,62200,Medium,Lead,2026,5,1,0,0,43.41
13052,Data Analyst,Product Management,5.6,High School,London,UK,On-site,Startup,Finance,58.6,2,Python|FastAPI|AWS|Java|PyTorch|TensorFlow|Docker,7,62100,,66000,Low,Junior,2026,1,0,0,1,5.6
13053,Software Engineer,Product Management,2.2,High School,London,Japan,On-site,Mid-size,E-commerce,67.4,1.1,Java|TensorFlow|AutoGen|Docker|Airflow|BERT|C++|React|AWS|Python,10,66200,107600,99800,Low,Mid,2026,3,1,1,1,13.13
13054,Software Engineer,AI Engineering,8.4,PhD,Tokyo,China,On-site,Big Tech (FAANG+),Finance,97.5,1.6,CUDA|AutoGen|TensorFlow|C++|FastAPI|PyTorch,6,38000,87600,58800,Medium,Mid,2026,7,1,0,0,25.1
13055,Software Engineer,Product Management,13.8,Master's,San Francisco,China,Hybrid,Startup,Tech,53.9,5,TensorFlow|React|Python|FastAPI|CUDA|Docker,6,22200,141100,69600,High,Mid,2026,10,1,0,1,14.87
13056,DevOps Engineer,IT Operations,5.9,Bachelor's,San Francisco,Singapore,Hybrid,Enterprise,Education,85.5,3.2,BERT|TensorFlow|AutoGen|React|Docker,5,38200,98300,99000,Low,Junior,2026,9,1,1,1,2.66
13057,Product Manager,IT Operations,12.7,Associate's,New York,Singapore,Hybrid,Enterprise,Finance,51.7,1.6,C++|Java|SQL|BERT|FastAPI|PyTorch|CUDA|Python|React,9,14900,110100,58300,Low,Mid,2026,8,1,0,0,44.64
13058,Data Scientist,Data Science,0,Bachelor's,San Francisco,China,Hybrid,Mid-size,Education,68.1,3.3,BERT|AutoGen|FastAPI|TensorFlow|PyTorch|Python|AWS|React|CUDA|C++,10,59500,98800,102900,Top,Junior,2026,11,0,1,1,12.49
13059,Product Manager,AI Engineering,2.5,High School,Tokyo,Vietnam,Hybrid,Startup,Education,88.5,5.8,Airflow|AutoGen|PyTorch|React|Java|TensorFlow,6,82000,80300,64900,Medium,Senior,2026,12,1,1,1,3.64
13060,Data Analyst,IT Operations,0.5,Bachelor's,New York,USA,On-site,Big Tech (FAANG+),Tech,67.2,7.7,SQL|Azure|Python|PyTorch|TensorFlow|AWS,6,32800,57500,75200,Top,Senior,2026,5,1,0,1,21.12
13061,Software Engineer,Software Engineering,4.9,Master's,San Francisco,China,Hybrid,Enterprise,Education,71.5,4.7,SQL|TensorFlow|AWS,3,40800,116900,100300,Low,Junior,2026,3,0,1,1,40.22
13062,Product Manager,AI Engineering,13.6,PhD,San Francisco,Germany,On-site,Enterprise,Tech,95.3,6.5,AWS|Azure|Airflow|C++|Java|Docker,6,45000,13500,99500,Low,Senior,2026,9,0,1,1,8.42
13063,DevOps Engineer,AI Engineering,1.5,Associate's,San Francisco,Vietnam,On-site,Startup,Finance,53.3,6.4,,0,91300,74600,68200,Top,Mid,2026,4,0,0,1,21.84
13064,Data Analyst,IT Operations,9.1,PhD,Ho Chi Minh City,USA,On-site,Big Tech (FAANG+),Finance,76.4,9.1,FastAPI|Java|AutoGen|SQL|AWS|BERT|Python,7,40900,80000,55900,Medium,Mid,2026,9,1,1,1,9.28
13065,Machine Learning Engineer,Software Engineering,6.8,Associate's,San Francisco,Germany,Fully Remote,Enterprise,Education,68.3,2.6,FastAPI|Python|CUDA|React|TensorFlow|SQL|Docker|AutoGen|Azure,9,72400,51500,113600,Top,Junior,2026,3,1,1,1,40.91
13066,Product Manager,Data Science,14.1,Associate's,San Francisco,USA,Hybrid,Enterprise,Tech,98.2,5.3,CUDA|Docker|SQL|TensorFlow,4,,,72700,Top,Lead,2026,7,0,1,0,26.14
13067,Machine Learning Engineer,IT Operations,1.8,Master's,Beijing,Japan,Hybrid,Mid-size,Finance,89.7,6.7,SQL|CUDA|AutoGen|Java|Airflow,5,-13400,117900,88900,Low,Mid,2026,1,0,0,1,28.92
13068,Software Engineer,Software Engineering,3.2,Master's,London,USA,On-site,Big Tech (FAANG+),Education,56.1,5.7,Java|PyTorch|AutoGen|C++|BERT|Azure|AWS|Python|CUDA,9,40000,105100,95500,High,Lead,2026,10,1,0,1,37.38
13069,DevOps Engineer,AI Engineering,0.4,High School,Ho Chi Minh City,Germany,Fully Remote,Enterprise,Automotive,96.4,5.1,React|TensorFlow|AWS|Java|AutoGen|Azure|PyTorch|SQL|FastAPI,9,,77000,59800,High,Lead,2026,11,1,0,0,46.99
13070,DevOps Engineer,Software Engineering,6.5,High School,Singapore,UK,Hybrid,Startup,Healthcare,60.6,9.8,SQL,1,40100,124700,45000,High,Lead,2026,12,1,0,0,5.29
13071,Product Manager,AI Engineering,4.2,Associate's,San Francisco,USA,On-site,Enterprise,Healthcare,54.2,9.5,Airflow|CUDA,2,60200,110500,92700,Medium,Senior,2026,5,1,0,0,42.28
13072,Data Analyst,IT Operations,13,High School,San Francisco,UK,Fully Remote,Big Tech (FAANG+),E-commerce,77.1,6.5,FastAPI|Azure,2,84700,54200,42300,Top,Senior,2026,9,1,1,0,23.71
13073,Data Analyst,IT Operations,9.1,Master's,Beijing,USA,On-site,Mid-size,Education,86.8,5,AutoGen|Azure|Java|FastAPI|Docker|C++|Airflow|PyTorch,8,60400,,52900,Medium,Junior,2026,11,0,1,1,32.03
13074,DevOps Engineer,Product Management,9.2,High School,San Francisco,Japan,Fully Remote,Enterprise,Healthcare,85.8,7.8,FastAPI|Java|AWS|SQL|Docker|AutoGen|Python,7,37300,43500,93900,High,Senior,2026,9,1,1,0,42.64
13075,Data Analyst,Product Management,8,Associate's,San Francisco,Germany,On-site,Startup,Automotive,76.7,5.6,Docker|C++|BERT|Java|TensorFlow|FastAPI|React|PyTorch,8,64200,,87200,Medium,Lead,2026,6,0,0,0,16.33
13076,DevOps Engineer,Product Management,1.4,PhD,San Francisco,USA,Hybrid,Enterprise,Education,74.6,10,TensorFlow|Python|Airflow,3,59800,,86000,Medium,Lead,2026,11,1,1,0,43.48
13077,Product Manager,IT Operations,6.7,Bachelor's,London,China,On-site,Startup,Healthcare,98.5,7.2,AWS|FastAPI|React|SQL|Docker|CUDA|TensorFlow|Azure|C++|Airflow,10,69400,90800,64800,Medium,Senior,2026,6,1,1,0,31.57
13078,Data Scientist,Data Science,15,High School,Singapore,Japan,On-site,Big Tech (FAANG+),Healthcare,91,1.6,TensorFlow|AutoGen|Java|Docker|AWS|React|PyTorch|SQL|Azure,9,48100,177400,107900,High,Senior,2026,3,1,0,1,13.95
13079,DevOps Engineer,IT Operations,12.5,Master's,Tokyo,China,Fully Remote,Mid-size,Automotive,84.9,4.6,Docker|React|Java|TensorFlow,4,33800,34600,54300,Medium,Lead,2026,12,1,0,1,45.99
13080,Machine Learning Engineer,Software Engineering,13.4,PhD,Singapore,Japan,Fully Remote,Big Tech (FAANG+),Tech,59.8,7.6,SQL|Python|AutoGen|Airflow|C++|React|TensorFlow|FastAPI|BERT|CUDA,10,60800,24100,26600,Medium,Junior,2026,9,1,0,0,2.89
13081,Data Analyst,IT Operations,12.3,Master's,Ho Chi Minh City,Japan,Hybrid,Enterprise,Healthcare,91,8.6,Java|CUDA|AutoGen|AWS,4,61400,159800,33800,High,Lead,2026,1,0,0,1,29.53
13082,DevOps Engineer,IT Operations,1.5,High School,San Francisco,Singapore,On-site,Enterprise,E-commerce,87.5,8.3,SQL|TensorFlow|Python|AWS|PyTorch|BERT,6,39400,121100,79500,High,Junior,2026,7,0,0,1,0.84
13083,DevOps Engineer,AI Engineering,3.4,Associate's,Berlin,USA,Fully Remote,Mid-size,Healthcare,99.6,9.8,AutoGen|Azure|PyTorch|C++|SQL|Java|TensorFlow|FastAPI|React,9,19100,139000,75200,Medium,Mid,2026,3,0,0,0,4.08
13084,Product Manager,AI Engineering,0,Bachelor's,Singapore,Germany,Hybrid,Startup,Healthcare,56.6,5.4,BERT|CUDA|AWS|Docker|SQL,5,40900,86200,94200,Top,Lead,2026,2,0,0,1,5.01
13085,Data Analyst,AI Engineering,4.6,Bachelor's,Berlin,Singapore,Hybrid,Big Tech (FAANG+),Automotive,85.8,2.3,Azure|AutoGen|React|CUDA|BERT|PyTorch|Airflow|C++,8,26500,127500,91700,Medium,Senior,2026,5,0,1,1,44.71
13086,Data Scientist,IT Operations,1.6,PhD,London,Germany,Fully Remote,Startup,Automotive,99,6.9,Python|React|TensorFlow|Docker|PyTorch,5,44600,95000,74400,Low,Senior,2026,5,0,1,0,27.94
13087,Product Manager,Data Science,7.1,Bachelor's,Ho Chi Minh City,Vietnam,Fully Remote,Enterprise,Education,73.1,1.6,AutoGen|Docker,2,65600,134700,41400,High,Lead,2026,2,0,1,1,13
13088,Data Scientist,Software Engineering,10.2,Associate's,Singapore,Germany,On-site,Startup,E-commerce,86.7,9.8,Docker|Airflow|AutoGen|Python|React|PyTorch|AWS|SQL|TensorFlow|Java,10,9900,140700,61600,Top,Junior,2026,12,1,1,0,19.53
13089,Product Manager,Software Engineering,13.1,Master's,San Francisco,UK,Hybrid,Big Tech (FAANG+),Finance,98.8,7.8,Docker|React|FastAPI|PyTorch|AWS|Azure|Java|C++|SQL|BERT,10,56200,136900,63500,Low,Senior,2026,8,1,0,1,41.9
13090,Data Analyst,Data Science,11.2,Associate's,Beijing,USA,Fully Remote,Startup,Automotive,77.4,9.8,Azure|AutoGen|TensorFlow|Airflow|SQL|AWS|React|C++|PyTorch,9,58200,73800,115500,Low,Mid,2026,2,0,0,1,28.51
13091,AI Agent Developer,Data Science,14.1,PhD,Singapore,China,Hybrid,Enterprise,Finance,85,4.4,FastAPI,1,31500,103700,72600,Low,Senior,2026,8,0,1,0,1.58
13092,Data Analyst,Software Engineering,0.8,PhD,San Francisco,Germany,On-site,Big Tech (FAANG+),E-commerce,51,1.1,PyTorch,1,,61700,100700,Top,Junior,2026,6,1,1,1,43.56
13093,Data Analyst,Product Management,0.2,Bachelor's,Beijing,China,Fully Remote,Startup,Healthcare,76,5.7,,0,73400,122100,80200,Low,Lead,2026,10,0,1,0,26.92
13094,Data Scientist,AI Engineering,9.9,Associate's,Ho Chi Minh City,Vietnam,Hybrid,Startup,Education,62.8,2.1,Python|React|SQL|Docker|FastAPI|TensorFlow|PyTorch|Java,8,58600,113600,73200,High,Senior,2026,4,1,0,1,9.81
13095,Data Scientist,AI Engineering,4.3,Master's,Berlin,USA,Fully Remote,Big Tech (FAANG+),Healthcare,56.6,7.1,Java|PyTorch|TensorFlow|React,4,91100,36300,63400,Top,Lead,2026,3,0,1,0,35.76
13096,Data Analyst,Software Engineering,3.8,Associate's,Ho Chi Minh City,Germany,On-site,Enterprise,Education,85.4,5.5,C++|AutoGen|Azure|SQL|FastAPI|CUDA|Airflow|Java|AWS,9,51700,118400,88000,High,Lead,2026,9,1,1,1,26.69
13097,Data Analyst,Data Science,5,Master's,San Francisco,Singapore,On-site,Big Tech (FAANG+),Finance,52,7.8,,0,70100,117400,49700,Top,Mid,2026,6,1,0,0,9.47
13098,Data Analyst,Product Management,4,Master's,Berlin,China,On-site,Enterprise,E-commerce,95.2,3.6,PyTorch|CUDA|SQL|AWS,4,,122700,74300,High,Mid,2026,5,0,0,0,32.5
13099,Data Scientist,Software Engineering,7.7,Associate's,Berlin,Singapore,On-site,Startup,E-commerce,75.9,8.5,C++|AWS|Docker|TensorFlow|PyTorch|AutoGen|Azure|Java|Airflow|React,10,60200,101900,77800,Top,Lead,2026,10,0,1,1,32.07
13100,Data Analyst,AI Engineering,6.6,High School,Tokyo,Japan,Fully Remote,Big Tech (FAANG+),Automotive,82.4,6.9,React|Java|Python,3,85100,122600,80000,Low,Junior,2026,3,1,1,1,47.74
13101,Data Analyst,IT Operations,7.7,Associate's,Tokyo,Singapore,Fully Remote,Enterprise,Finance,62.7,9.9,AWS,1,59100,112600,54100,High,Mid,2026,3,0,1,1,13.21
13102,Software Engineer,Data Science,10.1,Master's,Beijing,Germany,Hybrid,Big Tech (FAANG+),Education,59.1,2.6,BERT|SQL|Java|FastAPI|Azure|Airflow|TensorFlow|Python,8,79100,64400,65400,High,Senior,2026,6,0,1,0,27.42
13103,AI Agent Developer,IT Operations,5.8,PhD,London,Vietnam,Hybrid,Startup,Automotive,62.2,1.5,AWS|Azure|SQL|Python|Docker|PyTorch|Java|AutoGen,8,27600,125200,82800,High,Mid,2026,10,1,1,0,16.05
13104,Machine Learning Engineer,Software Engineering,3.8,PhD,New York,Singapore,Fully Remote,Big Tech (FAANG+),Finance,61.6,8.7,Java|AutoGen|AWS,3,51200,61900,80700,Medium,Lead,2026,4,1,0,1,14.91
13105,AI Agent Developer,AI Engineering,2.5,Bachelor's,Ho Chi Minh City,Japan,Fully Remote,Startup,Automotive,93.2,4,TensorFlow|SQL,2,99400,57300,106400,Low,Mid,2026,4,0,1,0,25.28
13106,Software Engineer,Product Management,5.2,PhD,Berlin,China,Hybrid,Startup,Automotive,89.4,4.9,CUDA|Docker|React|SQL|AutoGen|Airflow|AWS|FastAPI,8,13600,108500,70000,High,Junior,2026,11,1,1,1,35.74
13107,Machine Learning Engineer,IT Operations,11.1,High School,San Francisco,China,Fully Remote,Startup,E-commerce,92.6,9.3,CUDA|AWS|AutoGen|React|Airflow|TensorFlow|SQL,7,34600,-6600,45600,High,Mid,2026,8,0,0,0,30.24
13108,Product Manager,Product Management,11.4,Master's,Ho Chi Minh City,USA,On-site,Enterprise,E-commerce,86.7,5,SQL|Java|FastAPI|Docker|Azure|PyTorch,6,93500,73300,63400,Top,Junior,2026,2,1,1,0,5.87
13109,Data Analyst,AI Engineering,10,Associate's,London,Singapore,On-site,Enterprise,Healthcare,82.2,3.7,Airflow|BERT|Python|Azure,4,47900,87500,48900,Low,Senior,2026,6,0,0,1,46.12
13110,Software Engineer,IT Operations,3.5,Associate's,San Francisco,Singapore,On-site,Mid-size,Healthcare,76.4,1.5,Azure|FastAPI|Airflow|SQL|AutoGen|Docker,6,47800,153000,114500,Low,Mid,2026,9,0,0,1,35.44
13111,Product Manager,Product Management,8.8,High School,London,USA,Hybrid,Enterprise,E-commerce,63.3,5,React|FastAPI|AWS|AutoGen|BERT,5,68300,91400,95100,High,Senior,2026,3,0,1,0,28.97
13112,Data Analyst,Product Management,8.6,PhD,New York,China,Fully Remote,Mid-size,E-commerce,85.3,6.9,BERT|Airflow,2,75100,177000,84000,Medium,Lead,2026,5,1,0,0,7.21
13113,Data Scientist,IT Operations,7.3,Master's,San Francisco,Japan,Hybrid,Big Tech (FAANG+),Automotive,56.8,3.4,SQL|FastAPI|AutoGen|C++|Airflow|Python|Java,7,42600,,85000,High,Senior,2026,11,1,1,0,6.74
13114,DevOps Engineer,AI Engineering,8.2,PhD,Singapore,Singapore,Hybrid,Startup,Healthcare,75.6,7.5,Python|BERT|CUDA,3,17200,118900,73200,Medium,Mid,2026,7,1,0,0,14.67
13115,Software Engineer,Product Management,7.4,Bachelor's,New York,USA,Fully Remote,Enterprise,E-commerce,59.8,5.3,Azure|Java|C++|React|CUDA|AWS|Airflow|PyTorch|TensorFlow|SQL,10,31500,126000,41000,Low,Mid,2026,1,1,0,0,46.15
13116,Data Scientist,Software Engineering,8.5,PhD,Berlin,China,Hybrid,Startup,Finance,75.2,8.7,AutoGen|React|Java|Python|Docker|Airflow,6,38800,63200,64100,Low,Junior,2026,8,0,1,0,7.35
13117,Software Engineer,IT Operations,10.7,Bachelor's,Tokyo,Japan,On-site,Mid-size,Finance,64.7,2.5,Docker|AWS|AutoGen|BERT,4,26500,96400,15000,Medium,Mid,2026,6,0,0,1,32.73
13118,Software Engineer,Data Science,1.6,Associate's,Singapore,UK,Fully Remote,Enterprise,Healthcare,52.7,7.8,FastAPI|C++|PyTorch|TensorFlow|CUDA|BERT,6,32800,95800,92400,Low,Lead,2026,4,1,1,1,32.24
13119,Data Scientist,Data Science,11.2,Master's,New York,Germany,On-site,Enterprise,Finance,75.2,9.4,Azure|TensorFlow|Airflow,3,50200,143500,78400,Top,Junior,2026,11,0,1,0,4.6
13120,Machine Learning Engineer,AI Engineering,2,Bachelor's,Tokyo,Singapore,On-site,Enterprise,Education,59.1,7.7,PyTorch|Java,2,33000,42300,76900,Medium,Mid,2026,6,1,1,1,35.37
13121,AI Agent Developer,Software Engineering,1,PhD,Singapore,UK,Fully Remote,Enterprise,Automotive,58.1,4.7,AutoGen,1,85300,175200,57100,Top,Mid,2026,2,0,1,0,23.81
13122,Data Analyst,Product Management,14.6,PhD,Tokyo,UK,On-site,Startup,Healthcare,69.2,3.1,CUDA,1,41900,24000,72500,High,Mid,2026,4,1,1,0,25.04
13123,Software Engineer,Data Science,14.4,Associate's,Berlin,Germany,On-site,Enterprise,Education,68.1,1.9,AutoGen|Docker|Azure|FastAPI|TensorFlow|BERT|Airflow|PyTorch|Python|CUDA,10,19400,117000,90100,High,Mid,2026,8,0,1,0,0.27
13124,Data Analyst,AI Engineering,0.9,High School,San Francisco,China,On-site,Mid-size,E-commerce,93.3,6.8,,0,73500,65100,84900,Top,Lead,2026,4,1,0,0,44.84
13125,DevOps Engineer,Software Engineering,6.6,High School,Beijing,China,Fully Remote,Enterprise,Education,78.2,2.3,CUDA|PyTorch,2,114500,119100,47700,Low,Mid,2026,5,1,0,1,30.52
13126,Data Scientist,Software Engineering,2.8,PhD,San Francisco,USA,Fully Remote,Mid-size,Finance,92.7,8.5,CUDA,1,,73600,57700,Top,Junior,2026,2,0,0,1,30.23
13127,Data Analyst,AI Engineering,7.3,High School,Tokyo,Vietnam,Fully Remote,Mid-size,Automotive,57.3,9.6,TensorFlow|BERT|FastAPI,3,55100,153800,91700,Low,,2026,3,0,1,0,19.46
13128,Data Scientist,AI Engineering,12.5,Master's,San Francisco,China,Hybrid,Startup,E-commerce,67.9,2.2,C++|PyTorch,2,76100,104000,68400,Top,Junior,2026,3,1,0,1,35.09
13129,Data Analyst,Product Management,14.3,High School,Berlin,Germany,On-site,Enterprise,Tech,77.8,4.4,TensorFlow|SQL|PyTorch,3,42500,83200,120300,Top,Junior,2026,2,0,0,0,41.65
13130,AI Agent Developer,AI Engineering,9.5,Master's,New York,Vietnam,Hybrid,Mid-size,Automotive,57.7,9.4,Java|PyTorch|BERT|Airflow,4,87500,,50900,Low,Mid,2026,12,1,0,0,24.75
13131,AI Agent Developer,Product Management,5.3,PhD,Ho Chi Minh City,Germany,Hybrid,Enterprise,Finance,56.4,5.2,Airflow|Python,2,17900,115500,70200,Top,Lead,2026,8,1,1,1,27.25
13132,AI Agent Developer,Product Management,9,PhD,New York,Germany,On-site,Startup,Automotive,83.1,5.8,Docker|Python|React|SQL|PyTorch|C++|CUDA,7,47600,118000,65700,Medium,Mid,2026,11,1,1,0,10.42
13133,AI Agent Developer,IT Operations,4.7,PhD,San Francisco,Germany,Fully Remote,Startup,Tech,82.7,7.7,Python|AWS|C++|Docker|PyTorch,5,33700,85500,69600,Low,Mid,2026,3,1,1,0,17.66
13134,AI Agent Developer,Software Engineering,13.6,Associate's,London,Singapore,Hybrid,Enterprise,Tech,61.7,2.9,C++|BERT|CUDA|AutoGen|Azure|TensorFlow,6,27400,101200,50500,High,Junior,2026,11,0,1,0,23.41
13135,AI Agent Developer,Software Engineering,13.1,High School,New York,Singapore,Fully Remote,Mid-size,Automotive,61.4,9.8,AutoGen|TensorFlow,2,34200,,28900,High,Senior,2026,1,0,0,1,33.06
13136,Data Scientist,Software Engineering,8.4,Bachelor's,Beijing,Vietnam,Fully Remote,Big Tech (FAANG+),E-commerce,87.3,8,CUDA|Airflow|AWS|TensorFlow|FastAPI|Java|React|SQL,8,,125600,89200,Top,Senior,2026,2,0,0,0,46.59
13137,Software Engineer,IT Operations,4.9,Bachelor's,Berlin,UK,On-site,Big Tech (FAANG+),Education,55.8,2.5,,0,68400,60100,112300,High,Lead,2026,8,0,0,1,6.85
13138,Data Analyst,Product Management,4.4,PhD,Tokyo,Singapore,Hybrid,Startup,E-commerce,96.2,2,,0,64200,81600,63400,Medium,Junior,2026,1,1,0,1,26.45
13139,AI Agent Developer,Product Management,0.5,High School,London,Japan,Hybrid,Mid-size,Tech,97.2,9.4,FastAPI|Azure|AWS|Docker|CUDA|BERT|React,7,20600,124400,82200,High,Lead,2026,1,1,1,0,30.55
13140,Data Scientist,AI Engineering,12.2,Master's,Berlin,Germany,Fully Remote,Big Tech (FAANG+),Healthcare,93.5,7.2,FastAPI|Airflow|PyTorch|TensorFlow|React|AWS|C++,7,61000,95800,70900,High,Mid,2026,11,1,0,1,41.27
13141,Data Scientist,IT Operations,6.8,Bachelor's,Berlin,Singapore,On-site,Mid-size,Healthcare,60.5,1.3,Python|Airflow|Java,3,47600,24900,70700,Low,Mid,2026,1,0,0,0,42.18
13142,Data Scientist,AI Engineering,4.9,PhD,Tokyo,USA,Hybrid,Enterprise,E-commerce,50.8,2.3,Java|Airflow|Docker|AWS|Azure|FastAPI,6,38400,163700,59700,Top,Lead,2026,10,0,0,0,33.03
13143,Software Engineer,IT Operations,7.1,Bachelor's,Singapore,China,Fully Remote,Startup,Healthcare,96.8,1.4,,0,45600,133900,92400,High,Junior,2026,8,1,1,1,9.73
13144,Data Analyst,AI Engineering,12.3,Bachelor's,New York,Japan,Fully Remote,Enterprise,E-commerce,67.2,9.8,Airflow|Docker|Java|Azure,4,83300,30000,81300,Top,Mid,2026,6,0,0,1,38.99
13145,Software Engineer,Data Science,1.9,Bachelor's,Ho Chi Minh City,China,Fully Remote,Enterprise,Finance,65.5,5.5,TensorFlow,1,,73700,58500,Low,Junior,2026,7,0,0,1,28.93
13146,Machine Learning Engineer,Software Engineering,12.9,PhD,Singapore,China,On-site,Enterprise,E-commerce,63.1,5.2,FastAPI|BERT|Docker|TensorFlow|Azure|CUDA,6,65300,162900,94400,High,Mid,2026,4,0,1,1,48.07
13147,Product Manager,Software Engineering,13.5,PhD,London,Vietnam,On-site,Mid-size,Finance,62.2,9.6,Airflow|PyTorch|Python|CUDA,4,70600,118200,110700,High,Mid,2026,12,1,0,0,47.66
13148,Data Scientist,Product Management,14.2,Associate's,Tokyo,USA,Fully Remote,Big Tech (FAANG+),Education,86.7,5.5,TensorFlow|FastAPI|SQL|C++|Docker|CUDA|Python|BERT|Azure,9,,42300,104400,Low,Lead,2026,8,1,0,1,27.58
13149,Machine Learning Engineer,Data Science,6,Associate's,Beijing,USA,Fully Remote,Enterprise,Tech,95.4,5.7,,0,40900,,71200,Low,Lead,2026,2,0,1,0,47.17
13150,DevOps Engineer,Software Engineering,3.3,Associate's,Beijing,Japan,On-site,Startup,Healthcare,89.3,9.9,C++,1,41900,29500,53900,High,Junior,2026,9,1,0,1,1.29
13151,AI Agent Developer,Product Management,5.6,Bachelor's,Ho Chi Minh City,USA,Fully Remote,Mid-size,Education,83.7,2,Python|CUDA|AutoGen|Docker,4,55500,80400,53300,Medium,Senior,2026,4,1,1,0,45.78
13152,Product Manager,Data Science,5,High School,Ho Chi Minh City,USA,Fully Remote,Big Tech (FAANG+),Education,64.4,9.9,PyTorch|CUDA|TensorFlow|AutoGen|AWS|C++|SQL,7,38900,126800,63100,Top,Senior,2026,1,1,0,0,48.23
13153,AI Agent Developer,Software Engineering,2.6,PhD,New York,USA,On-site,Enterprise,Tech,77.3,2.5,Java|TensorFlow|Docker,3,33000,,64700,Top,Senior,2026,2,1,0,0,48.95
13154,Software Engineer,AI Engineering,9.1,Associate's,Beijing,Japan,Fully Remote,Startup,Automotive,61.8,5.3,,0,52000,122800,96800,Top,Mid,2026,8,0,0,1,38.9
13155,Product Manager,IT Operations,7.1,High School,London,UK,Fully Remote,Enterprise,Automotive,55.6,4,,0,33900,64900,28300,Medium,Senior,2026,9,0,0,0,9.03
13156,Data Analyst,Data Science,13,Associate's,San Francisco,USA,Fully Remote,Big Tech (FAANG+),Education,56,9.6,CUDA|AWS|BERT|C++|SQL|Python|Airflow,7,41400,25700,73400,Top,Lead,2026,5,1,0,1,48.73
13157,Machine Learning Engineer,Product Management,0.5,Associate's,Tokyo,Singapore,On-site,Big Tech (FAANG+),Education,80.2,5.4,Airflow|Docker,2,44500,86100,62100,Low,Senior,2026,4,1,1,1,21.4
13158,Data Analyst,Data Science,9.7,High School,Ho Chi Minh City,USA,On-site,Enterprise,Tech,51.9,1.2,AWS|BERT|Airflow|React|SQL|TensorFlow|Azure|PyTorch,8,38900,178900,56900,Low,,2026,10,1,0,1,23.56
13159,Software Engineer,Product Management,11.4,Associate's,Ho Chi Minh City,Vietnam,On-site,Enterprise,E-commerce,98.7,3,React|Java|TensorFlow|SQL|BERT|Python|Airflow|C++|AWS|Docker,10,44900,153700,88000,High,Senior,2026,7,1,0,1,0.76
13160,AI Agent Developer,Data Science,11.4,Bachelor's,Ho Chi Minh City,Vietnam,Hybrid,Mid-size,E-commerce,99.8,4.9,C++|React,2,41400,80000,58400,Medium,Senior,2026,2,0,0,1,17.17
13161,Product Manager,Product Management,13.3,Bachelor's,San Francisco,Singapore,Hybrid,Big Tech (FAANG+),Healthcare,57.5,7.1,Python|PyTorch|FastAPI|Airflow|TensorFlow,5,90900,108300,71500,Medium,Senior,2026,7,0,1,1,12.86
13162,Data Analyst,Software Engineering,10.9,Bachelor's,Tokyo,USA,Hybrid,Big Tech (FAANG+),Tech,71.4,6.1,TensorFlow|Docker|CUDA|Python|FastAPI|PyTorch|Azure|AWS|Java|SQL,10,85400,,96600,High,Junior,2026,12,0,0,0,22.49
13163,Data Analyst,AI Engineering,13.9,Master's,London,UK,Hybrid,Enterprise,Automotive,88.4,8.6,TensorFlow|CUDA,2,41500,21200,67800,Medium,Lead,2026,9,1,0,0,13.46
13164,AI Agent Developer,Software Engineering,5,Associate's,Beijing,USA,On-site,Startup,Tech,97.8,8.5,Java|BERT|AWS|CUDA|PyTorch|React|AutoGen|Azure|Docker,9,40900,75600,106300,Top,Senior,2026,2,1,0,0,22.36
13165,Product Manager,AI Engineering,7.5,Master's,San Francisco,Singapore,Fully Remote,Enterprise,Tech,94.6,6.3,Docker,1,45500,125500,55000,High,Mid,2026,12,0,0,0,7.38
13166,Machine Learning Engineer,Software Engineering,0.2,PhD,San Francisco,USA,On-site,Enterprise,Healthcare,62.7,6.1,Azure|PyTorch|AutoGen|C++|CUDA,5,54800,52900,3500,Top,Junior,2026,8,0,0,1,47.6
13167,AI Agent Developer,Software Engineering,0.1,High School,Singapore,USA,Hybrid,Big Tech (FAANG+),E-commerce,54.3,3.5,SQL|Python|TensorFlow|BERT|React|PyTorch|AWS|Docker|CUDA,9,48000,142800,87400,Top,Mid,2026,6,0,0,0,33.21
13168,Data Analyst,Data Science,3.6,PhD,London,Germany,On-site,Mid-size,Education,64.4,9.6,,0,50300,144600,82800,High,Lead,2026,6,1,0,0,49.42
13169,Machine Learning Engineer,IT Operations,1.5,Master's,Tokyo,UK,Fully Remote,Enterprise,Automotive,71.9,1.7,AutoGen|CUDA|SQL|PyTorch|Airflow,5,65800,82000,100500,Low,Senior,2026,4,1,0,1,0.24
13170,Machine Learning Engineer,Product Management,3.9,Bachelor's,London,China,Hybrid,Startup,Healthcare,68,4.6,FastAPI,1,32600,104400,85700,High,Lead,2026,9,1,0,1,41.79
13171,AI Agent Developer,Product Management,2.7,Associate's,New York,Singapore,Fully Remote,Startup,Automotive,88.7,6.9,TensorFlow|AutoGen|AWS|React|CUDA|Airflow|PyTorch|Python|C++,9,38100,152100,112400,Medium,Senior,2026,8,1,0,0,4.21
13172,Data Analyst,Product Management,0.4,Associate's,Singapore,USA,Fully Remote,Enterprise,Automotive,62.9,9.5,AWS|TensorFlow|FastAPI|PyTorch|Azure,5,21200,,82800,Top,Senior,2026,7,0,1,1,38.69
13173,Software Engineer,AI Engineering,13.6,Bachelor's,Tokyo,Singapore,Fully Remote,Startup,E-commerce,92.9,5.5,Python|FastAPI|PyTorch|TensorFlow|React|Docker|AutoGen|AWS|Airflow|Azure,10,42000,158400,100500,Top,Mid,2026,12,1,1,1,46.12
13174,Data Analyst,Product Management,0.1,Associate's,Singapore,China,Hybrid,Startup,Education,61.3,9.1,FastAPI|SQL|Python|BERT|TensorFlow|PyTorch|Airflow|AWS|Java,9,50700,29800,96000,Medium,Lead,2026,5,1,1,1,7.03
13175,Data Scientist,Product Management,11,High School,Singapore,UK,On-site,Enterprise,Education,68.1,1.9,BERT|FastAPI|AutoGen|React|AWS,5,50900,76700,60400,High,Senior,2026,5,0,1,0,47.81
13176,Product Manager,Data Science,2.3,High School,Ho Chi Minh City,Singapore,Hybrid,Startup,E-commerce,72.4,5.8,FastAPI|PyTorch|Java|Azure|Python|Docker,6,75100,86900,63800,Low,Lead,2026,2,0,0,1,21.81
13177,DevOps Engineer,Software Engineering,13.7,High School,Beijing,USA,Hybrid,Startup,Healthcare,64.6,3.8,Docker|Airflow|FastAPI|AutoGen|TensorFlow|SQL,6,32500,149700,69000,Medium,Senior,2026,5,1,1,0,17.21
13178,Software Engineer,Product Management,13.4,PhD,Singapore,China,On-site,Enterprise,Finance,88.3,8.2,CUDA,1,17400,100000,128900,Low,Lead,2026,3,0,1,1,39.79
13179,Machine Learning Engineer,IT Operations,9.8,Bachelor's,New York,Singapore,On-site,Big Tech (FAANG+),Healthcare,70.5,5,SQL|AWS|AutoGen|Azure|CUDA|Python|TensorFlow|BERT,8,51800,70500,60900,Top,Lead,2026,7,0,1,1,42.65
13180,Software Engineer,Product Management,10.1,High School,New York,Japan,On-site,Mid-size,Healthcare,94.4,5.3,React|SQL,2,,95600,85600,High,Senior,2026,9,0,0,0,41.83
13181,Product Manager,AI Engineering,0.1,Master's,Tokyo,China,On-site,Mid-size,Finance,98.2,1.6,FastAPI|Docker|SQL,3,67100,120800,77600,High,Lead,2026,10,0,1,0,31.2
13182,Machine Learning Engineer,AI Engineering,14.8,High School,Berlin,UK,Fully Remote,Big Tech (FAANG+),Automotive,93,4.9,React|AutoGen|Python|SQL|CUDA,5,51600,87400,80800,Top,Senior,2026,12,1,1,0,14.81
13183,Product Manager,AI Engineering,13.2,PhD,San Francisco,USA,Hybrid,Enterprise,Tech,76.1,1.7,AutoGen|Docker|Java|CUDA|Python|TensorFlow|Airflow|BERT|FastAPI,9,,133500,76500,Medium,Senior,2026,6,0,1,1,13.83
13184,Machine Learning Engineer,Product Management,13.4,Master's,Ho Chi Minh City,Germany,Hybrid,Big Tech (FAANG+),Finance,75.5,3.7,Java|AWS|BERT|TensorFlow,4,47200,104700,65800,Top,Senior,2026,12,0,0,0,11.43
13185,Software Engineer,Data Science,9.9,Bachelor's,Beijing,UK,Hybrid,Mid-size,Tech,60.8,2.1,AWS|C++|CUDA|Airflow|Docker|FastAPI|Azure,7,39700,87900,46900,Medium,Junior,2026,12,0,0,0,7.32
13186,Machine Learning Engineer,IT Operations,5.2,Bachelor's,Beijing,Germany,On-site,Mid-size,Automotive,79.6,4,SQL|React|Java|FastAPI|TensorFlow,5,64200,147200,51600,Top,Senior,2026,11,0,1,1,19.63
13187,Machine Learning Engineer,Product Management,13.4,High School,Beijing,USA,Hybrid,Mid-size,Finance,97.6,3,C++|AWS|React|Docker|Python|CUDA|AutoGen,7,59600,157500,93700,Low,,2026,10,1,1,1,42.8
13188,Data Scientist,Data Science,4.4,Master's,San Francisco,China,Fully Remote,Mid-size,E-commerce,54,3.6,PyTorch,1,35700,146700,86800,High,Junior,2026,12,0,0,0,49.81
13189,Data Analyst,Data Science,8.4,Master's,Tokyo,Japan,Hybrid,Enterprise,Healthcare,87.6,2.3,Java|SQL|BERT|Python|CUDA|TensorFlow|FastAPI,7,,67700,80200,Low,Senior,2026,7,1,1,0,34.68
13190,Data Analyst,Product Management,1.5,High School,Ho Chi Minh City,Japan,Hybrid,Mid-size,Finance,93.5,5,PyTorch|Python|CUDA|Airflow|BERT,5,58800,147700,120100,Medium,,2026,12,1,1,0,7.81
13191,DevOps Engineer,Product Management,13.8,High School,Singapore,Singapore,Fully Remote,Mid-size,Finance,99.3,5.5,AutoGen|AWS|Docker|Airflow|PyTorch,5,49000,,136200,Medium,Lead,2026,7,0,1,0,33.68
13192,DevOps Engineer,Data Science,2.1,Associate's,Singapore,UK,Fully Remote,Enterprise,Automotive,66.7,8.5,CUDA|AutoGen,2,,54200,51500,Top,Lead,2026,7,1,0,0,13.77
13193,Data Scientist,Data Science,3.4,Associate's,Tokyo,UK,Hybrid,Big Tech (FAANG+),E-commerce,67.8,5.8,Python|React|Azure|SQL|CUDA|BERT,6,,86600,110300,Low,Junior,2026,4,0,1,1,35.88
13194,DevOps Engineer,Data Science,8.4,High School,Beijing,UK,On-site,Enterprise,Finance,61.5,3.1,Airflow|FastAPI|Python,3,38400,149800,45000,High,Mid,2026,6,0,1,0,11.81
13195,Product Manager,Product Management,11.5,PhD,San Francisco,Vietnam,On-site,Mid-size,E-commerce,89.5,7.6,BERT|FastAPI|CUDA|TensorFlow,4,59800,138200,64100,Medium,Mid,2026,7,0,0,0,8.2
13196,Software Engineer,Data Science,9.3,Associate's,Singapore,Japan,Hybrid,Startup,Tech,57,3.7,Python|Airflow|CUDA|AutoGen,4,,79000,79100,Top,Junior,2026,10,0,1,1,31.72
13197,AI Agent Developer,AI Engineering,3.5,High School,London,Japan,Hybrid,Enterprise,Finance,63.4,7.8,Docker|AutoGen|React|FastAPI|PyTorch|Python|AWS,7,41000,,96000,High,Senior,2026,12,1,0,0,34.26
13198,Product Manager,Product Management,0,Master's,London,USA,Hybrid,Enterprise,E-commerce,64.8,4.5,TensorFlow|AWS|PyTorch|BERT|React|Azure|SQL|Python|AutoGen|C++,10,47600,152000,43500,Top,Mid,2026,11,0,1,1,9.24
13199,AI Agent Developer,AI Engineering,11.4,Associate's,San Francisco,Vietnam,Hybrid,Big Tech (FAANG+),Healthcare,68.7,5.6,SQL|TensorFlow|AutoGen|Azure|CUDA|AWS|Java|FastAPI|Docker|C++,10,14700,122500,77000,Medium,Mid,2026,4,0,1,0,25.6
13200,AI Agent Developer,Software Engineering,14.8,PhD,San Francisco,UK,On-site,Mid-size,Automotive,71.1,5.5,C++,1,71500,101400,77900,High,Lead,2026,9,0,0,0,44.03
13201,Data Scientist,Product Management,12.1,Bachelor's,Ho Chi Minh City,UK,Hybrid,Startup,Education,78,9.6,Airflow|BERT|C++|FastAPI,4,65800,67900,38400,Top,Lead,2026,11,0,1,1,34.24
13202,Product Manager,Software Engineering,6.9,Master's,Beijing,Germany,Fully Remote,Enterprise,E-commerce,97.4,2.4,C++|React|Java|Airflow|AutoGen|PyTorch|BERT,7,11600,128800,86000,Medium,Senior,2026,9,1,0,1,33.79
13203,Data Scientist,Data Science,13.6,PhD,Tokyo,Singapore,On-site,Enterprise,Automotive,62.4,9.4,AutoGen|BERT|AWS|Python|React|CUDA|C++|Airflow,8,46300,58600,71900,Top,Mid,2026,12,0,0,1,36.18
13204,Machine Learning Engineer,Data Science,6.1,PhD,San Francisco,Vietnam,On-site,Enterprise,Education,89,6.1,BERT|Airflow|React|Python|CUDA,5,56700,63800,89300,Top,,2026,4,1,0,1,17.5
13205,AI Agent Developer,IT Operations,7.9,PhD,San Francisco,Singapore,Fully Remote,Startup,Finance,83.8,9.9,Docker|React,2,67100,116100,63200,Top,Junior,2026,8,0,1,0,10.3
13206,Software Engineer,Data Science,7.2,Master's,Berlin,China,Hybrid,Enterprise,Finance,55.8,6.2,React|FastAPI,2,44700,139600,65700,High,Senior,2026,8,1,1,0,36.68
13207,DevOps Engineer,Software Engineering,6.7,PhD,San Francisco,Singapore,Hybrid,Enterprise,Tech,90.5,6.9,Python|FastAPI|PyTorch|TensorFlow|SQL,5,45100,105700,132000,High,Lead,2026,2,0,1,1,40.6
13208,Software Engineer,Data Science,11.6,Bachelor's,Berlin,Japan,Hybrid,Startup,Automotive,54.5,7.7,,0,57400,85500,55400,Medium,Lead,2026,6,0,1,0,44.79
13209,DevOps Engineer,Product Management,7.9,Associate's,Berlin,USA,Hybrid,Enterprise,Healthcare,86.9,8.4,TensorFlow,1,36400,135500,70500,Top,Lead,2026,9,0,1,1,39.76
13210,AI Agent Developer,Data Science,4.8,Master's,London,China,Hybrid,Startup,Healthcare,85.8,5.3,AutoGen|AWS|BERT|TensorFlow|Docker|React|CUDA|Java|FastAPI,9,83300,53800,62200,High,Junior,2026,8,1,1,0,17.3
13211,AI Agent Developer,IT Operations,3.9,PhD,Tokyo,China,Fully Remote,Big Tech (FAANG+),E-commerce,84.5,7.1,Python|AutoGen|CUDA|SQL|React|BERT,6,52100,,78400,High,Junior,2026,1,1,0,0,23.35
13212,AI Agent Developer,Data Science,0.6,High School,Berlin,USA,Hybrid,Startup,Healthcare,63.8,6.5,SQL|FastAPI|Python|Azure|React|CUDA|TensorFlow|Docker|AutoGen|BERT,10,53900,143500,82500,Top,Lead,2026,5,0,0,1,39
13213,Data Scientist,Software Engineering,8.7,Associate's,Beijing,UK,Fully Remote,Big Tech (FAANG+),Education,78.7,4.7,Java|TensorFlow|AWS|C++|PyTorch,5,77000,52700,105400,Medium,Senior,2026,5,1,0,1,26.88
13214,Product Manager,Software Engineering,3.4,Master's,Beijing,Japan,Fully Remote,Startup,Automotive,88.1,8.4,React|SQL|Airflow|AWS|Java|Python,6,49500,28600,85tdyxbzthi1w7b,Low,Lead,2026,9,1,1,1,27.86
13215,DevOps Engineer,Data Science,2.2,High School,Berlin,Germany,Fully Remote,Mid-size,Finance,81.9,2.7,SQL|AutoGen|Airflow|PyTorch|Docker|C++|Azure|CUDA|Python|React,10,77200,60500,68700,Top,Mid,2026,2,1,0,1,47.13
13216,Product Manager,Software Engineering,9.8,High School,New York,UK,Hybrid,Enterprise,Automotive,90.2,2.5,Docker|AWS,2,17900,143500,81100,Medium,Lead,2026,5,1,0,1,47.88
13217,Data Scientist,Software Engineering,10.2,PhD,Berlin,Singapore,Hybrid,Big Tech (FAANG+),Automotive,84.4,7.6,Azure,1,73100,135700,30100,Low,Junior,2026,1,0,1,1,38.06
13218,Data Scientist,IT Operations,11.3,Master's,New York,UK,On-site,Enterprise,Finance,63.7,6.7,React|PyTorch|FastAPI|CUDA|Azure|Java|C++|SQL|Docker,9,70700,41500,104200,Medium,Mid,2026,8,0,1,1,40.48
13219,Data Analyst,Product Management,7.6,PhD,Ho Chi Minh City,Vietnam,On-site,Enterprise,Education,57.7,3.9,AWS|FastAPI|Python,3,8900,67200,-6100,Low,Junior,2026,8,0,0,1,13.22
13220,Software Engineer,IT Operations,13.4,Bachelor's,Ho Chi Minh City,China,Fully Remote,Startup,Automotive,81.6,6.7,Python|Airflow|CUDA|Docker|TensorFlow|SQL,6,43500,40500,93000,Low,Senior,2026,2,1,0,1,29.69
13221,Software Engineer,AI Engineering,14,High School,Beijing,China,On-site,Mid-size,Healthcare,88,7.9,,0,58100,125500,161900,Medium,Senior,2026,10,1,0,0,23.9
13222,Machine Learning Engineer,IT Operations,12.1,Bachelor's,Tokyo,Japan,Fully Remote,Startup,E-commerce,57.1,3,BERT|React|AutoGen|PyTorch|FastAPI|Python|Java|TensorFlow|Airflow|Docker,10,66200,51100,90100,High,Lead,2026,1,1,0,1,2.05
13223,Data Scientist,Data Science,9.5,PhD,London,Singapore,On-site,Enterprise,E-commerce,58.7,6.2,SQL|TensorFlow|BERT|Java|FastAPI|Python|CUDA,7,76200,118000,92500,Medium,Senior,2026,3,1,0,1,44.18
13224,DevOps Engineer,Product Management,4.6,Associate's,Tokyo,China,Hybrid,Startup,Automotive,50.6,8.4,Airflow|C++|React|CUDA|BERT|AutoGen|PyTorch,7,20100,,77700,Low,Mid,2026,9,0,1,1,14.79
13225,Data Analyst,Data Science,14.7,High School,Beijing,Germany,Hybrid,Big Tech (FAANG+),Education,76.6,4.7,C++|CUDA|PyTorch|Docker|Java,5,51600,103800,54100,Top,Junior,2026,7,0,0,0,46.59
13226,Data Analyst,AI Engineering,4.1,Associate's,Beijing,Germany,Fully Remote,Mid-size,Finance,77.1,6.1,Python,1,31200,32900,94700,Low,Lead,2026,7,1,1,1,31.82
13227,Product Manager,Product Management,3,Master's,Tokyo,Singapore,Fully Remote,Enterprise,Tech,75,1.7,React|C++|Azure|PyTorch|FastAPI,5,35800,135700,39800,Low,Senior,2026,10,1,1,0,40.65
13228,Software Engineer,Software Engineering,6.6,High School,London,Germany,Hybrid,Startup,Education,65.8,8.5,CUDA,1,66000,161900,45500,Medium,Junior,2026,4,0,1,1,22.94
13229,Data Scientist,IT Operations,0.9,Bachelor's,Beijing,USA,Hybrid,Big Tech (FAANG+),Automotive,71.4,8.2,BERT|React|CUDA|TensorFlow|AutoGen|SQL,6,34100,159200,63600,Low,Junior,2026,5,1,0,1,9.37
13230,Machine Learning Engineer,Data Science,14.7,Associate's,Singapore,Singapore,Hybrid,Mid-size,Automotive,88.3,5.1,Java|BERT|Airflow|AWS|CUDA|C++,6,50100,102600,88100,Top,Senior,2026,7,1,1,0,43.74
13231,Data Scientist,AI Engineering,8.8,Master's,Singapore,Japan,On-site,Startup,Tech,59.1,2.1,Azure|Airflow|TensorFlow|Java|SQL|CUDA,6,41100,18000,44100,High,Lead,2026,2,1,1,0,39.13
13232,Product Manager,Software Engineering,8.4,High School,London,Germany,On-site,Startup,E-commerce,60.1,6.9,AWS|AutoGen|TensorFlow,3,70100,,91900,Top,Junior,2026,3,1,0,0,37.73
13233,AI Agent Developer,IT Operations,9.8,Master's,Beijing,Vietnam,On-site,Enterprise,Education,83.3,6.2,CUDA|Docker|Java|SQL|TensorFlow|BERT|PyTorch|AutoGen,8,13300,110700,86000,High,Lead,2026,3,1,1,0,10.64
13234,Data Scientist,Software Engineering,7.5,Bachelor's,Singapore,Vietnam,On-site,Big Tech (FAANG+),E-commerce,93.3,9.3,AWS|CUDA|Airflow|PyTorch|Java|AutoGen|BERT|SQL|React|Python,10,,105400,77000,Top,Junior,2026,11,1,0,0,26.08
13235,Product Manager,IT Operations,0.5,High School,Ho Chi Minh City,UK,Fully Remote,Mid-size,Tech,67,3.5,TensorFlow|BERT|FastAPI|React|SQL|CUDA|Airflow|Java|Python,9,79800,38200,33300,High,Lead,2026,7,0,0,1,16.13
13236,AI Agent Developer,Product Management,9.2,Master's,New York,UK,Fully Remote,Startup,Finance,96.6,1.3,Airflow|AWS|Docker|Python|FastAPI|CUDA|React|SQL|BERT,9,61900,128500,98000,Medium,Lead,2026,7,1,0,1,30.64
13237,AI Agent Developer,Software Engineering,10.7,PhD,Beijing,Japan,On-site,Mid-size,Automotive,52.9,3.3,AutoGen|Python,2,,130800,68900,High,Senior,2026,11,0,0,0,26.62
13238,Machine Learning Engineer,Software Engineering,6.3,High School,New York,Singapore,Fully Remote,Big Tech (FAANG+),Healthcare,55.9,4.9,Docker|React|Airflow|BERT|PyTorch|AutoGen,6,9200,130900,73200,Medium,Junior,2026,6,0,1,1,8.87
13239,DevOps Engineer,Software Engineering,11.4,High School,Berlin,UK,On-site,Enterprise,E-commerce,73,2.4,React|BERT|AutoGen|SQL|CUDA|AWS|PyTorch,7,62900,71300,62800,Top,Senior,2026,1,1,0,1,31.19
13240,Software Engineer,Product Management,3.4,High School,Singapore,UK,On-site,Enterprise,E-commerce,86.2,9.8,Airflow|Azure|FastAPI,3,70200,42000,kf84zmhsg42ca3t,Low,Mid,2026,10,1,1,0,1.91
13241,Data Scientist,AI Engineering,3.3,High School,Beijing,Vietnam,Hybrid,Enterprise,Education,68.5,3,C++|Azure|CUDA|PyTorch|Python|React|FastAPI|Airflow,8,52000,80400,50300,Medium,Lead,2026,11,0,1,1,3.54
13242,AI Agent Developer,IT Operations,2.4,PhD,Ho Chi Minh City,UK,On-site,Mid-size,E-commerce,77.7,7.1,TensorFlow|SQL|AutoGen|C++|BERT|FastAPI,6,36900,147200,98800,High,Junior,2026,8,0,0,0,9.14
13243,Data Scientist,Software Engineering,5.6,Bachelor's,London,Vietnam,Fully Remote,Mid-size,Finance,51.4,5.1,AWS|SQL|FastAPI,3,79300,61300,114900,Medium,Senior,2026,10,1,1,0,28.94
13244,DevOps Engineer,Product Management,12.7,PhD,Ho Chi Minh City,Germany,On-site,Startup,Tech,73.1,6,FastAPI|C++|BERT|TensorFlow,4,32700,65300,88800,Medium,Mid,2026,10,1,0,0,37.97
13245,Software Engineer,AI Engineering,12.4,PhD,New York,Germany,Hybrid,Big Tech (FAANG+),Finance,62.1,9.4,Airflow|PyTorch|SQL|CUDA|BERT,5,72600,57600,93900,Medium,Lead,2026,4,0,1,1,39.12
13246,DevOps Engineer,IT Operations,5.7,Master's,London,Japan,Fully Remote,Big Tech (FAANG+),E-commerce,75.8,5.8,BERT|SQL|Docker|C++|AutoGen|Azure,6,60600,83200,116500,Medium,Junior,2026,8,0,1,1,13.83
13247,Software Engineer,Product Management,8.8,Associate's,Ho Chi Minh City,USA,Hybrid,Big Tech (FAANG+),Education,76.3,3.7,AWS|AutoGen,2,46500,116600,115800,Low,Senior,2026,7,1,0,0,19.21
13248,Data Analyst,IT Operations,10.8,Associate's,Ho Chi Minh City,UK,On-site,Mid-size,Automotive,87.7,3,PyTorch|Java|Docker,3,98800,127100,89800,Medium,Junior,2026,1,1,0,1,11.69
13249,Software Engineer,Software Engineering,3.6,Master's,Ho Chi Minh City,Germany,On-site,Enterprise,E-commerce,77,9,Python|React|Java|TensorFlow|Docker|PyTorch|AWS|SQL|Azure,9,59700,49500,60000,Top,,2026,7,0,0,1,1.82
13250,Machine Learning Engineer,AI Engineering,2.5,PhD,Tokyo,Germany,On-site,Big Tech (FAANG+),Automotive,80.7,9.9,React|Azure|TensorFlow|SQL|BERT|AutoGen|Docker,7,61700,140500,25500,Medium,Mid,2026,4,1,1,0,24.75
13251,DevOps Engineer,Product Management,14.6,Master's,San Francisco,Singapore,On-site,Startup,Education,76.5,3.3,TensorFlow|PyTorch|FastAPI|React,4,60200,146100,76600,Medium,Lead,2026,5,1,1,1,27.25
13252,AI Agent Developer,AI Engineering,9.3,High School,London,Japan,Fully Remote,Mid-size,Automotive,99.5,7.5,TensorFlow|AWS|Docker,3,56100,88600,79400,Low,Junior,2026,6,1,1,1,46.75
13253,Data Analyst,Software Engineering,14.7,Master's,Ho Chi Minh City,China,On-site,Enterprise,E-commerce,89.6,5.6,SQL,1,48100,44500,140400,Top,Lead,2026,5,1,0,1,35.59
13254,Machine Learning Engineer,AI Engineering,5.1,Master's,San Francisco,China,Hybrid,Big Tech (FAANG+),E-commerce,87.8,7.3,Python|React,2,,150300,91600,Low,Senior,2026,12,1,0,0,46.72
13255,Data Scientist,AI Engineering,10.5,High School,Singapore,Japan,Fully Remote,Enterprise,Automotive,81.4,9.7,TensorFlow|Airflow|BERT|C++,4,52000,115000,80200,Low,Junior,2026,2,0,0,0,13.98
13256,DevOps Engineer,Data Science,3.3,Associate's,Singapore,Vietnam,Fully Remote,Startup,Finance,76.4,3.5,Airflow|CUDA|Python|Azure,4,13600,176200,52800,Top,Junior,2026,8,0,0,0,36.23
13257,Product Manager,AI Engineering,3.9,High School,Ho Chi Minh City,USA,Fully Remote,Big Tech (FAANG+),Finance,67.2,7.7,FastAPI|TensorFlow|AutoGen|BERT|Python|Azure|C++|SQL|React,9,33500,42400,77200,Top,Junior,2026,8,0,1,0,29.91
13258,Product Manager,IT Operations,7.7,Bachelor's,New York,Singapore,Hybrid,Big Tech (FAANG+),Education,89.2,4.9,,0,73000,111600,106300,Medium,Mid,2026,5,0,0,0,14.84
13259,AI Agent Developer,Product Management,4.8,Master's,Ho Chi Minh City,Singapore,Hybrid,Enterprise,Finance,59.5,6.9,FastAPI|AWS,2,67700,158700,69800,Top,Mid,2026,5,1,1,1,10.56
13260,Software Engineer,Data Science,2.5,Master's,Singapore,Japan,Hybrid,Mid-size,Healthcare,51.8,4.7,Docker|PyTorch|FastAPI|BERT|React|AWS|CUDA,7,,,42900,Medium,Junior,2026,12,0,1,1,14.55
13261,AI Agent Developer,Product Management,3.9,Associate's,Ho Chi Minh City,China,Hybrid,Enterprise,Automotive,84.9,7.4,BERT|PyTorch|TensorFlow,3,39100,,53600,Low,Mid,2026,7,1,1,0,48.98
13262,Product Manager,Product Management,0.5,PhD,Berlin,USA,On-site,Startup,Healthcare,57.2,4,BERT|PyTorch|CUDA|Airflow|FastAPI|Azure,6,37700,16500,41100,Medium,,2026,2,0,1,1,1.16
13263,Data Scientist,Software Engineering,10.6,High School,San Francisco,Germany,On-site,Enterprise,Healthcare,95.2,5.4,Java|AWS|Docker|Python|PyTorch|Azure,6,79100,171900,57800,Medium,Senior,2026,5,1,1,0,45.24
13264,Data Analyst,Software Engineering,7.4,PhD,London,Japan,Hybrid,Enterprise,Automotive,88.5,7.4,AWS|Airflow|SQL|React|Java|C++|Azure|PyTorch|Docker,9,19200,75400,46500,Top,Mid,2026,1,1,0,1,38.58
13265,Data Analyst,Data Science,1.4,Bachelor's,Berlin,Vietnam,Hybrid,Big Tech (FAANG+),Healthcare,80.1,1.4,FastAPI|SQL|BERT|PyTorch|CUDA|Python|TensorFlow|AutoGen|Java,9,37700,119100,88700,Low,Mid,2026,4,1,1,0,27.18
13266,DevOps Engineer,Software Engineering,2.6,High School,San Francisco,USA,On-site,Mid-size,Education,65.7,4,BERT,1,51600,48000,92100,Top,Mid,2026,12,1,0,0,42.91
13267,Data Analyst,Software Engineering,1.5,Bachelor's,San Francisco,China,On-site,Mid-size,Education,81.9,5.9,Docker|Python|Java|AutoGen|PyTorch|AWS,6,21100,77200,112700,Low,Junior,2026,8,0,1,1,2.6
13268,DevOps Engineer,Software Engineering,9.2,Bachelor's,Tokyo,Germany,Hybrid,Mid-size,Automotive,73.8,1.7,SQL|AutoGen|BERT|CUDA|Azure|Airflow|AWS|Java,8,51600,138200,73700,High,Junior,2026,1,0,1,0,27.21
13269,DevOps Engineer,Product Management,1.4,Bachelor's,New York,Japan,Fully Remote,Mid-size,Tech,64.6,7.3,BERT|AutoGen|Azure,3,29100,111300,73300,Low,Mid,2026,10,1,0,0,14.27
13270,DevOps Engineer,Data Science,11.3,High School,San Francisco,Singapore,Fully Remote,Enterprise,Tech,97.3,8.3,Python|Docker|AutoGen|FastAPI,4,33200,82000,83600,Low,Senior,2026,1,1,1,1,0.49
13271,Product Manager,Product Management,0.3,High School,Berlin,UK,Hybrid,Big Tech (FAANG+),Automotive,58.1,2.5,React|AWS|AutoGen|TensorFlow|SQL|FastAPI|Docker|Airflow|Azure|Java,10,39600,131900,60900,Low,Mid,2026,4,1,1,0,30.95
13272,Product Manager,IT Operations,3.7,Associate's,Tokyo,Singapore,Fully Remote,Big Tech (FAANG+),Automotive,87.7,7.6,Azure|AutoGen|FastAPI|React|Airflow|Python|Java|PyTorch|AWS|CUDA,10,46400,97800,46800,Low,Senior,2026,10,1,1,1,32.89
13273,Software Engineer,Product Management,13.4,Master's,Beijing,Singapore,On-site,Mid-size,Automotive,90,6.8,Airflow|AutoGen,2,38700,140100,52400,Medium,Lead,2026,5,1,1,0,29.54
13274,Machine Learning Engineer,IT Operations,10.8,PhD,London,Germany,Fully Remote,Enterprise,Finance,97.6,4.7,Airflow,1,,82800,90200,Top,Senior,2026,9,1,0,0,19.52
13275,DevOps Engineer,AI Engineering,1.1,PhD,Ho Chi Minh City,China,Hybrid,Mid-size,Automotive,77.5,2.5,,0,74900,111800,97900,Low,Mid,2026,5,0,1,1,40.21
13276,DevOps Engineer,AI Engineering,12.3,Bachelor's,Berlin,Japan,Fully Remote,Mid-size,Education,76.7,9.6,CUDA|PyTorch|AWS|Airflow|Java|FastAPI|Python|Docker,8,67300,180000,134700,Medium,Senior,2026,1,0,1,0,17.16
13277,Machine Learning Engineer,IT Operations,7.4,High School,Berlin,China,Fully Remote,Big Tech (FAANG+),Education,96,5.2,Airflow|FastAPI,2,80300,106300,49300,Top,Senior,2026,11,1,1,0,30.2
13278,AI Agent Developer,IT Operations,12.7,High School,Ho Chi Minh City,UK,Fully Remote,Big Tech (FAANG+),E-commerce,90.1,2.7,,0,48500,127700,48200,Medium,Senior,2026,3,0,1,1,49.8
13279,DevOps Engineer,Product Management,9,Bachelor's,Ho Chi Minh City,Singapore,On-site,Mid-size,Tech,88.2,7.5,CUDA|React|AWS|BERT|Airflow|Azure,6,48600,30100,27400,Low,Lead,2026,4,0,0,0,42.29
13280,Software Engineer,IT Operations,10.2,Master's,New York,Germany,On-site,Enterprise,Tech,89.5,6.5,PyTorch|C++|SQL|Azure|React,5,54200,105900,78900,Top,Mid,2026,7,0,0,1,32.21
13281,Data Analyst,Data Science,14.9,PhD,Berlin,USA,On-site,Mid-size,Automotive,74.7,8.3,FastAPI|React|Airflow|Docker|BERT|CUDA|PyTorch|AutoGen|AWS|Java,10,19300,108200,88500,Low,Senior,2026,2,0,0,1,33.71
13282,Data Analyst,AI Engineering,3.5,Associate's,Berlin,USA,Hybrid,Big Tech (FAANG+),Tech,52.1,10,C++|TensorFlow|SQL|AWS|Airflow|React|Azure|Python|FastAPI|CUDA,10,70700,51500,59200,High,Mid,2026,4,0,1,1,42.05
13283,Data Scientist,AI Engineering,9.4,Master's,Singapore,Germany,Fully Remote,Big Tech (FAANG+),Automotive,59.9,1.4,C++,1,42500,89200,36900,Medium,Lead,2026,8,0,1,1,8.79
13284,Data Scientist,IT Operations,6.9,High School,San Francisco,USA,On-site,Enterprise,Automotive,82.1,7.7,C++|Java|Python|CUDA|Docker,5,49100,88400,125000,Low,Junior,2026,5,0,1,0,5.51
13285,Data Analyst,Software Engineering,0.6,Bachelor's,Beijing,Singapore,On-site,Mid-size,Tech,69.8,9.9,Airflow|Java|PyTorch|CUDA|TensorFlow|SQL,6,58500,55600,84100,Top,Mid,2026,6,1,1,1,11.04
13286,Data Analyst,Software Engineering,0.2,PhD,Singapore,Japan,Fully Remote,Mid-size,Tech,80.3,5.8,AWS|Airflow,2,34600,79700,44400,Top,Junior,2026,3,1,1,0,37.23
13287,Product Manager,IT Operations,1.8,Bachelor's,Tokyo,Germany,Hybrid,Startup,E-commerce,77.6,7.4,PyTorch|C++|BERT|AWS|Java|Azure|React,7,35200,184500,66000,Medium,Lead,2026,4,0,1,1,38.49
13288,Software Engineer,Data Science,9.7,High School,Beijing,Germany,Fully Remote,Mid-size,Healthcare,71.9,5,,0,57800,100900,132300,High,Lead,2026,9,1,1,1,1.41
13289,Machine Learning Engineer,Software Engineering,8.5,Bachelor's,Singapore,China,Hybrid,Enterprise,E-commerce,61.7,4.2,AWS|CUDA|Python|React|BERT|Java,6,58700,112500,98700,Low,Junior,2026,2,1,0,1,3
13290,Data Scientist,IT Operations,8.3,PhD,Berlin,Vietnam,Fully Remote,Big Tech (FAANG+),E-commerce,85.9,7.3,Python|Airflow|C++|FastAPI|Azure|CUDA|PyTorch|SQL|AutoGen,9,95800,175400,66800,Top,Mid,2026,3,0,1,0,49.08
13291,Product Manager,Data Science,0.5,Bachelor's,Beijing,China,On-site,Startup,Tech,95.5,9.9,FastAPI|Java|Python|React|TensorFlow|CUDA|AutoGen,7,54900,400,51100,High,Junior,2026,2,1,1,0,24.61
13292,Product Manager,Data Science,7,PhD,Berlin,USA,On-site,Enterprise,Education,88.5,1.8,React|Airflow|FastAPI|Azure|PyTorch|CUDA|SQL|AWS,8,60700,186200,109000,Top,Lead,2026,2,1,0,1,26.8
13293,Machine Learning Engineer,Product Management,13.9,Bachelor's,London,Vietnam,On-site,Enterprise,E-commerce,56,4.8,React|Python|AWS|C++|Airflow|Java|CUDA|AutoGen,8,96500,129800,39300,Medium,Lead,2026,11,0,0,1,30.61
13294,Product Manager,Data Science,6,Bachelor's,New York,Germany,Hybrid,Startup,Education,76.9,9.5,Python|Docker,2,56900,50700,87500,Top,Mid,2026,9,0,0,1,48.22
13295,Software Engineer,Software Engineering,9.4,PhD,Beijing,USA,Fully Remote,Mid-size,Tech,91.8,2,Java,1,58700,50400,87100,High,Mid,2026,8,0,0,1,7.98
13296,Data Analyst,Software Engineering,11.7,Bachelor's,Berlin,UK,Hybrid,Startup,Finance,79.5,6.9,Airflow|AWS|AutoGen,3,-8300,131900,102600,Top,Senior,2026,7,1,0,0,31.65
13297,DevOps Engineer,IT Operations,11.8,Master's,Beijing,USA,On-site,Enterprise,Automotive,72,4.9,Docker|TensorFlow|SQL|FastAPI|Python|Java,6,42300,,89100,High,Junior,2026,9,1,0,1,3.79
13298,Machine Learning Engineer,IT Operations,7.8,Associate's,San Francisco,Vietnam,Hybrid,Mid-size,Healthcare,64.2,4.4,CUDA|Airflow|BERT,3,54100,117400,90600,Medium,Mid,2026,8,0,0,1,25.67
13299,Data Analyst,Data Science,12.9,Master's,San Francisco,Vietnam,Hybrid,Big Tech (FAANG+),Education,66.5,2.9,TensorFlow|Airflow|React|Python|C++|AutoGen|AWS|Docker|Java,9,34800,62100,83400,Medium,Mid,2026,9,0,0,1,22.01
13300,Data Analyst,AI Engineering,5.9,Associate's,Tokyo,Germany,Hybrid,Startup,Finance,62.1,2.6,AWS|Docker|TensorFlow|React|BERT|PyTorch,6,54300,,82600,Medium,Junior,2026,2,1,0,1,13.41
13301,AI Agent Developer,Product Management,13.3,Master's,New York,Japan,Fully Remote,Enterprise,Education,59.8,5.6,Docker|BERT|CUDA,3,64400,74200,121800,Top,Lead,2026,7,1,0,1,22.03
13302,Machine Learning Engineer,AI Engineering,3.6,Associate's,London,UK,Hybrid,Mid-size,Automotive,79.4,4.4,AWS|FastAPI,2,68500,89100,75400,Medium,Junior,2026,9,1,1,0,34.91
13303,Product Manager,Data Science,4.2,Bachelor's,Ho Chi Minh City,Germany,Hybrid,Enterprise,Automotive,75.5,5.4,AutoGen|BERT|AWS|Python|Java|CUDA|PyTorch|SQL|FastAPI,9,47800,,96700,Medium,Junior,2026,9,0,0,1,42.05
13304,DevOps Engineer,Data Science,0.8,PhD,San Francisco,UK,Hybrid,Mid-size,Healthcare,86.7,2.8,Python|Docker|C++,3,18800,72900,65000,Medium,Lead,2026,8,1,0,0,39.25
13305,Machine Learning Engineer,AI Engineering,11.9,PhD,Ho Chi Minh City,UK,On-site,Mid-size,E-commerce,65.4,4.2,Docker|Airflow,2,51700,15800,49300,High,Junior,2026,1,1,0,1,29.24
13306,Product Manager,Product Management,6.3,High School,Beijing,Germany,On-site,Startup,Automotive,73,10,Java|PyTorch|C++|BERT|AutoGen,5,41600,160100,63000,Medium,Mid,2026,3,0,1,0,44.85
13307,Data Analyst,AI Engineering,3.4,Associate's,Berlin,Singapore,Fully Remote,Big Tech (FAANG+),Healthcare,84,4.3,C++|SQL|BERT|PyTorch|Docker|Airflow|Java|CUDA|TensorFlow,9,34700,66300,68900,Top,Junior,2026,8,1,1,1,34.69
13308,DevOps Engineer,IT Operations,3.5,High School,Tokyo,USA,On-site,Mid-size,Education,98.2,4.7,TensorFlow,1,,154900,48800,Top,Mid,2026,3,0,0,0,41.91
13309,Product Manager,Software Engineering,13.5,High School,San Francisco,China,Fully Remote,Enterprise,Education,67.4,1.2,TensorFlow|PyTorch|C++,3,43100,81800,37800,Medium,Lead,2026,4,1,1,0,19.91
13310,Software Engineer,IT Operations,12.5,Associate's,New York,UK,On-site,Mid-size,Education,64.9,4.4,Java,1,,76200,104900,Top,Junior,2026,10,1,0,1,34.92
13311,Product Manager,Software Engineering,8.3,PhD,London,Singapore,Fully Remote,Big Tech (FAANG+),Education,72.5,7.9,AWS,1,,16500,60000,Medium,Senior,2026,2,1,0,0,3.73
13312,AI Agent Developer,Data Science,9.2,Associate's,London,Vietnam,Fully Remote,Enterprise,Education,86.2,5.6,PyTorch|Java|C++|CUDA,4,78800,176200,68000,Medium,Junior,2026,3,1,0,1,47.86
13313,Data Analyst,Product Management,7.1,Bachelor's,San Francisco,Germany,Fully Remote,Mid-size,Tech,98.1,6.9,Docker,1,55300,142000,60700,Top,Junior,2026,5,1,0,0,31.47
13314,Product Manager,AI Engineering,5.9,High School,San Francisco,Japan,On-site,Mid-size,Automotive,76.8,6,BERT|TensorFlow|Docker,3,55400,62100,17100,Low,,2026,12,1,1,1,42.84
13315,Data Scientist,Product Management,13.7,High School,Singapore,Singapore,Hybrid,Startup,Automotive,90.6,1.9,AutoGen|FastAPI|Python|C++|BERT|Airflow|React|AWS|Azure,9,58300,,116000,Top,Mid,2026,11,0,0,0,24.27
13316,Data Scientist,AI Engineering,1.9,Associate's,London,USA,On-site,Big Tech (FAANG+),E-commerce,73.2,4,AutoGen|PyTorch|Java|BERT|Docker|Azure|AWS|TensorFlow|Python,9,22500,142800,52000,High,Senior,2026,6,0,0,1,1.54
13317,AI Agent Developer,IT Operations,6.3,High School,Ho Chi Minh City,Singapore,Hybrid,Mid-size,E-commerce,52,7.2,,0,,,100300,High,Senior,2026,6,1,0,0,24.6
13318,Software Engineer,IT Operations,5.2,PhD,New York,UK,On-site,Big Tech (FAANG+),Tech,94.7,5.9,PyTorch|React|TensorFlow|C++|Airflow|Docker|AWS|SQL|CUDA,9,115000,106900,50200,Low,Lead,2026,7,0,0,1,36.29
13319,Data Analyst,AI Engineering,7.5,High School,Singapore,Japan,Hybrid,Mid-size,Automotive,64.5,7.1,SQL|Java|React|Airflow|AWS|PyTorch|C++|TensorFlow|BERT,9,,99500,80700,High,Lead,2026,12,1,1,1,3.27
13320,Machine Learning Engineer,Product Management,6.9,Associate's,Ho Chi Minh City,Singapore,On-site,Enterprise,E-commerce,56.9,4.2,PyTorch|React|AWS|SQL|TensorFlow|C++|AutoGen|CUDA,8,36500,68700,98800,Top,Junior,2026,10,0,1,0,5.02
13321,AI Agent Developer,AI Engineering,7.8,PhD,Beijing,USA,Fully Remote,Big Tech (FAANG+),Healthcare,99.8,2.7,,0,39000,83900,45600,Top,Mid,2026,8,0,0,0,2.72
13322,Software Engineer,Data Science,2.1,PhD,London,Singapore,Fully Remote,Enterprise,Education,67.4,8.5,Azure|TensorFlow|React|Docker|Airflow|Python,6,56000,61300,64800,High,Junior,2026,6,0,1,0,5.99
13323,Machine Learning Engineer,IT Operations,7.7,High School,New York,Germany,Fully Remote,Big Tech (FAANG+),Education,56.8,4.4,Airflow,1,,141400,59500,Medium,Mid,2026,10,0,0,1,30.72
13324,Data Scientist,Data Science,3.6,Associate's,San Francisco,Japan,Hybrid,Enterprise,Automotive,65.6,6.9,Python|C++|SQL|Airflow|Java|Docker|BERT,7,,166400,63700,High,Lead,2026,6,0,1,1,43.72
13325,Data Scientist,IT Operations,2.8,High School,London,Vietnam,Hybrid,Mid-size,Education,75.7,4.4,PyTorch|FastAPI,2,61700,,smrfeqptv9iabro,Low,Mid,2026,2,0,1,1,23.55
13326,Machine Learning Engineer,IT Operations,1,Bachelor's,Ho Chi Minh City,UK,Fully Remote,Enterprise,Education,54.4,9.3,FastAPI|Java|C++|TensorFlow|BERT,5,57800,79000,109700,High,Mid,2026,3,0,0,0,40.44
13327,AI Agent Developer,Software Engineering,11.4,Bachelor's,Ho Chi Minh City,UK,Hybrid,Enterprise,Healthcare,67.6,9.9,React|Python|FastAPI,3,74500,,66100,Low,Lead,2026,6,0,1,1,19.93
13328,Data Scientist,Data Science,6.4,PhD,Ho Chi Minh City,Japan,Fully Remote,Mid-size,Finance,83.4,6.8,FastAPI|Python|Azure|CUDA|C++|AutoGen|BERT|PyTorch|React|Airflow,10,52900,,81700,Low,Lead,2026,6,1,1,1,42.76
13329,Data Analyst,Data Science,9.4,High School,London,USA,On-site,Big Tech (FAANG+),Tech,95.8,6.4,Python|React,2,49200,122400,42200,Top,Mid,2026,6,0,1,1,7.88
13330,DevOps Engineer,Software Engineering,10.9,Bachelor's,New York,Germany,Hybrid,Enterprise,E-commerce,69.9,8.6,Docker|Azure|React,3,,105800,136700,High,Senior,2026,4,0,0,1,28.7
13331,Product Manager,Product Management,10.2,Master's,New York,Singapore,Hybrid,Startup,Finance,78.2,5.6,AWS|Azure|React|Java|PyTorch|Airflow|BERT|C++|Python,9,54700,71200,87500,Medium,Mid,2026,11,1,0,1,26.01
13332,Machine Learning Engineer,Data Science,7.1,Bachelor's,Beijing,Singapore,On-site,Startup,E-commerce,81.8,8.8,SQL|Python|CUDA|Azure|PyTorch|AutoGen|AWS|Docker|TensorFlow,9,29200,146900,96000,Low,Lead,2026,2,1,1,1,5.14
13333,Machine Learning Engineer,AI Engineering,5.8,High School,London,China,Hybrid,Enterprise,Finance,53.5,4.7,Docker|BERT|FastAPI|Azure|C++|AutoGen,6,71800,105000,63000,High,Senior,2026,8,1,0,0,11.91
13334,Data Scientist,Software Engineering,5.6,High School,Beijing,UK,Hybrid,Enterprise,Education,67.1,1.3,CUDA,1,62500,118400,101800,High,,2026,2,0,1,1,24.23
13335,AI Agent Developer,Data Science,9.6,Bachelor's,Tokyo,Singapore,Hybrid,Enterprise,E-commerce,84.2,9.3,CUDA|Airflow|Java|PyTorch|Docker|Azure|FastAPI|Python|C++,9,54500,15800,9pzeple3ndko06e,Top,,2026,3,1,0,0,38.59
13336,Data Analyst,Product Management,7.4,High School,Beijing,Vietnam,On-site,Big Tech (FAANG+),Tech,86.8,7.5,PyTorch|FastAPI|TensorFlow|Azure|React,5,41900,91300,99100,Medium,Lead,2026,1,0,0,1,45.24
13337,AI Agent Developer,Data Science,12.7,High School,Beijing,UK,Fully Remote,Mid-size,Automotive,67.8,5.6,C++|React|Azure,3,82800,128400,51900,Medium,Junior,2026,9,1,0,1,36.78
13338,Software Engineer,IT Operations,13.1,Master's,Beijing,UK,Fully Remote,Startup,Healthcare,50.3,9.5,CUDA|AutoGen|FastAPI|Airflow|C++,5,39000,50600,79500,High,Lead,2026,3,0,1,0,14.65
13339,Software Engineer,AI Engineering,2.6,PhD,San Francisco,China,On-site,Startup,Finance,50.3,9,TensorFlow|Docker|BERT|Java|Airflow|CUDA|C++|PyTorch,8,,30100,24200,Medium,Senior,2026,2,0,0,0,5.14
13340,DevOps Engineer,Software Engineering,2,High School,Ho Chi Minh City,China,On-site,Big Tech (FAANG+),Healthcare,76.9,2,AWS|C++|CUDA|AutoGen|Azure|Python,6,43800,145300,90600,Low,Senior,2026,6,1,0,0,26.26
13341,Data Scientist,IT Operations,9.5,Associate's,Tokyo,Germany,On-site,Enterprise,Healthcare,77.6,6.6,Python,1,66500,105000,88900,Top,Lead,2026,8,1,0,0,17.22
13342,Data Scientist,Product Management,4.5,PhD,Singapore,Singapore,Fully Remote,Enterprise,E-commerce,77.8,5.8,,0,78700,108000,28800,High,Senior,2026,4,1,0,0,28.17
13343,Data Scientist,IT Operations,0.3,PhD,San Francisco,Singapore,On-site,Mid-size,Automotive,86.1,8,AWS|Airflow|Docker|SQL|BERT|TensorFlow,6,71200,116100,46700,Medium,Lead,2026,1,1,0,1,19.9
13344,DevOps Engineer,IT Operations,13.3,Associate's,Beijing,UK,Fully Remote,Mid-size,E-commerce,96.1,3.7,AWS|Azure|PyTorch|React|Java|Docker|FastAPI|CUDA|Airflow|BERT,10,23800,110300,54500,High,Mid,2026,7,0,0,1,18.96
13345,Software Engineer,Product Management,3.4,Bachelor's,New York,UK,On-site,Startup,Healthcare,99.5,1.1,AutoGen,1,48800,-19100,87300,Medium,Lead,2026,3,1,0,1,45.6
13346,AI Agent Developer,IT Operations,13.9,Master's,Beijing,USA,Hybrid,Mid-size,Education,85.1,2.7,Java|Docker|SQL|CUDA|Airflow,5,40400,83700,4600,Low,Lead,2026,5,0,1,1,33.38
13347,DevOps Engineer,Software Engineering,10.8,High School,Ho Chi Minh City,USA,Fully Remote,Startup,Tech,75.7,2.9,AutoGen|SQL|Airflow,3,57900,94300,123700,High,Mid,2026,11,1,1,0,33.49
13348,DevOps Engineer,Data Science,11.4,Bachelor's,San Francisco,Singapore,Fully Remote,Big Tech (FAANG+),Automotive,57,3.6,C++|Azure|PyTorch|BERT|AWS|AutoGen|Airflow|SQL|React|Docker,10,44200,106500,56400,Top,Senior,2026,2,0,0,1,6.69
13349,AI Agent Developer,IT Operations,3,Associate's,Berlin,Japan,On-site,Enterprise,Automotive,69.2,4.3,React|PyTorch|Python|C++|Airflow|SQL,6,65500,101100,149700,Medium,Senior,2026,8,1,0,1,19.48
13350,Data Scientist,Software Engineering,3.5,Master's,Singapore,Japan,Hybrid,Enterprise,Education,78.6,7.4,React|PyTorch|Java|Airflow|AWS|C++|SQL,7,40900,82800,75300,Top,Senior,2026,3,0,0,0,38.14
13351,Data Analyst,Data Science,7.8,Master's,Tokyo,Vietnam,Fully Remote,Startup,Healthcare,100,1.7,PyTorch|C++|React,3,33100,135200,16100,Top,Junior,2026,9,1,0,1,28.35
13352,AI Agent Developer,Data Science,2.6,Master's,Berlin,Singapore,On-site,Enterprise,E-commerce,56.3,5.4,BERT|Docker|SQL|Python|C++|Airflow|TensorFlow|PyTorch|Java|Azure,10,76200,88600,35500,Low,Junior,2026,1,1,1,1,23.02
13353,Software Engineer,IT Operations,4.6,Associate's,Berlin,Singapore,Hybrid,Big Tech (FAANG+),Education,89.7,5.5,,0,49400,107400,75500,Low,Lead,2026,6,1,0,0,48.64
13354,Machine Learning Engineer,Software Engineering,4.8,Bachelor's,Tokyo,Singapore,Fully Remote,Mid-size,Tech,99.9,6.5,TensorFlow|AutoGen|Docker|Python,4,67700,163800,40800,Medium,Lead,2026,3,0,0,0,6.82
13355,Machine Learning Engineer,IT Operations,2.4,High School,London,Vietnam,On-site,Big Tech (FAANG+),Finance,90.3,3.8,Java|PyTorch|Python|SQL|C++|Airflow,6,27000,42500,50000,High,,2026,4,0,0,0,8.04
13356,Product Manager,Product Management,3.1,Master's,Singapore,USA,Hybrid,Enterprise,E-commerce,88.4,3.3,Airflow|PyTorch,2,30900,9300,13300,Medium,Mid,2026,11,1,0,0,28.16
13357,Product Manager,Data Science,11.8,Master's,San Francisco,Japan,Fully Remote,Big Tech (FAANG+),Automotive,62.9,5.4,SQL|Python|Azure|BERT|Airflow,5,,,63700,Medium,Mid,2026,4,1,1,1,20.26
13358,DevOps Engineer,IT Operations,2.5,Bachelor's,Singapore,Singapore,Fully Remote,Enterprise,Education,50.2,6.9,AWS|Airflow|BERT|C++|AutoGen|TensorFlow|Azure|CUDA|Python|React,10,34500,123500,111900,Low,Junior,2026,8,1,1,0,24.03
13359,Machine Learning Engineer,Data Science,0.4,Master's,New York,Vietnam,Hybrid,Startup,E-commerce,61.3,1.4,AWS|PyTorch|FastAPI|BERT|SQL,5,36500,187100,57000,Medium,Mid,2026,9,0,1,0,27.39
13360,Data Analyst,Software Engineering,9.4,Master's,Ho Chi Minh City,UK,On-site,Mid-size,Finance,89.5,3.6,Azure|SQL,2,34700,101300,88300,Medium,Lead,2026,5,1,0,0,6.37
13361,Data Scientist,AI Engineering,14.6,Associate's,Tokyo,Japan,On-site,Mid-size,Tech,55.4,8.1,Python|AutoGen|FastAPI|C++|Java|Azure|SQL|React|AWS|Airflow,10,49200,93000,48100,High,Mid,2026,12,1,0,1,13.51
13362,Software Engineer,IT Operations,5,PhD,San Francisco,China,Hybrid,Enterprise,Education,64.8,5.4,Airflow|PyTorch,2,,79000,100300,Medium,Lead,2026,11,0,0,0,26.86
13363,Product Manager,IT Operations,1.8,Bachelor's,Berlin,Japan,Fully Remote,Enterprise,Tech,78.1,9.6,Python|PyTorch|Airflow|SQL|React|CUDA|TensorFlow|Java,8,34900,143400,62300,High,Senior,2026,10,1,0,0,9.68
13364,Data Analyst,Data Science,8.6,Bachelor's,Ho Chi Minh City,UK,Hybrid,Mid-size,Finance,79,8.8,,0,54300,120400,81300,Medium,Senior,2026,10,0,0,0,41.98
13365,Software Engineer,Software Engineering,13.6,Bachelor's,Ho Chi Minh City,USA,Hybrid,Big Tech (FAANG+),Finance,77.1,4.1,Docker|BERT|Airflow|Java|Azure|PyTorch|FastAPI|TensorFlow,8,89200,132800,55300,Low,Junior,2026,3,1,0,0,39.17
13366,Software Engineer,Product Management,11.8,Associate's,London,Germany,Hybrid,Big Tech (FAANG+),Healthcare,99,7.5,Java|Azure|SQL,3,59500,111100,66400,Medium,Lead,2026,9,1,0,1,28.41
13367,Data Scientist,Software Engineering,9.3,Associate's,Berlin,Germany,Fully Remote,Big Tech (FAANG+),Automotive,50.6,3.5,BERT|Python|Java|C++|Azure,5,57700,134300,41700,High,Senior,2026,1,1,1,1,24.75
13368,DevOps Engineer,IT Operations,4.7,High School,Beijing,USA,Hybrid,Mid-size,Healthcare,74.4,2.6,,0,44600,156200,115200,Top,Lead,2026,1,0,0,1,46.48
13369,Machine Learning Engineer,Product Management,8.1,Associate's,Ho Chi Minh City,UK,Hybrid,Startup,E-commerce,75.2,8.9,CUDA|React|AutoGen|C++|Java|Airflow|Azure|TensorFlow,8,10400,123800,76200,High,Mid,2026,3,1,0,0,37.62
13370,Data Scientist,Software Engineering,1.4,Bachelor's,Berlin,Vietnam,Fully Remote,Enterprise,Finance,64.7,4.2,AWS,1,46000,78400,55100,Medium,Senior,2026,2,1,1,0,1.91
13371,Data Analyst,AI Engineering,10.2,High School,Singapore,Japan,Fully Remote,Enterprise,Healthcare,76.3,2.8,C++|BERT|AutoGen|CUDA|React|TensorFlow|AWS,7,29600,61400,68200,Medium,Mid,2026,8,0,1,0,11.17
13372,DevOps Engineer,Data Science,10.9,PhD,Ho Chi Minh City,Japan,Hybrid,Mid-size,Automotive,83.7,9.7,AutoGen|Python|Airflow|SQL|PyTorch,5,70500,106200,85500,Medium,Lead,2026,5,0,1,1,3.65
13373,Data Analyst,Software Engineering,14.5,Master's,London,Vietnam,On-site,Startup,Automotive,83.6,1.3,Java|React|AutoGen|Azure|PyTorch|BERT|C++|AWS|Airflow|CUDA,10,81400,160500,91800,High,Junior,2026,10,0,1,0,49.73
13374,DevOps Engineer,Software Engineering,3.9,Master's,London,Germany,Hybrid,Mid-size,Finance,54.4,4.3,Python,1,31800,108200,60400,High,Senior,2026,1,1,1,0,21.11
13375,Product Manager,AI Engineering,0.3,High School,Beijing,Singapore,Fully Remote,Big Tech (FAANG+),Education,90.1,1.3,,0,49600,33600,92500,Low,Junior,2026,3,1,1,1,6.71
13376,Data Analyst,IT Operations,8.2,PhD,London,Singapore,Fully Remote,Big Tech (FAANG+),Healthcare,96.5,5.5,TensorFlow|SQL|Airflow|C++|Azure|React|FastAPI,7,22800,171100,74700,Medium,Senior,2026,3,1,1,0,17.91
13377,Data Scientist,Data Science,10.6,Master's,San Francisco,USA,Fully Remote,Enterprise,Tech,56.2,4.6,FastAPI|BERT|Azure|Airflow|AutoGen|AWS|Python,7,66600,118500,54400,Top,Senior,2026,2,0,0,1,49
13378,DevOps Engineer,Software Engineering,11.9,High School,Berlin,Singapore,On-site,Enterprise,Finance,70.8,7.5,Azure|React|AutoGen|Python|Airflow|BERT|C++|Docker,8,75000,96400,65200,High,Senior,2026,9,0,1,0,7.15
13379,DevOps Engineer,Product Management,2.9,Associate's,Tokyo,USA,Fully Remote,Enterprise,E-commerce,75.6,9.6,FastAPI|React|PyTorch|Docker|C++|Python|AutoGen|AWS|Java|BERT,10,61400,93300,59300,High,Junior,2026,1,1,0,1,17.85
13380,Software Engineer,Software Engineering,3.9,Bachelor's,London,Singapore,On-site,Enterprise,Healthcare,56.7,5.7,BERT|AutoGen|CUDA|Airflow|Azure|SQL|React,7,56400,7800,122000,High,Senior,2026,10,0,1,0,13.79
13381,Software Engineer,Data Science,7.7,PhD,Tokyo,China,Fully Remote,Big Tech (FAANG+),Healthcare,75.2,3.6,React|Airflow|Java,3,49100,66900,77900,High,Mid,2026,5,0,0,1,39.51
13382,AI Agent Developer,Software Engineering,5,Master's,Beijing,Germany,Fully Remote,Big Tech (FAANG+),Finance,60.3,8.8,C++|FastAPI|AutoGen|AWS|BERT|Docker,6,59900,66200,93600,Top,Lead,2026,9,0,1,1,1.28
13383,Data Analyst,AI Engineering,12.9,Bachelor's,Singapore,USA,Hybrid,Startup,Education,96.8,6.4,Java,1,44500,125000,105000,Low,Senior,2026,12,1,1,1,47.34
13384,Software Engineer,Software Engineering,7.1,High School,New York,China,On-site,Enterprise,Healthcare,72.4,6,PyTorch,1,42500,91500,77300,Top,Senior,2026,3,0,0,0,43.43
13385,AI Agent Developer,Software Engineering,12,Master's,Ho Chi Minh City,Vietnam,Hybrid,Mid-size,Healthcare,99.7,2.7,React|C++,2,75100,143600,98600,Top,Mid,2026,10,1,0,1,18.22
13386,Product Manager,Product Management,8.7,Bachelor's,San Francisco,Germany,On-site,Startup,E-commerce,52.3,1.4,Java|React|FastAPI|Airflow,4,65600,13700,75700,High,Junior,2026,3,1,0,1,45.06
13387,Product Manager,AI Engineering,11.6,Associate's,Ho Chi Minh City,Germany,Fully Remote,Startup,Education,56.4,5.2,Java|AutoGen|AWS|SQL|Python|TensorFlow|React,7,38600,190400,72600,High,Junior,2026,7,1,1,0,21.29
13388,Software Engineer,AI Engineering,5,PhD,Berlin,USA,Fully Remote,Big Tech (FAANG+),E-commerce,72.2,5.8,React|AWS|FastAPI|Python|Docker|Airflow|C++|TensorFlow|Azure,9,86100,149700,67100,Medium,Mid,2026,1,0,1,1,14.6
13389,Data Analyst,Software Engineering,12.5,High School,Beijing,USA,On-site,Enterprise,Tech,93.7,2.1,FastAPI|CUDA,2,36100,117200,63600,Low,Senior,2026,9,0,1,1,20.35
13390,DevOps Engineer,Product Management,4.1,Master's,Beijing,UK,Hybrid,Startup,E-commerce,77.8,1.5,C++|FastAPI|TensorFlow|AWS|Python|PyTorch,6,88700,86100,88100,Low,,2026,7,1,1,1,41.25
13391,Machine Learning Engineer,Software Engineering,8.2,Associate's,Beijing,Singapore,On-site,Enterprise,Tech,86.6,2.9,Java|Docker|AutoGen|PyTorch|AWS|CUDA|FastAPI|Airflow,8,24000,131500,48400,Low,Mid,2026,12,1,1,0,28.06
13392,Data Analyst,Software Engineering,3.2,PhD,Ho Chi Minh City,Vietnam,On-site,Big Tech (FAANG+),E-commerce,71.2,1.6,PyTorch|Azure|Docker|FastAPI|Python|TensorFlow,6,47100,103500,45900,Medium,Lead,2026,12,0,0,1,10.86
13393,Data Scientist,Data Science,7.1,PhD,London,Vietnam,On-site,Startup,Tech,52,1.5,,0,59100,92100,97200,Low,Lead,2026,8,1,0,0,3.48
13394,Product Manager,Data Science,4.8,Associate's,Ho Chi Minh City,Japan,Fully Remote,Startup,Education,82.4,5,AutoGen|FastAPI|Python|Docker|PyTorch|TensorFlow|BERT|C++|SQL|Airflow,10,57000,129900,104100,Top,Senior,2026,2,0,1,0,30.33
13395,Software Engineer,Product Management,4,Master's,Ho Chi Minh City,China,On-site,Mid-size,E-commerce,81.7,8.3,AutoGen|PyTorch|Java|Docker|TensorFlow|Airflow|Python|SQL|BERT,9,53700,134700,117200,High,Mid,2026,3,0,1,1,40.92
13396,Software Engineer,IT Operations,14.5,PhD,Ho Chi Minh City,China,Fully Remote,Big Tech (FAANG+),E-commerce,53.6,7,FastAPI|AutoGen|SQL|Azure|TensorFlow,5,75500,114200,64800,Top,Junior,2026,9,0,1,0,42.78
13397,DevOps Engineer,Data Science,2.4,High School,Singapore,UK,Hybrid,Mid-size,Finance,58.5,7.1,Airflow|BERT|AWS,3,58800,80900,31800,Top,Junior,2026,4,0,0,0,41.15
13398,Data Scientist,IT Operations,11.8,Bachelor's,Singapore,Japan,Fully Remote,Big Tech (FAANG+),E-commerce,73.8,3.4,BERT|SQL|Azure|Java|AutoGen|FastAPI|AWS|Python,8,60300,95200,27700,Low,Lead,2026,5,0,0,0,25.67
13399,DevOps Engineer,AI Engineering,14.8,High School,London,Vietnam,Hybrid,Mid-size,Tech,72.3,1.1,Python|PyTorch|Java|Azure|Airflow|AutoGen,6,37900,,108200,High,Junior,2026,9,1,0,0,18.89
13400,Data Scientist,Data Science,0.3,PhD,New York,Singapore,Hybrid,Big Tech (FAANG+),Finance,87.6,5.1,AutoGen,1,66400,43900,96700,Low,Mid,2026,10,1,0,1,48.77
13401,Machine Learning Engineer,Data Science,10.5,Bachelor's,Berlin,Singapore,Hybrid,Big Tech (FAANG+),Tech,69.4,4.4,,0,41200,75900,86500,Low,Lead,2026,8,1,0,0,46.12
13402,Product Manager,Product Management,3.8,Associate's,New York,Singapore,Fully Remote,Startup,E-commerce,83.2,9.5,BERT,1,72800,138800,90900,High,Lead,2026,5,0,0,1,37.6
13403,Software Engineer,IT Operations,0.6,Bachelor's,New York,Singapore,On-site,Mid-size,E-commerce,85.2,1.6,Azure|TensorFlow|AutoGen,3,78800,104700,92100,Medium,Senior,2026,11,1,1,1,21.5
13404,Software Engineer,Data Science,6,Bachelor's,Ho Chi Minh City,China,Fully Remote,Mid-size,Tech,82.3,8,Docker|C++|AutoGen|Java|AWS|Azure|TensorFlow|Python,8,51600,138100,122400,Medium,Lead,2026,2,1,0,0,48.67
13405,Machine Learning Engineer,Data Science,14,Bachelor's,San Francisco,Vietnam,Hybrid,Mid-size,Education,79.8,4.5,,0,60500,151700,47700,Medium,Lead,2026,3,0,0,0,18.7
13406,AI Agent Developer,Product Management,0.2,PhD,New York,Singapore,On-site,Startup,Education,90.3,8.5,FastAPI|AWS|CUDA,3,55700,114500,53100,High,Junior,2026,3,1,1,1,34.22
13407,Product Manager,Product Management,8.8,Master's,Ho Chi Minh City,Vietnam,Fully Remote,Enterprise,Education,82.9,5.5,CUDA,1,48600,58500,87200,Top,Lead,2026,12,0,1,1,14.72
13408,DevOps Engineer,IT Operations,7.5,PhD,Ho Chi Minh City,Japan,Hybrid,Big Tech (FAANG+),Healthcare,91.7,8.4,Airflow|SQL|PyTorch|C++,4,45600,132500,94200,Top,Lead,2026,7,0,0,0,41.78
13409,Machine Learning Engineer,AI Engineering,13.1,Master's,Berlin,China,Hybrid,Mid-size,Finance,81.8,5.2,Azure|TensorFlow|Docker|React|Java|C++|CUDA|AWS|BERT|FastAPI,10,27300,54600,44800,High,Senior,2026,6,0,1,1,43.01
13410,DevOps Engineer,AI Engineering,1.3,Associate's,Beijing,USA,On-site,Big Tech (FAANG+),Finance,57.9,4.6,SQL|Airflow,2,36800,78600,95700,Low,Senior,2026,7,0,0,0,25.46
13411,Data Analyst,Software Engineering,10.2,Associate's,Ho Chi Minh City,USA,Fully Remote,Startup,Education,65.5,9.7,AWS|CUDA|SQL|React|PyTorch|Docker|BERT|TensorFlow|Python|FastAPI,10,,154200,63900,Low,Lead,2026,8,0,1,1,28.11
13412,Software Engineer,Data Science,10.2,Associate's,Singapore,Japan,On-site,Big Tech (FAANG+),E-commerce,66.5,4.3,,0,,99800,88000,High,Junior,2026,11,1,0,0,47.43
13413,DevOps Engineer,IT Operations,10,Associate's,New York,China,On-site,Startup,Finance,54.7,8.2,Java|FastAPI|Azure|AWS|Airflow|BERT|React|Python|SQL|Docker,10,56900,118400,42700,Low,Mid,2026,5,1,1,0,7.11
13414,Data Scientist,Data Science,14.1,Associate's,Berlin,UK,On-site,Enterprise,Tech,84.6,1.6,AutoGen|Python|AWS,3,72800,18400,26700,Low,Junior,2026,6,0,1,1,23.57
13415,DevOps Engineer,IT Operations,12.3,High School,Tokyo,Germany,On-site,Mid-size,E-commerce,79.8,1.6,AWS|CUDA|Docker|Airflow,4,15100,87300,89300,Medium,Mid,2026,1,0,1,1,26.42
13416,Data Analyst,IT Operations,0.6,PhD,Tokyo,Japan,Fully Remote,Startup,Finance,79.5,4.9,CUDA|FastAPI|C++|PyTorch|Java|Docker,6,77300,111300,125000,High,Senior,2026,4,0,0,0,40.82
13417,Product Manager,IT Operations,7.1,Master's,Tokyo,Vietnam,On-site,Big Tech (FAANG+),Automotive,73.9,6.3,CUDA,1,63100,103800,76000,Medium,Lead,2026,6,1,0,0,38.89
13418,Software Engineer,Data Science,6,Associate's,New York,Japan,Hybrid,Startup,Finance,77.2,6.5,PyTorch|AutoGen|AWS|Python|FastAPI|CUDA|C++,7,70800,131500,120600,Top,Junior,2026,4,0,0,1,30.1
13419,Machine Learning Engineer,Product Management,4.7,High School,Beijing,Germany,Hybrid,Startup,Education,50.4,1.3,Python|BERT|React|TensorFlow|Java,5,,74700,40600,Top,,2026,1,0,1,1,7.78
13420,Data Analyst,Data Science,6.8,High School,London,Japan,Hybrid,Enterprise,Tech,54.8,7.3,CUDA|PyTorch|Azure|SQL|BERT|Python|React|FastAPI,8,42100,145900,52900,Top,Mid,2026,3,0,0,1,20.31
13421,Software Engineer,IT Operations,5.8,High School,San Francisco,China,On-site,Mid-size,Finance,84.2,2.2,Airflow|BERT|SQL|Python|CUDA|AutoGen,6,29000,,87300,Top,Mid,2026,3,0,1,1,4.56
13422,DevOps Engineer,Software Engineering,6.5,PhD,Beijing,Vietnam,Hybrid,Startup,Healthcare,63.1,9.6,TensorFlow|AutoGen|CUDA,3,,100900,88400,Low,Lead,2026,3,0,1,0,7.52
13423,Product Manager,AI Engineering,14.7,Associate's,San Francisco,Germany,Fully Remote,Startup,Education,55.4,4,AWS|BERT,2,60200,60500,62400,Low,Lead,2026,4,1,1,0,11.33
13424,AI Agent Developer,IT Operations,1.3,High School,Berlin,Singapore,On-site,Big Tech (FAANG+),Healthcare,66.4,3.4,Azure|React|CUDA|SQL|AutoGen,5,68700,122100,89700,Medium,Senior,2026,11,1,0,0,16.68
13425,Product Manager,Software Engineering,13.8,High School,Beijing,USA,On-site,Startup,E-commerce,62.7,3.6,SQL|FastAPI|Java|C++|BERT|AutoGen,6,42400,69700,61600,High,Lead,2026,9,1,0,1,22.01
13426,AI Agent Developer,Product Management,7.2,Associate's,Tokyo,UK,On-site,Startup,Healthcare,51.5,9.4,TensorFlow|FastAPI|SQL|Airflow|PyTorch|Docker|AWS|CUDA|React,9,66400,110500,77900,Low,Junior,2026,9,1,0,0,36.03
13427,Data Scientist,IT Operations,9.4,PhD,Beijing,Japan,Fully Remote,Mid-size,Tech,70.5,5.3,PyTorch|TensorFlow|Java|AWS|SQL,5,50100,132600,83700,High,Junior,2026,8,0,0,1,1.16
13428,Product Manager,Software Engineering,12.5,High School,Berlin,Japan,On-site,Mid-size,Automotive,51.4,4.9,BERT|Azure|TensorFlow|FastAPI|C++|React|AutoGen,7,73500,,121300,Medium,Junior,2026,3,1,0,1,43.6
13429,Software Engineer,IT Operations,5.4,Master's,Berlin,Germany,On-site,Big Tech (FAANG+),Automotive,50,6.1,Docker|AutoGen|C++|SQL|Airflow,5,63800,204700,53000,Top,Mid,2026,12,1,1,1,49.6
13430,AI Agent Developer,Data Science,6.5,Bachelor's,Tokyo,UK,Hybrid,Startup,E-commerce,89.6,9.4,Azure|PyTorch|BERT|TensorFlow,4,,100300,89900,Low,Lead,2026,2,0,1,1,48.21
13431,Machine Learning Engineer,Software Engineering,6.1,Bachelor's,Singapore,Japan,Hybrid,Startup,E-commerce,65.7,3.8,React,1,55800,87600,96200,Top,Lead,2026,3,0,0,0,21.25
13432,Software Engineer,Data Science,5.6,Bachelor's,New York,USA,On-site,Startup,Healthcare,78.4,2.6,AWS|Java,2,22300,74900,132200,Medium,Mid,2026,11,0,0,1,19.97
13433,Machine Learning Engineer,Data Science,13.9,PhD,San Francisco,Germany,Fully Remote,Enterprise,Tech,64.9,6.4,Docker|CUDA|Airflow|C++|BERT|Java|PyTorch|TensorFlow|Python,9,73900,124600,113000,High,,2026,5,1,1,0,26.12
13434,Product Manager,Software Engineering,12.4,High School,Ho Chi Minh City,China,Hybrid,Enterprise,Healthcare,96.5,5.4,Docker|C++|React|PyTorch|CUDA,5,63300,94900,92100,Low,Mid,2026,7,1,0,1,33.23
13435,Machine Learning Engineer,AI Engineering,1.6,Bachelor's,London,Vietnam,On-site,Big Tech (FAANG+),Tech,86.5,1.6,Java|React|SQL|C++|Azure,5,64100,66200,26400,High,Senior,2026,2,0,0,1,13.88
13436,AI Agent Developer,Software Engineering,1.6,Bachelor's,London,USA,Hybrid,Enterprise,Tech,68.5,5.7,CUDA|C++|Python|Docker,4,68400,64900,87100,High,Junior,2026,6,1,0,0,32.75
13437,Software Engineer,AI Engineering,6.4,Associate's,Tokyo,UK,Hybrid,Big Tech (FAANG+),Automotive,60.5,6.1,CUDA|PyTorch|Java|Python|FastAPI,5,54400,150200,102800,Top,Junior,2026,11,1,1,0,15.46
13438,DevOps Engineer,IT Operations,1.5,High School,Singapore,UK,Fully Remote,Startup,Tech,56.9,7.2,CUDA|Azure,2,20800,135300,47800,Low,Senior,2026,11,0,0,0,33.03
13439,Data Analyst,IT Operations,9.3,High School,London,USA,On-site,Enterprise,Finance,88.1,10,AWS|AutoGen|C++,3,69300,152900,53400,Medium,Junior,2026,2,0,0,0,32.63
13440,AI Agent Developer,Software Engineering,2.2,Associate's,Beijing,Singapore,Hybrid,Mid-size,Tech,72.7,4.8,FastAPI,1,35300,42900,120500,Low,Junior,2026,1,0,0,1,0.04
13441,AI Agent Developer,IT Operations,7.8,High School,Berlin,China,On-site,Enterprise,Automotive,61.6,5.6,Python,1,33600,85700,106200,High,Lead,2026,11,0,0,1,43.56
13442,DevOps Engineer,Product Management,0.1,Master's,San Francisco,Japan,Fully Remote,Startup,Education,96,1.7,PyTorch|BERT|FastAPI|AWS|C++|AutoGen|CUDA|Python|Docker|React,10,65000,63400,36900,Top,Junior,2026,3,0,0,0,9.63
13443,Software Engineer,Data Science,4.7,PhD,Singapore,China,Fully Remote,Mid-size,Healthcare,69.5,8.5,BERT|TensorFlow|Docker|AutoGen|AWS|Azure|Airflow,7,,105400,75700,High,Junior,2026,4,1,0,1,49.64
13444,Software Engineer,Data Science,10.2,Associate's,Berlin,Japan,Hybrid,Big Tech (FAANG+),Tech,77.2,1.9,AutoGen|Azure|C++|Java|Python,5,53400,68400,74700,High,Mid,2026,2,1,0,0,27.5
13445,Product Manager,AI Engineering,7.3,Bachelor's,Tokyo,Japan,Fully Remote,Startup,Finance,92.9,9.4,AutoGen|CUDA|AWS|BERT|Airflow,5,64500,155900,114700,Low,Senior,2026,3,1,0,0,19.33
13446,Machine Learning Engineer,IT Operations,14.7,High School,Berlin,UK,Hybrid,Mid-size,E-commerce,91.7,4.1,SQL|FastAPI|Python|Azure|Java,5,63900,,116600,High,Junior,2026,12,1,1,1,4.59
13447,Product Manager,AI Engineering,13.1,Master's,San Francisco,Japan,On-site,Enterprise,Healthcare,81.9,4,CUDA|TensorFlow|AWS,3,72000,174300,82600,Low,Mid,2026,6,1,1,1,34.05
13448,DevOps Engineer,Data Science,5.4,Master's,Ho Chi Minh City,USA,Hybrid,Big Tech (FAANG+),E-commerce,94.4,4,PyTorch|BERT|Azure|Java|Airflow|Docker,6,39000,,49900,Low,Junior,2026,9,0,1,1,17.99
13449,Product Manager,Data Science,0.7,PhD,Berlin,Singapore,Hybrid,Enterprise,Finance,97.6,9.6,SQL|React|Docker|Azure,4,43900,,64400,High,Mid,2026,2,1,1,1,48.15
13450,DevOps Engineer,IT Operations,12.7,Master's,Berlin,Japan,Fully Remote,Mid-size,Automotive,96.8,9.8,Airflow,1,57000,169100,29700,Top,Mid,2026,7,1,1,1,42.86
13451,Software Engineer,Product Management,13.7,High School,Singapore,USA,On-site,Mid-size,Education,67.5,9.8,Docker|FastAPI,2,24300,,36100,High,Senior,2026,1,1,0,0,6.22
13452,Machine Learning Engineer,Product Management,12.3,High School,San Francisco,Vietnam,On-site,Startup,Automotive,69.9,7.3,AutoGen|AWS|TensorFlow,3,34000,133700,142500,Top,Mid,2026,4,0,0,1,22.88
13453,Product Manager,IT Operations,1.9,Master's,Beijing,UK,Hybrid,Big Tech (FAANG+),Education,62,2,Docker|AWS|FastAPI|BERT|C++|AutoGen|Azure|SQL|CUDA,9,32300,112600,67400,High,Lead,2026,2,1,1,0,22.21
13454,AI Agent Developer,IT Operations,15,High School,New York,China,On-site,Big Tech (FAANG+),Healthcare,91.8,4.5,Java|AutoGen|CUDA|FastAPI|Docker,5,8000,,67600,Medium,Junior,2026,4,1,0,1,35.44
13455,Data Scientist,AI Engineering,3.9,High School,London,Germany,On-site,Mid-size,Tech,56.1,3.6,Airflow|AWS|Docker|Azure|SQL|AutoGen|PyTorch|CUDA,8,,74700,71600,Medium,,2026,2,1,1,1,13.65
13456,Data Analyst,IT Operations,10.9,Bachelor's,Beijing,China,Hybrid,Startup,Tech,67.8,7.4,Azure|Docker|TensorFlow,3,50200,91900,77800,Medium,Lead,2026,3,1,1,1,41.81
13457,AI Agent Developer,Product Management,13.6,Associate's,Beijing,China,Hybrid,Mid-size,E-commerce,50.5,5.4,CUDA|PyTorch|SQL|C++|TensorFlow|Azure|Python|Docker|Airflow|React,10,53200,118000,85500,High,Senior,2026,8,1,1,0,47.07
13458,Software Engineer,IT Operations,3.5,High School,Beijing,Singapore,On-site,Mid-size,Automotive,79.7,6.5,SQL,1,40800,130100,51600,High,Lead,2026,4,1,0,0,27.62
13459,Data Analyst,AI Engineering,13.6,High School,London,Germany,Hybrid,Big Tech (FAANG+),Tech,82.9,1.1,TensorFlow|AutoGen|Docker|FastAPI|AWS|Airflow,6,32800,122500,112900,Top,Senior,2026,6,0,0,0,46.36
13460,Data Scientist,AI Engineering,4.6,PhD,Tokyo,Singapore,Fully Remote,Enterprise,Education,62.4,8,C++|SQL|FastAPI|TensorFlow|Airflow|Java,6,47600,123100,58600,Medium,Junior,2026,12,0,0,0,16.27
13461,Data Scientist,AI Engineering,14.6,Associate's,Beijing,UK,On-site,Enterprise,Tech,86.8,9.6,,0,39800,88900,32300,Low,Junior,2026,9,0,0,0,15.87
13462,Machine Learning Engineer,AI Engineering,4.2,Associate's,New York,Japan,Hybrid,Big Tech (FAANG+),Automotive,69.1,7,Java|AutoGen|AWS,3,2800,11300,40600,Medium,Senior,2026,8,1,1,0,36.17
13463,Data Analyst,Software Engineering,14.3,Associate's,Tokyo,Vietnam,On-site,Startup,Automotive,65.6,8.7,Docker|SQL|Azure|AWS|CUDA|Airflow,6,32700,130500,74700,Medium,Mid,2026,2,0,0,1,22.22
13464,Machine Learning Engineer,IT Operations,0.8,Master's,Berlin,China,On-site,Big Tech (FAANG+),Finance,97.8,5.3,Python|Java|React|AWS,4,56100,68100,98100,Low,Senior,2026,2,0,1,1,13.81
13465,AI Agent Developer,Data Science,10.6,Bachelor's,New York,Singapore,Fully Remote,Startup,E-commerce,79.4,1.2,React|CUDA|FastAPI|SQL,4,49800,186200,95000,Medium,Senior,2026,3,1,0,1,15.48
13466,DevOps Engineer,IT Operations,8,Bachelor's,Singapore,Japan,Fully Remote,Big Tech (FAANG+),Automotive,62.6,9.9,AutoGen|Airflow|Azure|AWS|React|CUDA|C++|FastAPI,8,53800,113800,107000,Medium,Lead,2026,2,0,1,1,41.62
13467,DevOps Engineer,Software Engineering,7.2,PhD,San Francisco,China,On-site,Startup,Finance,99.2,1.5,React|CUDA|AutoGen|Java|Airflow|Python|PyTorch|Docker|TensorFlow,9,62300,155100,43500,Top,Junior,2026,3,0,1,1,32.35
13468,DevOps Engineer,AI Engineering,3.4,Associate's,Tokyo,UK,Fully Remote,Mid-size,Automotive,69.4,2.7,Java|C++|Python,3,55500,55900,107900,Medium,Junior,2026,2,1,1,0,39.57
13469,Data Analyst,Software Engineering,10.6,Associate's,Berlin,UK,Hybrid,Mid-size,Healthcare,82.4,1.5,PyTorch|Azure|AutoGen|React,4,51800,145200,87400,Low,Junior,2026,6,1,1,0,20.64
13470,DevOps Engineer,Product Management,2.9,High School,Berlin,USA,On-site,Startup,Education,86.2,6.6,Azure|Java|Python|PyTorch|FastAPI|React|AutoGen|Airflow,8,41900,128600,67000,Low,Senior,2026,9,0,1,1,46.94
13471,AI Agent Developer,Product Management,8.3,Master's,Beijing,UK,Fully Remote,Big Tech (FAANG+),Education,71.1,6.2,Java|PyTorch|React|Azure|C++|TensorFlow|AutoGen|Python,8,,115100,56300,Medium,Senior,2026,8,0,0,0,44.54
13472,Machine Learning Engineer,IT Operations,3.8,Master's,Beijing,UK,On-site,Mid-size,Healthcare,76.8,2.9,FastAPI|C++,2,51200,58000,51900,High,Junior,2026,6,1,1,0,1.79
13473,Data Analyst,IT Operations,14.3,PhD,London,China,On-site,Big Tech (FAANG+),Healthcare,62,9.6,CUDA|AWS|Airflow|FastAPI|Docker|React|Java|AutoGen,8,29500,71800,88300,Medium,Senior,2026,4,1,0,0,18.25
13474,Machine Learning Engineer,Data Science,0.4,Bachelor's,Ho Chi Minh City,Vietnam,Hybrid,Enterprise,Automotive,73.3,9.2,React|AWS|PyTorch|FastAPI|AutoGen|Azure|CUDA|Airflow,8,,126200,76700,Low,Junior,2026,10,0,0,0,3.7
13475,Data Analyst,Data Science,3,Associate's,New York,Singapore,Hybrid,Mid-size,Tech,65.5,3.5,,0,30900,71800,29600,Low,Lead,2026,12,0,0,1,11.89
13476,Machine Learning Engineer,Product Management,3.6,PhD,London,China,Hybrid,Big Tech (FAANG+),Tech,77.4,6.9,CUDA|AWS|C++,3,78000,66800,67500,Low,Lead,2026,5,1,1,1,46.28
13477,Data Scientist,AI Engineering,6.2,Master's,London,Singapore,Fully Remote,Big Tech (FAANG+),Healthcare,83.5,8.7,Azure|FastAPI|SQL|TensorFlow|React|AutoGen|AWS|Docker|C++,9,48900,79800,64400,High,Senior,2026,4,0,0,0,44.8
13478,Machine Learning Engineer,Software Engineering,3.5,Master's,New York,Japan,Fully Remote,Enterprise,E-commerce,80.7,4.2,PyTorch|Java|React|BERT|FastAPI|TensorFlow|CUDA,7,72800,120100,104600,High,Mid,2026,5,1,0,1,2.8
13479,DevOps Engineer,Data Science,7.4,Master's,San Francisco,Singapore,Fully Remote,Big Tech (FAANG+),Education,88.8,3.3,Docker|React|BERT|AutoGen|Java|Azure,6,28500,156900,83700,High,Junior,2026,2,0,1,0,1.79
13480,Data Scientist,Data Science,13.1,Associate's,Tokyo,UK,Hybrid,Startup,Finance,52.1,3.3,Java|AutoGen|TensorFlow|React,4,82900,116600,64400,Medium,Lead,2026,8,1,1,1,32.29
13481,Machine Learning Engineer,AI Engineering,10.7,Associate's,Singapore,USA,On-site,Mid-size,Healthcare,53.9,8.4,Airflow|SQL|AWS|Python|BERT|TensorFlow|AutoGen|C++|Java,9,,148800,55200,Low,Mid,2026,1,1,1,1,11.79
13482,Data Analyst,AI Engineering,8.7,Associate's,New York,Vietnam,Hybrid,Startup,Education,60.3,5.2,AutoGen|Java|SQL|React|TensorFlow|PyTorch|Python|C++|Azure|Airflow,10,48900,94400,81700,Medium,Lead,2026,9,1,0,1,0.11
13483,Data Analyst,IT Operations,1.3,High School,Berlin,USA,Fully Remote,Enterprise,Finance,99.3,7.4,C++|Azure|PyTorch|SQL|Airflow|CUDA|TensorFlow|Docker|Python|AWS,10,23900,181500,59100,Medium,Junior,2026,12,0,0,1,41.65
13484,Data Analyst,Software Engineering,10.4,Bachelor's,Singapore,Germany,Fully Remote,Startup,Finance,90,6.9,,0,50400,,38700,High,Junior,2026,1,0,1,1,19.21
13485,Software Engineer,AI Engineering,2.5,Master's,San Francisco,USA,Fully Remote,Big Tech (FAANG+),Healthcare,96.2,3.8,Airflow|BERT|CUDA|SQL|Docker|TensorFlow|AWS|Azure|PyTorch,9,47200,135800,83800,Medium,Lead,2026,5,0,1,0,20.86
13486,AI Agent Developer,Data Science,11.8,Master's,Ho Chi Minh City,USA,Hybrid,Enterprise,Tech,63.6,2.9,Azure|TensorFlow|FastAPI|BERT|AWS|React,6,4300,118300,73100,Top,Senior,2026,9,1,1,1,5.46
13487,Data Analyst,Data Science,3.8,High School,San Francisco,Japan,Fully Remote,Enterprise,E-commerce,78.7,2.1,PyTorch,1,52900,115900,70400,High,Junior,2026,1,0,0,1,23.76
13488,Data Scientist,Product Management,6.3,Master's,Tokyo,UK,Hybrid,Startup,Education,77.7,1.2,React|CUDA|AutoGen|TensorFlow,4,60400,40400,76800,High,Mid,2026,1,1,0,0,38.81
13489,Data Analyst,AI Engineering,5.3,Master's,Beijing,Japan,On-site,Enterprise,Healthcare,78.5,1.7,React|BERT|SQL|CUDA|Azure|Python|Docker|C++|PyTorch,9,32800,,88700,Low,Mid,2026,3,0,0,1,14.98
13490,Software Engineer,IT Operations,12.9,Associate's,Ho Chi Minh City,UK,Hybrid,Startup,Finance,85.9,3.3,,0,44300,126100,42200,Top,,2026,8,0,1,1,41.39
13491,DevOps Engineer,Software Engineering,1.9,Associate's,Ho Chi Minh City,Japan,Fully Remote,Startup,Education,69.7,7.4,Airflow|C++|TensorFlow|BERT|Python|AWS|AutoGen|SQL,8,45600,102900,54400,Top,Lead,2026,3,0,0,0,32.51
13492,Data Scientist,IT Operations,8.5,Bachelor's,San Francisco,UK,On-site,Startup,Automotive,83.9,2.4,Java|BERT|AWS|React|Python|C++|SQL,7,83100,122500,111900,Top,,2026,12,0,0,0,20.76
13493,Software Engineer,Data Science,2.1,Master's,Beijing,Singapore,Fully Remote,Enterprise,Automotive,89.4,5.7,Python,1,54000,54800,102800,Low,Junior,2026,2,1,1,0,25.23
13494,DevOps Engineer,IT Operations,10.6,PhD,Ho Chi Minh City,UK,On-site,Enterprise,Education,64.5,3.2,Python|Java,2,39100,160900,125900,Medium,Senior,2026,6,1,0,0,5.59
13495,Product Manager,Data Science,13.6,Master's,Tokyo,UK,Fully Remote,Mid-size,Education,97.3,5.6,Python|C++|Docker|FastAPI,4,,,94800,Medium,Junior,2026,10,1,0,0,44.69
13496,Product Manager,Data Science,6.5,Master's,Tokyo,USA,Hybrid,Startup,Finance,75.9,7.8,Airflow|Docker|React,3,,115200,92600,Low,,2026,5,0,0,0,44.69
13497,Data Scientist,Data Science,7.3,Bachelor's,Tokyo,Germany,Fully Remote,Startup,Healthcare,86.6,3.4,,0,47500,79900,72800,Medium,Mid,2026,12,1,0,0,19.12
13498,Machine Learning Engineer,Data Science,13.9,PhD,London,UK,Hybrid,Startup,Tech,86.4,4.1,AutoGen|CUDA|PyTorch|SQL|Airflow,5,52300,,37600,Top,,2026,11,0,1,0,32.95
13499,AI Agent Developer,Data Science,7.8,Master's,London,Germany,Hybrid,Startup,Healthcare,78.3,7.5,,0,25800,195300,92000,Low,Lead,2026,9,0,1,1,38.23
13500,AI Agent Developer,Product Management,7.3,PhD,Tokyo,Germany,On-site,Startup,E-commerce,66.1,5.9,AWS|AutoGen|Java|SQL|PyTorch|TensorFlow|BERT|React,8,21700,146300,y8nd498xyj4xgcf,Top,Mid,2026,11,1,1,0,41.29
13501,Software Engineer,IT Operations,8.7,Associate's,Beijing,China,Hybrid,Startup,Education,83.3,1.9,Azure|React|Java|CUDA|Python|TensorFlow|Docker|FastAPI|PyTorch|Airflow,10,59400,77200,32600,Top,Lead,2026,3,1,1,1,36.23
13502,DevOps Engineer,Product Management,10.3,Associate's,Beijing,China,Hybrid,Startup,Automotive,54.4,7.8,Docker|Azure|AWS|AutoGen|CUDA|PyTorch|Python|TensorFlow|Airflow,9,69600,59800,89500,Low,Mid,2026,4,1,0,0,25.06
13503,AI Agent Developer,Product Management,1.6,PhD,New York,Vietnam,Hybrid,Mid-size,Finance,99.1,3.5,AutoGen|Docker|SQL,3,44200,114200,103000,High,Lead,2026,11,1,1,1,34.89
13504,DevOps Engineer,AI Engineering,12.3,Master's,New York,Singapore,On-site,Mid-size,Tech,59.2,4.5,Docker,1,60200,86800,54900,Low,Junior,2026,10,0,1,1,47.37
13505,DevOps Engineer,AI Engineering,6.5,PhD,San Francisco,Japan,Fully Remote,Big Tech (FAANG+),Healthcare,63.8,3.2,FastAPI|PyTorch|Python|Docker|SQL|TensorFlow|CUDA|C++|AWS|Java,10,47900,72900,65700,Low,Junior,2026,8,1,1,1,23.57
13506,Software Engineer,AI Engineering,1.1,PhD,Tokyo,China,Fully Remote,Startup,E-commerce,97.7,5.9,PyTorch|Java|TensorFlow|BERT|Azure|AWS|Python|CUDA|AutoGen|Docker,10,102000,,84200,High,Mid,2026,11,0,1,1,4.09
13507,Software Engineer,Software Engineering,11.8,Associate's,Singapore,UK,Hybrid,Startup,Healthcare,59.3,7.4,SQL|Java|React|Python|PyTorch|C++|AutoGen|Azure|Airflow,9,48300,20900,52800,High,Junior,2026,2,0,0,1,40.43
13508,Software Engineer,AI Engineering,5.7,PhD,Ho Chi Minh City,Germany,Hybrid,Mid-size,E-commerce,58.5,8.2,AWS|Python|PyTorch,3,77500,128400,71300,Top,Lead,2026,5,0,0,1,36.06
13509,AI Agent Developer,IT Operations,1.5,High School,Ho Chi Minh City,Japan,Fully Remote,Mid-size,Healthcare,90.2,9.3,React,1,61300,177700,80700,High,Senior,2026,12,0,0,0,14.85
13510,Product Manager,Product Management,9.5,High School,Beijing,Vietnam,Hybrid,Startup,Tech,62.6,4.2,BERT|PyTorch|Python|SQL|Docker|TensorFlow|Java,7,39200,53600,95100,High,Senior,2026,9,0,0,0,29.41
13511,Software Engineer,IT Operations,13.2,Associate's,Singapore,China,Fully Remote,Startup,Tech,54.7,9.4,,0,,83300,74700,Top,Junior,2026,11,1,1,0,3.64
13512,AI Agent Developer,AI Engineering,13.3,Master's,Ho Chi Minh City,USA,On-site,Mid-size,Finance,61.3,6.6,,0,48800,86800,88200,Top,Junior,2026,9,0,1,1,23.95
13513,Software Engineer,Software Engineering,14.4,Master's,San Francisco,Singapore,Hybrid,Mid-size,Tech,94.4,4.5,Docker|CUDA|BERT|React|FastAPI|TensorFlow|PyTorch|Python|AutoGen,9,,,69800,Top,Mid,2026,10,1,1,0,19.95
13514,Data Analyst,Software Engineering,13,Associate's,Berlin,Japan,Hybrid,Big Tech (FAANG+),E-commerce,64,9,Docker|BERT|AWS|CUDA|Azure|Java|C++|Python|FastAPI|Airflow,10,,,78600,Top,Mid,2026,9,1,1,0,12.54
13515,DevOps Engineer,Product Management,0,Master's,London,Vietnam,Fully Remote,Big Tech (FAANG+),Finance,84.8,6.2,Airflow|PyTorch|CUDA|Azure|C++|SQL,6,41400,181900,83900,Low,Lead,2026,11,0,0,0,7.69
13516,Software Engineer,IT Operations,5.7,Bachelor's,Ho Chi Minh City,UK,Fully Remote,Startup,Tech,69.8,5.1,Azure|Airflow|Python|Java|CUDA|BERT|SQL|AutoGen,8,49000,134100,13300,Top,Lead,2026,1,1,0,0,17.19
13517,Data Scientist,Data Science,12.3,High School,Ho Chi Minh City,Japan,On-site,Mid-size,Automotive,63.1,1.1,AWS|PyTorch|SQL|Python|React|C++|AutoGen|CUDA,8,48600,,58100,Low,Senior,2026,1,1,1,1,46.81
13518,DevOps Engineer,IT Operations,5.5,Bachelor's,New York,Germany,Hybrid,Big Tech (FAANG+),E-commerce,57.2,7.5,Airflow|Java|C++|Python,4,45600,,103300,Top,Lead,2026,1,0,0,1,25.68
13519,DevOps Engineer,AI Engineering,9,Bachelor's,Berlin,UK,Fully Remote,Startup,Finance,98.6,1.7,AutoGen,1,30900,59600,24400,Low,Junior,2026,8,1,1,1,10.06
13520,Software Engineer,Data Science,9.1,Bachelor's,Ho Chi Minh City,UK,On-site,Big Tech (FAANG+),E-commerce,76.1,3.6,AutoGen|FastAPI,2,74400,126500,84900,Low,Junior,2026,4,0,1,1,41.77
13521,Product Manager,Software Engineering,5.5,Associate's,London,Japan,Fully Remote,Big Tech (FAANG+),Finance,55.7,9.7,SQL|Azure|CUDA|BERT|TensorFlow|AWS|C++,7,48500,202800,109600,Low,Mid,2026,9,1,1,0,13.47
13522,Machine Learning Engineer,Product Management,13.6,Bachelor's,San Francisco,USA,Fully Remote,Big Tech (FAANG+),E-commerce,59.9,2.4,Python|TensorFlow|FastAPI|PyTorch|C++|Java|CUDA|SQL|AutoGen,9,54400,81100,103400,Low,Junior,2026,11,1,0,0,40.14
13523,Product Manager,Product Management,7.5,PhD,Ho Chi Minh City,USA,On-site,Enterprise,Automotive,70.4,3.8,Azure|BERT|C++|TensorFlow|Java|PyTorch|SQL,7,46000,74300,95800,High,Lead,2026,6,1,0,1,0.83
13524,Software Engineer,Software Engineering,7,Master's,Beijing,Japan,On-site,Startup,Tech,77.2,9.4,React|BERT,2,41900,126200,118300,Low,Lead,2026,3,1,1,1,46.17
13525,DevOps Engineer,AI Engineering,15,Associate's,Berlin,Japan,On-site,Big Tech (FAANG+),Healthcare,59.1,4,Python|PyTorch|TensorFlow|Azure|React|Java|BERT,7,54000,92100,105500,High,Mid,2026,8,0,0,0,26.73
13526,Data Scientist,Software Engineering,7.4,PhD,Ho Chi Minh City,Japan,On-site,Startup,Healthcare,63.9,4,BERT|Azure|Python|PyTorch|CUDA|Java|Airflow|AutoGen,8,78100,81400,65400,High,Lead,2026,1,1,1,0,38.16
13527,DevOps Engineer,AI Engineering,2.7,PhD,Singapore,Singapore,On-site,Startup,Healthcare,89.2,6.8,Python,1,18800,162100,92900,Low,Mid,2026,12,1,0,0,15.71
13528,Product Manager,Data Science,7.7,High School,Berlin,Singapore,On-site,Mid-size,Finance,70.9,2.2,AutoGen|Python|Java|Docker|Azure|TensorFlow|FastAPI,7,28200,161100,40400,Top,Junior,2026,2,0,1,0,42.3
13529,Data Scientist,Software Engineering,12.2,High School,Ho Chi Minh City,Germany,Hybrid,Startup,Tech,50.1,9.8,Python|TensorFlow|BERT|AWS|Azure|AutoGen|Java|Airflow|CUDA,9,43400,111400,99400,High,Mid,2026,8,0,1,1,34.58
13530,AI Agent Developer,AI Engineering,11.7,PhD,London,China,On-site,Big Tech (FAANG+),Education,52.7,3.5,Airflow|Java|AutoGen,3,34200,73900,73200,Low,Lead,2026,1,1,0,0,2.36
13531,Data Analyst,Data Science,11.8,High School,San Francisco,UK,Hybrid,Startup,Finance,72,8.1,React|Airflow|Docker|C++|BERT|FastAPI|Java|Azure,8,90300,115500,101900,Medium,Lead,2026,12,1,0,1,2.03
13532,DevOps Engineer,Software Engineering,10.6,Master's,San Francisco,Japan,Fully Remote,Mid-size,Finance,53,3.6,C++|PyTorch|Docker|Python|AutoGen|SQL|Airflow,7,43000,141000,81900,High,Senior,2026,11,0,1,1,18.05
13533,Software Engineer,Product Management,3.8,Master's,London,Singapore,Fully Remote,Enterprise,Finance,58.7,3.5,BERT,1,59500,153900,99900,Top,Mid,2026,5,0,1,0,2.59
13534,AI Agent Developer,Software Engineering,12.9,High School,Berlin,China,On-site,Enterprise,Education,86.4,1.5,TensorFlow|BERT|CUDA|AWS|AutoGen|Python|Azure,7,44300,145000,78600,Medium,Lead,2026,3,0,1,0,2.17
13535,Data Analyst,IT Operations,13.4,Bachelor's,Tokyo,Germany,Fully Remote,Mid-size,Finance,74,2.1,AutoGen,1,-700,-3600,68700,High,Senior,2026,2,0,0,1,18.88
13536,Software Engineer,Software Engineering,2.9,PhD,New York,UK,On-site,Big Tech (FAANG+),Tech,74.1,5.7,AWS|AutoGen|React|PyTorch|Azure|Docker,6,41900,119700,82700,Low,Junior,2026,4,1,0,0,11.54
13537,Machine Learning Engineer,IT Operations,2,Master's,New York,China,On-site,Big Tech (FAANG+),Healthcare,79.9,6.2,TensorFlow|C++|FastAPI|Java|Python|CUDA|Azure,7,26600,130800,36700,Low,Junior,2026,2,0,1,1,17.54
13538,Software Engineer,Data Science,14.6,High School,Beijing,UK,Hybrid,Big Tech (FAANG+),E-commerce,89.4,8.3,SQL|PyTorch|Docker|Airflow|FastAPI|CUDA,6,,137000,72400,Low,,2026,5,0,0,1,20.18
13539,Data Scientist,Software Engineering,13,High School,Tokyo,USA,Fully Remote,Startup,Finance,57.9,1.5,PyTorch|Python,2,44000,114300,63900,Low,Junior,2026,8,1,0,0,4.28
13540,Data Scientist,Data Science,13.4,Master's,New York,Japan,On-site,Enterprise,Tech,58.7,4.2,BERT|Java,2,34700,101700,40500,Top,Junior,2026,4,0,1,1,30.3
13541,Machine Learning Engineer,Data Science,13.3,Master's,Berlin,USA,Fully Remote,Big Tech (FAANG+),Automotive,56.1,2.8,Azure|BERT|Java|C++|CUDA,5,47700,88300,57600,Top,Mid,2026,7,0,1,0,17.39
13542,AI Agent Developer,AI Engineering,8.1,Bachelor's,New York,Vietnam,Hybrid,Enterprise,E-commerce,96.8,4.2,AWS|Azure,2,41400,68300,42600,High,Junior,2026,5,1,1,0,38.04
13543,Data Analyst,Data Science,9.7,High School,Beijing,Germany,Fully Remote,Mid-size,Finance,78.9,4.2,C++|Airflow|Azure|BERT|AutoGen|React|CUDA|SQL|PyTorch,9,70400,,36500,Low,Lead,2026,9,0,1,0,49.56
13544,Software Engineer,Data Science,8.2,High School,Ho Chi Minh City,Japan,Hybrid,Enterprise,Finance,54.6,4.2,TensorFlow,1,61200,155300,60600,Medium,Lead,2026,2,0,1,0,19.08
13545,Data Scientist,Software Engineering,0.8,Associate's,New York,China,Hybrid,Big Tech (FAANG+),E-commerce,61,3.8,Docker|BERT|AutoGen|TensorFlow|CUDA,5,84600,128600,87600,High,Junior,2026,2,0,0,0,37.1
13546,AI Agent Developer,Software Engineering,11.2,Bachelor's,Berlin,UK,Hybrid,Enterprise,E-commerce,86.3,7.9,Airflow|BERT,2,64400,133000,37600,Medium,,2026,1,0,1,1,14.76
13547,Machine Learning Engineer,Product Management,7.6,Master's,Berlin,Singapore,On-site,Mid-size,Finance,51.4,7.2,Java|Python|CUDA|FastAPI|SQL|React|PyTorch|Airflow,8,59800,,73800,Low,Senior,2026,4,1,0,0,40.56
13548,Product Manager,AI Engineering,9.7,Master's,Beijing,Vietnam,On-site,Enterprise,Tech,86.3,4.1,,0,61900,121400,80000,Low,Mid,2026,8,0,1,1,34.15
13549,DevOps Engineer,Data Science,7.5,PhD,San Francisco,Germany,Fully Remote,Startup,Automotive,95.6,2.3,Java|PyTorch|AutoGen|Python|BERT|CUDA,6,64700,173600,72200,Low,Lead,2026,5,0,1,1,12.46
13550,Product Manager,AI Engineering,7.4,Master's,Singapore,Germany,On-site,Mid-size,Tech,52.8,5.7,AutoGen,1,14000,105600,96000,High,Lead,2026,5,0,0,1,23.03
13551,Product Manager,IT Operations,2.6,High School,Beijing,Germany,On-site,Startup,Education,59.3,9.3,SQL|PyTorch,2,60400,131700,152700,Medium,Lead,2026,4,1,0,1,40.31
13552,Data Scientist,Data Science,4.2,Master's,Singapore,China,Fully Remote,Startup,Healthcare,50.1,2.1,PyTorch|BERT|AWS|Docker|TensorFlow|Azure|Airflow|SQL,8,18100,79800,116300,Low,Lead,2026,7,1,0,1,35.47
13553,Machine Learning Engineer,AI Engineering,2.4,High School,London,Japan,Hybrid,Big Tech (FAANG+),Healthcare,55.5,7.8,Airflow|AutoGen|Azure|FastAPI|C++|PyTorch,6,11800,84400,59000,Low,,2026,10,0,0,1,1.58
13554,Software Engineer,Product Management,2.9,High School,London,USA,Hybrid,Big Tech (FAANG+),Healthcare,80.8,6.4,Python|BERT|CUDA|React|C++|AutoGen|Docker|SQL|FastAPI,9,27800,111400,50800,Low,Junior,2026,8,1,1,0,0.08
13555,Product Manager,Product Management,14.6,Bachelor's,San Francisco,Vietnam,Fully Remote,Mid-size,Finance,52.2,6.3,Azure|PyTorch|AutoGen,3,55100,72200,63400,High,Mid,2026,9,1,0,1,37.69
13556,Product Manager,Data Science,2.3,Master's,London,China,On-site,Big Tech (FAANG+),Automotive,71.3,9.4,Python|React|Azure,3,24000,70100,87900,High,Senior,2026,6,0,0,1,22.68
13557,Data Analyst,IT Operations,4,Bachelor's,Singapore,UK,Fully Remote,Enterprise,Automotive,75.2,9.6,,0,60200,93200,76000,Low,Junior,2026,12,0,0,0,25.57
13558,Data Scientist,Product Management,8.9,High School,Ho Chi Minh City,China,Fully Remote,Mid-size,Education,95.3,3.2,,0,82700,108200,76200,Medium,,2026,9,1,0,1,48.23
13559,Data Scientist,Product Management,9.2,Master's,Berlin,UK,On-site,Big Tech (FAANG+),Finance,73.7,8.3,AWS|Azure|TensorFlow|Airflow|React|Java|SQL|FastAPI|AutoGen|Docker,10,43800,75500,77500,Low,Senior,2026,11,0,0,0,6.61
13560,Software Engineer,IT Operations,2.3,Master's,San Francisco,UK,Fully Remote,Big Tech (FAANG+),Finance,57.1,6.6,Java|PyTorch,2,54100,106900,76900,High,Lead,2026,1,0,1,1,1.61
13561,DevOps Engineer,AI Engineering,11.9,Bachelor's,London,Germany,On-site,Enterprise,Finance,64.5,4.7,React|Docker|C++|Airflow|TensorFlow|CUDA|AutoGen,7,36000,55100,81600,Low,Mid,2026,3,1,0,1,9.45
13562,AI Agent Developer,Product Management,11.8,Bachelor's,Berlin,China,On-site,Startup,Automotive,83.6,7,Python|C++|React|TensorFlow|Azure|Airflow|AutoGen|BERT|Java|FastAPI,10,25500,106600,98500,Top,Junior,2026,1,0,0,1,35.63
13563,Data Analyst,Software Engineering,3.6,High School,Beijing,USA,Fully Remote,Enterprise,Finance,55.6,9.6,PyTorch|AutoGen,2,46100,24200,83700,Medium,Mid,2026,11,0,0,0,9.11
13564,Data Scientist,Product Management,4.3,High School,San Francisco,UK,Hybrid,Startup,E-commerce,61.6,5.7,FastAPI|React|BERT|Docker|AutoGen|Azure|Airflow|Python|SQL|C++,10,,,47600,Top,Lead,2026,5,1,0,0,26.43
13565,Data Analyst,AI Engineering,14.1,Master's,Ho Chi Minh City,Singapore,On-site,Big Tech (FAANG+),E-commerce,99.8,9.5,Airflow|AutoGen|FastAPI,3,40800,37900,98100,High,Junior,2026,8,1,1,1,42.78
13566,Data Scientist,AI Engineering,12.4,Master's,Beijing,Germany,Hybrid,Startup,E-commerce,50.3,6.8,React|Python,2,35400,162200,102300,Top,Junior,2026,6,1,1,1,42.02
13567,Data Analyst,Data Science,10.5,Associate's,Berlin,USA,On-site,Startup,Finance,57.6,5.3,AWS,1,23200,117100,71300,Medium,Junior,2026,12,1,1,0,10.51
13568,Machine Learning Engineer,Software Engineering,1.2,Associate's,Tokyo,China,Hybrid,Big Tech (FAANG+),E-commerce,92.2,6.8,AutoGen|SQL|React,3,47600,123600,82700,Medium,Junior,2026,10,1,0,0,44.86
13569,Product Manager,AI Engineering,6.3,PhD,Singapore,USA,Fully Remote,Mid-size,Education,55.1,6.4,PyTorch,1,11500,82500,63300,Top,Mid,2026,12,0,1,1,49.69
13570,Data Scientist,IT Operations,8.4,High School,Tokyo,China,On-site,Enterprise,Finance,51.7,4.8,TensorFlow|Java|CUDA|BERT|SQL|FastAPI|Docker|AWS,8,60100,121700,55600,Low,Junior,2026,5,1,1,1,48.7
13571,Data Analyst,Software Engineering,2.8,PhD,London,UK,Fully Remote,Big Tech (FAANG+),Education,56.1,6.1,SQL|PyTorch|Java|Docker|C++|BERT|CUDA|AWS,8,16200,,58700,Top,Senior,2026,1,1,1,0,44.56
13572,AI Agent Developer,Software Engineering,6.7,PhD,Tokyo,Vietnam,Fully Remote,Enterprise,E-commerce,84.7,7.3,PyTorch|TensorFlow|AutoGen|BERT|Airflow|CUDA|C++|Azure|Java|Docker,10,38100,54000,60300,High,Junior,2026,12,0,0,1,3.16
13573,Machine Learning Engineer,IT Operations,9,Bachelor's,Beijing,Vietnam,Fully Remote,Enterprise,Finance,99.7,8.5,SQL|AutoGen|C++|FastAPI|AWS|TensorFlow|Python|React,8,73400,130800,111100,Top,Lead,2026,1,1,0,1,31.36
13574,Machine Learning Engineer,Product Management,4.9,Bachelor's,San Francisco,Japan,On-site,Startup,Tech,79.5,3.7,React|Java|C++|CUDA|TensorFlow|FastAPI|BERT|Python|Docker|PyTorch,10,,66700,73200,Top,Mid,2026,5,1,1,0,22
13575,AI Agent Developer,IT Operations,11.7,Associate's,Singapore,Japan,Fully Remote,Big Tech (FAANG+),Healthcare,56.2,1.1,Docker|Azure|SQL|TensorFlow,4,50000,193600,54600,High,Senior,2026,12,1,1,0,13.96
13576,Data Analyst,IT Operations,12.6,PhD,Tokyo,UK,Fully Remote,Mid-size,Tech,59.2,6,React|AutoGen,2,,68700,69000,Top,Lead,2026,5,0,0,1,15.78
13577,Software Engineer,Product Management,4.9,Associate's,New York,USA,On-site,Enterprise,Healthcare,76.9,5.4,,0,51900,35300,91600,Top,Junior,2026,8,1,0,0,47.15
13578,AI Agent Developer,Product Management,12.6,High School,Ho Chi Minh City,China,Fully Remote,Enterprise,Healthcare,85.8,1.5,,0,71200,167700,111300,High,Lead,2026,2,1,0,1,47.6
13579,Data Analyst,Product Management,1.6,Master's,Berlin,Vietnam,On-site,Mid-size,E-commerce,83.1,6.7,FastAPI|Docker,2,37500,131200,88500,Top,Mid,2026,7,0,0,0,5.06
13580,AI Agent Developer,Product Management,12.6,Bachelor's,San Francisco,China,Fully Remote,Enterprise,Healthcare,78.7,9.5,Azure,1,,118200,74400,Top,Mid,2026,5,0,1,1,10.18
13581,AI Agent Developer,Product Management,2.3,High School,Singapore,UK,Hybrid,Big Tech (FAANG+),Healthcare,99.3,4.6,CUDA|React|Java|Python|Airflow|AWS|Docker|SQL|PyTorch,9,54500,77900,118200,Medium,Junior,2026,2,1,1,1,45.9
13582,Data Scientist,IT Operations,1.2,High School,San Francisco,USA,Fully Remote,Mid-size,Tech,59.9,9,Java|Airflow|React|SQL|Azure,5,58900,102600,69500,High,,2026,5,1,1,0,30.7
13583,Data Analyst,Data Science,9.6,Bachelor's,London,Singapore,Hybrid,Big Tech (FAANG+),Healthcare,58.6,8.3,AWS|Python|TensorFlow|React|BERT|C++,6,58200,93700,68000,Medium,Mid,2026,12,0,1,1,35.31
13584,Software Engineer,Data Science,7.1,Bachelor's,Beijing,China,On-site,Mid-size,Finance,93,2.5,Java|React|AWS|Docker|TensorFlow|AutoGen,6,21200,135700,46200,High,Mid,2026,9,1,1,0,17.38
13585,Product Manager,AI Engineering,13.6,PhD,Ho Chi Minh City,USA,Hybrid,Enterprise,Education,64.5,8.1,CUDA|Java|BERT|Azure|TensorFlow|FastAPI|Docker|AutoGen,8,109600,76300,59700,Low,Senior,2026,12,1,1,1,12.07
13586,Data Scientist,Data Science,5.4,Associate's,London,Singapore,On-site,Mid-size,Education,66.6,5.7,TensorFlow|BERT|AutoGen|React|AWS|CUDA,6,27900,79900,46000,Medium,Junior,2026,5,1,0,0,22.27
13587,AI Agent Developer,Data Science,4.3,High School,Beijing,Vietnam,Fully Remote,Big Tech (FAANG+),Finance,77.4,9.3,SQL|React|BERT|Python|PyTorch|CUDA,6,52000,128900,42400,Low,,2026,5,1,1,0,17.04
13588,Product Manager,IT Operations,7.5,PhD,Tokyo,China,Hybrid,Mid-size,E-commerce,69.1,2.7,PyTorch|Azure|Java|React,4,55000,153200,73000,Top,Junior,2026,11,0,1,0,47.23
13589,DevOps Engineer,Product Management,6.8,PhD,Singapore,Germany,Fully Remote,Enterprise,Tech,64.4,2.1,,0,66400,84500,62700,Low,Junior,2026,2,0,0,0,8.25
13590,Product Manager,Product Management,5.2,High School,Berlin,Vietnam,Hybrid,Startup,Automotive,95.9,3.2,Azure|BERT|TensorFlow|React,4,36200,,105100,Top,Lead,2026,9,0,1,0,49.59
13591,AI Agent Developer,IT Operations,10.4,High School,Singapore,USA,On-site,Enterprise,Education,56.5,1.5,BERT,1,60500,141600,82600,Low,Lead,2026,2,0,0,0,45.32
13592,AI Agent Developer,Data Science,11.4,Master's,New York,UK,On-site,Enterprise,Tech,70.2,3.9,Docker|FastAPI|Python|React|C++|Airflow|BERT|PyTorch|Java,9,,,92300,Top,Junior,2026,5,1,1,0,28.56
13593,Data Analyst,IT Operations,12.8,Associate's,San Francisco,Germany,On-site,Startup,Education,50.1,3.5,TensorFlow,1,40800,88900,86900,Top,Senior,2026,2,1,1,0,17.12
13594,Data Analyst,AI Engineering,14.6,High School,New York,Japan,On-site,Mid-size,Automotive,90.4,4.7,React|FastAPI|SQL|C++|AWS|Python|Java,7,39900,31400,48000,Low,Lead,2026,2,1,0,0,36.18
13595,Data Scientist,Product Management,4,Bachelor's,San Francisco,China,Fully Remote,Enterprise,Healthcare,58.4,5.2,Docker|BERT|Python|Java|AutoGen|CUDA|React|Azure,8,,182400,69900,Medium,Mid,2026,6,0,0,0,24.03
13596,Software Engineer,Software Engineering,10.7,Master's,Singapore,Japan,Fully Remote,Startup,Automotive,88.6,2.3,Java|C++|CUDA|Azure|BERT|AutoGen|Docker|FastAPI|PyTorch|Python,10,54900,109800,85600,High,Junior,2026,10,0,0,0,18.75
13597,Data Scientist,AI Engineering,5.9,Associate's,Tokyo,Vietnam,Fully Remote,Big Tech (FAANG+),Healthcare,57.4,6.6,PyTorch|C++|Python,3,,136500,31400,Medium,Mid,2026,3,1,1,0,16.63
13598,Machine Learning Engineer,AI Engineering,10.2,Bachelor's,Berlin,China,Fully Remote,Startup,Education,70.8,3,AWS|CUDA|C++|FastAPI|PyTorch|AutoGen|Python,7,63800,84200,30900,Low,Mid,2026,10,0,1,0,4.01
13599,AI Agent Developer,IT Operations,7.1,Bachelor's,Ho Chi Minh City,China,Fully Remote,Enterprise,Tech,86.4,2.1,,0,40300,,79700,Top,Lead,2026,9,0,0,0,21.73
13600,Product Manager,Data Science,14.9,Associate's,Berlin,Germany,On-site,Big Tech (FAANG+),Tech,63.5,7.4,AutoGen|Python|BERT,3,45200,95800,68900,Low,Senior,2026,12,1,0,1,12.39
13601,DevOps Engineer,Product Management,10.9,Master's,Tokyo,Germany,Fully Remote,Enterprise,E-commerce,65.7,1.2,PyTorch|TensorFlow|React|CUDA|Azure|Airflow,6,30100,93000,-12100,High,Mid,2026,6,1,1,1,0.97
13602,AI Agent Developer,Software Engineering,14.3,Bachelor's,Beijing,Germany,Fully Remote,Startup,Education,83.4,4.3,C++|React|SQL|Java|Python|CUDA,6,93000,194600,30100,Low,Junior,2026,10,1,0,1,11.67
13603,AI Agent Developer,AI Engineering,12.5,PhD,Singapore,Germany,Fully Remote,Big Tech (FAANG+),E-commerce,59.4,2.3,Docker|SQL|Java|AutoGen,4,52000,115900,50500,Medium,,2026,10,1,0,1,11.74
13604,Data Scientist,Software Engineering,13.5,Associate's,Singapore,UK,On-site,Enterprise,Education,97.6,8.9,TensorFlow|Python|Java,3,26900,127100,87500,Top,Mid,2026,2,0,0,0,15.11
13605,DevOps Engineer,Data Science,12.2,Associate's,Singapore,USA,On-site,Startup,Healthcare,59.4,8.4,Airflow|CUDA|TensorFlow,3,55500,100900,62600,Medium,Junior,2026,1,0,0,1,47.27
13606,DevOps Engineer,Data Science,6.9,High School,Singapore,Germany,On-site,Big Tech (FAANG+),Education,87.5,1.5,,0,16100,103200,103700,Top,Junior,2026,2,1,0,1,44.98
13607,DevOps Engineer,Software Engineering,3.8,Master's,Ho Chi Minh City,Vietnam,On-site,Enterprise,Education,90.1,6,FastAPI|Airflow|SQL|React|PyTorch|C++|AWS|Azure|Java|Python,10,36800,127200,56900,Medium,Junior,2026,10,1,1,0,1.6
13608,Data Scientist,Product Management,5.6,PhD,New York,China,Fully Remote,Startup,Healthcare,68.7,3.7,React|TensorFlow|Airflow|PyTorch|BERT|Python|FastAPI|Azure|C++,9,58500,,61100,Medium,Mid,2026,6,1,1,0,11.91
13609,AI Agent Developer,Data Science,0.3,PhD,Tokyo,Japan,Fully Remote,Enterprise,Finance,57.8,2.7,TensorFlow|SQL,2,60400,156100,132800,Low,Senior,2026,2,1,0,0,22.11
13610,Data Scientist,Software Engineering,7.9,High School,Beijing,Germany,Hybrid,Enterprise,Finance,58.3,3.8,,0,67900,67000,96200,High,Mid,2026,7,1,0,1,13.89
13611,Data Analyst,AI Engineering,7.6,Bachelor's,Tokyo,Vietnam,Fully Remote,Enterprise,Education,99.3,8.3,TensorFlow|AutoGen,2,,,nt72aj4jiz9oozp,Medium,Senior,2026,7,1,0,1,19.76
13612,Data Analyst,Software Engineering,7.9,Bachelor's,London,UK,On-site,Mid-size,Finance,86.3,1.5,Java|BERT|FastAPI|SQL|AWS|C++,6,,146700,56500,Low,Senior,2026,1,0,1,1,41.53
13613,Data Scientist,Software Engineering,14.6,PhD,London,Vietnam,On-site,Enterprise,Tech,72.5,6.8,FastAPI|CUDA|PyTorch|Docker|TensorFlow|BERT|Airflow,7,67900,183300,69000,Top,Lead,2026,12,0,1,1,28.46
13614,DevOps Engineer,IT Operations,13.7,Master's,London,Japan,Fully Remote,Big Tech (FAANG+),Education,62.9,9.2,AWS|FastAPI|C++|BERT|TensorFlow|SQL|Airflow|CUDA|AutoGen|Docker,10,66100,30200,75700,Top,Lead,2026,6,0,1,0,20.97
13615,AI Agent Developer,Data Science,2.4,Bachelor's,New York,Japan,Hybrid,Startup,Automotive,50.9,5,Airflow,1,66900,,69300,Medium,Senior,2026,5,1,1,1,24.29
13616,Data Scientist,Product Management,5.5,Associate's,Berlin,Vietnam,On-site,Startup,Healthcare,83.5,9.1,Python|FastAPI|Docker,3,20300,73400,79200,Top,Mid,2026,8,1,1,1,13.74
13617,Data Scientist,Product Management,6.4,High School,Ho Chi Minh City,UK,Hybrid,Mid-size,E-commerce,97.8,9.2,Docker|Azure|C++|FastAPI|React|CUDA|Python|BERT|Java,9,55200,135800,78900,High,Senior,2026,8,0,0,1,10.5
13618,Data Scientist,IT Operations,5.4,Master's,Singapore,Japan,On-site,Mid-size,Healthcare,55.3,6.5,React|Java|AWS|Python|CUDA,5,44200,135500,70300,Low,Senior,2026,9,1,1,1,10.62
13619,Machine Learning Engineer,Product Management,12,Bachelor's,New York,UK,On-site,Mid-size,Education,87.7,5.1,BERT|SQL|AutoGen|AWS,4,76100,65800,68600,Medium,Senior,2026,2,0,0,1,39.93
13620,Data Analyst,Software Engineering,7.9,PhD,San Francisco,China,Fully Remote,Enterprise,Automotive,57.7,7.6,React|AutoGen|TensorFlow|AWS|Azure|PyTorch|Airflow,7,52100,128600,109700,High,Junior,2026,11,0,0,0,9.67
13621,Product Manager,IT Operations,8.6,High School,Beijing,Germany,On-site,Enterprise,Healthcare,89.6,9.2,Airflow|BERT,2,,86500,53400,Low,Senior,2026,1,0,0,0,45.56
13622,DevOps Engineer,AI Engineering,12.8,Bachelor's,Beijing,Japan,Hybrid,Big Tech (FAANG+),E-commerce,68.5,7.1,FastAPI|Azure|React|AWS|BERT,5,43800,72300,63500,Low,Junior,2026,10,0,1,0,22.47
13623,Software Engineer,Data Science,12.1,PhD,London,Vietnam,Hybrid,Startup,E-commerce,85.6,2.9,PyTorch|Python|React|Java|AWS|SQL|Docker|FastAPI|TensorFlow,9,42600,24800,39100,Medium,Senior,2026,6,0,0,1,26.67
13624,Product Manager,Data Science,2,Bachelor's,San Francisco,USA,Fully Remote,Startup,Automotive,96.3,8.4,Python|PyTorch|TensorFlow|React|BERT|Java|FastAPI,7,53200,156400,52000,Top,Mid,2026,2,0,0,1,30.55
13625,DevOps Engineer,Data Science,10.7,High School,Ho Chi Minh City,USA,On-site,Enterprise,E-commerce,81,9.6,,0,56400,96300,63100,Low,Lead,2026,5,0,1,0,15.31
13626,Software Engineer,Software Engineering,6.5,Associate's,London,Singapore,Hybrid,Startup,Tech,96,4.7,AWS|Java|FastAPI|Airflow,4,,,77700,Low,Lead,2026,1,1,0,1,44.78
13627,Machine Learning Engineer,AI Engineering,4.4,Associate's,Beijing,China,Fully Remote,Enterprise,E-commerce,61.8,7.3,,0,43500,112700,95900,Top,Junior,2026,1,0,1,0,30.42
13628,Data Scientist,IT Operations,0.8,PhD,Beijing,USA,Hybrid,Mid-size,Automotive,98.9,5.7,CUDA|Airflow|Java|React|AutoGen|TensorFlow|Python,7,30900,104200,96400,Top,Senior,2026,5,1,1,0,44.98
13629,Machine Learning Engineer,IT Operations,7.3,Associate's,Singapore,China,Fully Remote,Enterprise,Automotive,93.6,2,,0,78800,63200,108800,Medium,,2026,6,0,0,1,25.38
13630,Machine Learning Engineer,Data Science,5.3,High School,Berlin,Germany,Hybrid,Big Tech (FAANG+),Healthcare,55.4,4.1,FastAPI|C++|Azure,3,44500,64000,50200,Medium,Junior,2026,11,1,0,1,1.95
13631,Product Manager,AI Engineering,3.8,PhD,Singapore,Singapore,On-site,Enterprise,E-commerce,70.7,2.5,TensorFlow|AWS|Airflow|C++,4,54800,144300,53600,Low,Mid,2026,7,1,0,0,1.56
13632,AI Agent Developer,AI Engineering,10.4,Bachelor's,Berlin,China,Hybrid,Enterprise,E-commerce,96.4,7.1,React|AutoGen|BERT|Azure|FastAPI|Java,6,58300,108500,47700,Top,Senior,2026,11,1,0,0,15.38
13633,Product Manager,AI Engineering,11.5,Master's,Singapore,UK,Hybrid,Startup,Education,53.9,6.2,PyTorch,1,55500,74100,119500,Medium,,2026,4,1,0,1,42.37
13634,Data Analyst,Product Management,3.7,Bachelor's,Berlin,UK,Fully Remote,Enterprise,Education,72.7,1.3,PyTorch|CUDA|React,3,40800,84800,88900,Medium,Senior,2026,4,0,1,1,13.32
13635,Software Engineer,Product Management,0.7,High School,London,Singapore,Fully Remote,Big Tech (FAANG+),Automotive,86.2,1.6,React|Python|Airflow|PyTorch|Docker|CUDA|FastAPI|TensorFlow|AWS|Azure,10,61900,85400,97100,Top,Senior,2026,5,0,1,0,24.22
13636,Data Scientist,Data Science,12.7,PhD,Tokyo,UK,Fully Remote,Enterprise,Education,51.7,3.3,TensorFlow|Azure|AutoGen|FastAPI,4,78600,,46200,Top,Senior,2026,6,0,0,1,10.08
13637,Product Manager,AI Engineering,0.1,Bachelor's,San Francisco,Japan,Hybrid,Enterprise,Healthcare,87.6,7.7,PyTorch|TensorFlow|FastAPI|Python,4,63500,137700,74800,Low,Lead,2026,8,1,1,0,37.5
13638,Software Engineer,AI Engineering,14.1,PhD,Ho Chi Minh City,UK,Fully Remote,Mid-size,Healthcare,68.1,2.1,Azure|TensorFlow|Docker|CUDA,4,58700,85400,89000,Top,Lead,2026,9,1,0,0,33.49
13639,DevOps Engineer,IT Operations,9.4,Associate's,Berlin,UK,On-site,Enterprise,Tech,62.5,2.8,FastAPI|C++,2,63000,93800,4ucndha02hii4ct,Medium,Junior,2026,7,1,0,1,45.12
13640,Software Engineer,IT Operations,4.8,Master's,New York,UK,Fully Remote,Enterprise,Tech,78.8,9.2,PyTorch|React|TensorFlow|CUDA|AutoGen|Java|Docker|AWS|FastAPI,9,51300,122500,62600,Top,Junior,2026,10,0,0,0,17.75
13641,DevOps Engineer,Data Science,3.7,High School,Berlin,UK,Fully Remote,Enterprise,Automotive,77.2,5.9,React|AWS|Airflow|TensorFlow|Azure,5,44500,149800,85900,High,Junior,2026,3,0,1,1,49.24
13642,Product Manager,AI Engineering,0.1,Bachelor's,London,Japan,On-site,Big Tech (FAANG+),Healthcare,93.7,6.6,React|AutoGen|Azure|PyTorch|Python|TensorFlow|AWS|Java|SQL,9,88300,108100,20700,Low,Lead,2026,6,1,0,0,43.88
13643,Data Analyst,Data Science,3.5,Master's,Ho Chi Minh City,UK,Fully Remote,Startup,Healthcare,83.8,5.1,Java|Python|PyTorch|AWS|FastAPI|Docker|C++|Airflow,8,80700,56400,112100,Top,,2026,9,0,0,1,22.42
13644,Product Manager,IT Operations,2.1,High School,Berlin,UK,Fully Remote,Mid-size,Tech,71.1,3.7,Docker|CUDA|AWS|SQL|Airflow|TensorFlow|C++|AutoGen,8,40400,90000,91700,Low,Senior,2026,6,0,1,1,43.01
13645,DevOps Engineer,IT Operations,9.2,High School,Singapore,Germany,Hybrid,Mid-size,Education,82.5,3.2,,0,72700,97300,46400,Top,Senior,2026,12,1,0,1,21.24
13646,Software Engineer,Product Management,2.5,Associate's,Ho Chi Minh City,Japan,Hybrid,Enterprise,Tech,87.5,6.3,FastAPI|AWS|SQL|BERT|Azure|TensorFlow|AutoGen|Docker|Java,9,59300,26800,73800,High,Mid,2026,11,0,1,1,39.38
13647,Software Engineer,Data Science,7.9,PhD,New York,UK,Fully Remote,Enterprise,Automotive,96.9,5.2,AWS|Docker|FastAPI|Java|PyTorch|C++|CUDA,7,52600,119000,86900,Medium,Mid,2026,10,0,0,0,18
13648,DevOps Engineer,Data Science,8.9,PhD,Beijing,China,On-site,Startup,Healthcare,85.2,4.6,SQL|Azure|FastAPI|Java|BERT|C++|Docker|AutoGen|Python,9,80200,126300,78300,Medium,Junior,2026,8,0,0,0,12.77
13649,Machine Learning Engineer,AI Engineering,4.5,Master's,Singapore,Singapore,Fully Remote,Enterprise,Automotive,77.2,7.2,Java|CUDA|TensorFlow,3,,103700,73500,Medium,Senior,2026,8,0,1,1,36.88
13650,Data Analyst,AI Engineering,0.5,Associate's,Ho Chi Minh City,Germany,Fully Remote,Big Tech (FAANG+),Tech,68.6,4.6,FastAPI|CUDA|React|AutoGen|Python|C++|AWS,7,55100,66600,72100,Low,Senior,2026,4,0,0,0,48.23
13651,AI Agent Developer,Product Management,0.6,High School,Tokyo,Japan,Fully Remote,Startup,E-commerce,94.6,1.3,Azure|BERT|Python|FastAPI|React|SQL|AutoGen|C++,8,59800,108500,94400,Medium,Mid,2026,7,0,1,0,36.32
13652,Data Scientist,Software Engineering,0.4,Associate's,Berlin,USA,Hybrid,Enterprise,Tech,89.6,8.6,BERT|SQL|CUDA|TensorFlow|Java|Airflow|Docker|PyTorch|AWS|FastAPI,10,25300,141000,95400,Medium,Junior,2026,7,0,0,0,48.82
13653,Software Engineer,Software Engineering,11.1,Associate's,Singapore,Vietnam,On-site,Startup,Healthcare,53.9,3.9,Docker,1,55500,91300,92500,Low,Senior,2026,7,0,1,1,46.03
13654,Data Scientist,Software Engineering,4.8,Master's,London,Japan,On-site,Mid-size,Automotive,85,9.5,AutoGen|React|Python|CUDA|Java|TensorFlow|BERT|AWS,8,22300,131900,92700,Low,Mid,2026,8,0,1,0,21.31
13655,AI Agent Developer,Data Science,11.9,PhD,Tokyo,Singapore,On-site,Enterprise,Education,76.9,8.9,Python|CUDA|Docker|Airflow|FastAPI|Java|SQL|React|AutoGen|C++,10,61700,117300,87000,Medium,Junior,2026,2,1,1,1,25.25
13656,Product Manager,Data Science,6.5,Associate's,San Francisco,Germany,Hybrid,Startup,Education,55.2,3.1,FastAPI|C++|SQL|Python|Java,5,60900,24300,89800,Top,Junior,2026,12,0,0,1,9.52
13657,Data Scientist,IT Operations,6.8,Associate's,San Francisco,UK,Hybrid,Startup,Healthcare,78.2,9.7,AWS|FastAPI|Azure|Python|TensorFlow,5,73500,79400,117000,High,Junior,2026,2,0,0,1,21.96
13658,AI Agent Developer,Data Science,7.7,Associate's,Tokyo,Germany,Fully Remote,Enterprise,Tech,59.6,8.7,CUDA|Docker,2,62500,120900,72200,Low,Mid,2026,6,1,1,0,38.36
13659,DevOps Engineer,Data Science,10.7,Bachelor's,London,Vietnam,Hybrid,Startup,Tech,85.4,9.9,FastAPI|SQL|C++|Azure|CUDA|Python|PyTorch|AWS,8,101500,105300,32500,High,Senior,2026,11,1,1,0,26.12
13660,Machine Learning Engineer,Data Science,4.1,Associate's,London,Vietnam,Fully Remote,Enterprise,Finance,63.9,7.1,React|Python|FastAPI|Airflow|BERT,5,21800,137600,106000,High,Mid,2026,6,1,1,1,48.67
13661,Software Engineer,Product Management,1.8,Associate's,San Francisco,Japan,Hybrid,Enterprise,Tech,57.5,9.4,React,1,49600,109500,86300,Low,Senior,2026,5,0,1,1,5.75
13662,AI Agent Developer,Data Science,8.3,High School,London,UK,Fully Remote,Big Tech (FAANG+),Healthcare,54.1,7.2,React|CUDA|Airflow|C++|AutoGen|AWS|PyTorch|SQL|Azure,9,71000,126000,88200,High,Senior,2026,2,0,0,1,25.39
13663,Data Scientist,AI Engineering,4.9,Bachelor's,Tokyo,UK,Hybrid,Big Tech (FAANG+),Automotive,74.5,8.7,Airflow|CUDA|TensorFlow|BERT|FastAPI|Python|PyTorch|SQL,8,,86600,53300,Top,Senior,2026,8,0,0,0,26.61
13664,Software Engineer,AI Engineering,6.6,Associate's,Ho Chi Minh City,China,On-site,Startup,Automotive,60,6.5,BERT|FastAPI|PyTorch,3,38500,113400,33500,Medium,Lead,2026,3,0,1,0,7.44
13665,Machine Learning Engineer,IT Operations,9.7,Associate's,London,Vietnam,Fully Remote,Startup,Finance,92.8,9.4,React|Azure,2,73700,59100,82100,Top,Lead,2026,1,0,1,0,39.85
13666,DevOps Engineer,Product Management,7.4,Master's,Beijing,UK,Hybrid,Startup,Education,50.2,5.7,,0,20700,134800,68500,High,Lead,2026,1,0,1,0,40.91
13667,Product Manager,AI Engineering,9.3,Master's,Tokyo,Vietnam,Hybrid,Mid-size,Healthcare,92.2,7.6,FastAPI|Azure|SQL|Airflow|C++|Docker|BERT|TensorFlow|PyTorch|CUDA,10,33900,110900,74500,Medium,Junior,2026,12,1,0,1,44.87
13668,Software Engineer,Product Management,8.2,Bachelor's,Tokyo,China,Fully Remote,Enterprise,Tech,76.1,9.3,TensorFlow|PyTorch|Java|AWS|FastAPI,5,58200,51400,61900,Low,Senior,2026,7,0,0,1,46.85
13669,Product Manager,Product Management,11.1,High School,Tokyo,USA,Hybrid,Enterprise,E-commerce,96.1,4.8,Airflow|AutoGen|Docker|C++,4,55600,90900,76400,Top,,2026,7,0,0,1,37.37
13670,AI Agent Developer,IT Operations,10.6,Bachelor's,New York,Vietnam,On-site,Mid-size,Automotive,60.2,1.2,Airflow,1,75100,,58200,Medium,Mid,2026,6,0,1,0,42.09
13671,Machine Learning Engineer,Product Management,8,Bachelor's,Ho Chi Minh City,China,Fully Remote,Mid-size,Healthcare,55.1,2,Java|CUDA|React|SQL|TensorFlow|AWS,6,67800,92300,112500,Low,Senior,2026,6,0,1,1,3.65
13672,Data Scientist,Data Science,10.2,Master's,Ho Chi Minh City,China,Fully Remote,Startup,Finance,81.2,9.7,C++|SQL|Azure|Airflow|PyTorch|CUDA|BERT|AWS|FastAPI|AutoGen,10,41200,87700,70100,Top,Lead,2026,5,1,0,0,19.19
13673,Machine Learning Engineer,Product Management,13.1,Master's,London,Singapore,Fully Remote,Enterprise,E-commerce,85.3,8.9,TensorFlow|Docker|FastAPI|SQL,4,75200,69600,96500,Top,,2026,12,0,1,0,14.25
13674,Machine Learning Engineer,IT Operations,6.5,High School,Tokyo,China,Fully Remote,Big Tech (FAANG+),Education,68.6,5.4,CUDA|Docker|Python|Airflow|FastAPI,5,61000,,nbnkfpuoibo7l2l,Top,Lead,2026,6,1,0,1,39.69
13675,Data Analyst,IT Operations,6.2,Associate's,Singapore,Germany,Fully Remote,Big Tech (FAANG+),Healthcare,50.7,9.6,SQL,1,66600,60900,107500,Top,Mid,2026,2,1,0,1,15.43
13676,Machine Learning Engineer,IT Operations,11.5,High School,Tokyo,Japan,On-site,Mid-size,Tech,70.3,2.7,AutoGen|CUDA|SQL|Airflow|Java|AWS|Azure|TensorFlow,8,66000,180700,79500,High,Senior,2026,5,1,0,1,25.05
13677,Machine Learning Engineer,AI Engineering,8.7,Associate's,London,UK,Fully Remote,Mid-size,Education,61.7,2,Airflow|Azure,2,45100,,98000,Low,Senior,2026,2,1,1,1,21.19
13678,Software Engineer,Data Science,1.1,PhD,Ho Chi Minh City,Vietnam,On-site,Enterprise,Automotive,67.4,6.4,BERT|PyTorch|AutoGen|Python|Java,5,69800,,93000,Medium,Junior,2026,3,1,0,1,37.93
13679,Data Scientist,AI Engineering,13.4,Master's,San Francisco,Japan,On-site,Enterprise,Tech,75.3,4.4,Docker|BERT|SQL|C++|CUDA|FastAPI|React,7,56900,100800,113800,Low,Lead,2026,5,1,1,0,28.84
13680,Software Engineer,Software Engineering,0.5,PhD,London,Germany,On-site,Big Tech (FAANG+),Finance,85.1,4.1,AutoGen|BERT|Airflow|CUDA|PyTorch|SQL,6,68100,141200,92800,High,Lead,2026,1,1,1,1,19.73
13681,Software Engineer,Data Science,11.2,PhD,San Francisco,Vietnam,Fully Remote,Enterprise,Automotive,98.2,7.6,Python|PyTorch|CUDA|Docker|AutoGen|C++,6,79800,,55600,High,Senior,2026,11,0,0,1,6.55
13682,AI Agent Developer,Product Management,11.4,Master's,London,Japan,On-site,Startup,E-commerce,57.2,2.4,AutoGen|TensorFlow|PyTorch,3,,,70400,Medium,Junior,2026,3,0,1,0,8.16
13683,Software Engineer,IT Operations,14.3,PhD,London,Germany,Fully Remote,Mid-size,Automotive,84,8,C++,1,70800,125900,44600,Medium,Junior,2026,10,1,1,0,36.08
13684,Data Analyst,Software Engineering,0.8,Bachelor's,London,UK,On-site,Big Tech (FAANG+),Tech,61.7,4.2,Docker|React|Airflow|BERT|PyTorch,5,43200,101200,67200,Low,Lead,2026,12,1,1,1,1.68
13685,Data Analyst,Data Science,9,Associate's,London,China,Fully Remote,Big Tech (FAANG+),Education,61,9.9,BERT|FastAPI|PyTorch|SQL|C++|Java|Azure,7,40700,108600,40500,Top,Senior,2026,6,1,1,0,21.93
13686,Product Manager,AI Engineering,6.4,High School,Berlin,Japan,Hybrid,Startup,Healthcare,81.7,8.3,AutoGen|AWS|Azure|FastAPI|React|C++,6,49800,174100,93800,Medium,Lead,2026,2,0,1,1,36.5
13687,AI Agent Developer,IT Operations,5,Master's,Berlin,Japan,Hybrid,Enterprise,Healthcare,88.8,6.8,,0,49800,99200,30100,Low,Senior,2026,3,1,1,1,18.24
13688,Product Manager,AI Engineering,1.4,Bachelor's,Tokyo,Vietnam,On-site,Enterprise,Healthcare,98.9,3.1,BERT|C++|Java,3,59300,72000,48300,Medium,Lead,2026,9,1,0,1,32.53
13689,Product Manager,Data Science,8.4,High School,Tokyo,China,Hybrid,Mid-size,Finance,88.4,9.6,AutoGen|Java,2,27400,,83000,High,Senior,2026,8,1,0,0,38.45
13690,DevOps Engineer,Data Science,7.2,High School,Singapore,Singapore,On-site,Startup,Finance,57.9,1.3,Airflow|PyTorch|Java|Azure|CUDA|AutoGen|Python|AWS|SQL|TensorFlow,10,61300,72300,95100,High,Junior,2026,3,1,1,0,44
13691,Data Scientist,Software Engineering,1.6,High School,Singapore,UK,On-site,Big Tech (FAANG+),Healthcare,61.3,3,Azure|React|SQL|AutoGen|TensorFlow|Docker|Python|Java,8,47100,69900,24700,Top,Junior,2026,7,0,1,1,11.22
13692,Data Scientist,Product Management,9.2,PhD,Berlin,Vietnam,On-site,Startup,E-commerce,88.1,1.3,FastAPI|SQL|PyTorch|Java|Azure,5,12200,,84400,Top,Lead,2026,12,0,1,0,35.21
13693,Software Engineer,AI Engineering,11.1,PhD,Ho Chi Minh City,USA,Hybrid,Big Tech (FAANG+),Tech,76.3,9.7,C++|Java|SQL|PyTorch|FastAPI|TensorFlow|AutoGen|React|BERT,9,,126900,91100,Top,Junior,2026,4,1,0,1,27.94
13694,Software Engineer,Software Engineering,11.5,PhD,New York,USA,On-site,Startup,E-commerce,64.8,8.8,SQL|TensorFlow|C++,3,78300,120200,33000,Top,Lead,2026,7,0,0,1,22.95
13695,DevOps Engineer,IT Operations,13.6,PhD,Ho Chi Minh City,USA,Hybrid,Enterprise,Healthcare,73.6,9.6,AWS|CUDA|PyTorch|FastAPI|C++|Docker,6,71300,,30200,Medium,Junior,2026,5,0,0,1,20.93
13696,Software Engineer,Product Management,6.1,Bachelor's,Singapore,UK,Hybrid,Big Tech (FAANG+),Tech,95.7,7.4,Docker|AWS,2,50000,60100,75300,Low,Lead,2026,12,1,0,1,43.64
13697,Data Scientist,Software Engineering,14.3,PhD,Tokyo,USA,Fully Remote,Mid-size,Finance,87.8,1.2,,0,41400,110000,86700,High,Junior,2026,12,1,0,0,8.96
13698,Product Manager,AI Engineering,13,Master's,Berlin,Japan,Hybrid,Startup,Automotive,72.5,9.4,TensorFlow|SQL|Airflow|C++|BERT|Python|AWS|PyTorch|Azure,9,67400,,63400,Low,Senior,2026,2,1,0,0,38.92
13699,Machine Learning Engineer,Data Science,4.4,High School,Ho Chi Minh City,Singapore,Fully Remote,Enterprise,Automotive,99,4.8,Docker|Azure|React|C++|SQL,5,41500,170700,80200,High,Junior,2026,6,1,0,1,3.83
13700,Data Analyst,IT Operations,2.4,Bachelor's,New York,Vietnam,On-site,Big Tech (FAANG+),Tech,89.7,4.3,BERT|Docker|FastAPI,3,49100,113900,75200,Medium,Senior,2026,1,1,0,0,27.39
13701,Machine Learning Engineer,AI Engineering,6.5,PhD,San Francisco,Singapore,On-site,Enterprise,E-commerce,50.3,3.6,AWS|TensorFlow|React|Docker|PyTorch,5,101400,118400,125000,Medium,Junior,2026,6,1,1,0,8
13702,Machine Learning Engineer,Product Management,6,High School,London,Singapore,Fully Remote,Startup,Tech,55.6,3.6,Java|React|Python|Docker|Azure,5,79700,106700,19000,Top,Junior,2026,1,1,1,0,22.98
13703,Data Scientist,Product Management,8.6,Bachelor's,Beijing,Singapore,On-site,Mid-size,E-commerce,77.7,8.2,Azure|Airflow|C++|PyTorch|Docker|FastAPI|Python|TensorFlow|AWS|CUDA,10,46400,92300,63300,Medium,Senior,2026,3,0,1,0,24.12
13704,Machine Learning Engineer,Data Science,8.8,High School,Berlin,Japan,Fully Remote,Mid-size,Education,67.5,3.3,CUDA|AWS|React|TensorFlow,4,63700,,65200,High,Mid,2026,11,1,0,1,36.6
13705,DevOps Engineer,Data Science,11.2,Bachelor's,Berlin,USA,Fully Remote,Startup,E-commerce,90.6,3,TensorFlow|SQL|FastAPI|Python,4,81900,97900,32200,Top,Lead,2026,10,1,0,0,10.45
13706,AI Agent Developer,IT Operations,7.6,Associate's,New York,Singapore,On-site,Big Tech (FAANG+),Automotive,94.8,7.3,PyTorch|Airflow|FastAPI|Docker|React|SQL|AutoGen,7,59400,94200,83900,Medium,Mid,2026,7,0,0,1,14.75
13707,Software Engineer,IT Operations,1.6,Bachelor's,London,Singapore,Fully Remote,Enterprise,Finance,62,3.6,AWS|C++|React|AutoGen|Docker|FastAPI|SQL|Azure|Airflow,9,,85400,60900,Medium,Junior,2026,2,0,1,0,25.05
13708,AI Agent Developer,Data Science,12.9,PhD,London,Vietnam,Fully Remote,Enterprise,Healthcare,88.2,1.1,CUDA|AutoGen|C++|SQL|AWS|React|TensorFlow|Java|Azure,9,56900,,52700,Medium,Lead,2026,9,1,1,0,37.82
13709,Product Manager,Data Science,4.6,High School,Beijing,Japan,Fully Remote,Big Tech (FAANG+),Finance,76.8,9.4,C++|TensorFlow|SQL|Azure|PyTorch|Java|Docker,7,,113500,43700,Low,Lead,2026,3,1,0,0,27.22
13710,Data Analyst,Product Management,14.6,High School,San Francisco,UK,On-site,Startup,Healthcare,69.6,3.8,Airflow|AWS|FastAPI|Python|TensorFlow|C++|CUDA|Docker|SQL,9,45900,124900,77500,Medium,Lead,2026,3,0,1,1,39.7
13711,Software Engineer,Data Science,1.8,High School,London,China,On-site,Enterprise,Education,89.3,7.9,Docker|AWS|Java|PyTorch|React|CUDA|AutoGen,7,36600,71300,87100,Low,Lead,2026,7,0,1,1,32.73
13712,Machine Learning Engineer,Software Engineering,14.4,Master's,San Francisco,Japan,On-site,Enterprise,Automotive,78.2,5.2,Python|AWS|BERT|Azure|Java|CUDA|AutoGen,7,28000,108500,70600,Top,Senior,2026,1,0,0,1,45.96
13713,Data Analyst,AI Engineering,1.4,Master's,New York,Germany,On-site,Startup,Healthcare,81.8,2.2,BERT|CUDA|SQL|TensorFlow|PyTorch|C++|Airflow|FastAPI|Python|Docker,10,38700,64200,97800,Low,Mid,2026,5,1,1,1,33.44
13714,Software Engineer,Data Science,3.5,PhD,San Francisco,USA,On-site,Enterprise,Education,53.1,7,Python|FastAPI|C++|Docker|Azure|PyTorch|Airflow|SQL|CUDA,9,65300,125200,84300,High,Mid,2026,10,0,1,1,17.32
13715,DevOps Engineer,IT Operations,0.7,Associate's,Tokyo,Germany,Hybrid,Big Tech (FAANG+),E-commerce,79.3,3.1,AutoGen|AWS|Java|TensorFlow|FastAPI|Python,6,69900,158800,120300,Medium,Senior,2026,3,0,0,1,5.04
13716,DevOps Engineer,Software Engineering,10.6,Master's,London,China,Hybrid,Big Tech (FAANG+),Tech,65,3.6,BERT|PyTorch|AutoGen|SQL|TensorFlow|CUDA|Java|FastAPI|Docker,9,92700,122000,47700,Top,Mid,2026,1,1,1,1,35.22
13717,DevOps Engineer,IT Operations,12.8,Bachelor's,Tokyo,UK,Fully Remote,Startup,Healthcare,74.7,1.3,Java|Docker|Python|C++|TensorFlow|AutoGen|FastAPI|PyTorch|CUDA|Azure,10,40400,87300,39500,High,Junior,2026,7,0,0,0,49.13
13718,DevOps Engineer,Software Engineering,6.5,PhD,Singapore,Japan,Hybrid,Startup,Finance,61.1,1.1,C++|React|FastAPI|AutoGen|TensorFlow|AWS|Airflow|Java|Python|SQL,10,34500,141000,90100,Medium,Lead,2026,10,1,0,0,24.38
13719,Machine Learning Engineer,Data Science,13.9,Associate's,Singapore,UK,On-site,Big Tech (FAANG+),Automotive,80.7,5.6,Docker|Java|FastAPI|Python|SQL|AWS|AutoGen|BERT|PyTorch|CUDA,10,67800,,68200,Low,Junior,2026,7,1,1,0,6.76
13720,AI Agent Developer,AI Engineering,8.9,Bachelor's,Tokyo,China,On-site,Startup,Automotive,57.4,1.5,PyTorch|TensorFlow|Docker|AWS|React|Airflow|C++|BERT|AutoGen|CUDA,10,20600,112100,41500,High,Junior,2026,9,0,0,1,16.02
13721,Software Engineer,IT Operations,9.5,High School,New York,Germany,On-site,Big Tech (FAANG+),Education,56.1,2.9,React|Azure|CUDA|Docker|AutoGen,5,10300,213100,50300,Low,Mid,2026,7,1,0,1,20.52
13722,Machine Learning Engineer,Software Engineering,12.7,Master's,Berlin,Japan,Fully Remote,Big Tech (FAANG+),Tech,59.4,9.3,FastAPI|AWS|TensorFlow|AutoGen|Azure|Airflow|SQL,7,67000,64800,93700,Medium,Senior,2026,4,0,1,0,6.87
13723,DevOps Engineer,Product Management,4.5,Bachelor's,Berlin,USA,Fully Remote,Big Tech (FAANG+),E-commerce,90.9,1.7,React|CUDA|FastAPI|AWS|Java|Python,6,,87000,98700,High,Senior,2026,3,0,0,1,16.6
13724,Product Manager,Data Science,5.3,Associate's,Berlin,Vietnam,Fully Remote,Enterprise,E-commerce,51.7,3.6,TensorFlow|FastAPI|AWS|BERT|C++|Python|Airflow|PyTorch,8,36500,,94300,Medium,Junior,2026,6,1,1,1,39.94
13725,AI Agent Developer,AI Engineering,13.6,PhD,Ho Chi Minh City,Singapore,Fully Remote,Startup,Automotive,86.5,7.5,SQL|TensorFlow|Java|Python|PyTorch|AutoGen|AWS|Docker|Azure|BERT,10,62900,55300,77500,High,Lead,2026,6,0,1,0,15.86
13726,Product Manager,Data Science,13.5,Bachelor's,Berlin,UK,Fully Remote,Enterprise,E-commerce,52.8,9,,0,51700,70000,69300,Medium,Junior,2026,2,0,1,0,49.93
13727,Data Analyst,Product Management,14.6,PhD,New York,China,Fully Remote,Startup,Education,79.6,1.4,TensorFlow|CUDA|PyTorch|Python|Azure|SQL|C++|AWS|FastAPI,9,44800,101200,70400,Low,Lead,2026,7,0,0,0,14.54
13728,Product Manager,AI Engineering,13.5,High School,Beijing,Japan,Hybrid,Mid-size,Tech,88.7,2.7,Java|FastAPI|TensorFlow|Airflow|Docker|PyTorch,6,24200,164400,81400,Top,Lead,2026,1,0,0,0,4.96
13729,Data Analyst,Product Management,1.9,Associate's,Singapore,Germany,On-site,Enterprise,Automotive,61.6,4.5,Azure|AutoGen|SQL|CUDA|Airflow|AWS,6,39400,,79300,Low,Junior,2026,9,0,0,1,39.41
13730,Data Analyst,Data Science,12.4,Associate's,London,USA,Hybrid,Enterprise,E-commerce,59.8,4.2,React|Python|AWS|Airflow,4,40300,144800,50500,Top,Junior,2026,2,0,0,1,6.05
13731,DevOps Engineer,Software Engineering,6.1,Master's,Berlin,Germany,Fully Remote,Enterprise,Healthcare,64.5,3.6,AutoGen|TensorFlow|Python|Docker|BERT|PyTorch|C++|FastAPI|Airflow,9,42000,133400,100400,High,Mid,2026,3,1,1,0,2.38
13732,Data Analyst,Data Science,14.9,Associate's,Ho Chi Minh City,USA,On-site,Mid-size,Healthcare,85,3.2,Airflow|Python|PyTorch|Java|FastAPI|C++|SQL,7,62300,113900,76100,Medium,Lead,2026,6,0,0,0,19.8
13733,Data Scientist,Data Science,7.1,Bachelor's,Singapore,Japan,On-site,Startup,Education,62.7,3.4,Java|AWS|Airflow|BERT|C++|React|AutoGen|PyTorch|TensorFlow,9,56700,28400,19700,Medium,Junior,2026,11,0,0,0,45.08
13734,Software Engineer,Data Science,8.3,Bachelor's,San Francisco,Vietnam,On-site,Mid-size,E-commerce,75.1,2.2,CUDA|AWS|C++|Java,4,45900,164600,43700,Low,Mid,2026,7,1,1,1,28.52
13735,Software Engineer,IT Operations,7.9,Bachelor's,Singapore,Vietnam,Hybrid,Startup,Healthcare,56.7,2.5,Docker|Azure|CUDA|React|AutoGen|PyTorch|AWS|TensorFlow|C++,9,52800,141200,64600,Top,Lead,2026,1,0,1,1,45.89
13736,DevOps Engineer,Product Management,4.8,High School,Tokyo,Singapore,On-site,Startup,Tech,73.1,6.5,CUDA|Python|Azure|React|C++|Java|Airflow|FastAPI|SQL|AutoGen,10,86000,111300,80300,Top,Junior,2026,3,0,1,1,43.67
13737,Data Scientist,Product Management,1.1,Associate's,Ho Chi Minh City,China,Fully Remote,Startup,Finance,81.2,3.6,AWS|C++|SQL|BERT|Docker|Azure|PyTorch,7,,48800,75200,High,Lead,2026,6,1,0,0,3.8
13738,Product Manager,Product Management,13.4,Associate's,New York,China,Fully Remote,Startup,Tech,53.6,4.6,TensorFlow|CUDA|Azure|Python|Docker|Java|AutoGen,7,79200,41700,zal6ziftqy8kpou,Medium,Lead,2026,4,1,0,0,2.79
13739,Machine Learning Engineer,IT Operations,12,Bachelor's,Beijing,USA,Hybrid,Startup,Education,90.8,4.7,AWS|CUDA,2,38800,52100,105800,Top,Senior,2026,5,0,0,0,14.89
13740,Product Manager,Software Engineering,2.1,Master's,Berlin,USA,Hybrid,Mid-size,Tech,96.9,2,SQL|Python|Airflow|PyTorch|AutoGen|FastAPI|Azure,7,46200,72500,93800,Top,Mid,2026,12,1,0,1,44.16
13741,Machine Learning Engineer,Data Science,11.7,Master's,Berlin,USA,Fully Remote,Enterprise,E-commerce,59.7,8.4,Docker|Airflow|AutoGen,3,43600,114700,tgu9z8h1pkqpb60,Medium,Senior,2026,3,0,0,1,25.25
13742,Data Analyst,Software Engineering,9.4,Associate's,Ho Chi Minh City,USA,Hybrid,Mid-size,Tech,88,9.6,React|SQL|CUDA|PyTorch|Airflow|C++|Azure,7,57900,90000,35900,Low,Senior,2026,8,0,0,0,47.9
13743,AI Agent Developer,IT Operations,6.1,Associate's,San Francisco,Singapore,On-site,Enterprise,E-commerce,65.7,3.4,AWS|CUDA|React|BERT|Java|PyTorch|TensorFlow|Python|Airflow,9,59800,103700,67400,Medium,Senior,2026,1,1,0,1,14.93
13744,Machine Learning Engineer,Product Management,3.8,PhD,New York,Japan,Hybrid,Enterprise,Automotive,83.8,3.6,Java|Docker|C++|SQL|Azure|React|FastAPI|BERT|PyTorch|AutoGen,10,61100,122100,65600,Top,Junior,2026,11,1,1,0,22.32
13745,AI Agent Developer,Data Science,12.9,Associate's,Ho Chi Minh City,Japan,On-site,Big Tech (FAANG+),E-commerce,65.3,7.2,,0,3300,152400,33000,Low,Senior,2026,10,1,1,1,1.3
13746,Software Engineer,AI Engineering,10.5,Bachelor's,Ho Chi Minh City,Vietnam,On-site,Enterprise,Education,93.1,1.7,Airflow|Azure,2,32300,74800,88000,High,Senior,2026,7,1,0,0,43.68
13747,AI Agent Developer,AI Engineering,8.2,High School,Beijing,China,On-site,Mid-size,E-commerce,67.4,9.2,Airflow|AutoGen|Docker|Azure|PyTorch|BERT|TensorFlow|React|Java,9,55300,33300,79700,Medium,Lead,2026,2,0,0,1,8
13748,Software Engineer,Software Engineering,9.1,Associate's,New York,Singapore,On-site,Big Tech (FAANG+),Automotive,92.4,2.1,PyTorch|TensorFlow|FastAPI,3,,67900,50800,Medium,Senior,2026,8,1,1,1,49.33
13749,Data Scientist,Product Management,1.4,Associate's,Beijing,China,On-site,Startup,Finance,88.3,7.6,SQL|BERT|PyTorch|TensorFlow|Docker,5,39900,124100,81200,Low,Lead,2026,3,1,0,1,15.22
13750,Data Scientist,AI Engineering,7.1,Bachelor's,New York,UK,Fully Remote,Startup,Education,59.8,3.6,Azure|Python|C++|PyTorch|Airflow|TensorFlow|CUDA|SQL|Java|FastAPI,10,94600,133500,99400,Top,,2026,4,1,0,0,47.26
13751,DevOps Engineer,Software Engineering,2.9,PhD,Berlin,China,Fully Remote,Enterprise,Automotive,57.8,3.9,SQL|Java|Airflow|Python|AutoGen|PyTorch|FastAPI|BERT|Docker|CUDA,10,23400,134400,87800,Low,,2026,2,0,0,1,33.52
13752,DevOps Engineer,IT Operations,3.1,Associate's,London,China,Fully Remote,Startup,E-commerce,89,2.3,TensorFlow|C++|React|PyTorch|AWS,5,54900,72200,60400,Medium,Junior,2026,5,0,0,1,28.75
13753,Data Analyst,Software Engineering,9.9,Master's,Tokyo,Germany,On-site,Startup,Education,69.5,6.8,TensorFlow|PyTorch|React|C++,4,46800,113100,134900,Low,Senior,2026,9,1,0,1,6.01
13754,Machine Learning Engineer,Software Engineering,13.7,Master's,London,Germany,Hybrid,Big Tech (FAANG+),Healthcare,97.5,8.2,AutoGen|TensorFlow|Docker|AWS|React|BERT|Azure|Airflow,8,,160800,85900,Low,Junior,2026,4,0,0,1,5.21
13755,Data Analyst,Software Engineering,6.1,Master's,San Francisco,Singapore,Hybrid,Mid-size,E-commerce,97.1,9.6,React|FastAPI|TensorFlow|AWS|Java|CUDA|BERT,7,68000,130000,59400,High,Mid,2026,7,0,1,0,13.29
13756,Software Engineer,Data Science,3.1,High School,San Francisco,UK,On-site,Startup,Automotive,84.7,4,Azure,1,48500,29700,115700,Top,Junior,2026,8,1,1,0,17.88
13757,Data Analyst,Software Engineering,9.7,High School,Singapore,USA,Hybrid,Startup,E-commerce,75,6.6,Python|FastAPI|React|TensorFlow,4,19900,98000,30100,Low,,2026,10,0,0,0,30.85
13758,AI Agent Developer,Software Engineering,13.1,Associate's,New York,UK,On-site,Mid-size,Automotive,59.7,4.7,Docker|Azure|FastAPI|PyTorch|Java|C++|React|TensorFlow|Python,9,10800,,45800,Medium,Senior,2026,1,0,1,1,8.39
13759,Software Engineer,Data Science,11.2,Associate's,London,UK,Hybrid,Big Tech (FAANG+),Tech,94.1,6,BERT|React|Docker|TensorFlow|Airflow|PyTorch|AWS,7,28800,40200,62700,Low,Lead,2026,6,0,0,1,34.63
13760,DevOps Engineer,Data Science,13,Associate's,Ho Chi Minh City,Vietnam,On-site,Big Tech (FAANG+),Finance,54.1,2.5,Python,1,62700,158700,99400,Top,Junior,2026,5,0,1,1,2.8
13761,Data Scientist,IT Operations,8,High School,Berlin,Japan,Hybrid,Startup,Finance,68.5,6.2,,0,46000,44600,58400,Top,Lead,2026,10,0,1,1,43.26
13762,DevOps Engineer,Product Management,11.3,Associate's,San Francisco,China,Hybrid,Enterprise,Education,66,8.6,Azure|FastAPI|SQL|CUDA|Airflow|AutoGen,6,70700,95900,71800,Medium,Junior,2026,10,0,1,1,43.85
13763,Machine Learning Engineer,AI Engineering,2.1,Bachelor's,Tokyo,Vietnam,Fully Remote,Mid-size,Automotive,97.9,8.8,AutoGen|C++|BERT|PyTorch|Airflow|React|AWS,7,47000,152300,52000,Top,Junior,2026,1,0,1,1,44.81
13764,Software Engineer,AI Engineering,5.2,PhD,Tokyo,Singapore,Hybrid,Big Tech (FAANG+),Finance,55.9,5.4,TensorFlow|PyTorch|Azure,3,,64900,fuckd70wkjxolkj,Medium,Junior,2026,9,0,0,0,21.23
13765,Software Engineer,Software Engineering,5.8,Master's,Singapore,Japan,Hybrid,Startup,Healthcare,94.5,3.1,Airflow|Java|SQL|C++|Docker|React|AutoGen|PyTorch|FastAPI|CUDA,10,80200,98700,86900,Top,Junior,2026,11,0,1,1,6.51
13766,AI Agent Developer,IT Operations,7.7,Master's,Tokyo,Singapore,On-site,Big Tech (FAANG+),Education,72.8,8.5,,0,,119600,38700,Low,Mid,2026,10,0,0,0,25.48
13767,Machine Learning Engineer,Software Engineering,13.9,Bachelor's,Berlin,China,Hybrid,Startup,Healthcare,52.4,10,,0,89200,68000,73800,Medium,Senior,2026,7,0,1,0,37.92
13768,Data Scientist,AI Engineering,13.1,Associate's,London,Singapore,Hybrid,Mid-size,Finance,86.4,4.4,TensorFlow|Java|BERT|AWS|Python|Azure|AutoGen|React|FastAPI|PyTorch,10,63600,77000,81300,Top,Lead,2026,1,0,1,0,13.45
13769,Product Manager,Data Science,2,High School,Tokyo,UK,Hybrid,Enterprise,Automotive,55,9.3,Airflow|Python,2,31100,112100,70300,High,Lead,2026,12,1,0,1,33.35
13770,Software Engineer,Product Management,2.6,Associate's,San Francisco,China,Hybrid,Mid-size,Education,61.9,9.9,BERT|AWS|SQL|AutoGen|Java|PyTorch|FastAPI|Docker|Airflow|Python,10,25900,125500,73200,High,Lead,2026,2,1,1,1,0.94
13771,Software Engineer,IT Operations,5.4,Associate's,Tokyo,USA,Hybrid,Big Tech (FAANG+),Healthcare,90,4.6,Docker|AutoGen|Java|CUDA|BERT|Python|React|Azure|AWS,9,,131500,57800,Medium,Junior,2026,4,0,0,0,40.63
13772,AI Agent Developer,Data Science,4.4,Master's,New York,USA,Fully Remote,Big Tech (FAANG+),Finance,57.7,7.4,Docker|TensorFlow,2,50700,,95800,High,Junior,2026,10,1,0,0,10.88
13773,Data Analyst,Product Management,9.2,Master's,Ho Chi Minh City,UK,Hybrid,Big Tech (FAANG+),E-commerce,66.3,6.2,AutoGen|BERT|Airflow,3,17400,35000,55900,Low,Senior,2026,9,0,0,0,45.62
13774,Data Scientist,IT Operations,13.5,High School,New York,Singapore,On-site,Enterprise,Healthcare,68,7.5,AutoGen|CUDA|AWS|React,4,85400,134100,98600,Low,Senior,2026,11,1,1,1,27.12
13775,DevOps Engineer,IT Operations,14.4,Master's,London,Germany,On-site,Mid-size,Tech,79.4,2.4,Airflow|PyTorch|Azure|BERT|CUDA|FastAPI|SQL|AWS|C++|React,10,94800,149900,75000,Top,Senior,2026,2,0,0,1,18.77
13776,Machine Learning Engineer,AI Engineering,9.8,Associate's,Berlin,USA,Hybrid,Startup,Education,89.5,4.3,Airflow|AutoGen|FastAPI|CUDA|Docker|TensorFlow|PyTorch|Python,8,,203800,62600,Low,Lead,2026,1,0,1,0,36.86
13777,Software Engineer,Data Science,12.6,Bachelor's,Berlin,UK,Hybrid,Mid-size,Healthcare,61.5,1.6,Python,1,,225100,73500,Medium,Senior,2026,1,1,1,1,15.65
13778,Software Engineer,IT Operations,7.9,High School,New York,Vietnam,Hybrid,Mid-size,Education,60.3,6.5,CUDA|React|PyTorch|Java,4,10800,170400,77100,Low,Junior,2026,9,1,1,0,35.75
13779,DevOps Engineer,IT Operations,3.1,Bachelor's,Beijing,Germany,Fully Remote,Enterprise,Finance,61.1,9.3,C++|Azure|CUDA|FastAPI|Python|Airflow|SQL|PyTorch|TensorFlow|React,10,64200,58600,66400,Top,Senior,2026,12,0,0,1,15.63
13780,Data Scientist,Product Management,7.9,Associate's,New York,USA,On-site,Mid-size,Finance,69.1,6,Airflow,1,68900,92300,65500,Low,Mid,2026,1,1,0,0,42.36
13781,Data Analyst,AI Engineering,8.3,High School,San Francisco,UK,Fully Remote,Big Tech (FAANG+),Education,76.8,1.6,,0,49900,125800,49900,Top,Junior,2026,4,0,0,0,49.06
13782,Software Engineer,Software Engineering,11.1,Bachelor's,Beijing,UK,Fully Remote,Enterprise,Finance,50.7,9.4,React|Python|Airflow|PyTorch|Docker|Azure,6,,118500,111000,Medium,Mid,2026,5,0,0,0,32.89
13783,Data Scientist,AI Engineering,3.3,High School,Singapore,Vietnam,Hybrid,Big Tech (FAANG+),Automotive,89,2.2,Azure|React,2,36800,93300,54800,High,Senior,2026,6,0,0,0,26.9
13784,DevOps Engineer,Software Engineering,5.5,Associate's,New York,Vietnam,Hybrid,Big Tech (FAANG+),Education,96.3,8.9,AutoGen|PyTorch|AWS|React|Azure|FastAPI|CUDA|Airflow,8,50900,153000,44600,Low,Mid,2026,6,1,1,1,22.99
13785,AI Agent Developer,Data Science,5.5,High School,Beijing,Germany,On-site,Mid-size,Automotive,92.2,7.4,PyTorch|AWS|SQL|CUDA|Docker|AutoGen|Python|TensorFlow,8,64300,80100,85800,Top,Junior,2026,3,1,1,1,46.46
13786,Data Analyst,Data Science,14.4,Associate's,Beijing,Japan,Hybrid,Startup,Education,51.9,6.7,,0,46300,109000,27800,Medium,Lead,2026,7,0,1,1,21.89
13787,Machine Learning Engineer,IT Operations,6.7,High School,Tokyo,USA,On-site,Mid-size,E-commerce,76.2,6.3,TensorFlow|Java|React|BERT|CUDA|AWS,6,74500,,75700,High,Junior,2026,8,0,0,0,40.5
13788,Software Engineer,Data Science,11.3,High School,Singapore,UK,Fully Remote,Startup,E-commerce,90.7,2.2,Python|AutoGen,2,36200,119200,47200,High,Junior,2026,1,1,1,1,0.19
13789,Data Scientist,IT Operations,11.3,Master's,Tokyo,Germany,On-site,Enterprise,Healthcare,67.2,5.5,Docker|TensorFlow,2,43600,122000,86000,High,Junior,2026,9,0,1,0,44.62
13790,AI Agent Developer,AI Engineering,4,Associate's,Beijing,Singapore,On-site,Enterprise,Finance,94.9,2.8,,0,8700,65600,70200,Low,Mid,2026,6,0,1,0,19.34
13791,Machine Learning Engineer,Data Science,8.6,PhD,Beijing,Germany,On-site,Enterprise,E-commerce,94.3,6.1,CUDA|Airflow|AutoGen|Azure,4,96400,-12000,52800,High,Junior,2026,1,0,0,1,13.93
13792,Product Manager,AI Engineering,13.4,High School,Ho Chi Minh City,Singapore,Fully Remote,Big Tech (FAANG+),Finance,57.1,5,TensorFlow|React|AutoGen|PyTorch|C++,5,10200,81500,70700,High,Junior,2026,11,1,0,0,7.54
13793,Data Scientist,AI Engineering,7.1,Bachelor's,San Francisco,Vietnam,Fully Remote,Big Tech (FAANG+),Healthcare,74.7,7.1,Airflow|AutoGen|C++|TensorFlow|Azure|Python|BERT,7,72300,110000,85900,High,Junior,2026,9,0,0,0,3.58
13794,Data Scientist,Data Science,14.2,Master's,Beijing,UK,Hybrid,Enterprise,Automotive,51.3,9.8,Java|SQL|PyTorch,3,58500,119800,63800,Low,,2026,4,0,0,1,44.11
13795,Machine Learning Engineer,AI Engineering,3.2,Master's,San Francisco,China,Hybrid,Mid-size,E-commerce,64.1,4.2,,0,49900,75400,65700,Medium,Mid,2026,9,0,0,1,16.58
13796,AI Agent Developer,Data Science,1.1,High School,Tokyo,Japan,On-site,Big Tech (FAANG+),Tech,90.6,6.6,React|TensorFlow|Docker|AutoGen|CUDA|Python|Airflow|Azure,8,32200,111600,98200,High,Senior,2026,10,0,0,0,48.62
13797,Product Manager,Data Science,13.4,PhD,Beijing,Japan,On-site,Big Tech (FAANG+),Tech,98.8,8.8,SQL|PyTorch|C++|React|AWS|Azure|AutoGen,7,40800,110700,85400,Medium,Junior,2026,12,0,0,0,21.05
13798,DevOps Engineer,Data Science,12.7,Master's,Berlin,Vietnam,Fully Remote,Mid-size,Tech,95.7,1.8,SQL|Docker,2,42200,73400,63200,High,Senior,2026,5,0,1,1,47.39
13799,AI Agent Developer,Software Engineering,14.9,Associate's,Ho Chi Minh City,Singapore,Fully Remote,Big Tech (FAANG+),Tech,52.1,8.2,Java|FastAPI|Airflow|SQL|AutoGen,5,39500,93500,77000,High,Lead,2026,6,0,1,0,32.91
13800,Data Analyst,AI Engineering,10.2,High School,Beijing,UK,Fully Remote,Mid-size,Tech,96.3,3.2,TensorFlow|Java|C++|Python|FastAPI|React,6,7500,52000,67000,Low,Junior,2026,9,0,0,1,7.7
13801,Software Engineer,Product Management,14.1,High School,Tokyo,Germany,On-site,Startup,Tech,91.1,5.9,AutoGen,1,61700,21600,100900,High,Senior,2026,6,0,1,0,15.3
13802,Machine Learning Engineer,Data Science,12.4,PhD,Tokyo,Japan,On-site,Mid-size,Tech,93.4,9.9,SQL|AWS|C++|FastAPI|Python|TensorFlow|AutoGen|CUDA|BERT|Azure,10,63100,148900,32400,Top,Junior,2026,1,0,0,0,47.05
13803,DevOps Engineer,AI Engineering,12.7,Associate's,London,Germany,Fully Remote,Startup,E-commerce,95.7,9.9,Java|Python|React|FastAPI|CUDA,5,43000,108000,88700,High,Lead,2026,1,0,1,1,21.46
13804,Product Manager,IT Operations,8.5,Associate's,Tokyo,USA,On-site,Big Tech (FAANG+),Tech,74.4,3.8,CUDA|React|FastAPI|SQL|PyTorch|AutoGen|Azure|Docker|TensorFlow,9,,86400,87000,Medium,Junior,2026,2,1,1,1,2.81
13805,Machine Learning Engineer,Data Science,5.7,PhD,San Francisco,China,Fully Remote,Startup,Education,60.6,2.2,FastAPI,1,61500,115200,56600,Top,Junior,2026,11,1,0,0,17.01
13806,Machine Learning Engineer,Data Science,14,Bachelor's,Ho Chi Minh City,Vietnam,Hybrid,Mid-size,Education,51.1,9.4,Docker|BERT|Airflow|FastAPI|Azure,5,22400,118600,52300,Low,Senior,2026,11,0,1,1,43.81
13807,AI Agent Developer,Product Management,6.5,Associate's,San Francisco,Singapore,Fully Remote,Startup,Tech,51.2,9,AWS|Python|PyTorch|TensorFlow|Airflow|Docker|BERT|AutoGen|SQL,9,17600,180700,mrgeotiu4p937lz,Top,Junior,2026,12,0,0,1,49.88
13808,Software Engineer,Software Engineering,8.1,Bachelor's,Tokyo,Japan,On-site,Enterprise,Healthcare,82.1,6.5,Airflow,1,50200,153600,69700,Top,Lead,2026,12,1,0,0,1.48
13809,Data Analyst,Software Engineering,6.7,Bachelor's,Berlin,USA,On-site,Mid-size,E-commerce,66.9,1.3,PyTorch|TensorFlow|React|Azure|CUDA|Python|AutoGen|Java|SQL,9,43400,114000,110900,Top,Lead,2026,2,1,1,0,23.55
13810,Data Scientist,Data Science,8.5,High School,New York,USA,On-site,Mid-size,Education,74.8,7.8,BERT|FastAPI|PyTorch|TensorFlow,4,41500,185800,49600,Top,Senior,2026,6,0,0,0,12.3
13811,Data Scientist,AI Engineering,7.1,High School,Berlin,China,On-site,Startup,Healthcare,56.6,2.4,Airflow|FastAPI|AutoGen|AWS|Azure|Python|TensorFlow|CUDA,8,62100,96300,72800,Top,Junior,2026,10,1,1,0,49.08
13812,Machine Learning Engineer,IT Operations,0.7,Master's,Singapore,Vietnam,Fully Remote,Big Tech (FAANG+),Finance,98.8,9.5,AutoGen|PyTorch|Java|Airflow|TensorFlow|AWS|SQL,7,42100,148500,60800,Medium,Mid,2026,10,0,0,0,19.2
13813,Software Engineer,IT Operations,13.2,High School,San Francisco,Vietnam,Fully Remote,Big Tech (FAANG+),Tech,56.5,4.9,SQL|Java|AutoGen|Airflow|C++|PyTorch|TensorFlow|Azure,8,58800,78800,64400,Top,Junior,2026,5,0,1,0,46.68
13814,Product Manager,AI Engineering,6.7,Associate's,Berlin,Germany,Hybrid,Mid-size,Automotive,72.2,6.5,Airflow,1,85500,102200,83600,Medium,Mid,2026,7,1,1,0,30.53
13815,Product Manager,Data Science,8.8,Associate's,Ho Chi Minh City,Vietnam,Fully Remote,Mid-size,Tech,72.2,3.5,,0,92000,126800,56200,Medium,,2026,8,1,1,0,44.59
13816,DevOps Engineer,IT Operations,2.1,Bachelor's,Ho Chi Minh City,USA,Hybrid,Startup,Tech,50.4,5.3,Azure|React|BERT|Java|CUDA|Docker|PyTorch,7,67300,108700,70600,Medium,Lead,2026,10,0,0,1,47.46
13817,AI Agent Developer,Software Engineering,0.1,Associate's,London,Germany,Fully Remote,Mid-size,Healthcare,83.4,7.8,Airflow|PyTorch|FastAPI|React|Python|SQL|AWS|Java|AutoGen|TensorFlow,10,2400,111600,56000,Low,Lead,2026,10,1,0,1,5.24
13818,Software Engineer,AI Engineering,3.7,High School,Tokyo,Vietnam,Fully Remote,Mid-size,Finance,76.9,5.4,Airflow,1,62600,110000,90100,Top,Junior,2026,10,0,0,0,10.09
13819,Software Engineer,Product Management,10.6,High School,London,Singapore,On-site,Big Tech (FAANG+),Healthcare,74.9,8.6,CUDA|Python,2,81100,152100,123000,High,Junior,2026,10,1,0,1,13.27
13820,AI Agent Developer,Data Science,1.5,High School,Ho Chi Minh City,Singapore,Hybrid,Mid-size,E-commerce,90.9,7.4,TensorFlow|Azure|AutoGen,3,55300,103900,107400,Low,Lead,2026,3,0,0,1,26.76
13821,Product Manager,AI Engineering,13.6,PhD,Tokyo,China,On-site,Startup,Finance,62.1,1.7,PyTorch|Docker|Java|Python,4,,76300,50900,High,Junior,2026,9,0,0,1,12.06
13822,Product Manager,IT Operations,3.2,Associate's,Ho Chi Minh City,USA,On-site,Mid-size,Education,93.1,6.5,Java|Docker|PyTorch|React|Python|Airflow|CUDA|SQL|BERT|C++,10,,97900,63100,Top,Junior,2026,1,1,0,0,46.69
13823,Product Manager,Data Science,3.1,Master's,Ho Chi Minh City,UK,Fully Remote,Mid-size,Finance,93.2,6.5,TensorFlow|AWS|FastAPI|CUDA|Docker|BERT|Java|Azure|Airflow,9,74600,151700,73700,Top,Senior,2026,3,0,1,0,9.04
13824,Machine Learning Engineer,Software Engineering,2.7,Associate's,New York,China,Fully Remote,Mid-size,Finance,91.3,4.4,,0,39400,134300,24000,High,Senior,2026,2,1,0,0,8.55
13825,Software Engineer,Data Science,0.2,Associate's,Berlin,China,Hybrid,Enterprise,Healthcare,67.1,3.9,FastAPI|BERT|SQL|Azure|Java|CUDA|AWS|PyTorch|C++|Docker,10,31000,,73700,Medium,Senior,2026,6,0,1,0,7.58
13826,Data Scientist,Data Science,11.6,PhD,London,Vietnam,Hybrid,Mid-size,Tech,58.1,1.6,PyTorch|AWS,2,36900,68900,86900,Top,Mid,2026,12,0,1,0,21.8
13827,AI Agent Developer,Software Engineering,13.1,Associate's,San Francisco,Germany,Fully Remote,Startup,Tech,73.8,5,C++|AWS,2,51200,78000,74600,High,Lead,2026,1,0,1,1,2.26
13828,Product Manager,Software Engineering,9.2,Bachelor's,London,Germany,Hybrid,Big Tech (FAANG+),Tech,63,4,SQL|C++|Java|BERT|TensorFlow|FastAPI|AutoGen|React|AWS,9,45600,99400,72600,Low,Junior,2026,8,1,1,0,34
13829,DevOps Engineer,Data Science,2.8,High School,Beijing,Singapore,Fully Remote,Big Tech (FAANG+),Tech,52.6,9.6,SQL|BERT|React|PyTorch,4,17800,96700,58600,High,Lead,2026,12,1,1,0,12.43
13830,Product Manager,Software Engineering,4.3,High School,Singapore,USA,Fully Remote,Enterprise,Tech,64,7.1,,0,41400,70800,66300,Low,Junior,2026,10,0,0,1,46.67
13831,Product Manager,AI Engineering,7.1,PhD,New York,Vietnam,Fully Remote,Startup,E-commerce,73.5,5.1,React|Azure|BERT|CUDA|Java|Airflow,6,87900,138000,63100,Low,Junior,2026,12,0,0,0,8.99
13832,Data Analyst,Software Engineering,14.3,High School,Ho Chi Minh City,Germany,Hybrid,Big Tech (FAANG+),Automotive,55.6,7.8,Python|PyTorch|TensorFlow|BERT|Java|React|SQL,7,53700,77300,49000,Top,Lead,2026,10,0,1,0,3.94
13833,Machine Learning Engineer,Software Engineering,3.7,Bachelor's,Ho Chi Minh City,Singapore,On-site,Big Tech (FAANG+),Education,97.2,8,Docker|AutoGen|Java|Airflow|AWS|React|FastAPI,7,62200,63900,98200,Low,Mid,2026,12,1,1,1,20.12
13834,AI Agent Developer,Data Science,11,PhD,New York,Japan,Hybrid,Mid-size,Finance,82.8,5.3,React,1,21600,92100,114500,Top,Mid,2026,3,1,1,1,12.26
13835,Data Analyst,AI Engineering,6.6,Master's,Tokyo,UK,On-site,Mid-size,Automotive,56.8,1.7,PyTorch|AWS|Java|FastAPI|AutoGen|SQL|Azure|Docker|BERT,9,63300,118600,59700,High,Mid,2026,6,0,0,1,43.45
13836,Data Analyst,Product Management,4.5,High School,London,Japan,Hybrid,Mid-size,E-commerce,90.6,8,Airflow|AutoGen|CUDA|TensorFlow|PyTorch,5,80100,63300,49600,Medium,Mid,2026,2,0,0,1,26.02
13837,DevOps Engineer,Product Management,6.8,Associate's,Ho Chi Minh City,Vietnam,On-site,Enterprise,Tech,96.4,1.8,PyTorch|AWS|Docker|BERT|C++|AutoGen|React|Azure|CUDA,9,56400,102000,56100,Low,Senior,2026,5,1,1,1,23.84
13838,Software Engineer,IT Operations,1.1,Bachelor's,Singapore,Vietnam,On-site,Mid-size,E-commerce,63.1,8.6,CUDA|BERT|AutoGen|Azure,4,25900,82700,50600,Top,Lead,2026,2,0,1,1,38.91
13839,DevOps Engineer,Software Engineering,12,Bachelor's,Beijing,Germany,Hybrid,Startup,Education,57.2,4,Airflow|PyTorch|BERT|AWS|AutoGen|Python|Java|SQL,8,62800,86900,63200,Medium,Mid,2026,7,0,0,0,32.63
13840,Software Engineer,Software Engineering,3.6,High School,London,China,Hybrid,Enterprise,Education,66.1,6.7,AWS|FastAPI|PyTorch|SQL|CUDA|React,6,66200,99600,81600,Low,Mid,2026,5,1,0,1,0.48
13841,Software Engineer,AI Engineering,10.9,Master's,Berlin,Vietnam,On-site,Big Tech (FAANG+),E-commerce,91.6,7.7,C++|Python|Airflow|BERT|SQL|CUDA,6,36000,123700,105000,High,Mid,2026,8,1,0,1,34.27
13842,AI Agent Developer,Product Management,1,Associate's,San Francisco,China,Fully Remote,Big Tech (FAANG+),Automotive,58.8,1.3,Airflow,1,71400,100400,35300,Low,Mid,2026,6,0,0,1,35.62
13843,Product Manager,IT Operations,14.3,Master's,San Francisco,USA,On-site,Startup,Finance,89,4.5,Azure|Airflow|BERT,3,59000,,hnz4951ts1kh9zm,High,Senior,2026,8,1,1,1,8.72
13844,AI Agent Developer,AI Engineering,2.9,Master's,Singapore,Singapore,On-site,Startup,Healthcare,85.8,6.4,Airflow,1,10100,127600,74900,High,Junior,2026,12,0,0,0,35.47
13845,Machine Learning Engineer,Software Engineering,13.2,High School,New York,USA,Fully Remote,Big Tech (FAANG+),Healthcare,82.6,8.6,,0,38200,116300,21800,High,Mid,2026,9,1,1,1,49.69
13846,Software Engineer,Product Management,12.1,Associate's,London,Germany,On-site,Startup,Education,71.7,7.5,AutoGen|Docker|AWS|Airflow|React|PyTorch|Azure|Python|BERT,9,43300,87900,43500,High,Senior,2026,7,1,1,0,14.7
13847,Data Analyst,IT Operations,14.5,High School,San Francisco,USA,Fully Remote,Startup,Finance,68.3,9.1,AWS|C++|PyTorch|AutoGen|Airflow|BERT|FastAPI,7,48900,79800,87700,Top,Senior,2026,1,1,0,1,1.93
13848,Product Manager,Data Science,7.2,High School,Berlin,Japan,Fully Remote,Startup,Tech,54.3,1.7,Docker,1,49900,140400,53600,Top,Senior,2026,9,1,1,0,42.52
13849,Data Scientist,Product Management,10.9,Bachelor's,Beijing,Japan,Hybrid,Mid-size,E-commerce,67.9,1.6,React|C++|Azure|Java|BERT|SQL|CUDA,7,65800,,65300,Top,Junior,2026,9,1,0,0,10.25
13850,Machine Learning Engineer,IT Operations,5.6,High School,Tokyo,Japan,On-site,Big Tech (FAANG+),Tech,80.1,7.4,SQL|AutoGen|TensorFlow|Docker|CUDA,5,66500,145000,71800,Medium,Lead,2026,10,1,1,0,38.92
13851,AI Agent Developer,AI Engineering,2.8,PhD,San Francisco,Germany,On-site,Startup,Education,94.9,4.6,CUDA|TensorFlow|Airflow|AWS|Python,5,82300,146500,104600,High,,2026,2,0,1,1,20.35
13852,DevOps Engineer,Data Science,6.6,Associate's,New York,Germany,Fully Remote,Startup,E-commerce,91.7,5.3,,0,56800,95300,43100,Low,Junior,2026,2,0,0,1,45.19
13853,Machine Learning Engineer,IT Operations,2.5,Bachelor's,Tokyo,Japan,On-site,Mid-size,Healthcare,51.6,6.4,Docker|Java|TensorFlow|SQL|Azure|BERT,6,79500,,91100,Medium,Senior,2026,7,0,0,1,47.1
13854,Machine Learning Engineer,IT Operations,14.7,Associate's,San Francisco,China,Fully Remote,Big Tech (FAANG+),Education,56.9,9.9,BERT|Azure|C++,3,68600,88500,106800,Medium,,2026,5,0,1,1,19.8
13855,Product Manager,Software Engineering,1.4,Bachelor's,Singapore,Japan,On-site,Enterprise,Education,92.4,1.6,AWS|Docker|CUDA|FastAPI|AutoGen|SQL|C++,7,,96300,50600,Medium,Lead,2026,5,1,1,1,49.04
13856,Machine Learning Engineer,Product Management,8.8,PhD,Ho Chi Minh City,China,On-site,Big Tech (FAANG+),Finance,97,2,TensorFlow|Docker|SQL,3,81900,120400,94500,Medium,Senior,2026,1,1,1,1,1.39
13857,Machine Learning Engineer,Software Engineering,9.4,High School,Tokyo,USA,Fully Remote,Big Tech (FAANG+),Automotive,52.8,8.5,Docker|Airflow|FastAPI|CUDA|Java|SQL|C++,7,43200,85200,61900,Low,Lead,2026,6,0,1,1,28.45
13858,Data Scientist,Data Science,8.1,Bachelor's,Ho Chi Minh City,China,Fully Remote,Big Tech (FAANG+),Education,85.1,1.2,AutoGen|TensorFlow|PyTorch|BERT|AWS|Python|Docker,7,48400,128500,57700,High,Lead,2026,8,1,1,0,36.94
13859,DevOps Engineer,IT Operations,9.9,Bachelor's,Singapore,Vietnam,On-site,Mid-size,Automotive,68.3,5.1,TensorFlow|FastAPI|Docker|PyTorch|BERT|Python|SQL,7,8000,,66700,Low,Senior,2026,4,1,0,1,21.39
13860,DevOps Engineer,Software Engineering,1.7,Bachelor's,San Francisco,UK,On-site,Big Tech (FAANG+),Finance,68.2,8,SQL|AutoGen,2,72100,111000,80700,High,Mid,2026,3,0,0,0,32.94
13861,DevOps Engineer,Product Management,8.3,PhD,Berlin,Vietnam,Fully Remote,Enterprise,Education,82.1,2.8,C++|Airflow|TensorFlow|CUDA,4,70500,205500,56300,Medium,Lead,2026,10,0,0,0,15.37
13862,Software Engineer,Data Science,4.3,Associate's,London,Vietnam,Hybrid,Startup,Education,90.5,2.7,React|FastAPI,2,52900,119200,97900,Medium,Senior,2026,10,0,1,0,3.87
13863,Data Analyst,AI Engineering,14.1,PhD,Beijing,Germany,Hybrid,Big Tech (FAANG+),Healthcare,63.7,3.8,Docker|BERT|AutoGen|React|Azure|C++|TensorFlow|SQL|Java|Airflow,10,65900,143500,noivg7pfylcem54,Top,Junior,2026,1,1,1,0,41.75
13864,DevOps Engineer,Software Engineering,11.4,Bachelor's,Berlin,UK,On-site,Mid-size,E-commerce,85.3,2.4,PyTorch|Java|React|CUDA|FastAPI|AutoGen|AWS,7,71400,136500,24100,Top,Junior,2026,4,1,0,1,14.82
13865,Machine Learning Engineer,Data Science,14.6,Bachelor's,Beijing,Germany,On-site,Big Tech (FAANG+),Automotive,81.8,7.1,React|SQL|CUDA|BERT|Python|C++,6,50400,20700,73200,Medium,Lead,2026,2,1,1,1,9.78
13866,Machine Learning Engineer,AI Engineering,0.6,High School,Tokyo,China,On-site,Big Tech (FAANG+),Healthcare,75.9,2.8,Python|React|AutoGen|Airflow|CUDA,5,58600,96300,iln9m15vzgnt2s5,Medium,Senior,2026,5,0,1,0,9.99
13867,DevOps Engineer,Software Engineering,4.3,PhD,Beijing,Japan,Fully Remote,Enterprise,Education,80.1,3,React|BERT|SQL|AWS|Java,5,49700,,68400,High,,2026,12,1,1,1,41.13
13868,Product Manager,Data Science,2.9,PhD,Tokyo,Singapore,On-site,Enterprise,Finance,50.9,6.2,Docker|React|Azure|FastAPI|Java|AWS|SQL|AutoGen|TensorFlow|Python,10,48000,52600,84200,Medium,Mid,2026,10,1,1,1,3.29
13869,DevOps Engineer,Data Science,0.2,Master's,Beijing,Singapore,On-site,Mid-size,Tech,50.2,9.7,,0,36400,93100,58600,High,Junior,2026,1,1,1,0,24.89
13870,Machine Learning Engineer,Software Engineering,3.6,Associate's,New York,Singapore,On-site,Mid-size,Healthcare,77.5,9.2,BERT|Azure|C++|SQL,4,21900,185200,32100,Medium,Mid,2026,9,1,0,1,9.72
13871,Software Engineer,Data Science,10.2,Master's,Berlin,China,Hybrid,Mid-size,Healthcare,76.2,8.8,FastAPI|TensorFlow|PyTorch|AutoGen|AWS,5,24300,54900,49900,Low,Lead,2026,9,0,0,1,32.59
13872,AI Agent Developer,IT Operations,3.5,Master's,San Francisco,UK,On-site,Mid-size,Tech,53.6,5.8,Python|React|CUDA|FastAPI|Airflow,5,,146000,107500,Medium,Mid,2026,5,1,1,1,39.95
13873,AI Agent Developer,Software Engineering,7.6,Associate's,San Francisco,USA,On-site,Mid-size,Education,74.6,3.7,BERT|TensorFlow|React|Airflow|C++|AWS|Python,7,27600,65500,79700,High,Mid,2026,1,1,1,0,28.08
13874,DevOps Engineer,Data Science,13.3,High School,New York,China,Fully Remote,Startup,Healthcare,87.9,7.4,AWS|AutoGen|C++,3,31100,122700,96500,High,Lead,2026,3,1,1,0,30.74
13875,Data Scientist,AI Engineering,10.4,High School,London,Vietnam,Hybrid,Startup,Automotive,77.1,4.5,AWS|React|Java|AutoGen|Azure,5,33600,129300,116600,Low,Lead,2026,7,0,1,0,31.17
13876,DevOps Engineer,AI Engineering,5.9,Associate's,San Francisco,UK,Fully Remote,Mid-size,Education,75.9,8,Java|CUDA,2,44400,132300,126500,High,Lead,2026,5,1,0,1,28.65
13877,Product Manager,IT Operations,5.6,Associate's,London,UK,On-site,Mid-size,Automotive,85.9,1.1,,0,72600,62500,80300,Top,Mid,2026,11,0,0,0,10.95
13878,DevOps Engineer,Software Engineering,6.8,PhD,Ho Chi Minh City,China,On-site,Startup,Automotive,58.6,5.8,CUDA|Airflow|Azure|Docker|AutoGen|AWS|FastAPI|PyTorch|TensorFlow,9,7300,147000,67900,Low,Senior,2026,9,1,1,0,32.68
13879,AI Agent Developer,Data Science,2.7,PhD,San Francisco,China,On-site,Enterprise,Healthcare,72.9,4,AutoGen|Airflow|Java|Azure,4,51000,71800,59400,Medium,Senior,2026,4,1,1,1,38.71
13880,Machine Learning Engineer,Data Science,9.5,PhD,Ho Chi Minh City,Germany,On-site,Startup,Education,57.4,3.2,FastAPI|TensorFlow|Python|React|Java|Airflow|AWS|PyTorch,8,31500,37400,77500,Medium,Senior,2026,5,1,1,0,41.21
13881,DevOps Engineer,AI Engineering,5.5,PhD,San Francisco,Germany,On-site,Mid-size,Healthcare,76.2,7,Airflow,1,49100,60900,86500,Medium,Mid,2026,3,0,1,1,3.97
13882,Machine Learning Engineer,IT Operations,12.8,Bachelor's,San Francisco,Vietnam,Fully Remote,Enterprise,Healthcare,79.6,6.9,TensorFlow|AWS|Azure|PyTorch|Docker|Java|SQL|CUDA,8,37600,66700,92600,High,Junior,2026,8,1,0,1,19.89
13883,Machine Learning Engineer,AI Engineering,11.3,Bachelor's,Ho Chi Minh City,UK,On-site,Mid-size,Education,56.1,1.3,,0,,130300,49600,Medium,Junior,2026,3,0,1,0,18.46
13884,Data Scientist,AI Engineering,9.2,High School,Singapore,Singapore,On-site,Big Tech (FAANG+),Education,53.8,9.5,PyTorch|AutoGen|React|C++|SQL|Python|Airflow,7,19100,140700,49900,Medium,Lead,2026,6,0,0,1,46.17
13885,Machine Learning Engineer,IT Operations,5.5,Bachelor's,London,USA,Hybrid,Enterprise,Education,58.3,4.3,AWS|Python|SQL|BERT|React,5,58200,105900,69000,Medium,Senior,2026,7,0,1,1,32.97
13886,AI Agent Developer,Software Engineering,3.1,Bachelor's,Beijing,USA,Hybrid,Mid-size,Education,79.3,9.3,C++|TensorFlow|PyTorch|Airflow|SQL|AWS|Python|Azure|Docker,9,51200,61700,75100,Top,Junior,2026,2,1,0,1,23.64
13887,Software Engineer,Data Science,11.6,PhD,Tokyo,UK,On-site,Startup,Finance,59.5,6.3,FastAPI|AutoGen|Java|AWS|Airflow|Docker,6,53100,78900,115400,Top,Senior,2026,7,1,1,0,47.98
13888,Software Engineer,Software Engineering,7.3,PhD,Singapore,Vietnam,On-site,Mid-size,Education,63.8,6.9,FastAPI|SQL|Docker|PyTorch|Airflow|React|AutoGen|Python|BERT,9,69300,96600,16000,Top,Mid,2026,3,1,0,1,8.04
13889,Data Analyst,Product Management,3.4,Associate's,Beijing,Singapore,On-site,Startup,Tech,85.1,9.6,Docker|AWS|CUDA|TensorFlow,4,,50700,59800,Medium,Lead,2026,3,0,1,1,18.08
13890,Product Manager,Product Management,2.9,PhD,Berlin,Germany,On-site,Enterprise,Education,62.4,8.4,Java|FastAPI|AWS|Python|Docker|AutoGen|PyTorch|Azure|C++,9,28200,,96100,Medium,Lead,2026,5,1,0,1,31.45
13891,DevOps Engineer,Product Management,2.5,Associate's,London,Germany,On-site,Startup,Healthcare,69.9,2.3,SQL|CUDA|BERT|Docker|Java|AWS|FastAPI|Azure|PyTorch|AutoGen,10,83200,99800,50000,High,Lead,2026,4,0,1,0,25.51
13892,Product Manager,IT Operations,11.7,Associate's,San Francisco,Germany,On-site,Enterprise,Tech,96.4,1,Docker,1,60900,91600,74500,High,Lead,2026,10,0,1,1,29.53
13893,AI Agent Developer,AI Engineering,3.4,Bachelor's,San Francisco,USA,Fully Remote,Mid-size,E-commerce,91.2,3.8,TensorFlow|AWS|Airflow|AutoGen|BERT|FastAPI|React|C++|CUDA,9,11500,,99000,High,Lead,2026,7,0,0,1,38.08
13894,Machine Learning Engineer,Software Engineering,7.9,PhD,San Francisco,USA,Fully Remote,Startup,Automotive,62.8,5.4,Airflow|PyTorch|AutoGen|SQL|BERT|Java|Azure|React|AWS,9,46400,152000,91600,High,Lead,2026,3,0,1,0,34.8
13895,Software Engineer,Data Science,6.8,Bachelor's,Tokyo,Vietnam,Fully Remote,Enterprise,Finance,79.9,7.6,AutoGen|TensorFlow|AWS,3,71300,72100,92100,Medium,Lead,2026,9,1,0,0,32.86
13896,Product Manager,Product Management,8.7,PhD,Tokyo,USA,Hybrid,Enterprise,Tech,83.3,6.9,React,1,91700,52400,69900,High,Senior,2026,1,0,1,1,35.77
13897,AI Agent Developer,Software Engineering,13.2,Bachelor's,Tokyo,China,On-site,Enterprise,Automotive,95,3.8,SQL|React|CUDA|FastAPI|C++|Docker|BERT|TensorFlow|PyTorch|Azure,10,81200,,78000,Low,Junior,2026,12,0,0,0,39.08
13898,Software Engineer,Product Management,13,Bachelor's,Ho Chi Minh City,USA,Hybrid,Big Tech (FAANG+),Finance,77.4,5.9,,0,40900,112200,79200,Medium,Senior,2026,2,0,0,1,10.52
13899,Machine Learning Engineer,Product Management,6.8,Bachelor's,Tokyo,Germany,Hybrid,Enterprise,Education,78.1,6.9,AWS|CUDA|Python|Java|PyTorch|Azure,6,47500,88500,61700,Medium,Senior,2026,11,0,0,0,34.41
13900,Product Manager,Data Science,0.2,High School,Tokyo,Vietnam,Hybrid,Mid-size,Automotive,94.4,5.6,Java|PyTorch|AutoGen|AWS|C++|Airflow,6,13700,72000,95800,Low,Junior,2026,9,0,1,0,33.22
13901,Software Engineer,IT Operations,6.4,Bachelor's,London,UK,Fully Remote,Mid-size,Healthcare,52.7,7.2,PyTorch|BERT|AutoGen|CUDA|AWS|Airflow|Docker,7,52100,,42300,High,Senior,2026,11,0,0,1,35.25
13902,DevOps Engineer,AI Engineering,9.1,Master's,Beijing,UK,On-site,Mid-size,Healthcare,81.4,5.4,Azure|C++|Airflow|SQL,4,54100,70600,58300,Low,Lead,2026,8,1,0,1,12.22
13903,DevOps Engineer,IT Operations,8.4,Master's,Singapore,Vietnam,On-site,Enterprise,Education,70.8,5.8,PyTorch|React|AutoGen|BERT|Azure,5,68100,,96000,High,Senior,2026,7,1,1,0,14.06
13904,Data Analyst,Software Engineering,9.8,Master's,Singapore,China,Hybrid,Mid-size,Automotive,95.5,9.5,Python|FastAPI,2,6000,106900,25600,Low,Lead,2026,9,1,0,1,38.55
13905,Data Analyst,IT Operations,2.3,Associate's,San Francisco,UK,Fully Remote,Enterprise,Education,98,4.5,AutoGen|BERT|FastAPI|TensorFlow|React|AWS|Azure|Airflow|Docker|PyTorch,10,31500,63700,78600,Medium,Junior,2026,5,1,0,0,18.9
13906,Software Engineer,Software Engineering,9.7,Bachelor's,Beijing,Germany,Hybrid,Enterprise,Education,58.5,7.8,Python|React|TensorFlow|AWS|Airflow|C++|Azure,7,45500,-2900,102600,High,Senior,2026,3,0,0,1,46.15
13907,AI Agent Developer,Software Engineering,2.7,Master's,New York,UK,Hybrid,Enterprise,Finance,64.1,4,,0,,167700,55900,High,Mid,2026,2,0,0,1,5.69
13908,DevOps Engineer,AI Engineering,11.3,Associate's,New York,UK,On-site,Big Tech (FAANG+),Automotive,63.7,4,CUDA|Docker,2,42000,51500,85300,High,Senior,2026,6,1,1,1,8.62
13909,AI Agent Developer,Data Science,5.1,Master's,Berlin,Germany,Fully Remote,Startup,E-commerce,55,9.3,CUDA|Java|BERT|PyTorch|Azure|SQL|C++|Python|AutoGen,9,97100,35900,78100,Medium,Junior,2026,2,1,0,0,9.27
13910,AI Agent Developer,AI Engineering,10.6,PhD,London,USA,On-site,Mid-size,Education,74.1,7.3,Airflow|C++,2,28400,148600,91400,High,Mid,2026,8,0,1,1,14.27
13911,Software Engineer,IT Operations,0.7,High School,New York,China,Hybrid,Big Tech (FAANG+),Finance,75.7,9.4,,0,40200,,75300,Low,Lead,2026,5,1,0,0,45.03
13912,AI Agent Developer,Software Engineering,6.1,Bachelor's,New York,Singapore,On-site,Mid-size,Finance,78.6,10,PyTorch|Docker|CUDA|BERT|AutoGen,5,28200,113700,103700,High,Mid,2026,11,0,0,1,18.83
13913,DevOps Engineer,Product Management,10.6,High School,London,Germany,Hybrid,Big Tech (FAANG+),Automotive,83.1,1,React|CUDA|AWS|C++|Docker|Azure|FastAPI|Java|AutoGen|SQL,10,45900,133600,84300,High,Lead,2026,2,1,1,1,23.07
13914,Machine Learning Engineer,Product Management,3.4,High School,Beijing,Germany,Fully Remote,Startup,Tech,53.1,9.8,AutoGen|FastAPI,2,59500,137200,96600,Medium,Junior,2026,6,1,0,1,21.14
13915,Data Analyst,Software Engineering,11.9,PhD,San Francisco,Japan,On-site,Startup,Education,81.1,1.9,PyTorch|Docker|C++|AWS|AutoGen|Azure|React|TensorFlow,8,53600,120400,95200,Low,Lead,2026,6,1,1,0,40.34
13916,Machine Learning Engineer,AI Engineering,9.5,PhD,Berlin,Vietnam,On-site,Startup,Education,95.7,1.6,C++|BERT|AutoGen|CUDA|SQL|Airflow,6,32700,73100,108900,Low,Junior,2026,8,1,1,0,18.82
13917,AI Agent Developer,Data Science,8.8,PhD,Berlin,China,On-site,Startup,Automotive,72.7,7.9,Docker|AutoGen|Azure|Java|CUDA|Airflow|TensorFlow|BERT|SQL|FastAPI,10,74400,48200,50800,Low,Senior,2026,12,0,1,0,41.62
13918,Machine Learning Engineer,AI Engineering,5.3,Associate's,Berlin,USA,On-site,Enterprise,Tech,55.3,4.2,React|BERT|CUDA|Docker|Java|AutoGen,6,77600,172000,44000,High,Mid,2026,6,0,1,1,24.1
13919,DevOps Engineer,Software Engineering,7.2,Master's,New York,Japan,On-site,Mid-size,Finance,54.3,9.3,,0,36000,105200,101100,Top,Mid,2026,3,0,0,0,12.17
13920,DevOps Engineer,Software Engineering,9,Bachelor's,Beijing,Singapore,Fully Remote,Mid-size,Healthcare,64.1,5.9,,0,111700,118600,79100,Top,Mid,2026,8,0,0,0,21.54
13921,AI Agent Developer,Data Science,7.1,PhD,Berlin,Germany,Fully Remote,Mid-size,Education,87.6,4.5,Azure|Airflow|FastAPI|Docker|AWS|C++|CUDA|BERT,8,27900,80600,121900,High,Lead,2026,2,1,0,1,19.83
13922,Software Engineer,IT Operations,10.5,Bachelor's,London,Singapore,On-site,Enterprise,Healthcare,63,1.7,FastAPI|SQL|React|Azure|Docker|Airflow|Java|AWS,8,50800,113100,20200,Medium,Junior,2026,9,0,1,0,12.08
13923,Machine Learning Engineer,IT Operations,6.5,Bachelor's,Berlin,Singapore,Hybrid,Mid-size,Education,90.7,5.2,Azure|FastAPI|Airflow|AutoGen|Docker,5,50800,83100,73200,Medium,Senior,2026,6,0,0,1,6.12
13924,Software Engineer,Data Science,3,Bachelor's,Singapore,Singapore,Hybrid,Startup,Automotive,91,3.5,TensorFlow|BERT,2,27500,88500,74500,High,Junior,2026,1,0,1,1,42.07
13925,Software Engineer,IT Operations,3.2,PhD,Ho Chi Minh City,Japan,On-site,Mid-size,Education,72.9,1.7,Java|Docker|SQL|AutoGen|CUDA|Airflow,6,54000,46100,97400,Low,Mid,2026,4,0,0,1,25.78
13926,Data Scientist,Product Management,0.1,PhD,Beijing,USA,On-site,Mid-size,Tech,65,7,C++|BERT|React,3,,118000,123800,Low,Lead,2026,1,0,0,1,12.14
13927,AI Agent Developer,IT Operations,4.5,Master's,Ho Chi Minh City,Japan,Fully Remote,Big Tech (FAANG+),Education,79.9,9.8,CUDA|AutoGen|Docker|TensorFlow|FastAPI|SQL|BERT|Airflow|Azure,9,58400,7500,75200,High,Senior,2026,3,1,1,1,21.31
13928,Data Analyst,IT Operations,11.2,PhD,Beijing,Japan,Fully Remote,Enterprise,Automotive,90.5,4.4,AutoGen|Airflow|Docker|SQL|CUDA,5,50000,145100,85500,Low,Senior,2026,10,1,0,0,30.29
13929,DevOps Engineer,IT Operations,11.9,PhD,Tokyo,Japan,On-site,Startup,E-commerce,53.2,3.7,Docker|AWS|Java,3,66000,176600,30300,Low,Lead,2026,6,1,1,0,35.99
13930,DevOps Engineer,Product Management,3,Bachelor's,London,Germany,On-site,Startup,Automotive,97.7,1.8,Azure|Java|FastAPI|CUDA|Docker|TensorFlow,6,62100,82100,82200,Top,Junior,2026,3,0,1,0,31.01
13931,AI Agent Developer,IT Operations,14.4,Master's,Tokyo,Germany,Hybrid,Startup,Automotive,82.3,3,Python|AutoGen|Azure|FastAPI|CUDA|Java,6,30200,135500,82400,Top,Lead,2026,5,0,1,0,11.7
13932,Product Manager,Product Management,7.5,High School,New York,Vietnam,Fully Remote,Mid-size,Automotive,69.9,3.6,Airflow|CUDA|SQL|Java|PyTorch|BERT|FastAPI|TensorFlow|Python|C++,10,44000,,60700,High,Mid,2026,8,1,0,1,5.52
13933,Product Manager,Data Science,13.8,PhD,New York,UK,On-site,Startup,Automotive,75.3,4.1,Java,1,33700,99700,82500,Top,Mid,2026,8,1,1,0,3.69
13934,Product Manager,AI Engineering,10.6,PhD,Tokyo,China,Fully Remote,Startup,Tech,69.3,6.7,React|Azure|BERT|Airflow|C++|Java,6,83300,77800,81200,Top,Mid,2026,9,0,1,0,5.4
13935,Data Analyst,Data Science,10.8,High School,Beijing,Vietnam,On-site,Big Tech (FAANG+),Education,70.6,2,React|AutoGen|Docker|Azure|Python|CUDA|AWS|C++|BERT|Java,10,69100,83100,115400,Medium,Senior,2026,12,0,1,1,17.29
13936,DevOps Engineer,AI Engineering,1.3,Bachelor's,Berlin,USA,On-site,Mid-size,Tech,79.8,1.5,React|Airflow|C++|Azure|SQL,5,56600,83000,56000,High,Mid,2026,4,0,0,1,17.75
13937,AI Agent Developer,Data Science,3.3,Master's,Ho Chi Minh City,Japan,On-site,Big Tech (FAANG+),Tech,53,9.4,CUDA|Docker|Airflow|Java|TensorFlow|FastAPI,6,,23500,52800,Medium,Junior,2026,5,1,0,1,48.91
13938,DevOps Engineer,AI Engineering,0.1,Bachelor's,London,Germany,On-site,Enterprise,E-commerce,58.8,8.2,Docker|Java|C++|React|BERT|AutoGen|CUDA|AWS,8,47700,113100,53700,Top,Senior,2026,4,1,1,1,1.13
13939,Software Engineer,AI Engineering,10.7,Associate's,Berlin,Japan,Hybrid,Mid-size,E-commerce,61.4,3.5,Azure,1,53100,24800,64100,Top,Junior,2026,7,1,0,0,31.61
13940,Machine Learning Engineer,Software Engineering,5.2,PhD,New York,Germany,On-site,Big Tech (FAANG+),Education,70.4,6.7,BERT|AutoGen|TensorFlow|Docker|Azure|CUDA|React|Java|C++,9,35000,,35200,Low,Senior,2026,12,1,0,1,25.56
13941,Machine Learning Engineer,AI Engineering,11.8,Associate's,Berlin,Singapore,Hybrid,Enterprise,Education,68.6,6.3,Java,1,36700,28800,68400,Medium,Junior,2026,9,1,1,0,7.28
13942,DevOps Engineer,AI Engineering,5.1,PhD,San Francisco,China,Hybrid,Big Tech (FAANG+),Automotive,86.1,7.7,Docker|AWS|TensorFlow,3,62300,85100,75900,Medium,Mid,2026,6,1,1,0,47.43
13943,Data Scientist,Software Engineering,12.3,Associate's,San Francisco,Vietnam,On-site,Enterprise,Tech,63,8.7,TensorFlow|C++|SQL|Docker|CUDA|Python|AWS|Java,8,28500,110400,112500,High,Senior,2026,11,1,0,0,40.55
13944,Data Analyst,IT Operations,2,High School,Tokyo,Vietnam,Fully Remote,Startup,E-commerce,52.9,4.2,Airflow|React|BERT,3,35900,154500,71900,Low,Junior,2026,11,1,1,0,11.04
13945,Product Manager,IT Operations,2.6,PhD,San Francisco,USA,Fully Remote,Startup,Healthcare,52.8,6.9,C++|AWS|BERT|React|FastAPI|CUDA|SQL|Azure|Airflow,9,45500,98100,106600,Low,Senior,2026,2,1,0,1,14.6
13946,Data Analyst,Software Engineering,5.1,PhD,Tokyo,Singapore,On-site,Mid-size,Automotive,50.6,8.2,TensorFlow|CUDA,2,19800,88100,95700,Low,Senior,2026,7,1,0,0,10
13947,Data Analyst,Product Management,6.1,Associate's,Singapore,Vietnam,On-site,Big Tech (FAANG+),Finance,51.9,7.3,Azure,1,70000,55200,78500,Top,Mid,2026,3,1,1,0,15.42
13948,Software Engineer,AI Engineering,5.2,Master's,Singapore,Vietnam,On-site,Big Tech (FAANG+),Tech,92.9,9.3,AutoGen|Airflow|PyTorch,3,63200,65000,71400,Top,Senior,2026,8,0,1,1,11.4
13949,Data Analyst,AI Engineering,11.5,Associate's,Ho Chi Minh City,UK,Fully Remote,Enterprise,Automotive,84.9,5.5,React|FastAPI|Airflow|AWS|BERT|AutoGen|CUDA|SQL|Azure|PyTorch,10,58600,146900,88400,Top,Lead,2026,3,1,1,0,12.89
13950,Machine Learning Engineer,Software Engineering,1.5,PhD,San Francisco,China,Fully Remote,Mid-size,Education,99.8,8.2,,0,42200,,91100,Medium,Junior,2026,9,1,1,1,25.83
13951,Software Engineer,Software Engineering,5.3,PhD,New York,Japan,On-site,Startup,Automotive,51,9.2,Docker|PyTorch,2,73500,63600,61800,Medium,Lead,2026,1,1,0,1,16.88
13952,AI Agent Developer,Product Management,12.6,Master's,Beijing,Vietnam,Fully Remote,Big Tech (FAANG+),Finance,92.5,6,PyTorch,1,58200,18400,89700,High,Senior,2026,6,0,0,1,24.49
13953,Data Analyst,IT Operations,1,Bachelor's,San Francisco,USA,Hybrid,Enterprise,Education,84.8,1.2,CUDA|Azure,2,69800,165600,72700,Low,Junior,2026,11,0,0,1,1.53
13954,Data Analyst,Data Science,14.1,Master's,London,Japan,Fully Remote,Startup,Healthcare,82,8.4,PyTorch,1,,50400,88600,Top,Lead,2026,10,0,0,1,37.07
13955,AI Agent Developer,IT Operations,14.8,Bachelor's,Tokyo,Germany,Fully Remote,Startup,E-commerce,67.8,8.6,Airflow,1,40500,99600,116000,Top,Lead,2026,7,0,1,0,46.41
13956,Data Analyst,AI Engineering,1.3,PhD,San Francisco,Singapore,On-site,Startup,E-commerce,68.8,4.6,Azure|AutoGen|CUDA|Docker,4,32300,65000,66000,Low,Mid,2026,3,0,1,0,49.82
13957,AI Agent Developer,Software Engineering,4.4,High School,London,Singapore,Hybrid,Enterprise,Finance,92.3,3.1,CUDA|Python|Azure|AWS|Docker,5,29900,,25400,Top,Lead,2026,6,1,1,0,10.03
13958,Software Engineer,Product Management,5.6,High School,New York,Vietnam,On-site,Enterprise,Finance,85.7,9.8,React|Docker|CUDA|Azure|FastAPI,5,51200,107300,73700,Top,Senior,2026,11,1,0,1,19.2
13959,Machine Learning Engineer,IT Operations,11.6,Associate's,Beijing,Vietnam,Fully Remote,Startup,E-commerce,83.5,6,,0,-4500,134300,48200,Medium,Junior,2026,10,0,1,0,48.68
13960,AI Agent Developer,Product Management,8.9,Master's,Singapore,Japan,Hybrid,Enterprise,Healthcare,51.5,5.6,Airflow|Java|CUDA|C++|BERT|PyTorch|AutoGen|TensorFlow|SQL|Docker,10,28600,126300,81600,Medium,Senior,2026,3,1,0,0,10.61
13961,Data Scientist,IT Operations,9.7,Master's,Tokyo,Germany,On-site,Startup,Healthcare,59.2,9.5,C++|AWS|Java|Python|Azure|React|SQL|AutoGen|FastAPI,9,,123900,49800,Top,Lead,2026,9,0,1,1,26.97
13962,AI Agent Developer,AI Engineering,11.4,High School,Ho Chi Minh City,UK,Fully Remote,Startup,Automotive,98.1,4.7,AutoGen|FastAPI|AWS|PyTorch|Python|React|CUDA|Azure,8,,59000,72200,Top,Senior,2026,6,1,1,1,39.96
13963,Data Analyst,Data Science,1.8,Bachelor's,London,China,Hybrid,Startup,Finance,72.7,8.6,BERT,1,61900,106800,115800,Medium,Lead,2026,11,1,0,0,1.42
13964,Product Manager,Product Management,12.5,Master's,San Francisco,UK,On-site,Enterprise,Finance,89.1,7.3,TensorFlow|CUDA|Airflow|AutoGen|PyTorch|SQL|Docker|Python|C++|Java,10,21300,113300,120800,Low,Mid,2026,8,1,1,0,5.25
13965,Product Manager,Product Management,10.6,Bachelor's,New York,USA,Hybrid,Mid-size,Finance,69.5,9.7,TensorFlow|AutoGen|FastAPI|SQL|BERT|C++|Azure|Docker,8,16100,,84000,Low,Senior,2026,4,1,0,1,9.83
13966,Software Engineer,Data Science,8.7,Bachelor's,London,Japan,Fully Remote,Mid-size,Education,88.2,4.9,C++|Airflow|Docker|Java|TensorFlow|FastAPI|Python|CUDA|AutoGen|SQL,10,16500,16500,52500,Top,Senior,2026,8,1,0,0,22.78
13967,DevOps Engineer,Product Management,13.3,Bachelor's,San Francisco,Vietnam,On-site,Enterprise,E-commerce,56,9.2,C++|React|CUDA|Airflow|AutoGen|Java|FastAPI|Python,8,60500,102100,96800,High,,2026,5,1,1,0,0.76
13968,Software Engineer,Product Management,10.5,Bachelor's,Singapore,UK,Fully Remote,Big Tech (FAANG+),E-commerce,52.1,6.1,Python|TensorFlow,2,38400,66900,63400,High,Senior,2026,8,1,1,0,21.56
13969,DevOps Engineer,IT Operations,3,Associate's,Singapore,China,Hybrid,Enterprise,E-commerce,73.3,5.3,Airflow|AutoGen|TensorFlow|AWS|C++|BERT|Azure|PyTorch|React|CUDA,10,37700,48300,37800,Top,Lead,2026,2,1,1,0,8.08
13970,Product Manager,IT Operations,6.4,Associate's,Beijing,USA,Fully Remote,Big Tech (FAANG+),Healthcare,79.6,3.8,Python,1,84900,19500,123800,Low,Mid,2026,3,1,0,1,42.49
13971,Product Manager,Data Science,7.4,High School,Ho Chi Minh City,Singapore,Hybrid,Startup,E-commerce,66.2,6,C++|Azure|TensorFlow,3,58800,71800,74700,High,Senior,2026,10,0,1,0,24.32
13972,AI Agent Developer,AI Engineering,0.8,Associate's,Singapore,UK,On-site,Big Tech (FAANG+),Automotive,85.8,6.2,AutoGen,1,35400,163000,88800,Medium,Lead,2026,4,0,0,1,3.56
13973,Machine Learning Engineer,Product Management,14.3,Master's,Beijing,Vietnam,Fully Remote,Startup,Education,74.8,9.1,Airflow|AutoGen,2,22300,134500,66900,High,Lead,2026,1,1,1,1,23.14
13974,Data Scientist,AI Engineering,1.9,Associate's,Singapore,China,On-site,Mid-size,E-commerce,96.4,7.3,C++|TensorFlow|Airflow|AWS|Python|Azure,6,87600,,88400,Medium,Junior,2026,5,1,0,1,24.01
13975,Software Engineer,Data Science,10.5,Master's,Tokyo,Vietnam,On-site,Startup,Education,54.2,8.4,C++|React|Java|SQL|Airflow,5,54800,70400,aa3our2agqls573,High,Junior,2026,3,0,1,0,14.98
13976,Data Analyst,Data Science,7.6,Master's,Berlin,Vietnam,On-site,Big Tech (FAANG+),Education,53.3,7.9,Python|FastAPI|TensorFlow|React|BERT|Azure|PyTorch,7,,142900,72100,Low,Junior,2026,7,0,1,0,18.39
13977,DevOps Engineer,IT Operations,0.4,Bachelor's,Beijing,USA,On-site,Mid-size,Healthcare,95.3,3.5,Azure|AutoGen|BERT|PyTorch,4,53900,,97900,Top,Mid,2026,2,0,1,0,48.53
13978,Data Analyst,Product Management,13.9,High School,Beijing,China,Fully Remote,Mid-size,Finance,83.5,2.9,Python|CUDA|AutoGen,3,41700,,70500,Top,Lead,2026,11,0,0,1,12.36
13979,Machine Learning Engineer,Software Engineering,12.8,Bachelor's,London,Germany,Fully Remote,Enterprise,Education,83.6,3.3,,0,60200,,53900,Top,Mid,2026,1,0,0,0,33.83
13980,DevOps Engineer,Data Science,7.9,Bachelor's,Singapore,Singapore,On-site,Big Tech (FAANG+),Automotive,51.4,2.3,Python|Java|TensorFlow|FastAPI|SQL|Azure,6,,80800,98000,Medium,Mid,2026,2,1,0,1,33.05
13981,Software Engineer,Product Management,3.4,Associate's,Beijing,Vietnam,On-site,Big Tech (FAANG+),Healthcare,96.9,4.5,React|BERT|AWS|AutoGen|Python,5,42000,96500,66000,Top,Mid,2026,3,1,0,0,21.12
13982,AI Agent Developer,AI Engineering,1.8,Associate's,New York,China,Hybrid,Enterprise,Tech,88.6,6.9,,0,28900,,65400,High,Mid,2026,10,0,1,1,46.61
13983,Data Analyst,IT Operations,5.5,Master's,Tokyo,Vietnam,On-site,Enterprise,Education,88.2,5.8,CUDA|C++|Python|React|Java|AutoGen|Airflow|AWS|Docker|PyTorch,10,48400,47600,46800,Low,Mid,2026,5,0,0,1,38.48
13984,Machine Learning Engineer,AI Engineering,3.8,Associate's,London,UK,Hybrid,Mid-size,Education,95.6,7.1,Azure|AWS|Docker|React|BERT|Python|C++,7,30900,77000,113700,Top,Senior,2026,6,0,1,1,1.05
13985,Software Engineer,Data Science,7.6,Associate's,London,UK,Hybrid,Enterprise,Finance,78.9,4.2,PyTorch|Airflow,2,38000,144500,101600,Medium,Junior,2026,8,0,1,1,24.28
13986,Product Manager,Data Science,14.5,PhD,Berlin,China,On-site,Mid-size,E-commerce,69.7,2.8,React|TensorFlow|BERT|SQL|AWS|Python|Azure|Docker|AutoGen|PyTorch,10,39000,77700,68700,Medium,Mid,2026,4,0,1,0,5.7
13987,Product Manager,AI Engineering,8.6,Master's,Tokyo,Singapore,Fully Remote,Big Tech (FAANG+),Healthcare,74,2.8,Python|AutoGen,2,55200,102900,53200,Low,Senior,2026,4,1,0,1,14.34
13988,Software Engineer,Data Science,13.3,Master's,San Francisco,USA,Hybrid,Enterprise,Tech,88.9,6.4,AWS|Java|Azure|PyTorch|Docker|C++|React|CUDA,8,42400,119000,92000,Low,Senior,2026,2,0,0,1,11.94
13989,Software Engineer,Product Management,9.8,PhD,New York,Germany,Fully Remote,Big Tech (FAANG+),Healthcare,88.4,2.5,TensorFlow|BERT|Docker|C++|AutoGen|FastAPI|CUDA,7,29700,149800,85100,Medium,Lead,2026,3,1,1,0,37.78
13990,Software Engineer,Data Science,7.1,Master's,Tokyo,UK,On-site,Mid-size,E-commerce,80.5,4.6,PyTorch|AutoGen,2,58300,124200,64700,Low,Mid,2026,3,1,1,1,12.46
13991,DevOps Engineer,IT Operations,12.8,High School,Beijing,USA,On-site,Startup,Healthcare,60.9,2.9,CUDA|AWS|Docker|Azure|Airflow|SQL|AutoGen|BERT|FastAPI|TensorFlow,10,91700,137300,72700,High,Junior,2026,2,0,1,0,49.64
13992,Software Engineer,Product Management,7.1,High School,Berlin,Germany,On-site,Startup,Tech,90.9,7,AutoGen|Java|AWS|React,4,42900,117300,89800,High,Lead,2026,1,0,0,0,6.42
13993,Data Analyst,Software Engineering,13,PhD,New York,UK,On-site,Big Tech (FAANG+),Healthcare,82.4,6.5,TensorFlow|C++|PyTorch|Airflow,4,76100,111600,80700,Top,Mid,2026,2,1,1,0,20.58
13994,Machine Learning Engineer,Data Science,4.4,Associate's,Berlin,Germany,Hybrid,Mid-size,Automotive,61.1,4.4,Azure|Java|React|AutoGen|AWS,5,,134900,84200,Top,Lead,2026,5,1,1,0,24.47
13995,DevOps Engineer,Data Science,1.9,High School,Tokyo,Japan,Hybrid,Mid-size,Automotive,74,2.2,BERT|Azure,2,34700,,81500,Medium,Junior,2026,8,1,0,0,21.64
13996,Software Engineer,IT Operations,12.8,PhD,Ho Chi Minh City,Vietnam,Fully Remote,Startup,E-commerce,99.9,2.9,FastAPI,1,75900,,93200,Medium,Junior,2026,5,1,1,0,4.67
13997,Data Scientist,IT Operations,8.8,High School,Tokyo,China,Fully Remote,Mid-size,Tech,66.4,5.2,PyTorch|Python|Docker|SQL|AutoGen|BERT|React|Java,8,54400,17000,61000,High,Mid,2026,12,1,1,0,11.29
13998,Data Scientist,AI Engineering,13.3,Bachelor's,Beijing,UK,Hybrid,Mid-size,Tech,55.8,9.7,TensorFlow|AutoGen|PyTorch|AWS|FastAPI,5,35600,79400,79000,Low,Junior,2026,3,0,1,1,26.04
13999,Machine Learning Engineer,AI Engineering,14.1,PhD,Berlin,UK,On-site,Big Tech (FAANG+),Tech,51.1,3.4,SQL|React|PyTorch|C++|FastAPI,5,66700,135800,tny4bx033j6rbis,Top,Junior,2026,7,0,1,1,39.99
14000,Product Manager,AI Engineering,0.8,Master's,Ho Chi Minh City,Vietnam,Fully Remote,Startup,Tech,59.2,2.7,AutoGen|Java|Airflow|BERT|FastAPI|Docker|Python|React|Azure|CUDA,10,29300,,58800,Low,Junior,2026,4,1,0,0,34.42
14001,AI Agent Developer,IT Operations,7.5,High School,Beijing,UK,Hybrid,Mid-size,Tech,59.3,3,Azure|PyTorch|TensorFlow|AutoGen|Python|SQL|FastAPI|CUDA|Java|Airflow,10,51300,97200,122600,Top,Mid,2026,7,1,1,1,27.22
14002,AI Agent Developer,AI Engineering,5.6,Master's,Berlin,UK,Fully Remote,Big Tech (FAANG+),Finance,92.9,7.4,Airflow|AutoGen|C++|Docker|FastAPI|BERT|CUDA|Python|PyTorch|Java,10,68700,109600,39400,Top,Lead,2026,8,0,0,0,48.88
14003,Product Manager,AI Engineering,9.4,PhD,Berlin,Japan,Hybrid,Enterprise,Healthcare,57.8,9.2,React|PyTorch|C++|Java|FastAPI|SQL|Azure|AutoGen|CUDA,9,,174300,91700,Medium,Lead,2026,3,1,1,0,38.05
14004,DevOps Engineer,Software Engineering,11.9,High School,Tokyo,UK,On-site,Startup,Education,93.1,1.7,Java|React|Docker|AutoGen|CUDA|PyTorch|Airflow,7,100200,13300,143000,Low,Lead,2026,10,0,1,1,43.33
14005,DevOps Engineer,AI Engineering,4.2,Master's,Singapore,UK,Hybrid,Big Tech (FAANG+),Tech,54.3,7.7,CUDA|Docker|AutoGen|SQL|Python,5,38700,71100,119100,Medium,Lead,2026,1,0,0,0,0.64
14006,DevOps Engineer,Data Science,8.4,Associate's,Berlin,UK,Fully Remote,Enterprise,Education,95.3,5.5,BERT|Azure|React|SQL|C++|Java,6,63900,155800,89100,Low,Lead,2026,8,1,0,0,10.81
14007,AI Agent Developer,IT Operations,10.6,Associate's,Berlin,USA,Hybrid,Mid-size,Automotive,62.8,8.4,,0,67600,89900,122800,Low,Lead,2026,6,0,1,0,35.99
14008,Data Scientist,Product Management,2,Bachelor's,London,UK,Fully Remote,Mid-size,Education,80.6,4.8,FastAPI|AutoGen|TensorFlow,3,45600,92200,85000,Top,Lead,2026,3,0,1,1,13.92
14009,AI Agent Developer,Software Engineering,12.2,PhD,Singapore,Vietnam,Fully Remote,Enterprise,Education,58,1,Airflow|React|AWS|FastAPI|AutoGen|C++,6,31300,127300,67600,Low,Junior,2026,9,1,0,1,17.7
14010,Data Analyst,IT Operations,9.1,Master's,Berlin,Japan,Fully Remote,Big Tech (FAANG+),Healthcare,69.5,7.1,AutoGen|React|BERT|Docker|PyTorch|FastAPI|CUDA,7,73200,50200,75500,Top,Lead,2026,1,0,1,1,29.54
14011,Software Engineer,IT Operations,14.2,Bachelor's,Tokyo,UK,On-site,Mid-size,Education,54.3,8.3,PyTorch|AutoGen|SQL|Airflow|AWS,5,39900,135300,97500,Top,Junior,2026,8,0,1,0,27.13
14012,DevOps Engineer,Data Science,5.1,PhD,London,Germany,On-site,Mid-size,E-commerce,79,9.1,React|AutoGen|Azure,3,62900,85400,126900,Top,Senior,2026,9,1,1,1,11.04
14013,Data Scientist,AI Engineering,1.6,Associate's,London,Japan,Hybrid,Big Tech (FAANG+),E-commerce,67.3,6.1,BERT|Python,2,58600,,101600,High,Mid,2026,10,0,0,0,43.93
14014,Machine Learning Engineer,Data Science,7.6,Master's,San Francisco,Japan,Hybrid,Big Tech (FAANG+),Tech,92.6,2.1,Airflow|React|PyTorch|Python|SQL|CUDA|Java|AutoGen|FastAPI|C++,10,52500,67500,72800,Top,Junior,2026,1,0,0,1,31.39
14015,Machine Learning Engineer,AI Engineering,1.3,High School,Ho Chi Minh City,Germany,Fully Remote,Enterprise,Finance,59.1,4.3,CUDA|PyTorch|Airflow,3,77000,120200,59000,Medium,Mid,2026,9,1,0,0,34.27
14016,Software Engineer,AI Engineering,14.5,Associate's,Beijing,Vietnam,On-site,Mid-size,Finance,64,8.1,TensorFlow|PyTorch|Airflow|Python|C++|CUDA,6,56700,87300,26500,Low,Mid,2026,5,1,0,1,41.43
14017,Data Scientist,IT Operations,0.6,High School,London,USA,Hybrid,Big Tech (FAANG+),Healthcare,58.9,5.4,Docker|TensorFlow,2,62600,111000,71600,Low,Senior,2026,5,0,1,1,5.12
14018,AI Agent Developer,AI Engineering,11.3,High School,New York,Singapore,Hybrid,Startup,Finance,78.2,7.3,Airflow,1,58100,85100,49100,High,,2026,11,0,0,1,23.7
14019,AI Agent Developer,Software Engineering,7.9,Master's,London,Singapore,On-site,Enterprise,Education,55.6,1,AWS|Airflow|Java|PyTorch|Python|Azure|SQL|C++|CUDA|React,10,51500,98300,jxjsioo3s1lvfr8,High,Senior,2026,5,1,1,1,4.32
14020,Data Analyst,Software Engineering,5.5,Master's,San Francisco,Vietnam,Fully Remote,Enterprise,E-commerce,59.5,1.7,AutoGen|PyTorch|BERT,3,,77600,68700,High,Junior,2026,11,1,1,0,3.67
14021,Data Analyst,Software Engineering,1,High School,New York,USA,Hybrid,Enterprise,Tech,83.9,7.1,AWS|Python,2,49600,86100,99300,Medium,Junior,2026,1,1,1,0,36.06
14022,AI Agent Developer,IT Operations,9.3,Bachelor's,San Francisco,China,Fully Remote,Enterprise,Automotive,53.7,3.6,Java,1,62400,65700,137700,Top,Junior,2026,5,0,0,1,39.49
14023,Machine Learning Engineer,Data Science,8.8,High School,San Francisco,Germany,On-site,Startup,Education,87.2,4.5,,0,59400,60400,71700,High,Mid,2026,12,1,0,1,2.62
14024,DevOps Engineer,Product Management,4.2,High School,Singapore,Japan,On-site,Enterprise,E-commerce,55.2,6.8,AutoGen|Docker|TensorFlow|SQL|Airflow|C++|CUDA|BERT|Azure,9,61900,170000,79100,High,Lead,2026,10,1,1,1,42.12
14025,Machine Learning Engineer,AI Engineering,13.7,Master's,Ho Chi Minh City,Japan,Hybrid,Enterprise,E-commerce,79.3,2,TensorFlow|PyTorch|Airflow|Docker|CUDA|AutoGen|SQL,7,125500,107400,84100,Low,Lead,2026,10,0,0,0,14.06
14026,Data Analyst,Product Management,4.6,PhD,New York,Japan,Hybrid,Big Tech (FAANG+),Healthcare,99.9,8.5,Java|C++|Airflow|React|Python|TensorFlow|Azure|Docker|AWS,9,40000,16400,67900,Low,Lead,2026,6,1,1,0,32.75
14027,Software Engineer,Data Science,6.7,Associate's,Ho Chi Minh City,Germany,On-site,Mid-size,Education,58.7,2.3,AWS|Docker|CUDA|SQL|AutoGen|Azure|PyTorch,7,18300,95300,77900,High,Senior,2026,5,1,1,0,34.28
14028,AI Agent Developer,Data Science,8.2,Master's,Ho Chi Minh City,Germany,Fully Remote,Enterprise,Finance,63.1,7.6,React|CUDA|AWS|Airflow,4,41800,139400,66200,Low,Senior,2026,6,1,0,0,34.82
14029,Data Analyst,IT Operations,1.5,Bachelor's,Ho Chi Minh City,Singapore,Fully Remote,Big Tech (FAANG+),Automotive,94.9,3.6,BERT|PyTorch|Java|AWS|CUDA|TensorFlow|AutoGen|Azure|C++|Airflow,10,42900,33200,108900,Low,Junior,2026,12,0,1,0,28.98
14030,Data Analyst,Software Engineering,14,Associate's,New York,Singapore,On-site,Big Tech (FAANG+),Automotive,81.3,3.3,PyTorch|TensorFlow|BERT|AWS|Azure,5,58800,122400,69600,Top,Lead,2026,9,1,0,0,5.66
14031,DevOps Engineer,Software Engineering,5.6,Master's,New York,Singapore,Hybrid,Mid-size,Finance,74.6,8.4,Docker|SQL|CUDA|FastAPI|C++|PyTorch|React|Airflow,8,45000,97500,43800,High,Lead,2026,7,0,1,0,5.59
14032,AI Agent Developer,Data Science,1.2,Master's,Ho Chi Minh City,USA,On-site,Big Tech (FAANG+),Tech,78.1,6,React|BERT|Python|TensorFlow,4,64600,28900,45900,High,Senior,2026,11,0,0,1,7.05
14033,DevOps Engineer,IT Operations,5.8,PhD,Singapore,Japan,Hybrid,Big Tech (FAANG+),Finance,64.8,2.8,TensorFlow,1,34700,74500,54000,Top,Mid,2026,5,0,1,1,46.05
14034,AI Agent Developer,IT Operations,9,Bachelor's,Ho Chi Minh City,Vietnam,Fully Remote,Enterprise,Tech,92.8,1,React|AWS|Docker|C++|Java|TensorFlow|FastAPI,7,61600,,63800,High,Lead,2026,10,1,1,0,10.52
14035,DevOps Engineer,AI Engineering,7.7,Bachelor's,Singapore,USA,Hybrid,Enterprise,Automotive,87.3,9.8,AWS,1,,48600,96900,High,Junior,2026,9,1,0,1,7.65
14036,Machine Learning Engineer,Software Engineering,10.4,Master's,Beijing,Japan,Fully Remote,Big Tech (FAANG+),Education,82.1,4.9,Python|PyTorch|TensorFlow|Azure|AutoGen|BERT|SQL|Airflow,8,49900,69300,95300,Top,Lead,2026,5,1,0,0,49.42
14037,Software Engineer,Data Science,0.8,PhD,Singapore,Germany,On-site,Startup,Healthcare,96.6,4.6,FastAPI|Azure|Docker|BERT|Java,5,33800,109100,97400,Top,Senior,2026,5,0,1,0,0.22
14038,Software Engineer,Product Management,4.3,Master's,Singapore,Germany,Hybrid,Mid-size,E-commerce,78.9,1.5,React|Docker,2,42800,109400,75400,High,Lead,2026,11,0,0,0,38.83
14039,AI Agent Developer,Software Engineering,12.3,High School,Singapore,Germany,Fully Remote,Big Tech (FAANG+),Education,75.6,9,C++|CUDA|React|PyTorch|Azure,5,,117300,99800,Low,Junior,2026,6,1,1,1,42.26
14040,Data Scientist,AI Engineering,1.2,High School,Ho Chi Minh City,Japan,Hybrid,Big Tech (FAANG+),Automotive,98.8,2.3,Python|BERT|Docker|PyTorch|Airflow|AutoGen|C++,7,,73100,68900,Top,Mid,2026,8,1,1,0,33.11
14041,Product Manager,IT Operations,12.8,PhD,Berlin,Singapore,Fully Remote,Startup,Automotive,60.3,4,C++|Java|Azure|CUDA|AutoGen|TensorFlow|FastAPI|Airflow|SQL,9,42400,143200,29100,Top,Mid,2026,1,0,1,0,48.74
14042,Data Analyst,Data Science,1.4,Master's,Beijing,Germany,Fully Remote,Mid-size,Automotive,57.1,4.8,Azure|FastAPI|CUDA,3,47800,94200,98700,Medium,Junior,2026,9,0,1,0,16.67
14043,Data Analyst,Software Engineering,12.5,PhD,Beijing,China,On-site,Big Tech (FAANG+),E-commerce,58.1,8.3,AWS|SQL|Airflow|React|Python,5,58300,82500,57900,Low,Junior,2026,8,0,0,0,4.4
14044,AI Agent Developer,Product Management,5.4,Master's,San Francisco,Germany,On-site,Big Tech (FAANG+),Tech,99.5,4.2,TensorFlow|C++|SQL|PyTorch|Docker|BERT|AutoGen|AWS|Azure,9,35400,90400,69600,High,Lead,2026,7,0,0,1,12.03
14045,DevOps Engineer,AI Engineering,9.2,Master's,Beijing,Japan,Hybrid,Enterprise,Healthcare,82.6,5.8,C++|React|Python|TensorFlow,4,40100,,65900,Medium,Lead,2026,5,0,0,1,4.96
14046,Data Scientist,AI Engineering,2.3,High School,Berlin,Singapore,Fully Remote,Big Tech (FAANG+),Education,65.3,4.9,,0,14700,111400,88100,Medium,Senior,2026,1,1,1,1,24.35
14047,Machine Learning Engineer,Software Engineering,1,Associate's,Beijing,USA,On-site,Startup,Education,62.4,3.8,React|Azure|Docker|FastAPI|AWS|BERT|CUDA|Airflow|AutoGen|TensorFlow,10,43500,81300,79000,Medium,Mid,2026,7,1,1,1,48.24
14048,DevOps Engineer,Product Management,3.2,Bachelor's,Beijing,Germany,Hybrid,Big Tech (FAANG+),Healthcare,52.8,9.5,Java|AWS|BERT|Azure|Docker|FastAPI|Python,7,80800,137300,69300,Low,Mid,2026,9,0,1,1,25.88
14049,DevOps Engineer,AI Engineering,1.9,Bachelor's,New York,Singapore,On-site,Mid-size,Healthcare,56.6,8.2,Docker|Airflow|CUDA|Java,4,55500,91200,115000,Top,Junior,2026,3,1,1,0,16.27
14050,AI Agent Developer,Data Science,4.7,PhD,Tokyo,Singapore,Hybrid,Mid-size,Tech,95.4,2.6,React|Docker|SQL|C++|CUDA|BERT|PyTorch|TensorFlow|AWS,9,,127000,72700,High,Senior,2026,12,0,1,1,45.32
14051,AI Agent Developer,AI Engineering,7.7,Bachelor's,San Francisco,UK,On-site,Startup,Education,87.4,6,React|Azure|CUDA|FastAPI|AWS|C++|BERT,7,58500,154300,69100,Low,Lead,2026,8,1,0,1,30.67
14052,Data Analyst,Product Management,8.8,High School,New York,China,On-site,Big Tech (FAANG+),Finance,97.1,8.2,FastAPI|C++,2,75600,,95200,Medium,Junior,2026,3,0,1,1,46.5
14053,AI Agent Developer,IT Operations,11.8,Associate's,Ho Chi Minh City,Japan,Fully Remote,Big Tech (FAANG+),Finance,71.2,6.2,Python|Airflow|TensorFlow|AutoGen|Docker|SQL|Java|AWS|React|BERT,10,29800,84200,kd26svwiwdyxbwh,Low,Junior,2026,12,1,1,1,48.26
14054,AI Agent Developer,IT Operations,9.8,Master's,San Francisco,Germany,Fully Remote,Big Tech (FAANG+),Healthcare,80.1,5.4,Java,1,45700,55100,97300,High,Junior,2026,3,1,1,1,46.83
14055,AI Agent Developer,Software Engineering,9.1,Master's,Ho Chi Minh City,UK,On-site,Big Tech (FAANG+),Automotive,74.2,1.6,CUDA|Airflow|BERT|Azure|C++|PyTorch|Python|TensorFlow|AutoGen,9,46300,62100,60100,Low,Mid,2026,7,0,1,1,34.61
14056,Data Analyst,Product Management,6.2,High School,San Francisco,Japan,Fully Remote,Big Tech (FAANG+),Automotive,94.1,2,Java|Azure|Docker|BERT,4,52400,126600,84200,Medium,Lead,2026,6,1,1,0,25.09
14057,Machine Learning Engineer,AI Engineering,7.1,Bachelor's,Singapore,USA,On-site,Mid-size,E-commerce,99.6,3.2,FastAPI|Azure|TensorFlow|Airflow|CUDA|Docker|Python|React|Java|PyTorch,10,,126200,77100,Medium,Lead,2026,5,0,1,1,14.51
14058,Machine Learning Engineer,AI Engineering,6.2,Master's,London,China,Hybrid,Enterprise,Finance,96.6,5.6,FastAPI|AutoGen,2,62600,26100,70200,Top,Junior,2026,11,0,1,0,47.07
14059,Product Manager,IT Operations,12.6,Bachelor's,San Francisco,Singapore,On-site,Mid-size,Automotive,79.9,9.9,CUDA|PyTorch|Docker,3,47500,58800,51600,Low,Junior,2026,7,1,0,1,27.25
14060,Product Manager,IT Operations,3.5,High School,Tokyo,Germany,On-site,Enterprise,Healthcare,53.1,8.2,React|AWS|Python|Airflow|FastAPI,5,74700,155100,80500,High,Senior,2026,9,1,0,0,49.77
14061,AI Agent Developer,Data Science,0.1,Master's,Berlin,USA,Hybrid,Mid-size,E-commerce,80.9,2,CUDA|C++|Azure|FastAPI|TensorFlow|Python|Airflow|PyTorch|React,9,11500,65800,102200,Top,Lead,2026,1,0,0,0,45.91
14062,Product Manager,IT Operations,9.8,PhD,New York,Japan,Hybrid,Startup,Finance,54.9,7.5,CUDA|Azure|BERT|SQL|AutoGen|FastAPI|Python|Docker|TensorFlow|Airflow,10,,89200,115700,Top,Junior,2026,10,1,1,0,18.94
14063,Data Analyst,Data Science,3,Associate's,San Francisco,UK,Fully Remote,Big Tech (FAANG+),E-commerce,56.9,8.3,React|SQL|C++|Airflow|TensorFlow|BERT,6,79700,101400,103800,High,Senior,2026,1,1,1,1,43.77
14064,Machine Learning Engineer,AI Engineering,13.4,Bachelor's,Ho Chi Minh City,Japan,Hybrid,Enterprise,Automotive,59.6,4.7,TensorFlow|AWS|Java,3,40500,106100,63800,High,Junior,2026,5,1,0,0,26.74
14065,DevOps Engineer,Data Science,12.9,Bachelor's,Berlin,Japan,Fully Remote,Mid-size,Healthcare,68.2,4,SQL|TensorFlow|FastAPI|CUDA|AWS,5,61100,41300,51700,Low,Mid,2026,8,1,0,1,37.13
14066,Machine Learning Engineer,Data Science,1.2,Bachelor's,Beijing,China,On-site,Enterprise,Healthcare,79.6,6.3,SQL|Java|Docker|Airflow|CUDA|PyTorch|Azure,7,47400,106200,37700,Medium,Junior,2026,7,1,1,0,24.05
14067,Machine Learning Engineer,Software Engineering,1.6,Bachelor's,Berlin,Germany,Hybrid,Big Tech (FAANG+),Healthcare,66.7,5.7,React,1,68900,-16400,101400,Top,Mid,2026,7,1,0,0,49.47
14068,Data Analyst,IT Operations,7.4,High School,New York,USA,On-site,Startup,Automotive,72.6,3.4,,0,58300,73600,95600,Top,Lead,2026,3,0,1,1,19.94
14069,Product Manager,Data Science,9.1,High School,Tokyo,China,Fully Remote,Big Tech (FAANG+),Tech,52.4,4.6,PyTorch|SQL|Airflow|Docker|Azure|Python|AutoGen|AWS|C++|BERT,10,102800,85400,61100,Low,Junior,2026,9,0,1,0,4.79
14070,DevOps Engineer,AI Engineering,4.1,High School,London,UK,Hybrid,Mid-size,Education,81,5.9,Docker|AWS|FastAPI,3,49500,34500,56100,Medium,Lead,2026,5,1,1,1,42.91
14071,Data Analyst,Product Management,10.8,High School,Singapore,Singapore,Fully Remote,Mid-size,Education,82.9,6.2,PyTorch|React|Azure|TensorFlow|Docker|AWS,6,41600,,106700,Low,Lead,2026,11,1,1,0,37.81
14072,AI Agent Developer,Data Science,8.9,Master's,New York,Germany,Fully Remote,Enterprise,Healthcare,55,5.8,FastAPI,1,75600,63100,q50lebqxmnvqzza,Medium,Lead,2026,12,0,0,1,6.31
14073,Software Engineer,IT Operations,4.9,High School,Singapore,Singapore,Hybrid,Startup,Education,89.3,8.6,Python|BERT|AutoGen|CUDA|PyTorch,5,63600,166800,107300,High,Mid,2026,10,0,1,0,25.24
14074,Machine Learning Engineer,Software Engineering,0.4,Master's,Tokyo,China,Hybrid,Startup,Tech,82.4,1.3,Azure,1,,116200,89000,Low,Lead,2026,3,1,1,0,33.93
14075,Software Engineer,AI Engineering,11.3,PhD,Ho Chi Minh City,UK,Fully Remote,Mid-size,Healthcare,74.5,4,FastAPI|SQL|TensorFlow|Azure|AWS|Java|C++|BERT|PyTorch|CUDA,10,67500,89900,91200,High,Lead,2026,6,0,0,0,20.49
14076,Data Analyst,Software Engineering,3.2,High School,Singapore,UK,Hybrid,Enterprise,Tech,77.6,7.7,AWS,1,54100,129100,23500,Low,Mid,2026,8,1,1,0,45.43
14077,Data Analyst,Product Management,12.5,PhD,Ho Chi Minh City,USA,Fully Remote,Big Tech (FAANG+),Finance,75.2,6.9,Python|CUDA|Docker|Airflow|TensorFlow|PyTorch|AutoGen|AWS|BERT|FastAPI,10,51700,32700,65600,High,Junior,2026,8,1,0,0,47.16
14078,Data Analyst,Data Science,6.3,High School,Berlin,Japan,On-site,Big Tech (FAANG+),Education,52.7,9.3,Azure|Airflow|C++|BERT|Python|FastAPI|AutoGen|Java,8,58700,107000,125600,Medium,Lead,2026,4,1,1,0,43.42
14079,Software Engineer,Data Science,8.7,PhD,New York,UK,On-site,Mid-size,Finance,86.8,6.3,Java|React|BERT|SQL|Azure|Airflow|AutoGen|AWS|PyTorch,9,66200,49300,60800,Medium,Senior,2026,4,0,1,0,26.54
14080,Data Analyst,IT Operations,13.1,Associate's,Ho Chi Minh City,UK,Hybrid,Mid-size,Healthcare,75.6,6.7,CUDA|Docker,2,53800,132400,80500,Medium,Mid,2026,9,0,1,0,22.68
14081,AI Agent Developer,Data Science,13,PhD,Beijing,Japan,Hybrid,Big Tech (FAANG+),E-commerce,58.6,7.3,CUDA,1,44700,81500,113900,Top,Mid,2026,10,0,1,0,29.25
14082,Data Analyst,AI Engineering,5.6,Master's,Beijing,Vietnam,On-site,Big Tech (FAANG+),E-commerce,84,2.7,SQL|Azure|PyTorch|AWS|C++,5,91800,15400,96900,Medium,Junior,2026,2,0,0,1,25.85
14083,Data Scientist,Product Management,3.1,Bachelor's,London,UK,Fully Remote,Big Tech (FAANG+),Automotive,84.8,7.8,Python|TensorFlow|React|Airflow|AWS|CUDA|BERT|AutoGen|PyTorch,9,49200,44800,50900,Low,Senior,2026,9,1,1,1,4.94
14084,Product Manager,Software Engineering,11.6,PhD,Berlin,Germany,Fully Remote,Enterprise,Finance,60.7,3.7,C++|Airflow,2,,99600,45600,Medium,Mid,2026,8,0,1,1,39.4
14085,Software Engineer,Product Management,6.5,Bachelor's,Ho Chi Minh City,Singapore,Fully Remote,Startup,Finance,89.8,4.8,React|Airflow|AWS|Docker|TensorFlow|Python|AutoGen|CUDA,8,38800,113400,115200,Top,Junior,2026,3,1,1,0,47.05
14086,Data Scientist,Data Science,2.9,Associate's,London,Singapore,Hybrid,Mid-size,E-commerce,72.8,1.1,Docker,1,33100,37100,93500,High,Lead,2026,2,1,1,0,24.53
14087,Data Analyst,Software Engineering,13.6,Associate's,Beijing,China,Fully Remote,Mid-size,Healthcare,59,8.6,Airflow|FastAPI|SQL|TensorFlow,4,69400,,83900,Top,Lead,2026,2,1,1,0,3.08
14088,AI Agent Developer,IT Operations,3,Master's,London,Japan,Hybrid,Enterprise,Automotive,82.9,9.6,,0,44900,82300,87600,Top,Mid,2026,1,0,0,1,16.14
14089,Machine Learning Engineer,Product Management,0.4,Master's,San Francisco,Japan,Hybrid,Big Tech (FAANG+),Finance,79.8,1.5,Docker|AutoGen,2,11200,163700,65800,High,Junior,2026,10,0,0,1,6.13
14090,DevOps Engineer,Software Engineering,0.3,PhD,London,Japan,Hybrid,Enterprise,Automotive,58.5,6.7,AutoGen|Python|CUDA|FastAPI|PyTorch|BERT|TensorFlow|C++|React,9,45900,78100,52700,Low,Lead,2026,9,1,1,1,49.02
14091,Product Manager,Software Engineering,9.3,High School,Ho Chi Minh City,Germany,On-site,Big Tech (FAANG+),Finance,93.6,9.6,Docker,1,,108400,86000,Low,Lead,2026,1,1,1,0,6.85
14092,DevOps Engineer,Software Engineering,9.9,Associate's,Ho Chi Minh City,Japan,Fully Remote,Mid-size,Tech,92.7,6.5,SQL|Python|C++|TensorFlow|AutoGen|Docker|BERT|AWS|Airflow,9,36100,-6000,60000,Medium,Junior,2026,2,0,1,0,4.03
14093,Data Analyst,AI Engineering,4.7,Bachelor's,Ho Chi Minh City,Germany,Hybrid,Startup,Tech,91.8,8.2,CUDA,1,33600,,60200,Top,Lead,2026,7,0,1,0,26.1
14094,Product Manager,Product Management,4.8,High School,Berlin,Singapore,Fully Remote,Enterprise,Automotive,70,2.1,Java|Python,2,53900,55600,65800,Low,Lead,2026,5,0,0,1,3.25
14095,Product Manager,Software Engineering,5.1,Associate's,Singapore,USA,On-site,Big Tech (FAANG+),E-commerce,91.2,3.2,TensorFlow|AWS|AutoGen|Docker|CUDA|SQL|React,7,27200,103500,94600,Medium,Senior,2026,11,1,1,1,31.7
14096,AI Agent Developer,Product Management,10.2,PhD,London,Vietnam,Fully Remote,Mid-size,E-commerce,92.2,4.1,,0,56100,25400,57400,Top,Junior,2026,1,0,1,1,43.45
14097,Product Manager,Software Engineering,0.9,Associate's,London,Japan,On-site,Startup,Finance,99.8,9.8,,0,70700,116100,55200,Top,,2026,4,0,0,1,12.52
14098,Software Engineer,IT Operations,13.9,Master's,Berlin,Singapore,Hybrid,Enterprise,Education,97.9,8,Azure,1,76000,,51300,Low,Senior,2026,12,0,0,0,46.36
14099,Data Scientist,IT Operations,3.3,Bachelor's,Beijing,Vietnam,Hybrid,Enterprise,Tech,69.1,9,Airflow|SQL|React|AutoGen|CUDA|Azure|BERT|FastAPI,8,37000,109000,71200,Medium,Lead,2026,6,0,1,0,32.3
14100,Data Scientist,IT Operations,15,Bachelor's,New York,Singapore,On-site,Mid-size,Tech,59.9,5.4,React|Python|CUDA|SQL|Java|AutoGen,6,85600,87700,100300,High,Junior,2026,8,0,0,0,8.13
14101,Data Scientist,Data Science,2.6,Master's,Singapore,Japan,Hybrid,Enterprise,Automotive,64.6,7.5,FastAPI|SQL|Docker|Airflow|AWS|AutoGen,6,61700,118500,71400,Top,Junior,2026,2,0,0,1,32.22
14102,Software Engineer,Software Engineering,11.6,High School,Beijing,Germany,Fully Remote,Mid-size,Education,74.7,7.6,,0,36600,141400,75100,Medium,Lead,2026,10,1,0,0,3.64
14103,DevOps Engineer,Data Science,3.4,Master's,Berlin,Singapore,Fully Remote,Enterprise,Automotive,90.3,6.1,BERT|AutoGen|SQL,3,41600,43200,79700,High,Mid,2026,12,0,1,1,17.48
14104,AI Agent Developer,Product Management,1.2,Bachelor's,Singapore,China,On-site,Startup,E-commerce,86.1,8.9,CUDA|Python|Airflow|TensorFlow,4,36000,166200,66800,High,Senior,2026,3,0,0,1,0.8
14105,Product Manager,Data Science,13.1,PhD,Singapore,Vietnam,Fully Remote,Startup,E-commerce,89.4,2.4,,0,8900,71000,52300,Low,Lead,2026,7,1,1,1,22.08
14106,Software Engineer,Product Management,12.9,High School,London,Vietnam,Hybrid,Enterprise,Education,69,1.5,Docker|C++|Azure|Airflow,4,,117700,64200,High,Mid,2026,1,0,0,0,41.6
14107,Data Scientist,Product Management,6.1,Associate's,London,Germany,Hybrid,Mid-size,Education,62.3,3.7,Python|Docker|CUDA|Java|Airflow,5,54300,64100,60800,Top,Senior,2026,7,0,1,0,34.87
14108,Data Analyst,Product Management,10.5,PhD,Ho Chi Minh City,Vietnam,Hybrid,Big Tech (FAANG+),E-commerce,51.2,1.8,SQL|React|Docker|Airflow|AutoGen|BERT|Azure,7,63000,104700,72800,Top,Senior,2026,1,1,1,0,9.94
14109,Machine Learning Engineer,Data Science,8.4,High School,Ho Chi Minh City,USA,Fully Remote,Enterprise,Healthcare,81.3,1.5,TensorFlow|React|Java,3,52000,84600,63700,Medium,Mid,2026,8,0,1,0,9.13
14110,Product Manager,Software Engineering,12.8,Bachelor's,San Francisco,Germany,Hybrid,Big Tech (FAANG+),Tech,89.8,4.8,C++|Azure|Java|CUDA|BERT|FastAPI,6,19800,,80600,Top,Senior,2026,6,0,0,0,35.21
14111,Software Engineer,Data Science,4.7,Bachelor's,London,Vietnam,Fully Remote,Mid-size,Tech,94.5,2.8,TensorFlow|Docker|React|C++|BERT|Airflow|Azure|CUDA|PyTorch,9,56900,68400,72200,Low,Senior,2026,10,1,0,0,33.31
14112,Software Engineer,Software Engineering,7.9,PhD,London,Vietnam,On-site,Big Tech (FAANG+),Automotive,73.8,8.1,FastAPI|AutoGen|AWS|C++|Python|Docker|SQL|Azure|BERT,9,69100,163800,59400,Low,Lead,2026,7,1,0,0,7.11
14113,AI Agent Developer,Software Engineering,7.3,High School,Tokyo,Vietnam,Hybrid,Enterprise,Tech,96.4,6.2,CUDA|AutoGen|Azure|TensorFlow|React|PyTorch|Airflow,7,69000,59200,111400,Top,Mid,2026,2,1,1,1,33.6
14114,AI Agent Developer,Product Management,5.3,Associate's,Singapore,Germany,On-site,Startup,Automotive,60.1,4.2,Python|React|PyTorch|FastAPI|CUDA|BERT|AWS|AutoGen,8,71800,163700,87000,Medium,Lead,2026,6,0,1,0,39.04
14115,Software Engineer,Data Science,13.4,Associate's,Ho Chi Minh City,China,Fully Remote,Mid-size,Education,75.7,3.6,Python|TensorFlow|Docker|SQL|AutoGen,5,51000,138900,69800,Low,Lead,2026,5,0,1,0,38.32
14116,Data Scientist,Software Engineering,2.5,Master's,Ho Chi Minh City,UK,Fully Remote,Startup,Education,60.7,6.1,BERT,1,2600,,61500,Medium,,2026,3,1,0,0,20.28
14117,Machine Learning Engineer,IT Operations,2.2,PhD,Beijing,Singapore,On-site,Startup,Healthcare,59.4,4.9,CUDA|AutoGen|TensorFlow|PyTorch|Python|SQL|React|Airflow|Azure,9,63600,92900,97900,Top,,2026,9,1,1,0,40.71
14118,Product Manager,Software Engineering,8.7,High School,London,Japan,Hybrid,Startup,Education,97.7,1.5,Docker|Python,2,51400,106200,53300,High,Junior,2026,5,0,1,1,19.49
14119,AI Agent Developer,IT Operations,9.9,PhD,Singapore,Singapore,Hybrid,Enterprise,E-commerce,90.9,7,Azure|C++|CUDA,3,89900,,110100,Low,Mid,2026,8,0,1,0,32.29
14120,Product Manager,Data Science,2.9,Associate's,London,Vietnam,Hybrid,Mid-size,Healthcare,50.6,5.5,PyTorch|Python|SQL|AutoGen|TensorFlow|React|FastAPI|Azure|AWS|Java,10,87900,116100,39200,High,Senior,2026,4,0,1,1,38.02
14121,Data Scientist,Data Science,5.9,High School,Berlin,Singapore,On-site,Big Tech (FAANG+),E-commerce,63.4,3.5,TensorFlow|CUDA|FastAPI|React|Docker|SQL|Python|AutoGen,8,72000,104600,144200,Low,Junior,2026,6,0,1,1,37.77
14122,Product Manager,Data Science,14.2,Bachelor's,Beijing,UK,Fully Remote,Startup,E-commerce,60.3,3.6,Airflow|BERT|AWS|Azure|TensorFlow|FastAPI|AutoGen,7,22500,,64400,Top,Lead,2026,4,0,1,0,17.35
14123,Data Analyst,Software Engineering,3.7,Bachelor's,New York,UK,On-site,Big Tech (FAANG+),Automotive,57.4,5.1,,0,27800,78700,42500,Medium,Junior,2026,4,0,1,0,28.54
14124,AI Agent Developer,AI Engineering,10,High School,New York,Vietnam,Fully Remote,Mid-size,E-commerce,84.9,8.4,PyTorch|Python|Azure|AWS|C++,5,60400,111100,58300,Medium,Junior,2026,9,1,1,0,30.7
14125,Data Scientist,Software Engineering,11.1,PhD,New York,Vietnam,Hybrid,Mid-size,Healthcare,78.3,4.8,Java|Azure|React|Python|AWS|AutoGen|PyTorch|CUDA|Airflow,9,26700,56800,67200,Medium,Mid,2026,5,1,1,0,11.74
14126,Data Scientist,Software Engineering,6.7,PhD,Singapore,Japan,Hybrid,Big Tech (FAANG+),Finance,72.7,8.6,,0,67700,,60900,Top,Lead,2026,1,0,1,0,0.41
14127,Machine Learning Engineer,Product Management,14.1,Bachelor's,Tokyo,UK,Fully Remote,Big Tech (FAANG+),Education,59.5,4.8,BERT|Airflow|SQL|React|Docker,5,68500,121100,83900,Medium,Mid,2026,11,0,0,1,4.96
14128,Machine Learning Engineer,Product Management,11,Bachelor's,Ho Chi Minh City,China,Hybrid,Startup,Automotive,63.9,8.5,TensorFlow|Python|Java,3,,109600,82100,Low,Junior,2026,7,0,1,0,1.73
14129,Data Analyst,Software Engineering,6.9,Associate's,Singapore,UK,On-site,Big Tech (FAANG+),Education,67.8,9.4,React|BERT,2,71900,88200,154400,High,Senior,2026,3,1,0,0,14.93
14130,Data Scientist,IT Operations,8.5,High School,New York,China,Fully Remote,Big Tech (FAANG+),E-commerce,89.3,1.2,TensorFlow|Airflow|BERT|Java,4,42300,140500,77200,Top,Senior,2026,11,1,1,1,16.3
14131,DevOps Engineer,Product Management,10.4,PhD,Berlin,Singapore,Hybrid,Enterprise,E-commerce,99.5,1.6,Azure|BERT,2,48700,138700,41900,High,Junior,2026,3,0,0,1,43.3
14132,Data Scientist,Software Engineering,8.9,Associate's,San Francisco,USA,Hybrid,Startup,Tech,59.2,2.2,FastAPI|React|Python|Docker,4,33100,76300,70700,Low,Senior,2026,12,1,0,1,6.25
14133,Machine Learning Engineer,AI Engineering,13.2,PhD,Singapore,China,Hybrid,Startup,Automotive,67.1,2.1,Docker|AutoGen|Airflow|Python|Java|FastAPI|CUDA|C++|SQL,9,55300,126500,78400,Low,Senior,2026,6,0,1,1,9.25
14134,DevOps Engineer,IT Operations,5.4,Bachelor's,Singapore,Japan,Hybrid,Mid-size,Automotive,64,5.1,AutoGen|Java|React|SQL|PyTorch,5,6500,,62200,High,Mid,2026,3,1,1,0,31
14135,AI Agent Developer,Data Science,4.5,High School,San Francisco,Germany,Fully Remote,Big Tech (FAANG+),Healthcare,52.2,7.9,C++,1,44100,110400,91000,High,Lead,2026,1,1,0,0,23.46
14136,AI Agent Developer,Software Engineering,3.2,Master's,Ho Chi Minh City,Singapore,Fully Remote,Enterprise,Finance,61,9.7,Airflow|FastAPI|AutoGen,3,64000,,94200,Low,Senior,2026,6,1,0,0,49.66
14137,Product Manager,Software Engineering,0.6,High School,Ho Chi Minh City,Vietnam,Hybrid,Mid-size,Healthcare,95.1,4.8,Airflow|Python|Docker|CUDA,4,,100000,59100,Low,Lead,2026,7,1,0,0,38.1
14138,Software Engineer,IT Operations,0.6,Master's,New York,USA,On-site,Enterprise,Healthcare,92.1,7.2,Python|BERT,2,67400,89300,66200,Low,Lead,2026,5,0,0,1,13.52
14139,Machine Learning Engineer,Product Management,13.1,Associate's,Ho Chi Minh City,UK,On-site,Startup,Healthcare,58.4,6.7,CUDA|AutoGen|Python|FastAPI|Airflow|C++|PyTorch|TensorFlow|SQL|Java,10,28800,102200,27300,Low,Mid,2026,1,0,1,0,36.08
14140,Software Engineer,Product Management,10.2,Master's,San Francisco,China,On-site,Big Tech (FAANG+),Finance,68.3,4.5,Azure|SQL|Airflow|Docker|Python|CUDA,6,,99300,53200,Low,Junior,2026,2,0,0,1,11.42
14141,DevOps Engineer,Product Management,9.9,Master's,Beijing,USA,On-site,Enterprise,Healthcare,65.5,7.5,CUDA|Python|C++|Docker|AutoGen|BERT|Airflow|TensorFlow|AWS,9,61900,,68300,High,Senior,2026,2,0,1,1,34.08
14142,Machine Learning Engineer,Data Science,9.2,Associate's,San Francisco,Singapore,Fully Remote,Mid-size,Education,57.4,6.3,Docker|BERT|AWS|Java|AutoGen,5,30900,,78500,High,Senior,2026,10,0,0,0,1.83
14143,Data Analyst,IT Operations,12.7,High School,San Francisco,Germany,Fully Remote,Startup,Automotive,81.1,7.8,SQL|Azure,2,26600,125000,71600,Top,Mid,2026,8,0,1,0,9.98
14144,Data Scientist,IT Operations,7.2,Associate's,Beijing,China,On-site,Enterprise,Finance,77.9,2.7,C++|TensorFlow|CUDA|AWS|Airflow|SQL|Docker|FastAPI|Azure|Java,10,54300,81500,54000,Medium,Mid,2026,8,1,1,0,5.13
14145,Data Analyst,Product Management,13.1,Bachelor's,San Francisco,Japan,Fully Remote,Enterprise,E-commerce,71.3,4.2,Docker|C++,2,49500,137800,102700,Medium,Junior,2026,8,0,1,0,21.45
14146,DevOps Engineer,Product Management,5.4,Bachelor's,New York,UK,On-site,Mid-size,Tech,92.8,7,,0,97800,79100,100200,High,Lead,2026,2,1,0,0,27.67
14147,Machine Learning Engineer,AI Engineering,13.9,Master's,Singapore,UK,Hybrid,Enterprise,Tech,81,2.1,React|SQL|AutoGen|Airflow|PyTorch|C++|AWS|Azure|BERT|Docker,10,57400,-7400,102600,High,Junior,2026,12,1,0,1,12.97
14148,DevOps Engineer,AI Engineering,10.5,Associate's,Berlin,China,Hybrid,Startup,Education,63,7.9,Airflow|Azure|BERT|Java|AutoGen|React|Python|FastAPI,8,53500,113500,113800,Medium,Senior,2026,12,1,1,1,48.93
14149,Data Scientist,Software Engineering,3.9,Associate's,Ho Chi Minh City,Germany,On-site,Enterprise,Automotive,68.7,2.2,FastAPI|Python|Airflow|BERT|Docker,5,38800,35600,50400,Medium,Mid,2026,5,1,1,0,20.53
14150,AI Agent Developer,Software Engineering,8.5,Associate's,London,Vietnam,Fully Remote,Big Tech (FAANG+),Tech,57.5,3.9,Java|FastAPI|CUDA|AutoGen|Azure|C++|AWS|Airflow,8,66500,46500,85700,Medium,Mid,2026,5,1,0,0,28.09
14151,AI Agent Developer,IT Operations,8,High School,Singapore,Vietnam,On-site,Big Tech (FAANG+),Education,79.6,3.1,CUDA|C++|AWS|Python|React|Docker|Airflow|TensorFlow,8,49400,56500,97800,Top,Lead,2026,4,1,0,0,23.18
14152,DevOps Engineer,IT Operations,2.1,PhD,New York,UK,Fully Remote,Mid-size,Education,79.3,1.5,,0,39600,103800,131800,Low,Senior,2026,8,1,0,1,43.16
14153,Software Engineer,Data Science,8.9,PhD,Tokyo,Singapore,Hybrid,Big Tech (FAANG+),Tech,93.5,3.4,TensorFlow|FastAPI|Python,3,45800,106600,112400,Medium,Mid,2026,8,1,0,1,18.54
14154,Machine Learning Engineer,Data Science,4.7,PhD,Ho Chi Minh City,Singapore,Fully Remote,Big Tech (FAANG+),Tech,92.8,9.2,C++|CUDA|Azure|BERT|Airflow,5,43300,142200,68600,Low,Mid,2026,12,1,1,0,47.15
14155,Machine Learning Engineer,AI Engineering,0.8,High School,New York,Germany,On-site,Enterprise,Education,91.8,1.2,FastAPI|React,2,48400,50700,35300,Top,Mid,2026,9,1,0,0,40.25
14156,AI Agent Developer,Software Engineering,14.2,Associate's,San Francisco,UK,Hybrid,Startup,Education,77.4,1.2,C++,1,95100,70700,44800,Low,Mid,2026,4,0,0,0,3.78
14157,Product Manager,AI Engineering,9.6,PhD,New York,Vietnam,Hybrid,Startup,E-commerce,82.6,7.3,Java|PyTorch,2,62800,151300,91800,Medium,Senior,2026,1,0,0,1,44.16
14158,Data Analyst,AI Engineering,13.2,Associate's,Berlin,UK,Fully Remote,Enterprise,Tech,88.8,4.3,PyTorch|TensorFlow|Docker|BERT|Java|Python,6,46300,,76600,High,Lead,2026,11,1,0,0,9.08
14159,Product Manager,Software Engineering,10.1,Master's,London,China,Hybrid,Big Tech (FAANG+),Healthcare,54.6,3.1,Azure|Python|SQL|AWS|CUDA|Airflow,6,48900,112300,57600,Top,Junior,2026,9,1,0,1,2.98
14160,Data Scientist,Data Science,5.4,PhD,Ho Chi Minh City,Singapore,Hybrid,Enterprise,Education,65,5.6,Airflow|PyTorch|BERT|TensorFlow|Python|Azure|Java|React,8,,98500,25300,Medium,Junior,2026,1,1,0,0,11.08
14161,Data Analyst,Software Engineering,7.7,Master's,New York,Singapore,Fully Remote,Big Tech (FAANG+),Automotive,58.5,3.4,AWS|FastAPI|BERT|Airflow|Azure,5,13900,116000,97200,Medium,Lead,2026,4,0,0,0,4.26
14162,Data Analyst,Product Management,10.1,High School,New York,Japan,Hybrid,Big Tech (FAANG+),Automotive,75.6,4.5,AutoGen|PyTorch|AWS|FastAPI|Airflow|Azure|CUDA|Java|Docker,9,64900,101200,46200,Medium,Lead,2026,11,1,1,0,31.11
14163,DevOps Engineer,Product Management,14.4,Bachelor's,Singapore,China,On-site,Big Tech (FAANG+),Education,91.9,7.4,Azure,1,64500,104000,110400,Medium,Senior,2026,10,0,0,0,22.37
14164,AI Agent Developer,Product Management,3.8,High School,Ho Chi Minh City,Japan,Fully Remote,Startup,Automotive,61.5,2.1,FastAPI|CUDA|SQL|BERT|React|Airflow|Docker|Python|AWS,9,58100,118300,50000,Top,Junior,2026,1,1,1,0,23.74
14165,Product Manager,IT Operations,13.1,High School,San Francisco,Germany,Fully Remote,Mid-size,E-commerce,86.5,9.6,Python|Java|C++,3,79700,63500,63900,Medium,Lead,2026,3,1,1,1,30.83
14166,Product Manager,Data Science,13.9,High School,New York,Vietnam,Fully Remote,Startup,E-commerce,70.3,1.4,,0,,107500,58300,Low,Mid,2026,3,1,0,1,24.92
14167,AI Agent Developer,Data Science,10.1,PhD,New York,Germany,Fully Remote,Big Tech (FAANG+),Education,95.2,8.3,Java|CUDA|PyTorch|Python|Azure,5,66300,22100,90900,Medium,Senior,2026,7,1,0,1,49.58
14168,Product Manager,IT Operations,14,Master's,New York,Germany,On-site,Enterprise,Tech,81.3,7.5,C++|Java|CUDA|AutoGen,4,48500,100200,58200,Top,Lead,2026,12,1,1,1,31.19
14169,AI Agent Developer,AI Engineering,6,PhD,Beijing,Vietnam,Fully Remote,Enterprise,Healthcare,98.8,3.5,Python|Docker|BERT|React,4,0,79900,69700,High,Junior,2026,3,0,1,0,29.31
14170,DevOps Engineer,Product Management,14.3,Bachelor's,Beijing,USA,On-site,Big Tech (FAANG+),Tech,62.3,2.1,PyTorch|FastAPI|Airflow|CUDA|Docker|React|TensorFlow|SQL|Python,9,73300,,66300,High,Mid,2026,6,0,1,1,20.72
14171,Software Engineer,Product Management,10.5,High School,London,USA,Fully Remote,Mid-size,Automotive,96.2,8.7,SQL,1,30600,44100,53000,Low,Lead,2026,10,1,1,0,22.32
14172,Data Analyst,AI Engineering,0.6,Associate's,Berlin,UK,Fully Remote,Startup,Healthcare,67.9,7.1,Java|Python|AWS|FastAPI|SQL|BERT|Azure|React|Airflow|Docker,10,55200,107800,75400,Low,,2026,4,0,0,0,49.47
14173,DevOps Engineer,Software Engineering,13.6,Bachelor's,Singapore,USA,Hybrid,Startup,Automotive,81.1,3.6,React|CUDA|TensorFlow,3,35900,124700,81600,Medium,Senior,2026,6,0,1,0,0.27
14174,Machine Learning Engineer,Software Engineering,7.3,Master's,Singapore,China,Hybrid,Big Tech (FAANG+),Healthcare,58.7,1.2,FastAPI|BERT|PyTorch|C++|React|Airflow,6,55300,129800,92600,Medium,Junior,2026,9,1,0,0,7.77
14175,Data Scientist,Data Science,6.9,Bachelor's,Ho Chi Minh City,Singapore,On-site,Big Tech (FAANG+),Education,88,9.4,Azure|AutoGen|SQL|AWS|Java|Python|CUDA,7,83400,73900,90300,Low,Junior,2026,12,1,1,0,17.15
14176,Software Engineer,IT Operations,8.5,PhD,Berlin,Japan,Hybrid,Mid-size,Finance,98.9,4.6,,0,62000,85800,gclg6uge7zz370i,High,Junior,2026,7,1,1,0,45.22
14177,Machine Learning Engineer,Data Science,2.2,Associate's,San Francisco,Singapore,Fully Remote,Startup,E-commerce,89.4,2.6,AutoGen|Airflow|C++,3,,,30700,Top,Senior,2026,1,1,0,0,46.9
14178,Data Analyst,Software Engineering,7,PhD,Berlin,Germany,On-site,Mid-size,E-commerce,80.8,9.2,SQL|Airflow|Docker|React|BERT|C++|PyTorch|FastAPI,8,46500,53800,74400,Medium,Lead,2026,8,0,1,1,2.88
14179,Product Manager,AI Engineering,12.5,High School,Singapore,Singapore,Hybrid,Startup,Education,72.4,4.2,TensorFlow,1,44300,82100,52600,Top,Lead,2026,4,1,1,1,7.08
14180,AI Agent Developer,Data Science,0.2,High School,San Francisco,UK,Fully Remote,Mid-size,Automotive,67.3,5.2,PyTorch|SQL|Azure,3,44000,65200,75200,High,Mid,2026,8,1,0,1,44.11
14181,Data Analyst,Product Management,4.1,Bachelor's,Beijing,Germany,Hybrid,Mid-size,Automotive,71,7.3,,0,65300,27600,78500,Low,Lead,2026,3,0,1,1,13.61
14182,DevOps Engineer,Product Management,0,High School,London,Vietnam,Hybrid,Mid-size,Finance,66.4,8.4,CUDA|Java|AWS|Python|TensorFlow,5,50600,158600,80200,High,Senior,2026,10,1,1,0,20.05
14183,Data Scientist,AI Engineering,6.2,High School,San Francisco,Singapore,Hybrid,Enterprise,Tech,91.6,1.9,Python|BERT|CUDA|Docker,4,63800,101000,34900,Top,,2026,12,0,0,1,0.23
14184,DevOps Engineer,Software Engineering,10.9,Master's,San Francisco,USA,Hybrid,Enterprise,Healthcare,94.7,9.1,AutoGen|TensorFlow|CUDA|PyTorch|Azure|C++|React,7,46500,58100,134800,High,Senior,2026,5,1,0,0,24.57
14185,Software Engineer,Product Management,12,Master's,Berlin,Vietnam,Fully Remote,Enterprise,Education,97.5,9.4,Azure|Airflow|AutoGen|Java|CUDA|AWS,6,70300,6100,132500,High,Junior,2026,3,0,1,1,43.27
14186,Software Engineer,Product Management,14.2,PhD,Singapore,UK,Hybrid,Startup,Finance,70.9,3.3,Airflow|AutoGen|C++|Docker|FastAPI,5,63900,112800,59400,Medium,Lead,2026,12,1,1,0,18.23
14187,Data Scientist,IT Operations,9.1,PhD,Berlin,Japan,On-site,Mid-size,Education,77.3,5.5,Azure,1,52300,37400,47200,Low,Mid,2026,11,1,0,1,44.05
14188,Machine Learning Engineer,Data Science,3.8,Master's,New York,China,On-site,Big Tech (FAANG+),Finance,78.8,8.7,CUDA|Airflow|C++|TensorFlow|PyTorch|Azure|Java|SQL|Python,9,63600,,146000,Top,Mid,2026,3,1,0,1,17.35
14189,Machine Learning Engineer,Software Engineering,13.9,Bachelor's,Ho Chi Minh City,USA,Hybrid,Big Tech (FAANG+),Automotive,82.6,5.4,C++,1,70700,98100,102700,Top,Lead,2026,3,1,1,0,32.91
14190,Software Engineer,Data Science,11.6,Master's,London,Vietnam,On-site,Startup,Automotive,50.1,5.3,,0,,50300,93700,Medium,Junior,2026,4,1,0,1,14.68
14191,Software Engineer,Software Engineering,8.6,PhD,Singapore,Japan,Hybrid,Startup,Tech,92.1,6.6,SQL|PyTorch,2,36000,166100,44400,High,Lead,2026,3,0,0,0,25.74
14192,Product Manager,Product Management,10.4,Associate's,Ho Chi Minh City,Singapore,Fully Remote,Big Tech (FAANG+),Education,63.4,7.9,Python,1,67600,59000,115300,Top,Senior,2026,12,1,1,0,41.42
14193,AI Agent Developer,IT Operations,13.9,High School,San Francisco,USA,Fully Remote,Mid-size,Education,73.6,7,Airflow|TensorFlow,2,63700,50300,53300,Medium,Lead,2026,2,0,1,0,42.42
14194,Product Manager,Data Science,10.7,Associate's,Beijing,Germany,On-site,Enterprise,Tech,92.1,6.6,Python,1,68500,109100,70400,Top,Lead,2026,6,1,0,1,3.83
14195,Product Manager,Product Management,5.5,Associate's,Berlin,China,On-site,Startup,Automotive,99.8,4.3,Airflow|React|Java,3,40700,85800,109400,Medium,Junior,2026,1,0,0,0,46.46
14196,Machine Learning Engineer,Software Engineering,10.7,High School,Berlin,Singapore,Hybrid,Startup,E-commerce,89.7,6.7,AutoGen,1,52100,177200,64700,Medium,Lead,2026,5,1,1,1,26.09
14197,Data Scientist,Data Science,0.6,Master's,Tokyo,Japan,Hybrid,Startup,Tech,51.2,1.9,Python,1,40600,156300,80800,Low,Senior,2026,11,1,0,1,10.96
14198,Machine Learning Engineer,Data Science,5.8,Bachelor's,Ho Chi Minh City,USA,Hybrid,Big Tech (FAANG+),Finance,68.4,4.7,Java|Azure|React,3,57000,160000,104400,Low,Lead,2026,6,1,1,1,41.57
14199,AI Agent Developer,Product Management,6.1,Associate's,Beijing,Singapore,Fully Remote,Enterprise,Automotive,62.4,2.7,Python|Docker|Java|PyTorch|C++|Azure,6,32700,122000,44700,High,Senior,2026,12,0,0,1,31.76
14200,DevOps Engineer,Data Science,2.5,Bachelor's,Singapore,China,Hybrid,Mid-size,Education,98.2,5.8,SQL|TensorFlow|AutoGen|CUDA|Airflow|PyTorch|FastAPI|Java|Python|AWS,10,77300,,104000,Medium,Lead,2026,1,0,1,1,25.4
14201,Software Engineer,IT Operations,0.3,PhD,Tokyo,Japan,Fully Remote,Mid-size,Education,63.2,3.4,C++|TensorFlow|Docker|BERT|SQL|PyTorch|Java|FastAPI,8,52800,85100,115200,Top,Junior,2026,1,1,1,1,40.59
14202,Software Engineer,IT Operations,2,Associate's,San Francisco,Germany,On-site,Big Tech (FAANG+),Healthcare,97.2,5.6,AutoGen|Airflow|C++|BERT|FastAPI|Python|Java|SQL|PyTorch|AWS,10,84500,127100,73300,High,Mid,2026,7,0,1,1,10.19
14203,AI Agent Developer,Product Management,9.8,PhD,Tokyo,Germany,Fully Remote,Startup,Healthcare,96.9,8,FastAPI|Airflow,2,36800,,105800,Medium,Mid,2026,11,0,1,1,29.06
14204,Product Manager,Software Engineering,12,Master's,New York,Vietnam,On-site,Big Tech (FAANG+),E-commerce,92,4.9,Java|FastAPI,2,54000,94800,55600,High,Senior,2026,6,1,0,0,48.09
14205,Data Scientist,Product Management,14.8,Associate's,Tokyo,UK,Fully Remote,Big Tech (FAANG+),Education,54.9,3,SQL|C++|FastAPI|Azure|BERT|PyTorch,6,52100,44400,36600,Top,Lead,2026,9,1,0,1,31.85
14206,Software Engineer,IT Operations,5.2,PhD,Tokyo,Vietnam,Fully Remote,Mid-size,Automotive,50.1,3,CUDA|AutoGen|TensorFlow|Python|SQL|C++|React,7,63300,82400,25500,Top,Junior,2026,4,0,1,0,29.94
14207,Data Analyst,AI Engineering,9,PhD,New York,China,Hybrid,Enterprise,Education,89.7,9.2,Docker|Airflow|C++|Java|CUDA|SQL|TensorFlow|Azure|Python|PyTorch,10,65200,122400,87800,Low,Lead,2026,3,0,1,1,1.47
14208,Product Manager,AI Engineering,14.1,Master's,Berlin,Vietnam,On-site,Mid-size,Education,92.2,8,TensorFlow|AutoGen|BERT|FastAPI|CUDA|Airflow|Docker,7,23400,143700,86300,High,Junior,2026,6,0,0,1,9.13
14209,Software Engineer,Data Science,2.5,Bachelor's,Berlin,Japan,Fully Remote,Big Tech (FAANG+),Finance,98.1,1.3,,0,73800,118000,60400,Low,Junior,2026,8,1,0,1,30.61
14210,Data Analyst,Data Science,10.8,Bachelor's,San Francisco,USA,Fully Remote,Big Tech (FAANG+),E-commerce,60.9,9.5,React|CUDA|TensorFlow,3,67800,154900,104300,Medium,Lead,2026,5,0,1,1,35.13
14211,AI Agent Developer,AI Engineering,11.3,Associate's,London,Japan,On-site,Startup,Finance,86.7,2,,0,,43300,58900,Medium,Lead,2026,3,0,0,1,44.99
14212,AI Agent Developer,IT Operations,1.3,Master's,Tokyo,Vietnam,Fully Remote,Startup,Healthcare,76,6.9,C++|FastAPI,2,78800,,44000,Top,Mid,2026,3,0,0,0,43.57
14213,Product Manager,Data Science,12.9,Associate's,Ho Chi Minh City,UK,On-site,Big Tech (FAANG+),Finance,66.4,6,C++|Azure,2,24700,64800,51300,Medium,Lead,2026,1,1,0,0,17.99
14214,Software Engineer,Product Management,12.2,Bachelor's,Berlin,Japan,On-site,Mid-size,Healthcare,80.3,1.4,Docker|Azure,2,55500,116800,110300,High,Mid,2026,6,1,1,1,34.49
14215,Machine Learning Engineer,Product Management,0.5,Master's,Beijing,Japan,On-site,Startup,Tech,77.4,3.7,CUDA|Docker,2,44100,67500,96000,Top,Senior,2026,10,1,0,1,23.2
14216,Data Analyst,IT Operations,1.4,High School,Singapore,Japan,Fully Remote,Enterprise,Healthcare,64.6,8,CUDA|Airflow|C++|FastAPI|Docker|Python,6,46400,77200,70800,Top,Mid,2026,7,1,0,0,23.85
14217,Data Scientist,Data Science,0.7,Master's,Ho Chi Minh City,UK,Fully Remote,Enterprise,Education,63.4,3.8,,0,43100,134200,68300,High,Mid,2026,9,0,0,0,47.27
14218,Software Engineer,Product Management,5,Master's,London,Japan,Hybrid,Big Tech (FAANG+),Healthcare,74.3,5.3,BERT|AWS|Azure|React|Python,5,60500,109700,60800,High,Junior,2026,6,0,1,1,36.64
14219,Data Scientist,Data Science,7.6,High School,Tokyo,China,On-site,Enterprise,Education,73.7,7.3,Python|BERT|Airflow|Java|CUDA|TensorFlow|C++|Azure,8,32300,66600,14100,Low,Junior,2026,8,1,1,1,48.41
14220,Software Engineer,Data Science,8,PhD,New York,Germany,Fully Remote,Enterprise,E-commerce,65.1,1.6,,0,68800,39700,35000,Medium,Mid,2026,6,1,0,0,38.74
14221,Machine Learning Engineer,Product Management,4,PhD,London,UK,Fully Remote,Startup,Education,63.2,8.5,Python|Airflow|C++|Java|Docker|AWS|PyTorch|CUDA,8,60700,,71500,Top,Senior,2026,2,0,1,0,36.28
14222,Machine Learning Engineer,AI Engineering,13.7,PhD,Ho Chi Minh City,China,On-site,Startup,Education,97.7,1.4,TensorFlow|Java|CUDA|Python|Azure,5,46800,97200,89700,Medium,Junior,2026,3,0,1,0,21.38
14223,Product Manager,Product Management,5.5,Bachelor's,New York,UK,On-site,Mid-size,Education,93.1,3.4,PyTorch|AWS|FastAPI|Azure|Java|C++|Docker,7,67600,51500,66800,Low,Senior,2026,11,0,1,1,5.32
14224,Product Manager,IT Operations,0.7,Master's,San Francisco,UK,On-site,Startup,E-commerce,90.8,7.9,Docker|CUDA|FastAPI|Airflow|C++|PyTorch|Java|AutoGen|AWS,9,39800,,36200,Low,Mid,2026,1,1,1,1,31.52
14225,Machine Learning Engineer,Software Engineering,4.5,High School,Beijing,Germany,Hybrid,Mid-size,Automotive,60.7,9.2,TensorFlow|Docker|React|Java|AWS|FastAPI|BERT|Azure,8,49200,56100,115700,Top,Lead,2026,5,1,0,1,23.42
14226,DevOps Engineer,Product Management,8,Bachelor's,New York,USA,Hybrid,Startup,Automotive,59.5,7.8,Python|AutoGen,2,20000,92300,40700,Medium,Mid,2026,12,1,0,0,29.53
14227,Machine Learning Engineer,Data Science,6.1,High School,New York,China,Hybrid,Big Tech (FAANG+),Healthcare,90.5,3,C++|CUDA|Docker|Azure|Java|SQL|AutoGen|React|AWS|PyTorch,10,38800,113000,75400,Medium,Lead,2026,11,0,1,1,14.12
14228,AI Agent Developer,Data Science,4.1,Bachelor's,Beijing,UK,On-site,Mid-size,Tech,59.2,9.9,TensorFlow|CUDA|BERT|React|Airflow|AutoGen|FastAPI|Python|Docker|AWS,10,32500,80600,79000,Top,Junior,2026,6,0,1,1,9.8
14229,AI Agent Developer,Product Management,2,Bachelor's,Berlin,Singapore,Fully Remote,Big Tech (FAANG+),Automotive,75.2,4.7,PyTorch|React|Docker|CUDA|Python|SQL|AutoGen,7,14900,,133600,Top,Junior,2026,6,1,1,1,13.26
14230,DevOps Engineer,Software Engineering,12.3,Bachelor's,Berlin,UK,On-site,Mid-size,Healthcare,61.1,4.4,Docker|Azure|Python|Java|AutoGen|TensorFlow|FastAPI|C++,8,,114700,51400,Low,Junior,2026,12,1,1,1,32.88
14231,Data Analyst,Product Management,14.9,High School,New York,Vietnam,Fully Remote,Enterprise,E-commerce,68.9,8.8,AutoGen,1,47700,62900,76200,Top,Junior,2026,2,1,0,1,47.65
14232,Data Scientist,Software Engineering,4.9,Associate's,Singapore,Japan,Hybrid,Mid-size,Automotive,92.7,1.6,Airflow|Python|AWS,3,55900,54700,79500,Low,Mid,2026,1,0,1,0,49.6
14233,Software Engineer,Software Engineering,5.7,Bachelor's,New York,USA,Hybrid,Mid-size,Automotive,94.6,6,AWS,1,,162100,46600,Medium,Mid,2026,7,1,1,0,40.43
14234,Software Engineer,IT Operations,9.3,PhD,London,Germany,Hybrid,Mid-size,Education,99.8,9.7,Azure|React|TensorFlow|AutoGen,4,45500,144000,82600,Medium,Junior,2026,4,1,0,1,47.88
14235,DevOps Engineer,Data Science,10.8,Master's,Singapore,Singapore,Fully Remote,Mid-size,Education,97.2,1.9,AutoGen|Azure|BERT|Docker|SQL,5,60000,85800,64100,Low,Senior,2026,9,1,0,1,14.19
14236,AI Agent Developer,Data Science,5.9,Associate's,Berlin,China,Fully Remote,Mid-size,Healthcare,83.6,5.9,,0,67900,111600,67300,Medium,Lead,2026,11,0,1,1,0.18
14237,Product Manager,Software Engineering,13.6,Associate's,Beijing,UK,On-site,Enterprise,Education,71.6,2.2,PyTorch|Python|Airflow,3,72000,88500,56900,Top,Junior,2026,8,0,1,0,9.7
14238,Software Engineer,Data Science,8.4,High School,Tokyo,Japan,On-site,Mid-size,Healthcare,52.9,9,C++|TensorFlow|PyTorch|AWS|React|BERT|SQL|AutoGen,8,61600,126100,dxxfi886ayzjwki,Low,Junior,2026,6,1,1,1,31.72
14239,AI Agent Developer,AI Engineering,6.8,Associate's,Tokyo,China,On-site,Big Tech (FAANG+),Finance,80.4,6.3,PyTorch,1,59800,,71800,Medium,Junior,2026,10,1,0,0,44.97
14240,Data Analyst,Software Engineering,9.7,High School,New York,Germany,Hybrid,Mid-size,Finance,60.5,3.1,CUDA|Python|Java|TensorFlow|React|AWS,6,,19400,55000,High,,2026,3,1,1,0,45.75
14241,Data Scientist,Data Science,14.3,High School,New York,USA,On-site,Mid-size,Tech,92.5,3.8,AWS|Airflow|TensorFlow|Java,4,66200,145700,20900,High,Junior,2026,8,1,0,1,41.53
14242,Data Analyst,AI Engineering,11.9,PhD,Tokyo,Vietnam,Hybrid,Big Tech (FAANG+),Automotive,77.4,5.6,Azure|PyTorch|SQL|AutoGen|Java,5,30200,154000,122000,Medium,Lead,2026,12,1,0,1,38.12
14243,DevOps Engineer,IT Operations,0.6,Bachelor's,London,USA,Fully Remote,Startup,Finance,86.7,7.5,SQL|Java|React|AutoGen|TensorFlow|Docker|Python,7,56400,81000,76900,Top,Lead,2026,10,1,1,1,15.21
14244,Machine Learning Engineer,Data Science,5,Associate's,London,Vietnam,Hybrid,Startup,Healthcare,83.7,5.4,Azure|AWS|CUDA|Java,4,63300,112400,107200,Low,Mid,2026,12,1,0,1,4.39
14245,Machine Learning Engineer,AI Engineering,7.1,Bachelor's,London,China,Hybrid,Enterprise,Education,67.4,2.7,CUDA,1,58600,143400,106000,High,Senior,2026,1,1,0,1,26.26
14246,Machine Learning Engineer,Product Management,4.7,Bachelor's,San Francisco,USA,Hybrid,Mid-size,Education,88,7.4,Java|Docker|Airflow|TensorFlow|React,5,-2600,235900,84400,Top,Mid,2026,11,0,0,1,16.76
14247,Data Analyst,Product Management,10.5,Bachelor's,Ho Chi Minh City,USA,Fully Remote,Mid-size,Automotive,92.2,2.1,Airflow|Azure|CUDA|PyTorch|C++|Python,6,,121100,97800,Low,Senior,2026,9,1,0,0,6.41
14248,Software Engineer,AI Engineering,12.4,High School,Beijing,USA,Fully Remote,Startup,Finance,87.2,8.3,FastAPI|React|BERT|AutoGen|SQL|TensorFlow|AWS|Airflow|C++|Azure,10,80200,114000,106700,High,Senior,2026,10,0,0,0,22.91
14249,Data Scientist,Software Engineering,11,Bachelor's,Ho Chi Minh City,Germany,On-site,Mid-size,Tech,88.8,4.6,Java|Airflow|AutoGen|Docker|BERT,5,18300,134400,49100,High,Lead,2026,9,1,1,1,26.28
14250,Machine Learning Engineer,Software Engineering,14.8,Associate's,New York,China,On-site,Enterprise,Tech,68,6.9,,0,53500,138400,97300,High,Junior,2026,10,1,0,0,38.71
14251,DevOps Engineer,Data Science,4.1,High School,London,Singapore,On-site,Big Tech (FAANG+),Tech,97.2,4.1,Docker|React|TensorFlow|C++|FastAPI|AutoGen|CUDA,7,46200,121300,82100,Medium,Lead,2026,8,0,0,0,40.41
14252,DevOps Engineer,Product Management,13.1,Associate's,London,Vietnam,Fully Remote,Mid-size,Tech,71.2,7,C++|Python|Airflow,3,50900,48400,52800,Medium,Mid,2026,10,1,1,1,23.43
14253,Machine Learning Engineer,Software Engineering,11.5,High School,Tokyo,USA,Fully Remote,Big Tech (FAANG+),Education,94.9,9,TensorFlow|AutoGen|Airflow|React|Azure|CUDA|SQL,7,75700,107100,96500,Top,Senior,2026,4,1,1,1,46.04
14254,Machine Learning Engineer,Software Engineering,5.4,Master's,San Francisco,China,Fully Remote,Enterprise,Education,92.9,7.3,SQL|TensorFlow|React|CUDA|BERT|Java,6,54800,111800,51000,Low,Mid,2026,9,1,0,1,39.43
14255,Data Scientist,Product Management,11,Master's,Tokyo,Singapore,Fully Remote,Startup,Education,56.2,7,Python|Docker|BERT|C++|PyTorch,5,30400,41200,88800,Medium,Lead,2026,11,0,1,0,21.62
14256,Machine Learning Engineer,IT Operations,1.6,Master's,Singapore,Japan,Fully Remote,Enterprise,Healthcare,98.3,7.8,Azure|AWS|FastAPI|PyTorch|Python|SQL|Docker|BERT|CUDA|React,10,36700,125400,82100,Low,Senior,2026,9,0,1,0,17.51
14257,Data Scientist,Software Engineering,11.8,Master's,London,Germany,Hybrid,Enterprise,Tech,99.8,5.5,Python|Java|FastAPI|CUDA|Airflow,5,34500,54800,58800,High,Junior,2026,12,1,1,0,15.89
14258,DevOps Engineer,AI Engineering,8,High School,San Francisco,Germany,On-site,Enterprise,E-commerce,80.3,3,PyTorch|C++|TensorFlow|Airflow|BERT|Python|Azure|AutoGen|CUDA|FastAPI,10,12600,152800,122100,Medium,Senior,2026,10,0,1,1,23.19
14259,Machine Learning Engineer,Data Science,4.4,Bachelor's,Berlin,Japan,Hybrid,Enterprise,Education,89.2,8.3,BERT|Azure|AutoGen|React|TensorFlow|Python|PyTorch,7,39000,68000,96700,High,Mid,2026,11,0,1,1,16.52
14260,Data Analyst,Software Engineering,9.8,PhD,Tokyo,China,On-site,Big Tech (FAANG+),Tech,96.7,6.8,AutoGen|AWS,2,63500,137800,54900,Low,Mid,2026,5,0,0,1,23.44
14261,Product Manager,Software Engineering,9.6,PhD,Beijing,Vietnam,Hybrid,Enterprise,Finance,51,3.8,Python|Java|FastAPI|SQL|AWS|TensorFlow|C++|BERT|Docker,9,56700,72600,106300,Medium,Mid,2026,6,0,1,1,28.86
14262,Data Analyst,IT Operations,3.1,Master's,San Francisco,China,Fully Remote,Enterprise,Automotive,96.5,3.5,BERT|Airflow|TensorFlow|Java,4,53400,150500,66300,Medium,Mid,2026,11,1,1,1,8.3
14263,DevOps Engineer,AI Engineering,0.5,Bachelor's,Ho Chi Minh City,China,On-site,Enterprise,Education,81.4,5.5,,0,44200,155400,64900,High,Senior,2026,7,1,0,0,39.89
14264,Data Scientist,Data Science,6.5,Associate's,San Francisco,UK,Hybrid,Enterprise,Education,91.4,2.9,Java|PyTorch|AutoGen|React|Azure|Python|FastAPI,7,48500,,98900,Top,Senior,2026,9,1,1,0,5.63
14265,Data Analyst,Software Engineering,8.5,Bachelor's,Beijing,Singapore,On-site,Big Tech (FAANG+),Finance,77,8.9,Docker|BERT|AutoGen|SQL|React,5,60800,74800,91400,Medium,Lead,2026,11,1,0,0,20.22
14266,Data Scientist,Data Science,13.1,Associate's,Tokyo,Germany,Fully Remote,Enterprise,Automotive,76.5,8.1,Java|FastAPI|PyTorch|Docker|AWS|TensorFlow|Python|AutoGen,8,,116900,68800,Low,Lead,2026,7,1,1,0,8.26
14267,Data Analyst,Product Management,13.9,PhD,London,Vietnam,Fully Remote,Startup,Healthcare,94.9,3.8,Azure|Docker|FastAPI,3,56000,70800,114400,Medium,Senior,2026,1,1,0,0,15.2
14268,Data Analyst,Software Engineering,7.9,Bachelor's,New York,UK,On-site,Enterprise,Education,75.4,1.4,Airflow|C++|SQL|FastAPI|BERT|AWS|CUDA|PyTorch,8,28300,54400,55400,High,Lead,2026,11,1,1,0,22.91
14269,Data Scientist,Software Engineering,11.3,Bachelor's,San Francisco,Japan,On-site,Enterprise,Automotive,73.6,1.5,Java|Azure,2,41400,79500,110600,Low,Senior,2026,9,0,0,1,37.44
14270,Software Engineer,Product Management,6.6,PhD,Berlin,China,Fully Remote,Mid-size,E-commerce,80.4,3.7,Python|SQL|C++|CUDA|BERT,5,58700,97900,56200,Medium,Junior,2026,6,0,0,1,31.35
14271,Data Analyst,IT Operations,11.2,Bachelor's,Tokyo,Japan,Fully Remote,Mid-size,Education,75.9,2.3,Python|FastAPI|BERT|CUDA|Airflow|C++|TensorFlow|Java|PyTorch|Azure,10,36700,,84200,High,Senior,2026,2,1,0,0,18.04
14272,Machine Learning Engineer,Software Engineering,3.1,Associate's,Beijing,Germany,Fully Remote,Mid-size,Tech,72.3,8.9,React|PyTorch|CUDA|Azure|SQL|FastAPI|Java|Airflow|TensorFlow|BERT,10,37700,89500,66100,High,Lead,2026,10,1,0,0,29.55
14273,Product Manager,Data Science,5.6,Bachelor's,San Francisco,UK,Hybrid,Enterprise,Finance,59,4.8,AutoGen|Azure|CUDA|AWS|Airflow|FastAPI|SQL|PyTorch,8,64000,77700,94900,Top,Junior,2026,9,1,1,0,14.82
14274,DevOps Engineer,AI Engineering,9.5,Associate's,New York,Singapore,On-site,Startup,Automotive,69.9,4.1,CUDA|AutoGen|Airflow|AWS|PyTorch|C++|Python,7,65800,100600,24100,High,Lead,2026,1,1,1,1,41.92
14275,Software Engineer,Data Science,0.3,Master's,Tokyo,UK,Fully Remote,Startup,Finance,64.1,3,SQL|FastAPI|CUDA|BERT|C++|Docker|TensorFlow|React,8,30800,90900,48900,High,Senior,2026,5,0,1,0,24.16
14276,Data Scientist,IT Operations,10.8,Bachelor's,London,Vietnam,On-site,Mid-size,Tech,70,8.6,PyTorch|Docker|C++|AWS|AutoGen|BERT,6,22900,39300,89400,Top,Lead,2026,9,1,1,0,35.84
14277,Software Engineer,AI Engineering,12.5,Associate's,Singapore,Singapore,Hybrid,Mid-size,Healthcare,79.7,8.1,Airflow|PyTorch|TensorFlow|CUDA|FastAPI,5,25800,98500,97100,Top,Senior,2026,12,0,1,1,15.6
14278,AI Agent Developer,Data Science,6,PhD,London,China,Hybrid,Enterprise,Tech,80.4,4.5,React|PyTorch|CUDA|FastAPI|AutoGen|BERT|Airflow|C++|Java,9,63400,68100,59100,Top,Lead,2026,1,1,0,1,33.87
14279,AI Agent Developer,Data Science,6.7,Master's,London,Vietnam,Fully Remote,Startup,Healthcare,61.9,2.5,BERT|C++|AWS|AutoGen|Java|PyTorch,6,33100,63800,101900,Top,Lead,2026,2,1,0,0,46.34
14280,Data Analyst,Product Management,12.8,Bachelor's,London,UK,On-site,Startup,Finance,54.2,9.6,AWS|React|FastAPI|Python|Java,5,39300,63500,57600,High,Senior,2026,11,0,1,0,5.39
14281,Data Analyst,IT Operations,11.6,Associate's,Tokyo,Singapore,Hybrid,Mid-size,Healthcare,87.2,3.8,Airflow|AutoGen|React|Azure|Java,5,25300,107000,88000,Low,Junior,2026,7,0,1,1,29.53
14282,Machine Learning Engineer,Product Management,4.3,Bachelor's,Singapore,UK,On-site,Startup,Education,76.4,7.9,CUDA|Airflow|FastAPI|Azure|C++|Docker|TensorFlow|AWS|Java,9,50300,116000,71500,High,Senior,2026,10,0,0,1,25.05
14283,Product Manager,AI Engineering,4.9,Associate's,Berlin,Vietnam,On-site,Mid-size,Healthcare,72.1,5.2,,0,45300,105100,37400,High,Senior,2026,12,0,0,0,27.05
14284,DevOps Engineer,Product Management,10.2,Bachelor's,Berlin,UK,Fully Remote,Mid-size,Healthcare,56.5,8,Airflow|Python|BERT|React,4,58900,129100,119100,Medium,Senior,2026,11,0,1,0,9.73
14285,Software Engineer,IT Operations,8.4,Master's,Beijing,Singapore,Hybrid,Big Tech (FAANG+),Education,70.7,5.3,FastAPI|SQL|CUDA|Airflow,4,56900,100000,61000,Low,Mid,2026,2,0,1,0,1.35
14286,AI Agent Developer,Software Engineering,2.4,Master's,Tokyo,USA,Hybrid,Big Tech (FAANG+),Healthcare,90.9,9.3,Java|Airflow|FastAPI|Python|React|Azure,6,11100,105200,56600,High,Mid,2026,9,1,1,0,3.56
14287,Data Analyst,Software Engineering,4.6,Bachelor's,San Francisco,Germany,Hybrid,Enterprise,Education,79.1,8.2,,0,57100,65800,65500,Medium,Lead,2026,9,0,0,0,14.21
14288,DevOps Engineer,AI Engineering,13.5,Bachelor's,San Francisco,China,On-site,Mid-size,Education,54.5,3.3,Java|AWS|Azure|BERT|SQL,5,48300,119800,64300,Low,Mid,2026,11,0,0,1,42.72
14289,Software Engineer,Software Engineering,10.3,High School,Singapore,Germany,Hybrid,Enterprise,Healthcare,66.6,4.9,React|CUDA|SQL|AWS|Python|Docker|PyTorch|FastAPI|Java|AutoGen,10,74600,94200,80100,Low,Junior,2026,12,1,0,0,40.34
14290,Data Analyst,Product Management,14.8,Bachelor's,San Francisco,China,Hybrid,Big Tech (FAANG+),Education,99,1.9,FastAPI|BERT|AWS,3,33500,125000,63100,High,Senior,2026,10,1,0,0,49.77
14291,Data Analyst,AI Engineering,11.5,Bachelor's,Singapore,Singapore,On-site,Startup,Automotive,77.2,9.1,Python|BERT|FastAPI|Airflow|TensorFlow|C++|Java,7,61000,96100,61900,Low,Junior,2026,8,1,1,0,37.03
14292,AI Agent Developer,IT Operations,14.1,Master's,London,UK,Hybrid,Big Tech (FAANG+),Healthcare,64.3,1.6,React|PyTorch|CUDA|Java|Docker|BERT,6,51800,100100,87100,Medium,Senior,2026,2,0,1,0,17.56
14293,AI Agent Developer,AI Engineering,3.2,Bachelor's,San Francisco,Singapore,Hybrid,Big Tech (FAANG+),Healthcare,95.7,1.2,Python,1,32900,68400,75200,Low,Junior,2026,12,0,1,1,45.91
14294,Data Analyst,AI Engineering,11.6,PhD,Berlin,Vietnam,On-site,Big Tech (FAANG+),Tech,66.8,5.5,Python|BERT|SQL|Airflow,4,71300,93600,hamo7brk1u6z32e,High,,2026,10,1,1,1,39.53
14295,Data Scientist,Data Science,0.3,Bachelor's,Tokyo,Vietnam,Hybrid,Startup,Tech,86.5,6.4,TensorFlow|SQL|React|FastAPI|Airflow|AutoGen|CUDA|PyTorch|AWS|C++,10,58000,181300,67800,Top,,2026,3,0,0,0,34.95
14296,Data Analyst,Data Science,10.1,High School,New York,UK,Fully Remote,Big Tech (FAANG+),Tech,57.4,3,AutoGen|SQL|React|Airflow|Azure,5,43100,25900,82500,High,Mid,2026,3,1,1,1,26.81
14297,DevOps Engineer,AI Engineering,7,Associate's,Berlin,China,On-site,Mid-size,Healthcare,57.8,6.1,PyTorch|FastAPI|Python|AutoGen|C++|TensorFlow,6,,81800,37000,Top,Mid,2026,8,0,1,1,35.85
14298,Data Analyst,Software Engineering,5.2,Master's,San Francisco,UK,Hybrid,Mid-size,Tech,78.1,9.1,Docker,1,73100,,102300,Medium,Senior,2026,8,1,0,1,47.94
14299,Machine Learning Engineer,Data Science,12.9,PhD,Berlin,China,Fully Remote,Big Tech (FAANG+),Automotive,62,6.6,AutoGen|Airflow|Azure|AWS|Python,5,67200,71400,64700,Low,Junior,2026,6,0,1,1,43.11
14300,Product Manager,IT Operations,12.8,Associate's,Singapore,UK,On-site,Enterprise,Finance,52.5,5.1,Docker|BERT|FastAPI|CUDA|PyTorch|C++|Python|AWS,8,50200,104400,69500,Medium,Lead,2026,7,0,0,1,9.72
14301,Machine Learning Engineer,Product Management,0.3,PhD,Beijing,UK,Hybrid,Enterprise,Tech,96.3,2.3,FastAPI|CUDA,2,49700,96000,88700,Low,Mid,2026,1,0,1,1,4.88
14302,Machine Learning Engineer,Data Science,9.1,Master's,Berlin,UK,On-site,Startup,Education,52.8,2.5,Java|AutoGen|Azure|Airflow|FastAPI|SQL|TensorFlow|C++|CUDA,9,27600,134000,81100,Low,Mid,2026,8,1,1,0,0.83
14303,Data Scientist,AI Engineering,5.5,High School,New York,Vietnam,Fully Remote,Startup,Tech,85.9,5.4,Java|FastAPI|React|BERT|AWS|Python|CUDA,7,77400,90200,90900,Low,Senior,2026,7,0,0,0,35.64
14304,Data Scientist,Software Engineering,6.2,Master's,London,China,On-site,Mid-size,Automotive,66.6,5.2,AutoGen|CUDA|Airflow|Java,4,27700,34100,109200,Top,Senior,2026,5,1,0,0,13.95
14305,Data Analyst,Product Management,12.5,PhD,Ho Chi Minh City,Japan,Hybrid,Mid-size,Education,96.7,5.7,CUDA|Java|Python|BERT|AutoGen|Docker|PyTorch|React|SQL,9,68100,167600,68900,Low,Junior,2026,5,0,0,1,35.91
14306,Machine Learning Engineer,Data Science,4.6,PhD,Beijing,UK,Fully Remote,Big Tech (FAANG+),Education,99.3,5.6,AWS|TensorFlow|Docker|Azure,4,90400,94900,74000,Top,Mid,2026,2,1,0,0,9.21
14307,Data Scientist,Software Engineering,14.1,Master's,New York,Germany,On-site,Enterprise,Education,66.8,4.1,CUDA|AutoGen|Python|Azure|SQL|AWS|C++,7,,106300,142200,High,Lead,2026,12,0,1,0,21.84
14308,AI Agent Developer,Software Engineering,2.7,Bachelor's,Beijing,Germany,Hybrid,Mid-size,Education,79.6,7.3,,0,40100,81800,63100,Top,Mid,2026,1,0,0,1,0.68
14309,Data Analyst,Software Engineering,9.9,Master's,San Francisco,Singapore,Hybrid,Enterprise,E-commerce,88.6,2.9,Docker|FastAPI,2,34200,106600,58200,High,Junior,2026,9,1,1,1,5.43
14310,DevOps Engineer,AI Engineering,10.1,High School,Tokyo,Singapore,Fully Remote,Startup,E-commerce,56.2,8.7,React|AutoGen|CUDA|C++|Java,5,74800,,p2xcy8lotj3e9y0,Top,Lead,2026,10,1,1,1,4.07
14311,Product Manager,IT Operations,3.8,Master's,San Francisco,Vietnam,Fully Remote,Startup,Education,85.5,2.7,Python|FastAPI|PyTorch|Airflow|CUDA|AutoGen|Azure,7,52600,94200,lic96wdeqvo5mri,Medium,Senior,2026,3,1,1,1,39.53
14312,Software Engineer,Software Engineering,4.9,Associate's,London,USA,On-site,Big Tech (FAANG+),Education,95.3,4.7,Azure|SQL|Docker,3,20400,68800,96100,Low,Senior,2026,12,1,0,1,45.22
14313,Data Analyst,Product Management,12.5,Bachelor's,Berlin,Japan,Hybrid,Big Tech (FAANG+),Education,58.9,2.9,FastAPI|Python|Airflow|AutoGen|Java|Azure|Docker|React|PyTorch|C++,10,,47800,58500,Medium,Senior,2026,11,0,1,1,8.73
14314,Software Engineer,Data Science,11.4,Associate's,San Francisco,Vietnam,Fully Remote,Mid-size,Automotive,91.9,6.6,C++|TensorFlow|BERT|Java|FastAPI|Docker|Airflow,7,63300,147000,71500,Medium,Junior,2026,5,0,0,0,26.23
14315,Machine Learning Engineer,Product Management,4.9,Master's,Tokyo,USA,Hybrid,Enterprise,Tech,55.8,5.3,BERT|React|Docker|TensorFlow|Python|C++|PyTorch|AWS|SQL,9,35300,82400,74900,Top,Senior,2026,11,0,0,0,7.51
14316,Product Manager,AI Engineering,8,Bachelor's,Berlin,Vietnam,On-site,Mid-size,Finance,78.4,4.4,Docker|C++|TensorFlow|Azure|Python|FastAPI|AWS,7,14700,,67600,Top,,2026,8,1,1,1,38.96
14317,Software Engineer,AI Engineering,0.9,Associate's,San Francisco,Singapore,Fully Remote,Mid-size,Education,67,5.3,FastAPI|Python|SQL|Airflow|Docker|Azure|React|AWS|AutoGen,9,61200,127700,79100,High,Senior,2026,12,1,1,0,41.04
14318,Machine Learning Engineer,Product Management,3.1,Associate's,Singapore,Germany,On-site,Enterprise,Tech,73.6,4.8,Docker|Python|Airflow|FastAPI|TensorFlow|BERT,6,57400,91000,67200,Medium,Junior,2026,7,1,1,1,39.26
14319,AI Agent Developer,IT Operations,7.3,Bachelor's,New York,UK,On-site,Mid-size,Automotive,65,8.7,React|Java|SQL|CUDA|AutoGen|TensorFlow|FastAPI|Azure|BERT|PyTorch,10,34800,96900,113100,Medium,Mid,2026,7,1,1,1,12.57
14320,Software Engineer,AI Engineering,1.3,Bachelor's,London,China,Fully Remote,Big Tech (FAANG+),Automotive,63,2.1,CUDA|Azure|FastAPI|Airflow|AutoGen|Java|Docker|PyTorch,8,43000,100500,50200,Top,Mid,2026,10,0,1,1,16.88
14321,Product Manager,AI Engineering,12.6,PhD,Ho Chi Minh City,Singapore,On-site,Enterprise,Education,87.2,8.1,,0,43400,132200,118700,Medium,Lead,2026,10,0,1,0,10.43
14322,Data Analyst,Product Management,10.8,Bachelor's,Ho Chi Minh City,UK,Hybrid,Enterprise,Healthcare,61.2,6.9,SQL|AWS|AutoGen|TensorFlow|PyTorch|Python|Airflow,7,46100,67400,43800,Low,Junior,2026,12,1,0,0,0.17
14323,Machine Learning Engineer,AI Engineering,14.2,Master's,Berlin,Germany,Fully Remote,Mid-size,Automotive,70.4,4.1,Java|AWS|FastAPI|React|TensorFlow|AutoGen,6,77300,91900,124500,Low,Senior,2026,10,1,1,1,3.23
14324,Data Analyst,IT Operations,10.4,High School,Tokyo,China,Hybrid,Enterprise,Healthcare,63.7,9.3,FastAPI|SQL|CUDA|TensorFlow|AWS|PyTorch|AutoGen|Airflow|C++,9,64800,111700,98200,Top,Senior,2026,11,0,0,1,49.32
14325,Product Manager,IT Operations,14.1,PhD,Singapore,USA,On-site,Big Tech (FAANG+),Automotive,61.9,2.6,PyTorch,1,61700,112500,57600,Medium,Mid,2026,4,0,1,0,45.66
14326,Data Scientist,IT Operations,8.3,Bachelor's,London,USA,Fully Remote,Big Tech (FAANG+),Healthcare,81.4,3.8,Airflow|TensorFlow|AWS|PyTorch|Docker|Python|AutoGen|Azure|SQL|React,10,48200,124900,74900,Medium,,2026,10,1,1,1,3.97
14327,Machine Learning Engineer,Data Science,9,High School,London,Germany,Hybrid,Startup,Healthcare,52.3,4.4,CUDA|FastAPI|Python,3,,46800,92700,Low,Mid,2026,4,1,0,1,23.06
14328,Software Engineer,IT Operations,14.7,PhD,New York,China,Hybrid,Startup,Education,89.4,6.8,BERT|Java|FastAPI|SQL,4,78800,86900,92900,Top,,2026,10,1,1,1,48.73
14329,Machine Learning Engineer,IT Operations,9.6,Master's,Tokyo,UK,Hybrid,Startup,Education,77.3,9.5,SQL|BERT|Python|Docker|Airflow|Azure|C++,7,49700,116300,72000,Low,Senior,2026,6,0,0,1,2.72
14330,Data Analyst,Data Science,0.5,High School,Ho Chi Minh City,Germany,Hybrid,Startup,Tech,91.4,6.3,,0,30900,48000,49700,Medium,Mid,2026,10,1,0,1,33.44
14331,AI Agent Developer,Software Engineering,10.9,Bachelor's,New York,USA,Hybrid,Mid-size,Healthcare,60.7,8.7,FastAPI|Python|CUDA|PyTorch|Azure|SQL|C++|Java,8,110300,170300,101300,Top,Mid,2026,4,0,1,0,5.32
14332,Machine Learning Engineer,AI Engineering,13.6,Bachelor's,San Francisco,Germany,On-site,Startup,E-commerce,85.5,9.1,React,1,,38100,82000,Medium,Junior,2026,7,0,1,1,17.4
14333,Software Engineer,IT Operations,11.9,Master's,Beijing,UK,On-site,Startup,Automotive,71,5.2,Java|AWS|React|AutoGen,4,27200,54600,110100,Top,Senior,2026,2,1,1,1,2.35
14334,Data Scientist,AI Engineering,8.8,PhD,London,Vietnam,On-site,Startup,Education,53.8,5.3,AWS|C++|TensorFlow|React,4,67600,71400,72300,Low,,2026,7,1,0,0,29.92
14335,DevOps Engineer,Product Management,10.1,High School,Ho Chi Minh City,Japan,On-site,Startup,Finance,87.6,3.2,Docker|SQL|Airflow|C++|AutoGen|AWS,6,69300,66900,80000,Low,Senior,2026,3,1,0,0,35.12
14336,AI Agent Developer,AI Engineering,14.9,Master's,New York,Japan,On-site,Mid-size,Automotive,88.1,6.4,Python|SQL|Java|Azure|FastAPI|BERT|PyTorch|TensorFlow|Airflow|AutoGen,10,42000,120100,110500,Top,Senior,2026,8,1,0,0,2.07
14337,Data Scientist,Data Science,1.4,PhD,Berlin,Singapore,On-site,Startup,Tech,63.5,2.1,FastAPI|Azure|AWS|React|BERT|Java|SQL|Docker|Airflow,9,32100,103400,bnht74tp1kyyusu,Top,Senior,2026,5,0,1,1,25.21
14338,Machine Learning Engineer,AI Engineering,10,Associate's,Beijing,Japan,On-site,Enterprise,Tech,95.8,6.7,React|AutoGen,2,44800,64400,42500,Low,Senior,2026,9,1,1,1,14.95
14339,Data Analyst,AI Engineering,4.3,Associate's,New York,Vietnam,Hybrid,Big Tech (FAANG+),Healthcare,88.2,9,TensorFlow|Airflow|Azure|CUDA|FastAPI|Docker,6,63600,183000,38900,Low,Lead,2026,4,0,1,1,35.46
14340,Product Manager,AI Engineering,9.6,PhD,Berlin,UK,On-site,Enterprise,Tech,65.3,7.8,TensorFlow|React|FastAPI|Python|AWS|Airflow|Docker,7,65900,130000,31900,Medium,Lead,2026,12,0,0,1,25.51
14341,Data Analyst,Software Engineering,9.1,Bachelor's,Ho Chi Minh City,Singapore,Hybrid,Mid-size,Education,62,6.8,Python|Docker|FastAPI|Airflow|AutoGen|Azure|BERT|React,8,37800,110400,53100,Top,Mid,2026,5,0,1,0,0.84
14342,Software Engineer,Software Engineering,2.3,Bachelor's,Ho Chi Minh City,China,Fully Remote,Mid-size,Tech,72,8.5,BERT|PyTorch|CUDA|Docker|Python|TensorFlow|Airflow|Azure|React,9,78200,128800,64400,Top,Junior,2026,11,0,0,1,13.27
14343,Data Analyst,Product Management,3.1,Associate's,Beijing,Germany,On-site,Mid-size,Automotive,64.6,7.6,BERT|TensorFlow|Airflow|AWS|CUDA|Azure|AutoGen,7,19500,116000,97300,Top,Junior,2026,1,0,1,1,24.37
14344,AI Agent Developer,Data Science,9.3,Bachelor's,Berlin,UK,Hybrid,Big Tech (FAANG+),E-commerce,60.9,5.8,Azure|React|Docker|FastAPI|SQL|PyTorch|AWS|C++,8,,107800,100400,Low,Mid,2026,3,0,0,0,4.82
14345,Data Analyst,AI Engineering,1.9,Bachelor's,London,Vietnam,Fully Remote,Startup,E-commerce,70,5.7,C++|Docker|Java|AutoGen|Python|React|TensorFlow|Azure,8,47600,,22600,Low,Junior,2026,4,1,1,1,44.28
14346,Software Engineer,AI Engineering,4,PhD,Singapore,Singapore,Fully Remote,Mid-size,Healthcare,51.3,2,FastAPI|React|Java|Azure|Airflow|AutoGen|AWS,7,43800,98400,90500,Low,Lead,2026,9,1,0,0,44.83
14347,DevOps Engineer,AI Engineering,12.5,PhD,Singapore,USA,Hybrid,Startup,Tech,70.1,4.9,PyTorch|Java|SQL|BERT|React|AutoGen,6,39700,126800,65800,High,Junior,2026,8,1,1,0,5.63
14348,Machine Learning Engineer,AI Engineering,4.9,Bachelor's,Ho Chi Minh City,Japan,Hybrid,Mid-size,Tech,61.1,5.7,Azure|AutoGen|BERT|AWS,4,75400,103200,83700,High,Senior,2026,2,0,0,0,44.17
14349,Product Manager,Software Engineering,7.3,PhD,Tokyo,Japan,Hybrid,Big Tech (FAANG+),E-commerce,63.2,5.2,AWS|FastAPI|C++|SQL|BERT|TensorFlow,6,47200,88900,123200,Low,,2026,6,1,1,0,28.63
14350,Machine Learning Engineer,Product Management,14.1,High School,London,UK,On-site,Enterprise,Healthcare,54.1,8,React|CUDA|Airflow|Docker|Azure|BERT|Python,7,,165300,54500,Top,Senior,2026,4,0,0,0,43.28
14351,Data Analyst,IT Operations,3.4,Associate's,London,Japan,Fully Remote,Enterprise,Tech,79.4,2.4,Java|BERT|CUDA|AutoGen|AWS|C++|Python|TensorFlow,8,56600,103300,87400,Top,Senior,2026,11,0,0,0,31.39
14352,Data Scientist,Data Science,5.8,High School,Singapore,Japan,On-site,Big Tech (FAANG+),Healthcare,73.6,8.2,BERT|Java|Python|AWS|CUDA|TensorFlow|Docker|Airflow,8,57300,90100,101600,Top,Mid,2026,5,1,0,1,45.85
14353,Machine Learning Engineer,AI Engineering,9.1,High School,New York,UK,On-site,Startup,Education,87.5,7.7,PyTorch|AutoGen|AWS,3,46600,65700,77100,Medium,Mid,2026,10,1,0,1,22.99
14354,DevOps Engineer,Product Management,11.3,Bachelor's,San Francisco,UK,On-site,Mid-size,Automotive,99.4,9.1,CUDA|Python,2,13900,60100,59500,Low,Lead,2026,9,1,1,1,49.91
14355,Data Analyst,IT Operations,13.5,Bachelor's,New York,Singapore,Fully Remote,Enterprise,Education,56,4.4,PyTorch|AWS|Azure|BERT|Java,5,68000,101700,59100,Top,Lead,2026,4,1,0,0,42.88
14356,Product Manager,Product Management,13.7,High School,Ho Chi Minh City,Vietnam,Fully Remote,Big Tech (FAANG+),Tech,63.6,2.6,Java|Airflow|PyTorch|Python|BERT|FastAPI|Azure,7,48300,85500,63000,Top,Lead,2026,5,1,0,1,31.47
14357,Software Engineer,Software Engineering,11.6,High School,London,Vietnam,Fully Remote,Startup,Tech,84.1,7.8,BERT|Airflow|Java|AutoGen|Python|React|FastAPI|CUDA,8,40700,70400,80900,Low,Mid,2026,7,0,1,1,19.6
14358,DevOps Engineer,IT Operations,3.4,Master's,New York,Japan,Hybrid,Enterprise,Tech,61.9,6.3,Azure|React|Airflow|AutoGen,4,40700,151700,57900,Low,Junior,2026,11,0,1,0,30.79
14359,Data Analyst,Product Management,0.4,Master's,Berlin,Singapore,On-site,Big Tech (FAANG+),E-commerce,51.5,7.4,PyTorch|Java|Airflow|Python|SQL|TensorFlow,6,56100,141700,89800,Low,Senior,2026,7,0,1,1,36.45
14360,DevOps Engineer,Software Engineering,5.8,Associate's,Berlin,UK,Hybrid,Mid-size,E-commerce,55.5,10,AWS|FastAPI|Azure,3,40000,60200,85500,High,Junior,2026,6,0,1,0,17.13
14361,Machine Learning Engineer,Product Management,2.1,High School,San Francisco,UK,Hybrid,Big Tech (FAANG+),Tech,71.7,2.8,Docker|AWS|Python|Java|CUDA|SQL|React|FastAPI,8,45600,86300,32000,Low,Senior,2026,3,1,0,1,27.05
14362,Product Manager,Product Management,10.7,PhD,Berlin,Japan,On-site,Startup,Tech,71.5,4.7,AutoGen,1,63900,35100,103100,Low,Lead,2026,1,1,0,0,44.51
14363,Software Engineer,IT Operations,9.9,Master's,San Francisco,China,Fully Remote,Enterprise,Automotive,98.6,2.7,PyTorch|Azure|BERT|AutoGen|Airflow|Java|Python,7,54100,80300,130200,High,,2026,12,0,1,0,47.62
14364,Data Analyst,Software Engineering,0.7,Bachelor's,Berlin,USA,On-site,Mid-size,Automotive,73.3,8.7,BERT|Python|TensorFlow|FastAPI,4,32500,72800,63000,Low,Junior,2026,9,0,1,0,30.91
14365,AI Agent Developer,AI Engineering,12.5,High School,San Francisco,Germany,Hybrid,Startup,Healthcare,83.9,1.2,,0,,93600,97900,Top,Junior,2026,6,1,0,1,7.5
14366,Software Engineer,Data Science,3.7,PhD,San Francisco,Germany,Fully Remote,Big Tech (FAANG+),Healthcare,74.6,2.2,Java|Docker|CUDA|FastAPI,4,44000,64500,108700,Top,Lead,2026,3,1,1,0,38.36
14367,AI Agent Developer,IT Operations,6.5,PhD,San Francisco,Japan,Fully Remote,Enterprise,E-commerce,63.5,3.2,Docker|C++|Python|Java|Airflow|AWS|PyTorch,7,66800,29100,92900,Top,Lead,2026,1,0,1,1,12.38
14368,DevOps Engineer,Software Engineering,10,PhD,London,Singapore,Hybrid,Enterprise,Finance,55.3,7.9,AWS|C++|AutoGen|SQL|BERT|Java|CUDA|PyTorch|React|FastAPI,10,42300,,89000,Top,Junior,2026,12,1,1,0,3.25
14369,Data Scientist,Product Management,6.4,Bachelor's,Berlin,Germany,Fully Remote,Startup,Automotive,93,6.7,,0,53000,150400,32700,Top,Lead,2026,12,1,0,1,18.55
14370,Software Engineer,Software Engineering,6.6,Master's,London,Vietnam,Fully Remote,Mid-size,Healthcare,57.6,4.5,React|TensorFlow|C++|AWS,4,62000,74600,67900,Medium,Mid,2026,6,1,1,1,13.44
14371,DevOps Engineer,Data Science,1,PhD,Singapore,Singapore,On-site,Startup,Automotive,54.8,2.4,PyTorch|C++|CUDA|BERT|AutoGen|React|Airflow,7,32700,177600,71200,High,Lead,2026,3,0,0,1,25.74
14372,AI Agent Developer,Data Science,6,Master's,Ho Chi Minh City,Singapore,On-site,Enterprise,Automotive,60.7,3.9,Azure|Docker|React|AutoGen|CUDA|PyTorch|AWS,7,64300,,108400,Low,Junior,2026,1,1,0,1,0.12
14373,Machine Learning Engineer,AI Engineering,11.5,Associate's,San Francisco,Vietnam,Hybrid,Enterprise,Education,50.1,7.7,Java|SQL|CUDA|Python|TensorFlow|C++,6,84000,103200,43000,Top,Mid,2026,5,1,1,0,33.98
14374,Machine Learning Engineer,AI Engineering,13.7,Bachelor's,Ho Chi Minh City,China,Hybrid,Enterprise,Finance,53.6,4.4,SQL|AutoGen|Docker,3,59500,112900,123700,Top,Junior,2026,1,1,1,0,22.08
14375,Data Scientist,Data Science,6.2,Master's,Berlin,Japan,Hybrid,Mid-size,Automotive,81.8,5.2,TensorFlow|BERT|React|AWS|PyTorch|Python|Airflow,7,54100,58300,115900,Top,Mid,2026,3,1,1,1,12.97
14376,Software Engineer,IT Operations,6.4,Master's,Berlin,Vietnam,Fully Remote,Enterprise,Education,62.2,6.5,,0,,33800,50200,Medium,Lead,2026,3,0,0,1,13.56
14377,Software Engineer,IT Operations,10.5,PhD,Berlin,Japan,Hybrid,Enterprise,Finance,66.9,9.2,C++|Airflow|AutoGen|Java|PyTorch|SQL|AWS|Azure|CUDA,9,66600,143400,43800,Low,Lead,2026,6,0,1,0,2.12
14378,Software Engineer,Product Management,14.1,PhD,San Francisco,Japan,On-site,Startup,Education,91.8,3.3,React|BERT|SQL|TensorFlow|FastAPI,5,52800,143800,102000,Low,Junior,2026,4,1,1,0,11.13
14379,DevOps Engineer,AI Engineering,4,Bachelor's,Ho Chi Minh City,Singapore,Fully Remote,Enterprise,Education,88.6,5,AutoGen|FastAPI|TensorFlow,3,31200,155700,67800,Top,Mid,2026,8,1,0,0,5.93
14380,Product Manager,Product Management,6.6,Master's,New York,UK,Hybrid,Big Tech (FAANG+),Finance,74.6,3.8,BERT,1,,67300,68900,Medium,Junior,2026,3,0,0,0,21.83
14381,Product Manager,AI Engineering,11.9,High School,Ho Chi Minh City,USA,Fully Remote,Startup,Automotive,80.6,5.2,Azure|AWS|BERT|C++,4,42700,114800,99500,Medium,Senior,2026,8,0,1,1,24.71
14382,Data Scientist,Data Science,9.1,PhD,Berlin,USA,Fully Remote,Enterprise,Automotive,54.3,7.3,C++|SQL,2,,,45600,Top,,2026,12,1,0,1,41.18
14383,Software Engineer,IT Operations,1.7,PhD,New York,Japan,Fully Remote,Startup,Healthcare,88.1,5.3,TensorFlow|Azure|AutoGen|C++|AWS|SQL|BERT|Docker|FastAPI|CUDA,10,77700,96100,99200,Top,Junior,2026,7,1,1,0,28.29
14384,DevOps Engineer,IT Operations,9.4,Associate's,San Francisco,USA,Hybrid,Startup,Automotive,75.8,8.5,Azure|AWS|AutoGen|Java|Airflow|BERT,6,31300,84700,44100,Medium,Junior,2026,2,1,0,1,29.37
14385,Machine Learning Engineer,Data Science,2.8,Bachelor's,New York,USA,Fully Remote,Big Tech (FAANG+),Automotive,78.5,6,,0,49000,131000,42600,Low,Senior,2026,12,0,0,1,4.86
14386,AI Agent Developer,Product Management,7.7,Master's,Beijing,Germany,Fully Remote,Startup,Automotive,83.3,4.5,Docker|PyTorch|SQL|CUDA,4,,205200,021owg50gjf0jiq,Medium,Senior,2026,8,0,1,1,17.53
14387,DevOps Engineer,Product Management,7.9,Master's,Singapore,Singapore,Fully Remote,Startup,Healthcare,75,8,Azure|Airflow|Java|FastAPI|C++|React|TensorFlow|Python|Docker,9,61800,111100,92300,Medium,Mid,2026,1,0,1,0,39.83
14388,Product Manager,Software Engineering,13.1,Master's,London,Germany,On-site,Mid-size,Finance,76.1,4.9,Docker|Azure|AWS|BERT|TensorFlow|Python|React|C++|Airflow,9,69800,107100,20400,Low,Senior,2026,9,0,1,1,29.21
14389,Product Manager,AI Engineering,6.9,PhD,Singapore,UK,Hybrid,Enterprise,Healthcare,75,5.6,Azure|CUDA|Docker|FastAPI|TensorFlow,5,23800,73800,97100,Low,Mid,2026,7,0,1,1,18.77
14390,Machine Learning Engineer,Product Management,4.2,Bachelor's,Berlin,China,On-site,Mid-size,Automotive,74.8,10,React|Airflow,2,63200,126900,123200,Low,Junior,2026,6,0,0,1,21.55
14391,Machine Learning Engineer,Data Science,3.5,Master's,London,Singapore,Fully Remote,Enterprise,Tech,87.5,8.1,AWS|FastAPI|Docker|PyTorch|Airflow|Python|CUDA|C++|Azure,9,26100,1700,77800,Low,Senior,2026,8,1,0,1,5.79
14392,AI Agent Developer,Product Management,13.1,High School,Beijing,Vietnam,Fully Remote,Startup,Automotive,71.4,8.7,React|Docker|Airflow|CUDA|SQL|FastAPI,6,,86700,107100,High,Mid,2026,9,0,1,0,1.31
14393,Machine Learning Engineer,IT Operations,2.6,Associate's,London,Vietnam,On-site,Enterprise,Healthcare,50.1,6.3,AutoGen,1,103000,114600,69500,Low,Junior,2026,8,1,1,1,7.21
14394,Data Scientist,AI Engineering,6.4,Associate's,Berlin,Germany,Fully Remote,Startup,Education,80.6,4.1,SQL|Azure|TensorFlow|Java|AWS|C++|BERT|AutoGen|Python|CUDA,10,55600,109800,102100,Medium,Mid,2026,6,0,1,0,14.84
14395,AI Agent Developer,Software Engineering,2.8,Master's,Beijing,Japan,On-site,Enterprise,Education,97.6,9.9,Airflow|PyTorch|AutoGen|Azure|TensorFlow|React|FastAPI,7,68000,96200,9000,Medium,Junior,2026,4,1,0,1,14.16
14396,Machine Learning Engineer,AI Engineering,11.6,PhD,London,USA,Fully Remote,Startup,Healthcare,62.8,3.2,SQL|Java|C++|TensorFlow|Airflow|React,6,56300,26300,59500,Low,Mid,2026,9,0,0,1,35.16
14397,Data Analyst,IT Operations,7.1,Associate's,San Francisco,UK,Fully Remote,Enterprise,E-commerce,90.8,8.9,AutoGen|BERT|Java,3,,159900,146100,Medium,Lead,2026,8,1,1,1,8.02
14398,DevOps Engineer,IT Operations,5.3,Associate's,Ho Chi Minh City,China,Fully Remote,Enterprise,Education,72.8,9.2,,0,37700,109200,112600,Medium,Junior,2026,8,1,0,1,37.96
14399,Machine Learning Engineer,IT Operations,5.4,Associate's,New York,Germany,Fully Remote,Enterprise,Tech,82.1,8.4,Airflow|CUDA|TensorFlow,3,79600,99100,67300,High,Junior,2026,3,1,1,1,35.45
14400,Data Scientist,IT Operations,12.8,Associate's,Singapore,Japan,Hybrid,Startup,Healthcare,94.5,2,C++|AWS,2,88400,150400,74500,High,Mid,2026,10,0,1,1,7.57
14401,Software Engineer,Data Science,8.3,Master's,Beijing,UK,Hybrid,Enterprise,Education,88.6,8.7,Python|AutoGen|Airflow|AWS|CUDA|SQL|Azure|FastAPI|PyTorch|C++,10,51100,148400,47100,Top,Junior,2026,9,0,0,1,33.03
14402,Machine Learning Engineer,Software Engineering,10.8,Bachelor's,Ho Chi Minh City,Japan,Hybrid,Startup,Education,94.2,7,AutoGen|TensorFlow|PyTorch,3,74200,91400,75400,Top,Mid,2026,7,0,0,1,16.39
14403,Product Manager,IT Operations,13.5,Bachelor's,Berlin,UK,On-site,Mid-size,Finance,50.5,7.1,C++,1,67500,89600,32000,Low,Junior,2026,1,0,1,0,5.32
14404,Product Manager,IT Operations,13.5,PhD,New York,Germany,On-site,Enterprise,Automotive,59.4,8.1,AutoGen|PyTorch|SQL|TensorFlow|Airflow|C++|CUDA|Java|Python|React,10,46200,118900,88500,High,Senior,2026,2,1,1,1,31.15
14405,Product Manager,Product Management,4.9,High School,Singapore,UK,On-site,Big Tech (FAANG+),Education,71.2,5.4,,0,,149400,61100,Top,Senior,2026,11,0,1,0,39.65
14406,Software Engineer,Software Engineering,14.3,Bachelor's,Beijing,Singapore,On-site,Big Tech (FAANG+),Education,92.4,3.4,React|Airflow|AWS|PyTorch|Azure|BERT|FastAPI|Python|Java|CUDA,10,41300,139400,92500,Medium,Mid,2026,2,0,0,0,48.12
14407,Product Manager,AI Engineering,0.4,High School,New York,USA,Hybrid,Startup,Finance,91.9,6.2,Azure|SQL|AutoGen|C++,4,90900,61400,60800,Top,Lead,2026,1,1,1,1,27.51
14408,Data Analyst,Software Engineering,5.7,Bachelor's,Tokyo,UK,On-site,Big Tech (FAANG+),Healthcare,59.3,2,AWS|React|Azure|AutoGen|TensorFlow|Python|BERT,7,66200,56500,59200,Low,Senior,2026,1,0,1,0,28.32
14409,Machine Learning Engineer,Software Engineering,13.4,Bachelor's,San Francisco,China,On-site,Startup,Healthcare,57.1,7.1,SQL|BERT|C++|AutoGen|Azure|TensorFlow|Java,7,50600,65500,97900,Top,,2026,4,0,0,1,23.16
14410,Product Manager,Software Engineering,4.1,PhD,Tokyo,UK,On-site,Startup,Finance,91.7,5.3,React|PyTorch|BERT|Python|Docker,5,40300,121900,64100,Low,Junior,2026,7,1,1,0,15.43
14411,AI Agent Developer,IT Operations,4.1,Associate's,Beijing,Singapore,Fully Remote,Big Tech (FAANG+),Finance,77.1,5.5,AutoGen,1,60300,84600,65700,Top,Lead,2026,6,0,0,0,7.16
14412,Software Engineer,IT Operations,4.5,PhD,Beijing,Vietnam,On-site,Big Tech (FAANG+),E-commerce,81.3,2.7,CUDA|PyTorch|Azure|BERT|AutoGen|Airflow|C++|React|Docker,9,24000,119900,112900,Top,Lead,2026,12,1,1,0,15.01
14413,Data Analyst,Data Science,9.2,Bachelor's,London,Singapore,Fully Remote,Mid-size,Automotive,90.5,1.4,SQL|TensorFlow|Azure|BERT|PyTorch|Python|FastAPI|C++,8,34900,48100,112300,Medium,Lead,2026,7,1,1,1,16.7
14414,AI Agent Developer,AI Engineering,6.6,Associate's,New York,UK,On-site,Startup,Finance,60.6,6.5,TensorFlow|Azure|C++|CUDA|AWS|React|AutoGen|Java,8,46000,66900,96400,Medium,Lead,2026,12,1,1,1,36.81
14415,AI Agent Developer,Product Management,10.9,Associate's,Tokyo,Japan,On-site,Big Tech (FAANG+),Automotive,56.8,6.9,C++|TensorFlow|PyTorch|Python|AWS|BERT|Docker,7,,119600,75700,Medium,Lead,2026,8,1,1,0,6.44
14416,AI Agent Developer,Software Engineering,13.4,Associate's,Singapore,Germany,Fully Remote,Mid-size,Education,93,5.5,AutoGen|C++|React|Azure|SQL|FastAPI|Airflow,7,45800,38100,137200,Medium,Lead,2026,8,0,0,0,9.34
14417,AI Agent Developer,AI Engineering,10.1,High School,Tokyo,Vietnam,On-site,Mid-size,Tech,55.6,7.9,CUDA|BERT|AWS|TensorFlow|Docker|C++|Azure,7,63600,171200,109700,High,Senior,2026,12,0,0,1,48.61
14418,Machine Learning Engineer,AI Engineering,3.1,Bachelor's,New York,Germany,Fully Remote,Startup,Healthcare,54.4,6.1,Java|C++|AutoGen|BERT|Docker|PyTorch|CUDA|FastAPI|TensorFlow|React,10,88800,144400,58900,Top,Mid,2026,12,0,0,0,3.54
14419,Product Manager,Data Science,14,Master's,Tokyo,Japan,On-site,Enterprise,Finance,63.9,8.6,Azure|FastAPI|Python|Java|CUDA|AutoGen,6,64300,155400,93600,Medium,Mid,2026,12,1,0,1,46.47
14420,DevOps Engineer,Product Management,4,PhD,Singapore,China,On-site,Big Tech (FAANG+),Tech,65.8,3.6,FastAPI|C++|Java|Azure|AutoGen|BERT|React|CUDA|PyTorch|Python,10,46900,130800,50800,Low,Lead,2026,3,1,0,1,7.32
14421,Machine Learning Engineer,Software Engineering,2.2,High School,Ho Chi Minh City,USA,Fully Remote,Big Tech (FAANG+),Healthcare,62.1,3.2,C++|Docker,2,70100,25100,86400,High,Junior,2026,7,1,0,1,26.83
14422,Machine Learning Engineer,Product Management,1.3,PhD,San Francisco,China,Hybrid,Big Tech (FAANG+),E-commerce,87.1,3.4,,0,51000,145000,70700,Low,Senior,2026,6,1,1,0,19.81
14423,Data Analyst,Data Science,8.5,Master's,Tokyo,Vietnam,Fully Remote,Big Tech (FAANG+),Healthcare,98.7,1.3,Azure|Java|SQL|FastAPI|PyTorch|C++|BERT,7,,,61600,Medium,Junior,2026,11,0,0,0,20.01
14424,Data Analyst,IT Operations,1.7,Associate's,San Francisco,Japan,Hybrid,Big Tech (FAANG+),Finance,60,9.1,CUDA|FastAPI|C++|TensorFlow|PyTorch,5,73900,86600,86800,Top,Senior,2026,8,1,1,0,35.09
14425,Product Manager,AI Engineering,2.1,Master's,Tokyo,Japan,Fully Remote,Big Tech (FAANG+),Tech,89.1,10,Airflow|CUDA|React|AWS|TensorFlow|FastAPI|AutoGen|BERT|Docker|Azure,10,26300,81900,53800,Top,Senior,2026,3,0,1,0,32.8
14426,DevOps Engineer,Software Engineering,4.5,PhD,Berlin,USA,Hybrid,Mid-size,Tech,52.2,8.3,Python|PyTorch|React|FastAPI,4,52700,131200,69000,Top,Senior,2026,11,0,0,1,47.15
14427,Data Analyst,IT Operations,4.2,Master's,Ho Chi Minh City,UK,On-site,Startup,Tech,55.9,4.7,CUDA|AWS,2,34000,36600,86900,Medium,Junior,2026,9,1,0,0,35.92
14428,Product Manager,Data Science,9.1,Bachelor's,London,Vietnam,Hybrid,Mid-size,Healthcare,75.8,4.2,SQL|FastAPI|AWS|React,4,27200,136800,77600,Low,Junior,2026,5,0,0,1,30.35
14429,Product Manager,Product Management,12.3,Master's,Beijing,USA,On-site,Big Tech (FAANG+),Automotive,100,8,SQL|Azure|Java|Docker|AWS|Airflow|TensorFlow|Python|FastAPI,9,41100,74200,70700,Top,,2026,2,0,0,1,8.79
14430,Data Scientist,AI Engineering,11.4,Bachelor's,Singapore,Singapore,Fully Remote,Startup,Automotive,97.5,5.6,AutoGen|CUDA|Airflow|Docker|PyTorch|React|AWS|BERT,8,-700,,67500,Low,Senior,2026,4,0,1,1,23.83
14431,DevOps Engineer,Software Engineering,3.9,Master's,Tokyo,Singapore,Hybrid,Big Tech (FAANG+),Healthcare,55.6,9.5,TensorFlow|Docker|FastAPI|Java|Airflow|React|AutoGen,7,36100,108000,68500,Medium,Mid,2026,7,1,0,1,24.86
14432,Data Analyst,IT Operations,3.7,Bachelor's,Singapore,Germany,On-site,Startup,Finance,62,3.5,Python|Azure|AWS|AutoGen|React,5,58400,45900,115100,Top,,2026,1,0,0,0,31.94
14433,DevOps Engineer,IT Operations,14.5,Bachelor's,London,USA,Fully Remote,Mid-size,Healthcare,97.3,3.9,React|Azure|Python|BERT|Docker|CUDA|AutoGen,7,57300,35400,101200,High,Mid,2026,1,1,1,1,18.3
14434,Machine Learning Engineer,AI Engineering,0.1,Master's,London,Germany,Hybrid,Startup,Automotive,57.5,10,TensorFlow|AutoGen|Java|Python|SQL,5,12600,110000,33400,Medium,Lead,2026,12,0,1,1,7.27
14435,Machine Learning Engineer,Product Management,13.2,High School,Ho Chi Minh City,Singapore,On-site,Mid-size,Healthcare,87.1,9.8,C++|React|CUDA|Azure|Java,5,69400,98000,49800,High,Lead,2026,9,0,0,0,43.92
14436,DevOps Engineer,Data Science,3,Associate's,Singapore,Singapore,Hybrid,Big Tech (FAANG+),Tech,50.1,9,AutoGen|Java|Python|React|SQL|BERT|Airflow|Azure,8,97400,111200,44600,Medium,Lead,2026,3,0,0,1,1.62
14437,Data Scientist,Product Management,14.2,Associate's,Beijing,Germany,Hybrid,Startup,Finance,81.6,4.6,BERT|FastAPI|SQL|AWS|React|Java|AutoGen|CUDA|C++|Azure,10,84600,,64000,High,Senior,2026,1,0,0,0,6.75
14438,Data Scientist,Product Management,5.1,Associate's,Berlin,Japan,On-site,Enterprise,Finance,74.7,8.5,Docker|AWS|Python|CUDA|PyTorch|Airflow|Java|Azure|TensorFlow|AutoGen,10,39500,135000,106000,Medium,Senior,2026,7,1,1,1,22.81
14439,DevOps Engineer,Product Management,6.6,Bachelor's,London,USA,On-site,Enterprise,E-commerce,73.6,3.6,Airflow|AWS,2,36800,148500,54800,Low,Mid,2026,7,1,1,0,44.44
14440,Data Analyst,AI Engineering,10.6,Associate's,Berlin,Japan,Fully Remote,Mid-size,Healthcare,91.5,3.3,AutoGen|C++,2,32100,88900,86600,Low,Mid,2026,2,0,0,0,5.13
14441,Software Engineer,AI Engineering,8.8,Bachelor's,Beijing,Singapore,On-site,Mid-size,Education,54,5.9,Airflow|AWS|CUDA|Java|Azure|Python|BERT|PyTorch|React|Docker,10,86500,53800,102800,Top,Junior,2026,8,0,1,1,36.88
14442,Data Scientist,Data Science,4.8,High School,Beijing,Japan,On-site,Mid-size,Education,68.9,8.7,BERT|PyTorch|Azure|Docker,4,39600,77400,20900,Top,Mid,2026,12,0,0,0,14.33
14443,AI Agent Developer,Product Management,8.3,Master's,San Francisco,China,Hybrid,Mid-size,Education,72.3,1.9,TensorFlow|Docker|SQL|Azure|React|BERT|FastAPI,7,35800,111700,3v5jrz8plsuge7y,Top,Lead,2026,12,1,1,1,3.8
14444,Machine Learning Engineer,AI Engineering,11,Master's,Ho Chi Minh City,China,On-site,Big Tech (FAANG+),Tech,56.2,6.1,Airflow|TensorFlow|Python|FastAPI|BERT,5,66800,117900,35000,Medium,Senior,2026,3,0,0,1,44.75
14445,DevOps Engineer,Data Science,0.6,Bachelor's,Singapore,Japan,Hybrid,Enterprise,Education,54.3,6.5,,0,72700,178100,59200,Top,Junior,2026,3,0,0,0,48.62
14446,AI Agent Developer,Data Science,0.2,Bachelor's,New York,Japan,Hybrid,Mid-size,Healthcare,59,6.2,,0,69500,132900,87100,Medium,Senior,2026,12,1,0,0,6.59
14447,DevOps Engineer,Product Management,6.9,High School,Singapore,Germany,On-site,Startup,E-commerce,62.1,3,,0,28900,89900,31900,High,Lead,2026,5,0,0,0,44.8
14448,Product Manager,Software Engineering,2,Associate's,Tokyo,Japan,On-site,Startup,E-commerce,98.3,1.6,Azure|Airflow|AWS|BERT|FastAPI|React|Python|CUDA|TensorFlow|AutoGen,10,59900,121300,75100,High,Lead,2026,2,1,1,0,32.41
14449,Machine Learning Engineer,Product Management,10,High School,Ho Chi Minh City,Vietnam,On-site,Big Tech (FAANG+),Healthcare,73.8,9.1,SQL|PyTorch|AWS|Airflow|Java|BERT|AutoGen|TensorFlow|React|Python,10,79200,,30900,Medium,Lead,2026,4,1,1,0,10.07
14450,Machine Learning Engineer,Software Engineering,3.2,Master's,Singapore,USA,On-site,Mid-size,Education,75.5,6.2,TensorFlow|CUDA|AWS|PyTorch|FastAPI|Airflow|React,7,50000,101900,43200,High,Junior,2026,2,0,0,1,33.58
14451,Data Scientist,Data Science,6.5,Master's,Berlin,Vietnam,Fully Remote,Startup,Healthcare,85.3,7.9,Airflow|Azure|BERT|AutoGen|AWS|TensorFlow|React|C++|Java|FastAPI,10,55900,,105000,Low,Senior,2026,12,0,1,1,40.57
14452,Data Scientist,AI Engineering,3,Associate's,San Francisco,China,Hybrid,Mid-size,Healthcare,84.2,4.3,Airflow|Azure|C++,3,54100,74900,92400,Low,Mid,2026,9,0,0,0,24.69
14453,AI Agent Developer,IT Operations,8.2,Master's,Singapore,Vietnam,Fully Remote,Startup,Automotive,75.1,1.4,Airflow|Java|Docker|Python|SQL|AWS|React,7,44600,124000,43200,Medium,Senior,2026,6,0,0,0,45.47
14454,Product Manager,Data Science,1.7,Bachelor's,Ho Chi Minh City,UK,Fully Remote,Big Tech (FAANG+),E-commerce,67,3.3,AWS|Azure|FastAPI|CUDA|Airflow|PyTorch|C++|Docker|SQL|React,10,59100,123300,75000,Low,Senior,2026,1,1,1,1,26.43
14455,DevOps Engineer,AI Engineering,0.3,Master's,Beijing,UK,Hybrid,Startup,Finance,66.6,1.7,AWS|Azure|AutoGen|Java|PyTorch|Python|BERT|Airflow,8,67800,172700,69200,High,Junior,2026,9,0,0,1,9.27
14456,Product Manager,Data Science,0.8,PhD,San Francisco,China,Fully Remote,Mid-size,Education,52.9,1.7,PyTorch|Docker|SQL|Airflow|AutoGen,5,76100,17500,81800,Top,Mid,2026,8,1,1,0,35.47
14457,Machine Learning Engineer,Product Management,14.3,Associate's,London,Vietnam,On-site,Mid-size,Education,95,2.9,FastAPI|React|SQL|AWS|BERT|Java|Python|AutoGen|CUDA,9,,148600,97000,Top,Mid,2026,2,0,1,1,33.84
14458,AI Agent Developer,Software Engineering,2.1,Associate's,San Francisco,USA,On-site,Big Tech (FAANG+),Automotive,88.5,6.7,C++|AutoGen|Docker|Java|AWS,5,51300,,138300,Medium,Senior,2026,3,1,0,0,32.02
14459,Software Engineer,Data Science,10.6,Associate's,San Francisco,China,On-site,Enterprise,Tech,81.2,8.4,Azure|CUDA|Docker|FastAPI|C++|React|TensorFlow|BERT|Java|PyTorch,10,,38800,66500,Low,Lead,2026,7,0,0,0,43.99
14460,AI Agent Developer,AI Engineering,1,PhD,Tokyo,UK,On-site,Mid-size,Finance,69.8,8.4,Azure|FastAPI,2,81600,62000,124900,Top,Senior,2026,4,1,0,1,26.4
14461,Data Analyst,Product Management,1.6,High School,Tokyo,China,Hybrid,Enterprise,Finance,79.1,9.4,Airflow|SQL,2,,40800,53100,Top,Junior,2026,8,0,1,1,35.21
14462,AI Agent Developer,IT Operations,7.6,Bachelor's,New York,Vietnam,On-site,Mid-size,Finance,74.3,6.9,AWS|SQL|CUDA|PyTorch|Python|BERT|AutoGen|Azure|C++|Java,10,48000,147500,72000,Top,Lead,2026,1,1,1,1,47.73
14463,Product Manager,Product Management,7,Associate's,Beijing,Vietnam,Hybrid,Big Tech (FAANG+),E-commerce,63.7,1.2,PyTorch|Airflow|AWS|Java|Azure,5,51600,164600,62800,Medium,Junior,2026,10,0,1,0,6.89
14464,Data Analyst,Software Engineering,14.3,Master's,Tokyo,Vietnam,Hybrid,Startup,Tech,64.9,4.4,,0,54200,71800,64100,Low,Lead,2026,4,1,0,1,19.33
14465,Data Analyst,Product Management,14.2,Bachelor's,San Francisco,Germany,Hybrid,Enterprise,Automotive,93.7,2,Airflow|CUDA|Python|SQL|TensorFlow|AutoGen,6,20000,91700,80900,Low,Lead,2026,1,0,0,0,10.94
14466,Data Analyst,IT Operations,11.7,Master's,Tokyo,Vietnam,Hybrid,Startup,Tech,81.7,8,FastAPI|BERT|C++|React|AutoGen|Java|SQL,7,60900,145200,94200,Top,Lead,2026,7,0,1,1,16.19
14467,Software Engineer,AI Engineering,9,Bachelor's,London,Japan,Fully Remote,Big Tech (FAANG+),Education,50.1,2.1,Java|BERT|AWS|Airflow|AutoGen|C++|TensorFlow|Docker,8,58900,166800,84000,Low,Mid,2026,9,0,1,0,25.53
14468,AI Agent Developer,Data Science,6.8,Bachelor's,Berlin,UK,Fully Remote,Big Tech (FAANG+),Automotive,66.3,2,PyTorch|Java,2,53200,106000,94400,Low,Lead,2026,1,0,1,0,42.27
14469,Product Manager,Software Engineering,5.3,Master's,Berlin,Singapore,On-site,Big Tech (FAANG+),E-commerce,67,1.3,Python|Java|PyTorch|BERT|FastAPI|SQL|C++|CUDA|Azure,9,57200,82500,92400,Top,Mid,2026,8,1,1,0,19.98
14470,AI Agent Developer,IT Operations,14.2,Master's,Berlin,UK,Hybrid,Mid-size,Education,85.3,9.6,Python|PyTorch|Azure|Airflow|Java|C++|AWS|TensorFlow|React,9,48900,43200,83300,Medium,Junior,2026,10,1,0,1,27.9
14471,Software Engineer,Software Engineering,9,Bachelor's,Ho Chi Minh City,Germany,On-site,Mid-size,Tech,85,8.1,Azure|C++|TensorFlow|FastAPI|BERT|AutoGen|Python,7,,52100,72200,Top,Lead,2026,11,0,1,1,40.61
14472,Machine Learning Engineer,Product Management,8.7,Associate's,Berlin,UK,On-site,Mid-size,Finance,73.2,4,Docker|AutoGen,2,71900,165200,59700,Low,Lead,2026,6,0,1,0,46.41
14473,Data Scientist,Software Engineering,3.5,Master's,Berlin,UK,On-site,Mid-size,Tech,97.5,4.4,React|SQL|C++,3,,52500,63400,Low,Lead,2026,6,1,0,1,17.48
14474,Product Manager,IT Operations,0.7,PhD,Ho Chi Minh City,China,On-site,Enterprise,Education,93.6,1.5,BERT,1,32600,115700,109100,Low,Junior,2026,8,0,1,1,8.9
14475,Product Manager,Data Science,14.2,PhD,San Francisco,Singapore,Hybrid,Big Tech (FAANG+),E-commerce,93.3,2.4,Docker,1,74000,,62200,Medium,Senior,2026,1,1,0,0,29.11
14476,AI Agent Developer,Data Science,4.7,Bachelor's,San Francisco,Singapore,Hybrid,Enterprise,E-commerce,67.4,3.8,,0,22900,86200,89700,Low,Senior,2026,9,1,0,1,44.79
14477,Data Scientist,Software Engineering,6.6,High School,San Francisco,Vietnam,Fully Remote,Mid-size,E-commerce,71.5,4.5,,0,46800,37900,113200,Low,Junior,2026,11,0,1,1,12.42
14478,DevOps Engineer,AI Engineering,1.7,Bachelor's,London,Japan,Hybrid,Startup,Automotive,70.9,6.6,AWS|TensorFlow|Azure|Airflow|CUDA,5,86300,91100,88200,Low,Junior,2026,6,0,0,0,24.97
14479,DevOps Engineer,Software Engineering,12.6,Bachelor's,Beijing,Japan,Hybrid,Enterprise,Tech,72,4.2,TensorFlow|AutoGen|BERT|Airflow|FastAPI|Docker|AWS,7,51400,165300,81400,Medium,Junior,2026,3,1,1,1,24.3
14480,Software Engineer,Product Management,0.4,Associate's,Tokyo,China,On-site,Startup,Finance,94.5,9.6,SQL,1,22400,99500,118600,Top,Senior,2026,1,1,1,0,46.35
14481,DevOps Engineer,Data Science,12.5,Associate's,New York,Japan,Hybrid,Mid-size,Finance,62.5,4.1,CUDA|FastAPI|Python|Airflow|SQL|BERT|AWS,7,65000,,79200,Low,Mid,2026,4,1,1,1,22.84
14482,Product Manager,Data Science,2.1,High School,Tokyo,China,On-site,Enterprise,Healthcare,90.1,9.5,AutoGen|Airflow|Docker|CUDA|PyTorch|Azure|FastAPI|AWS|TensorFlow,9,59000,,65500,Low,Junior,2026,5,1,0,1,26.81
14483,DevOps Engineer,Data Science,13.3,High School,San Francisco,Singapore,Hybrid,Enterprise,E-commerce,75.7,7.6,AutoGen|Azure|PyTorch,3,52400,95500,116500,Medium,Senior,2026,4,1,0,1,6.91
14484,Machine Learning Engineer,AI Engineering,10.9,High School,San Francisco,Singapore,Fully Remote,Enterprise,Education,62.5,9.1,AutoGen|FastAPI|PyTorch,3,9200,92600,65700,High,Mid,2026,11,0,1,1,22.91
14485,Machine Learning Engineer,AI Engineering,2.5,High School,Berlin,Singapore,On-site,Startup,Finance,76.4,7.3,BERT|Docker|C++|AutoGen|FastAPI|Azure|React|PyTorch|Airflow,9,76100,95100,77000,Medium,Lead,2026,7,1,1,0,17.09
14486,Machine Learning Engineer,IT Operations,8.5,High School,Berlin,Japan,Hybrid,Mid-size,E-commerce,59.8,6.1,,0,,117200,62600,High,Lead,2026,6,0,1,0,11.08
14487,DevOps Engineer,Software Engineering,4.7,Bachelor's,Singapore,UK,Hybrid,Big Tech (FAANG+),Finance,55.4,5.6,,0,49500,109800,22400,High,Junior,2026,10,1,1,1,25.43
14488,Software Engineer,Software Engineering,2.7,Bachelor's,Tokyo,Singapore,On-site,Big Tech (FAANG+),Tech,91.9,3.6,BERT|Docker|Python|AWS|Azure|C++|Java|FastAPI|TensorFlow,9,,60600,35300,High,Mid,2026,5,1,1,1,38.54
14489,Data Analyst,Product Management,12.9,PhD,San Francisco,USA,Fully Remote,Mid-size,Healthcare,85,3.7,TensorFlow,1,,70800,48400,High,Senior,2026,3,0,0,1,8.83
14490,Data Analyst,Data Science,6.1,PhD,Tokyo,Vietnam,Fully Remote,Enterprise,E-commerce,60.2,3,Azure|C++|React|Docker|AutoGen|SQL,6,60900,,76200,High,Lead,2026,9,0,0,1,7.08
14491,Data Scientist,AI Engineering,6,Master's,Singapore,USA,Hybrid,Big Tech (FAANG+),Automotive,97.1,4.5,Python|AutoGen|Airflow|CUDA|BERT|AWS|C++|Docker|SQL,9,62600,184900,79200,Medium,Lead,2026,3,1,1,1,6.21
14492,Data Analyst,Product Management,2.5,Bachelor's,Berlin,UK,Hybrid,Enterprise,Automotive,51.2,2.1,React|Docker|FastAPI|Azure|Airflow|AutoGen|PyTorch|SQL|CUDA|TensorFlow,10,50200,69900,83900,Low,Senior,2026,3,1,1,0,38.15
14493,Data Analyst,Product Management,5.7,High School,San Francisco,Germany,Hybrid,Mid-size,Finance,66.7,4.5,,0,60900,81400,58300,Medium,Lead,2026,3,1,0,1,39.4
14494,Machine Learning Engineer,AI Engineering,13.1,Master's,Ho Chi Minh City,China,On-site,Startup,Tech,51.1,8.5,BERT|TensorFlow|Java|C++|Azure|PyTorch|AWS|React|CUDA|FastAPI,10,65000,86800,56400,Top,Lead,2026,12,0,0,1,44.44
14495,Machine Learning Engineer,Software Engineering,5.4,Associate's,San Francisco,Japan,On-site,Enterprise,Education,57.1,8.8,React|AWS|SQL|BERT|Java|Docker|FastAPI|CUDA|Python,9,101300,113200,153800,Medium,Junior,2026,8,0,0,1,48.21
14496,DevOps Engineer,Data Science,14.3,Bachelor's,Ho Chi Minh City,Japan,On-site,Startup,E-commerce,59,6.8,FastAPI|Airflow|AutoGen,3,58800,138500,58000,Low,Mid,2026,2,1,0,0,18.87
14497,Data Scientist,Software Engineering,14.2,PhD,Ho Chi Minh City,UK,Hybrid,Startup,Healthcare,90.5,3.3,,0,53600,115500,86300,Low,Mid,2026,4,1,0,0,17.02
14498,AI Agent Developer,Product Management,2.2,Bachelor's,New York,Japan,Fully Remote,Mid-size,Tech,99.7,3.2,PyTorch|Python|Azure|Airflow|CUDA|React|C++|Docker|BERT,9,19600,58500,102500,Top,Mid,2026,8,1,0,0,49.57
14499,Product Manager,Data Science,2.7,Bachelor's,Beijing,UK,On-site,Mid-size,Finance,93.4,3.5,SQL,1,21400,125200,86600,Top,Mid,2026,11,0,0,0,7.11
14500,Data Scientist,IT Operations,12.9,Bachelor's,Berlin,USA,Fully Remote,Startup,Tech,81.8,5.5,FastAPI|Python|React|AWS|SQL|AutoGen|Java|Azure,8,52500,160700,68700,Medium,Senior,2026,1,0,0,1,2.09
14501,Data Scientist,Product Management,5.9,Bachelor's,London,Germany,Hybrid,Startup,Healthcare,86.1,9.8,Java|PyTorch|Docker|BERT|Azure|CUDA|Airflow|C++|Python|AutoGen,10,48400,101700,8oqgd2tucw3wbr7,Medium,Mid,2026,3,1,0,0,19.26
14502,Software Engineer,Software Engineering,0.1,Associate's,Tokyo,China,On-site,Big Tech (FAANG+),Tech,76.1,2,PyTorch|Docker|React|C++|Python|SQL,6,30900,89600,46000,Top,Junior,2026,4,1,1,0,4.4
14503,DevOps Engineer,Software Engineering,4.1,PhD,Tokyo,Japan,On-site,Big Tech (FAANG+),E-commerce,71.1,5.5,FastAPI,1,30200,170100,64300,Top,Senior,2026,6,1,0,1,19.16
14504,Software Engineer,Software Engineering,9,Bachelor's,Berlin,Germany,On-site,Mid-size,Finance,84.6,7.1,Python|Java|Airflow,3,62100,47500,71500,Medium,Junior,2026,2,0,1,0,20.58
14505,Data Scientist,AI Engineering,12,Associate's,Berlin,Germany,Hybrid,Enterprise,Healthcare,98.7,3.2,CUDA|Python|SQL|Airflow|BERT|C++|AutoGen|PyTorch|Java|Azure,10,38400,105300,74000,Top,Lead,2026,7,0,0,1,31.94
14506,Data Scientist,Product Management,2,Master's,Berlin,Germany,Hybrid,Startup,Finance,51.4,9.7,,0,34600,114000,57000,Top,Mid,2026,12,1,0,0,37.21
14507,Data Scientist,Data Science,1.7,Bachelor's,Tokyo,Vietnam,Hybrid,Enterprise,Education,65.7,4.1,,0,29000,111800,63000,Medium,Mid,2026,3,0,0,0,32.39
14508,Data Analyst,Software Engineering,13.8,Associate's,Singapore,Germany,Fully Remote,Startup,E-commerce,66.5,9.4,Azure|PyTorch|Docker|BERT|C++|React|Airflow|AWS,8,33700,125700,dea1x5je8hnu09f,Low,Senior,2026,8,1,1,0,35.36
14509,Product Manager,Software Engineering,11.3,High School,Berlin,Singapore,Fully Remote,Mid-size,Healthcare,70.7,6.4,Docker|CUDA|AWS,3,42500,53000,49300,Top,Mid,2026,2,0,0,1,18.45
14510,Product Manager,AI Engineering,8.8,Master's,Tokyo,UK,On-site,Enterprise,Education,81.3,1,SQL|FastAPI|AWS|BERT|Python|TensorFlow|Airflow,7,49500,89300,57900,High,Junior,2026,9,0,1,0,22.83
14511,Software Engineer,Data Science,11.5,PhD,Beijing,Vietnam,On-site,Mid-size,Education,75.7,3.8,SQL|Airflow|FastAPI|BERT,4,54700,,42400,Top,Senior,2026,4,0,0,1,35.72
14512,Data Scientist,Product Management,6.4,Bachelor's,London,Singapore,Hybrid,Startup,Education,50.9,1.2,Python|PyTorch|AutoGen|SQL|TensorFlow|CUDA|BERT,7,41600,55300,146500,Medium,Mid,2026,8,0,0,0,7.37
14513,Product Manager,IT Operations,11.4,Bachelor's,Ho Chi Minh City,Vietnam,Hybrid,Mid-size,Healthcare,70.6,4.4,React|TensorFlow|Docker|AutoGen|C++|Airflow|FastAPI|BERT,8,14300,,26200,High,Junior,2026,4,0,1,0,35.6
14514,Machine Learning Engineer,AI Engineering,5.6,Associate's,Singapore,Germany,Hybrid,Enterprise,Finance,81,9.4,Java|AutoGen|BERT|TensorFlow,4,27600,150600,66200,High,Lead,2026,6,1,0,1,47.58
14515,Product Manager,Product Management,3.7,PhD,London,Japan,On-site,Big Tech (FAANG+),Tech,75.2,8,Airflow|React|PyTorch|BERT|AWS|Docker|AutoGen|Java|TensorFlow,9,39700,106500,120500,Top,Mid,2026,8,0,1,0,8.78
14516,DevOps Engineer,IT Operations,10.9,High School,Berlin,Japan,Hybrid,Mid-size,Tech,93.6,6.6,Azure|TensorFlow|CUDA|Python|AWS|C++,6,70600,62300,109500,Medium,Mid,2026,5,1,0,0,19.72
14517,DevOps Engineer,Software Engineering,6.3,Master's,London,Japan,Fully Remote,Enterprise,Education,69.9,5.8,Docker|BERT|Python|Airflow|CUDA|AutoGen,6,48000,62500,83500,Medium,Mid,2026,6,1,1,1,29.07
14518,Product Manager,Software Engineering,14.7,PhD,Berlin,Japan,Fully Remote,Mid-size,Automotive,50.6,4.4,React|CUDA|Airflow|AutoGen|BERT|Java|C++|Docker|PyTorch|AWS,10,58500,,87300,Top,Lead,2026,2,1,0,1,35.91
14519,Machine Learning Engineer,Data Science,5.2,Bachelor's,London,UK,On-site,Mid-size,Automotive,64.2,2.9,Azure|SQL|AutoGen|Python,4,,136400,48000,Low,Mid,2026,4,0,0,0,12.6
14520,DevOps Engineer,IT Operations,13.8,Associate's,New York,Japan,On-site,Big Tech (FAANG+),Healthcare,56.8,1.6,BERT|C++|AutoGen|Azure|AWS|TensorFlow|FastAPI|React|PyTorch|Java,10,46700,64700,36800,High,Lead,2026,5,0,1,1,29.23
14521,Data Analyst,Software Engineering,14,High School,San Francisco,China,Fully Remote,Enterprise,Finance,62.5,2.7,Airflow|TensorFlow|AutoGen|Python|CUDA,5,49800,122300,58600,Medium,,2026,1,0,1,1,46.75
14522,Product Manager,Software Engineering,3.6,Associate's,London,Germany,Hybrid,Enterprise,Healthcare,68.1,4.2,Python|AWS|Docker|AutoGen|TensorFlow|React|BERT|Java|FastAPI|SQL,10,50800,157800,62000,Medium,Senior,2026,7,0,1,1,17.87
14523,Data Analyst,Data Science,12,Master's,San Francisco,Vietnam,On-site,Enterprise,Finance,83.8,5.7,BERT,1,51300,121700,88000,Top,Junior,2026,6,1,0,0,28.45
14524,Product Manager,Product Management,6.5,PhD,Ho Chi Minh City,China,On-site,Startup,E-commerce,66.2,2.8,,0,29200,,72700,Top,Junior,2026,4,0,0,0,31.2
14525,AI Agent Developer,Software Engineering,13.8,Associate's,Ho Chi Minh City,Japan,On-site,Mid-size,Automotive,94.2,9.8,PyTorch|AWS|C++,3,60000,95600,116700,Low,Senior,2026,4,0,1,1,44.36
14526,AI Agent Developer,AI Engineering,6.8,Associate's,Singapore,China,Fully Remote,Big Tech (FAANG+),Healthcare,65,1.7,AutoGen|CUDA|TensorFlow|Python|Azure|Docker|Airflow|React|AWS|Java,10,,88000,81500,Top,Senior,2026,3,1,1,0,15.55
14527,AI Agent Developer,AI Engineering,11.2,Bachelor's,London,Vietnam,On-site,Enterprise,E-commerce,56.8,1.9,Azure,1,33400,81000,34400,Medium,Mid,2026,12,0,0,0,43.65
14528,DevOps Engineer,Product Management,7,Associate's,Tokyo,Japan,Fully Remote,Big Tech (FAANG+),Tech,58.4,7.1,Python|AutoGen|FastAPI|Airflow,4,46500,99100,39100,High,Lead,2026,1,1,0,1,33.67
14529,Data Analyst,IT Operations,3.4,High School,San Francisco,China,Fully Remote,Startup,Automotive,96.7,7.8,Airflow|AutoGen|TensorFlow|PyTorch|CUDA|AWS,6,12800,79300,65500,Medium,Mid,2026,6,1,1,0,35.85
14530,Data Analyst,Data Science,3,PhD,Tokyo,UK,Hybrid,Startup,Finance,72.7,9.8,AWS,1,19300,,57200,Medium,Junior,2026,5,1,1,1,3.32
14531,Data Analyst,AI Engineering,6.4,Master's,Tokyo,UK,Hybrid,Big Tech (FAANG+),Education,70.2,5.8,Azure|C++|Python|PyTorch,4,67700,118500,74600,Top,,2026,6,1,0,1,17.83
14532,Machine Learning Engineer,AI Engineering,11.3,Associate's,London,Germany,Hybrid,Enterprise,Tech,53.4,2.5,AWS|Python|Airflow|React|Java|SQL|AutoGen|C++,8,45700,137700,94600,Low,Mid,2026,10,1,0,0,5.9
14533,Data Analyst,Product Management,9.1,High School,Tokyo,Germany,On-site,Big Tech (FAANG+),Tech,86.7,9.4,AutoGen|PyTorch|C++|CUDA|SQL|BERT|Docker,7,76600,141300,90200,High,Senior,2026,1,0,1,0,28.08
14534,Machine Learning Engineer,IT Operations,10.3,Master's,Beijing,Singapore,Fully Remote,Enterprise,E-commerce,84.7,9.8,,0,51300,59100,47600,Top,Senior,2026,2,0,1,1,41.88
14535,AI Agent Developer,IT Operations,4.2,High School,London,China,On-site,Enterprise,Healthcare,68.8,9.3,Python|BERT|Airflow|Java|Docker|PyTorch,6,54400,140300,104700,High,Mid,2026,7,0,0,0,20.5
14536,AI Agent Developer,Product Management,7.2,Associate's,Ho Chi Minh City,Vietnam,Fully Remote,Startup,Education,84.6,8.8,Azure|Airflow|BERT,3,49600,163700,66400,Top,,2026,9,1,1,1,11.28
14537,DevOps Engineer,AI Engineering,0.7,Associate's,San Francisco,UK,On-site,Big Tech (FAANG+),Healthcare,68.4,1.7,Java|React|Azure|AutoGen|TensorFlow|AWS,6,29800,,76200,High,Junior,2026,6,0,0,0,15.23
14538,Product Manager,Data Science,12.3,PhD,Singapore,USA,Fully Remote,Startup,E-commerce,53.7,8.7,Docker|React|FastAPI|AWS|BERT|C++|CUDA|SQL,8,58200,,52500,Medium,Lead,2026,6,0,1,1,28.66
14539,AI Agent Developer,AI Engineering,14.8,Bachelor's,Tokyo,Germany,Hybrid,Mid-size,Tech,86.9,9.6,TensorFlow|Azure|Docker|Airflow|AWS,5,36600,,85300,Medium,Mid,2026,5,1,0,0,38.38
14540,Product Manager,IT Operations,6.1,High School,New York,Singapore,Hybrid,Startup,Automotive,98.3,6,Azure|SQL|Python|Java|AWS|TensorFlow,6,56400,,83800,Top,Senior,2026,11,0,1,1,34.49
14541,Product Manager,AI Engineering,0.2,Bachelor's,Tokyo,UK,On-site,Enterprise,Tech,82.4,8,CUDA|PyTorch|Java|TensorFlow|C++|Airflow|SQL|AutoGen,8,33300,157200,111900,Top,Senior,2026,5,0,0,0,47.11
14542,DevOps Engineer,Data Science,2.5,Bachelor's,Ho Chi Minh City,Singapore,Fully Remote,Big Tech (FAANG+),E-commerce,63.8,6.9,AWS|AutoGen|Airflow|Python|TensorFlow|FastAPI|PyTorch,7,64900,63800,59100,Medium,Junior,2026,6,0,1,1,44.19
14543,Data Scientist,Software Engineering,9.8,Master's,Beijing,Japan,Hybrid,Mid-size,Tech,63.5,3.6,Docker|FastAPI|Airflow|CUDA|SQL|AWS,6,58700,128600,77500,Top,Senior,2026,2,0,0,1,5.25
14544,Data Scientist,AI Engineering,9.2,Master's,London,China,Fully Remote,Mid-size,Education,96.4,6.3,Airflow|AutoGen|TensorFlow|Azure|AWS|SQL|CUDA|Docker|C++|BERT,10,74500,38300,84400,High,Junior,2026,10,1,0,0,35.18
14545,Software Engineer,Product Management,11.8,High School,Tokyo,Singapore,On-site,Mid-size,Tech,65.2,9,Airflow|CUDA|SQL|Docker|React|TensorFlow|Azure|C++,8,64500,45500,82700,High,Junior,2026,6,1,1,0,19.68
14546,DevOps Engineer,Software Engineering,3.8,Bachelor's,New York,UK,Hybrid,Mid-size,Tech,88.4,5.5,Azure|SQL|Docker,3,48900,68100,107500,Top,Lead,2026,4,1,0,1,16.81
14547,Software Engineer,Product Management,11.5,PhD,San Francisco,UK,On-site,Big Tech (FAANG+),Tech,82.1,6.3,Python|AutoGen|AWS|TensorFlow|CUDA|FastAPI,6,80700,123300,55400,High,Lead,2026,3,1,0,1,23.79
14548,Software Engineer,Product Management,10.3,Bachelor's,Singapore,China,On-site,Enterprise,Automotive,79.6,5.8,C++|CUDA|Azure|Docker|AWS|SQL|BERT|AutoGen|FastAPI,9,57700,92100,87000,High,Mid,2026,7,0,1,0,38.31
14549,Data Scientist,Product Management,4.8,Master's,Ho Chi Minh City,Germany,Fully Remote,Mid-size,Finance,59.1,3.5,Airflow,1,3800,97200,89200,Medium,Mid,2026,5,0,1,0,20.84
14550,DevOps Engineer,AI Engineering,8.2,Bachelor's,Singapore,Germany,On-site,Enterprise,Finance,51.7,6.8,,0,37800,68500,65900,Low,Junior,2026,10,1,0,1,41.05
14551,Data Scientist,IT Operations,2.2,Associate's,Singapore,USA,On-site,Startup,Healthcare,74.4,5.6,TensorFlow|C++|React|Azure|Python|FastAPI|AutoGen|Java,8,47000,78100,81000,High,Mid,2026,3,1,1,1,23.6
14552,Software Engineer,Software Engineering,6.8,Associate's,New York,USA,Fully Remote,Enterprise,Finance,99.4,3.1,Azure|AutoGen,2,76200,54200,79800,Top,Senior,2026,8,1,1,0,3.02
14553,DevOps Engineer,Data Science,13.2,PhD,San Francisco,Germany,Fully Remote,Mid-size,Finance,59.8,9.1,Python|SQL|TensorFlow|FastAPI|CUDA|React,6,41300,127400,86300,Low,Junior,2026,5,1,0,0,31.52
14554,Software Engineer,IT Operations,6.3,High School,Berlin,Germany,On-site,Startup,Finance,76.8,9.6,Docker|React|FastAPI,3,36200,113900,67000,High,Junior,2026,11,1,1,1,39.04
14555,Data Analyst,AI Engineering,12.6,Bachelor's,Ho Chi Minh City,Singapore,Hybrid,Startup,Tech,83.5,1.5,Docker|SQL,2,9000,87900,55300,Low,Mid,2026,3,0,0,1,15.8
14556,Product Manager,Product Management,8.9,Associate's,Berlin,Germany,Hybrid,Startup,Tech,74.2,6.6,CUDA|C++|Python|AWS|TensorFlow|Azure|FastAPI|AutoGen,8,75800,86600,79100,Low,,2026,11,0,0,1,11.11
14557,DevOps Engineer,Data Science,2.9,High School,New York,Germany,Fully Remote,Mid-size,Education,75.3,4.7,,0,78800,110800,92200,Low,Junior,2026,9,1,0,1,32.01
14558,DevOps Engineer,Software Engineering,8.7,Associate's,London,UK,On-site,Enterprise,Automotive,83.1,5.7,,0,27200,138000,50800,Medium,,2026,2,1,0,0,17.63
14559,Product Manager,IT Operations,7.6,High School,London,USA,Hybrid,Big Tech (FAANG+),Tech,90.7,4.4,TensorFlow,1,21600,74400,96600,Low,Lead,2026,3,0,1,1,45.29
14560,Software Engineer,IT Operations,6,High School,London,China,Fully Remote,Enterprise,Tech,66.7,5.3,AutoGen|Java|CUDA|React|BERT|PyTorch,6,70800,127000,79500,Medium,Lead,2026,3,1,0,0,38.34
14561,Data Analyst,Data Science,1.8,Associate's,Singapore,Vietnam,Fully Remote,Mid-size,Finance,95,3.9,TensorFlow|C++|AWS|AutoGen,4,75900,74400,71600,Top,Junior,2026,1,0,0,1,23.06
14562,Machine Learning Engineer,AI Engineering,6.3,Master's,Berlin,China,Fully Remote,Mid-size,Automotive,74.2,2.1,C++|PyTorch|Azure|React|Docker,5,35600,90800,73600,Top,Mid,2026,12,1,0,0,48.78
14563,Product Manager,Software Engineering,1.1,High School,Singapore,Japan,On-site,Startup,Automotive,83.1,3.7,SQL|CUDA|C++|TensorFlow|Python|Docker,6,45400,92200,46400,Low,Junior,2026,7,0,0,1,17.23
14564,Data Scientist,Data Science,1.5,Bachelor's,London,Vietnam,Fully Remote,Enterprise,Finance,55.3,7,FastAPI|Docker|PyTorch|BERT|Python,5,61100,144600,80100,Medium,Junior,2026,11,0,1,0,22.23
14565,Software Engineer,Product Management,6.2,Associate's,Singapore,UK,Hybrid,Mid-size,Finance,74.6,1.5,BERT|TensorFlow|React,3,29600,80600,69800,High,Junior,2026,6,0,1,1,32.45
14566,Product Manager,Software Engineering,4.6,Master's,Beijing,Japan,On-site,Mid-size,Automotive,50.8,4.4,TensorFlow|AWS|Airflow|BERT|CUDA|AutoGen,6,31900,17600,81600,Top,Mid,2026,12,1,0,1,25.6
14567,Product Manager,IT Operations,13.9,Associate's,Ho Chi Minh City,USA,Hybrid,Big Tech (FAANG+),E-commerce,69.6,1.4,Python|AutoGen|PyTorch|CUDA|C++|Java|FastAPI,7,,61300,71300,High,Lead,2026,6,1,1,0,17.22
14568,DevOps Engineer,Data Science,5.6,PhD,Ho Chi Minh City,Vietnam,Hybrid,Enterprise,Finance,52.7,4.2,AutoGen|TensorFlow,2,30100,177800,62100,Low,Junior,2026,6,0,1,0,20.89
14569,Data Scientist,IT Operations,11.4,Bachelor's,San Francisco,Germany,Hybrid,Startup,Finance,94.8,1.8,React|AutoGen|PyTorch|Docker|CUDA|Java|TensorFlow,7,108200,33900,47000,Medium,Lead,2026,7,0,1,0,43.18
14570,Data Scientist,IT Operations,8,PhD,Singapore,Japan,On-site,Startup,Automotive,83.6,4.1,Java|C++|PyTorch|Airflow,4,74900,24800,31800,High,Junior,2026,6,0,0,1,9.91
14571,Data Scientist,IT Operations,10.6,High School,San Francisco,UK,Hybrid,Startup,E-commerce,89.6,8.5,React|Azure|BERT|SQL|PyTorch|AutoGen|AWS|Python|Java|Airflow,10,,132400,65800,Medium,Mid,2026,12,1,1,0,15.88
14572,Product Manager,AI Engineering,3.9,High School,New York,Vietnam,Fully Remote,Enterprise,Education,73.4,6.5,PyTorch|Airflow|AutoGen|React|Azure|BERT,6,52600,127600,12600,Top,Junior,2026,9,0,0,1,9.93
14573,Machine Learning Engineer,IT Operations,14.1,PhD,Tokyo,Germany,Fully Remote,Mid-size,E-commerce,92.6,7.1,FastAPI|TensorFlow|Java|React|SQL|Airflow|BERT|C++,8,,85300,39200,Top,Junior,2026,5,0,1,0,25.61
14574,AI Agent Developer,Product Management,8,PhD,Berlin,Japan,Hybrid,Mid-size,Healthcare,93.7,5.5,Docker|TensorFlow|AutoGen|C++|AWS|FastAPI|BERT|Airflow|Azure|PyTorch,10,58000,121100,96400,Medium,Lead,2026,12,1,0,1,8.04
14575,Software Engineer,Product Management,12.5,High School,Ho Chi Minh City,UK,Fully Remote,Big Tech (FAANG+),E-commerce,67.8,9.3,FastAPI|AutoGen|AWS|BERT|Docker|PyTorch|TensorFlow|Azure|React|SQL,10,64800,82400,52800,Top,Junior,2026,11,0,1,0,8.56
14576,AI Agent Developer,Software Engineering,5.5,Master's,Singapore,Japan,On-site,Big Tech (FAANG+),Finance,68.8,5.9,Java|Airflow|Python,3,36600,61100,91400,Top,Junior,2026,1,1,1,0,41.71
14577,Product Manager,IT Operations,1.5,Bachelor's,Berlin,Vietnam,On-site,Mid-size,Tech,75.4,1.9,C++|AWS|Java|CUDA|Docker,5,41000,168000,88900,Top,Junior,2026,1,0,1,0,35.15
14578,AI Agent Developer,IT Operations,10.1,Associate's,New York,Germany,Fully Remote,Mid-size,Automotive,52.1,9.4,Airflow|CUDA|Azure|TensorFlow|SQL|React|AutoGen|Java,8,31800,73200,55600,High,Lead,2026,1,1,0,0,9.43
14579,Product Manager,Data Science,0.1,PhD,London,USA,Fully Remote,Enterprise,Education,99.8,2.2,AWS|AutoGen,2,77700,46000,98800,Top,Senior,2026,2,0,0,1,19.33
14580,AI Agent Developer,AI Engineering,7.1,Bachelor's,Tokyo,Singapore,On-site,Big Tech (FAANG+),Finance,68,10,Airflow|TensorFlow|PyTorch,3,,32600,108700,Medium,Lead,2026,4,1,1,1,45.84
14581,Data Scientist,Software Engineering,2.9,Associate's,New York,UK,Hybrid,Startup,Education,73.5,4.9,BERT|FastAPI|PyTorch|AutoGen|CUDA|React|TensorFlow|Azure|AWS,9,57800,152400,38300,Top,Junior,2026,6,1,0,1,43.51
14582,Data Analyst,IT Operations,9.4,Associate's,Beijing,Vietnam,On-site,Startup,Automotive,87.7,1.7,CUDA|TensorFlow|Docker|SQL,4,52700,106900,97200,Medium,Senior,2026,7,1,0,1,32.72
14583,Data Scientist,Data Science,14.7,PhD,London,Germany,Hybrid,Startup,Education,64.9,8.8,React,1,25000,133600,rxx51sxveavlt43,Medium,Lead,2026,5,1,0,0,14.2
14584,Data Scientist,AI Engineering,7,Master's,London,USA,Fully Remote,Startup,E-commerce,60.1,1.8,Python|CUDA|Docker|Java|SQL|AWS|Azure|TensorFlow|Airflow,9,35700,174400,36000,High,Lead,2026,7,0,1,1,18.66
14585,DevOps Engineer,Software Engineering,12.3,Master's,London,Japan,Fully Remote,Mid-size,Automotive,56.4,2.6,Python|BERT|CUDA|PyTorch|AutoGen,5,44200,79600,81100,Medium,Senior,2026,2,1,0,1,32.66
14586,DevOps Engineer,Software Engineering,7.6,Bachelor's,New York,Germany,Hybrid,Mid-size,Finance,76.4,4.8,,0,,184800,88800,High,,2026,6,0,0,1,28.02
14587,AI Agent Developer,IT Operations,7.4,Bachelor's,Beijing,Singapore,Hybrid,Enterprise,Tech,50.3,7.1,BERT|Python|Java|Airflow|AWS|Azure|AutoGen,7,61300,95100,73500,Medium,Senior,2026,3,1,1,0,28.03
14588,Product Manager,Software Engineering,14,High School,Tokyo,USA,On-site,Startup,Finance,85.5,2.1,React|TensorFlow|AWS|Python|Azure|C++,6,17200,103000,120200,Medium,Senior,2026,12,0,0,1,21.17
14589,Data Scientist,Data Science,13.3,Master's,Berlin,Vietnam,Hybrid,Mid-size,Healthcare,73.1,6.6,,0,24200,155900,93600,High,Mid,2026,9,1,0,1,4.51
14590,AI Agent Developer,Software Engineering,11.8,Bachelor's,New York,Germany,Fully Remote,Mid-size,Automotive,76.6,8,AWS,1,37400,101600,73400,High,,2026,10,0,0,1,6.08
14591,DevOps Engineer,Product Management,4.4,High School,Ho Chi Minh City,Singapore,Fully Remote,Mid-size,Finance,63.2,2.1,BERT|CUDA|AWS|Docker|C++|FastAPI,6,18500,133500,79200,Medium,Mid,2026,10,0,1,1,41.77
14592,Data Analyst,Data Science,8.2,Associate's,Ho Chi Minh City,Germany,Fully Remote,Startup,E-commerce,58.9,6.8,FastAPI,1,70000,80800,150700,Medium,,2026,4,0,1,0,44.21
14593,Software Engineer,AI Engineering,3.4,Bachelor's,New York,China,Hybrid,Mid-size,E-commerce,85,9.6,FastAPI|Java|PyTorch|Python,4,72800,116000,86900,Low,Junior,2026,5,0,0,0,44.68
14594,AI Agent Developer,AI Engineering,6.7,High School,Berlin,UK,Hybrid,Big Tech (FAANG+),Education,60.5,9.7,BERT,1,,156000,110000,Medium,Junior,2026,12,1,0,0,23.73
14595,Data Analyst,IT Operations,7.3,Master's,Ho Chi Minh City,Germany,Fully Remote,Startup,Finance,89,2.5,Airflow|BERT,2,55800,124000,99000,High,Junior,2026,5,0,1,0,46.78
14596,Software Engineer,IT Operations,12.5,Associate's,Berlin,Singapore,Hybrid,Startup,Education,60.2,7.8,,0,41900,,46300,Medium,,2026,12,1,1,1,41.89
14597,Machine Learning Engineer,Product Management,13.4,Bachelor's,London,USA,On-site,Big Tech (FAANG+),Healthcare,80.6,8.6,CUDA|PyTorch|FastAPI|C++|AWS|Azure,6,49800,103200,48600,Low,Junior,2026,2,0,1,1,19.21
14598,AI Agent Developer,AI Engineering,6.2,Master's,New York,UK,On-site,Enterprise,Automotive,82.2,9,FastAPI|SQL|TensorFlow|AWS,4,60700,,74300,Medium,,2026,4,1,1,1,11.15
14599,AI Agent Developer,AI Engineering,0.3,Associate's,London,Vietnam,Hybrid,Enterprise,Healthcare,75.3,3.9,Docker|BERT|PyTorch|C++,4,8800,96900,72300,Top,Senior,2026,7,1,1,0,36.43
14600,Machine Learning Engineer,AI Engineering,12.9,PhD,Ho Chi Minh City,Singapore,Hybrid,Startup,Tech,99.8,3.4,Azure,1,71400,160300,82500,Low,Lead,2026,11,1,0,1,36.27
14601,Machine Learning Engineer,AI Engineering,2.6,Master's,Berlin,UK,Fully Remote,Startup,Education,68.8,1.4,,0,60400,105300,106300,High,Mid,2026,12,0,1,0,44.51
14602,AI Agent Developer,Software Engineering,9.3,PhD,London,China,Hybrid,Startup,Finance,94.2,4.6,PyTorch|CUDA,2,71700,134400,95700,Top,Junior,2026,2,1,0,1,2.52
14603,Machine Learning Engineer,Data Science,0.4,Bachelor's,Ho Chi Minh City,Vietnam,Fully Remote,Big Tech (FAANG+),Education,58.5,2.1,CUDA|BERT|Docker|AWS|React|SQL,6,12900,120000,38100,High,Senior,2026,5,0,0,1,17.63
14604,Data Scientist,Data Science,6,High School,Singapore,Germany,On-site,Mid-size,Healthcare,66.9,8.1,AWS,1,49300,152000,58800,Medium,Junior,2026,5,1,1,0,1.74
14605,Software Engineer,Product Management,14.8,Bachelor's,Beijing,Singapore,Hybrid,Big Tech (FAANG+),Tech,57.3,2.3,Airflow|AutoGen|Docker|SQL|AWS|CUDA|FastAPI|Azure|React|C++,10,,58200,116000,Low,Mid,2026,5,0,0,1,10.52
14606,Software Engineer,Software Engineering,1.5,Master's,London,Japan,On-site,Mid-size,Healthcare,80.2,8.4,AWS|C++,2,58700,108300,90600,High,Mid,2026,7,0,1,1,19.98
14607,Software Engineer,AI Engineering,6.4,PhD,Beijing,Vietnam,Hybrid,Mid-size,Tech,81.9,2,CUDA|React|FastAPI|PyTorch|AWS|SQL|Docker,7,67100,174300,35900,Medium,Mid,2026,10,0,1,1,6.15
14608,Data Scientist,AI Engineering,4.6,PhD,Beijing,Singapore,Hybrid,Enterprise,E-commerce,72.7,5.3,Docker|C++|Python|Java|FastAPI|Azure|React,7,59100,73700,70400,High,Junior,2026,7,0,1,1,41.11
14609,Product Manager,IT Operations,13.6,Associate's,Tokyo,Vietnam,Fully Remote,Big Tech (FAANG+),E-commerce,86,4.5,Docker|TensorFlow,2,11000,,27600,Top,Senior,2026,12,1,0,0,10.14
14610,Machine Learning Engineer,IT Operations,13,Bachelor's,San Francisco,China,Fully Remote,Big Tech (FAANG+),Finance,93.4,6.4,,0,73000,66200,101900,Medium,Senior,2026,11,1,0,1,20.57
14611,Data Analyst,Product Management,3.6,Bachelor's,Ho Chi Minh City,USA,Hybrid,Startup,Healthcare,88.8,5.7,C++,1,40400,89100,88400,Low,,2026,8,0,1,0,40.08
14612,Machine Learning Engineer,AI Engineering,1.2,Master's,New York,Vietnam,Hybrid,Big Tech (FAANG+),E-commerce,62.1,6.4,Azure|C++|PyTorch|BERT|TensorFlow|FastAPI|AWS|SQL|React,9,54000,,70200,Medium,Lead,2026,11,0,0,1,5.84
14613,AI Agent Developer,Product Management,9.4,PhD,Berlin,Singapore,Fully Remote,Mid-size,Education,66,1,FastAPI|C++|Azure,3,81100,106100,73200,High,Lead,2026,1,0,0,0,30.98
14614,DevOps Engineer,Software Engineering,5,Master's,Singapore,USA,On-site,Mid-size,Automotive,69,2.1,Azure|Python|SQL|TensorFlow,4,49800,19200,88800,Medium,Mid,2026,3,0,0,1,47.03
14615,Software Engineer,Data Science,10.1,Master's,Ho Chi Minh City,UK,Hybrid,Big Tech (FAANG+),Education,60.2,5.7,AutoGen|BERT|PyTorch|CUDA|Java|React|AWS|Docker|SQL,9,43000,116400,106100,High,Senior,2026,1,0,0,1,22.71
14616,Machine Learning Engineer,AI Engineering,0.5,PhD,Tokyo,Japan,Fully Remote,Enterprise,E-commerce,68.1,3.1,FastAPI|Airflow|AWS|SQL|C++|PyTorch,6,26700,105400,85900,Low,Junior,2026,7,1,1,0,12.01
14617,Data Analyst,Software Engineering,2,Master's,Tokyo,China,Hybrid,Enterprise,E-commerce,61.9,1.7,CUDA|FastAPI|Docker|Python|Azure|Airflow|SQL,7,23400,78300,93100,High,Senior,2026,5,1,1,0,47.16
14618,AI Agent Developer,AI Engineering,10.3,PhD,Singapore,Germany,Fully Remote,Startup,Healthcare,99.8,3,,0,25800,89900,84900,Top,Junior,2026,2,1,1,1,2.71
14619,Data Scientist,IT Operations,3.2,Master's,London,Singapore,On-site,Startup,Tech,89.2,8,Azure|AutoGen|Docker|TensorFlow|React|CUDA,6,49300,17500,109500,High,Lead,2026,10,1,1,0,15.58
14620,Product Manager,Product Management,12.9,High School,Berlin,Singapore,Hybrid,Mid-size,Automotive,93,5.9,React|SQL|Azure|BERT|C++|AWS|TensorFlow|Airflow|Python,9,,,120400,Low,Mid,2026,2,1,0,1,40.87
14621,Data Scientist,IT Operations,0.9,Master's,Tokyo,Singapore,Hybrid,Big Tech (FAANG+),Automotive,96.1,2.7,C++|BERT|CUDA|AWS|Azure|Airflow|FastAPI|Docker|React,9,43800,129200,58500,Top,Mid,2026,7,1,1,1,7.7
14622,Data Analyst,Data Science,3.2,Master's,New York,Vietnam,On-site,Mid-size,Tech,83.3,1.1,FastAPI,1,49400,106900,70200,Low,Lead,2026,5,0,0,1,4.2
14623,AI Agent Developer,IT Operations,15,High School,Ho Chi Minh City,Japan,Hybrid,Mid-size,Healthcare,58.8,4.2,AutoGen|Java|Airflow|SQL|Docker|Azure|FastAPI|PyTorch,8,63800,140500,76400,Medium,Mid,2026,4,0,0,0,22.9
14624,Software Engineer,AI Engineering,6.5,Bachelor's,New York,Japan,Hybrid,Big Tech (FAANG+),E-commerce,87.9,4.2,Docker|PyTorch|Java|AWS|React|FastAPI|BERT|AutoGen,8,,174400,57800,Low,Lead,2026,8,1,0,0,16.59
14625,Machine Learning Engineer,IT Operations,10.5,PhD,London,USA,Hybrid,Mid-size,Tech,50.8,7.6,SQL|FastAPI|CUDA|Azure|Airflow|Python|PyTorch|TensorFlow,8,77500,67000,66000,Top,Senior,2026,3,0,1,1,39.86
14626,AI Agent Developer,AI Engineering,2.7,Associate's,San Francisco,Vietnam,Fully Remote,Mid-size,Automotive,55.7,9.3,AutoGen|AWS,2,40200,64400,73200,High,Junior,2026,3,1,0,1,16.86
14627,Product Manager,Data Science,9.1,High School,Ho Chi Minh City,Singapore,Fully Remote,Enterprise,Automotive,51.5,4.3,,0,74500,138000,75500,Medium,Mid,2026,8,0,1,1,33.49
14628,Data Scientist,IT Operations,10.9,Bachelor's,London,Japan,Hybrid,Startup,E-commerce,56.8,7.2,AutoGen|Azure|BERT|SQL|React,5,62000,93800,64600,Low,Lead,2026,2,0,1,1,28.01
14629,Product Manager,Product Management,4.7,Master's,Berlin,Singapore,On-site,Enterprise,E-commerce,87.6,6.7,C++,1,51700,92700,61700,High,Junior,2026,3,0,0,0,29.85
14630,Product Manager,Product Management,12.4,Bachelor's,Berlin,Singapore,On-site,Startup,Finance,94.3,4.8,TensorFlow|PyTorch|Java|SQL|Docker|React|AWS|CUDA,8,37800,,76400,Low,,2026,4,1,0,0,25.56
14631,Data Analyst,Product Management,9.1,High School,San Francisco,Singapore,Hybrid,Startup,Education,63.9,1.6,Python|SQL|Docker|AWS|CUDA|C++|TensorFlow|PyTorch|FastAPI|Azure,10,68900,149900,54800,High,Mid,2026,10,0,0,1,6.77
14632,Data Analyst,IT Operations,5.8,Master's,New York,China,Fully Remote,Startup,Tech,56,5.3,CUDA|BERT|Airflow|Python|Java|PyTorch|FastAPI|Azure,8,47800,106400,84200,Low,Junior,2026,3,0,1,0,3.1
14633,Machine Learning Engineer,IT Operations,8.4,Bachelor's,New York,Germany,Fully Remote,Enterprise,E-commerce,63.6,4.2,Airflow|PyTorch|Python|Java|C++,5,39900,120500,44100,Medium,Mid,2026,12,1,0,0,27.19
14634,Data Analyst,IT Operations,8.7,Associate's,Berlin,UK,Hybrid,Big Tech (FAANG+),Finance,82.4,6,AutoGen|SQL|CUDA|TensorFlow|C++,5,,108500,74500,Medium,Junior,2026,8,0,0,1,32.47
14635,Data Analyst,AI Engineering,2.5,PhD,Beijing,UK,Fully Remote,Mid-size,Healthcare,67.5,2.1,Python|Azure|Java|AutoGen|React|AWS|PyTorch|BERT,8,7800,47400,116600,Medium,Junior,2026,6,1,0,1,36.27
14636,AI Agent Developer,Data Science,6,PhD,Berlin,USA,Fully Remote,Big Tech (FAANG+),Automotive,98.1,7.5,Java|Airflow|Docker|TensorFlow|C++|BERT|React|Azure|FastAPI|PyTorch,10,80300,114100,68900,High,Lead,2026,3,0,1,1,36.11
14637,Software Engineer,Product Management,5.2,High School,Singapore,Japan,On-site,Big Tech (FAANG+),Tech,56.5,8.1,Docker|React|SQL|Python|AWS|TensorFlow,6,90600,94400,97200,Medium,Junior,2026,7,1,1,0,37.02
14638,Machine Learning Engineer,AI Engineering,6,Master's,Ho Chi Minh City,UK,Hybrid,Startup,Education,99.5,4.5,Airflow|Java|TensorFlow|AWS|PyTorch|React,6,32200,73800,46800,Medium,Senior,2026,4,1,0,1,1.02
14639,AI Agent Developer,Product Management,11.4,Master's,Singapore,USA,Fully Remote,Startup,Healthcare,50.6,2.6,CUDA|Airflow|TensorFlow,3,36900,84800,64600,Medium,Mid,2026,3,0,1,0,11.17
14640,Software Engineer,AI Engineering,7.2,PhD,London,Germany,Fully Remote,Enterprise,Tech,72.6,6.6,CUDA|C++|FastAPI,3,27700,50000,91400,High,Lead,2026,2,1,1,1,36.48
14641,Product Manager,IT Operations,14.1,Bachelor's,Berlin,Singapore,Fully Remote,Enterprise,Tech,62.6,9.6,SQL|BERT|Docker|C++,4,67400,38500,12100,Medium,Junior,2026,8,0,0,1,6.18
14642,AI Agent Developer,Product Management,4.4,Master's,Berlin,Vietnam,Hybrid,Mid-size,E-commerce,78.3,7.3,PyTorch|TensorFlow|Azure|React|C++|BERT|FastAPI|Java|AutoGen,9,37200,,90400,Top,Senior,2026,8,1,0,1,9.33
14643,DevOps Engineer,IT Operations,6.2,Associate's,San Francisco,China,Hybrid,Big Tech (FAANG+),Finance,54.8,2.1,Python|AutoGen,2,47500,66500,73000,Medium,Senior,2026,2,0,0,0,32.98
14644,AI Agent Developer,Product Management,11.8,Associate's,San Francisco,Germany,Fully Remote,Big Tech (FAANG+),Tech,93.8,4.6,CUDA|Docker|Python|AWS|BERT|PyTorch|Azure|React|C++|FastAPI,10,62700,176900,66400,Low,Senior,2026,9,0,0,0,40.41
14645,Data Analyst,Software Engineering,8.2,Master's,Tokyo,Germany,On-site,Mid-size,Education,56.8,9.2,React|AutoGen|Airflow|Azure,4,17900,156200,111300,High,Lead,2026,12,1,1,0,8.12
14646,Software Engineer,AI Engineering,8.2,Master's,London,UK,On-site,Startup,Healthcare,79.4,6.7,,0,19300,,38400,Medium,Junior,2026,7,0,1,1,27.54
14647,Machine Learning Engineer,Software Engineering,0.8,PhD,Tokyo,UK,Hybrid,Enterprise,Education,51.7,2.3,Java|AutoGen|SQL|CUDA|PyTorch|C++|TensorFlow|FastAPI,8,56700,121200,84800,Medium,Junior,2026,11,1,1,1,9.07
14648,Machine Learning Engineer,AI Engineering,6,High School,London,China,On-site,Mid-size,Tech,65.5,7.5,C++|BERT|Python|AutoGen|Docker|Java|TensorFlow|Airflow|SQL,9,42300,99800,95800,Medium,Senior,2026,6,0,1,1,10.43
14649,Software Engineer,Data Science,4.1,PhD,Singapore,Vietnam,Fully Remote,Big Tech (FAANG+),Education,57.5,4.2,Airflow|FastAPI|CUDA,3,30200,78700,56900,Low,Lead,2026,3,1,0,1,24.1
14650,Data Analyst,Product Management,15,High School,Ho Chi Minh City,Germany,Hybrid,Mid-size,Education,98.9,5.4,BERT|SQL,2,50000,62400,23800,Low,Mid,2026,3,1,1,1,33.69
14651,Data Scientist,Data Science,4.6,Associate's,London,Japan,Hybrid,Mid-size,Finance,50.6,4.7,C++,1,47500,87300,82500,Low,Junior,2026,4,0,1,1,28.71
14652,AI Agent Developer,Data Science,13.3,High School,New York,UK,On-site,Big Tech (FAANG+),Automotive,67.6,7.5,,0,31800,80700,95800,Medium,Junior,2026,11,1,1,1,4.62
14653,Data Analyst,AI Engineering,10.1,PhD,San Francisco,Germany,Hybrid,Big Tech (FAANG+),Tech,65.1,3,,0,53200,,112000,High,,2026,9,1,1,0,14.28
14654,DevOps Engineer,Software Engineering,5.1,Master's,Berlin,Vietnam,On-site,Enterprise,Healthcare,82.9,4.5,Azure|TensorFlow|AutoGen|Docker|AWS,5,30100,182200,34300,High,Junior,2026,8,0,0,0,46.91
14655,Product Manager,IT Operations,8.2,High School,San Francisco,USA,On-site,Enterprise,Automotive,52.8,7.7,Java|Airflow|SQL|PyTorch,4,64400,96300,68200,Low,Mid,2026,2,1,0,0,31.38
14656,Software Engineer,AI Engineering,12.6,PhD,London,Vietnam,Fully Remote,Big Tech (FAANG+),Education,90.5,7.3,C++|CUDA|SQL|Azure,4,46100,50200,130200,Medium,Mid,2026,5,0,0,1,32.91
14657,AI Agent Developer,IT Operations,13.3,Associate's,Ho Chi Minh City,Germany,On-site,Enterprise,Automotive,73.3,2.8,React|Airflow|AWS|TensorFlow,4,86800,91900,81400,High,Junior,2026,10,0,0,0,10.56
14658,Machine Learning Engineer,Data Science,2.4,High School,London,Germany,On-site,Enterprise,E-commerce,72.6,4.2,,0,23900,,82500,Medium,Senior,2026,6,0,1,0,47.91
14659,Product Manager,IT Operations,5.1,Associate's,Berlin,China,Hybrid,Enterprise,E-commerce,61.3,1.1,,0,38200,181600,89600,Top,Junior,2026,5,0,0,1,10.33
14660,Data Scientist,Software Engineering,5,Associate's,Beijing,Germany,Fully Remote,Big Tech (FAANG+),Tech,74.5,5.8,,0,68700,45900,75800,Low,Senior,2026,1,1,1,1,12.56
14661,DevOps Engineer,AI Engineering,0.6,Bachelor's,London,UK,Fully Remote,Startup,Healthcare,68.2,3.5,Azure|AWS|FastAPI|Docker|React|TensorFlow|Airflow|BERT|CUDA|Java,10,29000,101700,67900,Low,,2026,9,1,1,0,25.5
14662,Machine Learning Engineer,Software Engineering,9,High School,New York,Japan,On-site,Startup,E-commerce,62.3,1.1,FastAPI|SQL|Azure,3,50700,114400,70000,Top,Lead,2026,10,1,0,0,24.8
14663,Software Engineer,Software Engineering,12.8,PhD,San Francisco,China,Hybrid,Enterprise,Education,58.4,4.8,AWS|C++|FastAPI|Python|AutoGen,5,10400,140200,111200,Medium,Senior,2026,12,1,1,0,1.63
14664,AI Agent Developer,AI Engineering,5.7,High School,Berlin,Germany,Hybrid,Startup,Finance,86.4,9.3,Python,1,28600,93000,93900,High,Mid,2026,6,1,0,0,37.19
14665,Software Engineer,Software Engineering,11.1,High School,Ho Chi Minh City,Vietnam,Hybrid,Enterprise,Finance,57.1,9.3,PyTorch,1,31300,100300,84300,High,,2026,5,0,0,0,4.82
14666,Product Manager,Product Management,9.4,Associate's,Singapore,Germany,Fully Remote,Startup,Education,58.4,4.3,SQL|Docker|CUDA|React,4,46600,83200,27600,Top,Senior,2026,11,1,0,1,2.7
14667,AI Agent Developer,Product Management,5.6,Associate's,Singapore,Vietnam,Fully Remote,Startup,Automotive,78.9,5,,0,69800,47900,61900,Low,Junior,2026,6,0,1,0,25.36
14668,Data Analyst,Product Management,2.1,Associate's,Berlin,Vietnam,On-site,Mid-size,Education,61.3,3.2,AutoGen|FastAPI|SQL|Airflow|TensorFlow|AWS|PyTorch,7,44600,137800,127900,Medium,Lead,2026,3,0,1,0,2.41
14669,Data Scientist,IT Operations,10.6,Associate's,Tokyo,Germany,On-site,Enterprise,Automotive,73,1.6,FastAPI|AWS|C++|Python|BERT|Docker|SQL,7,43500,62000,55200,Top,Mid,2026,9,1,0,0,10.03
14670,Data Analyst,Software Engineering,12.8,PhD,Beijing,Vietnam,Hybrid,Startup,Automotive,77.6,7.2,TensorFlow,1,33900,37200,76900,Top,Lead,2026,12,0,1,1,19.55
14671,Data Analyst,AI Engineering,10.3,Master's,Ho Chi Minh City,Japan,On-site,Startup,Finance,63.7,8.2,AWS|TensorFlow|PyTorch|Airflow,4,27100,81300,72500,Low,Senior,2026,4,1,1,0,30.16
14672,Software Engineer,AI Engineering,0.3,Bachelor's,Beijing,USA,Hybrid,Mid-size,E-commerce,67.2,8.9,Azure|SQL|React|Java|PyTorch|Airflow|CUDA|Docker|AWS,9,,32800,38800,High,Lead,2026,6,0,1,1,39.14
14673,Product Manager,IT Operations,3.2,Associate's,Singapore,China,Fully Remote,Startup,Education,60.5,9.4,FastAPI|BERT|AutoGen|AWS|PyTorch|Python|Java|TensorFlow|SQL|C++,10,53500,83800,51400,Medium,Lead,2026,6,1,1,1,14.48
14674,Data Scientist,AI Engineering,1,Associate's,Beijing,Germany,On-site,Mid-size,E-commerce,73,9.2,Docker|CUDA|Java|C++,4,43500,81600,35200,Medium,Lead,2026,2,1,1,0,23.56
14675,AI Agent Developer,Product Management,8.6,Bachelor's,New York,Singapore,Hybrid,Startup,Tech,99.6,1.2,CUDA|React,2,82100,96300,32600,Low,Senior,2026,9,1,1,0,47.7
14676,AI Agent Developer,Software Engineering,11.3,Associate's,San Francisco,USA,Fully Remote,Mid-size,Healthcare,68.1,9.8,Java|TensorFlow|AWS|FastAPI|Docker|SQL|CUDA|AutoGen,8,-5500,80900,87000,Medium,Lead,2026,2,1,0,1,19.51
14677,DevOps Engineer,AI Engineering,1.7,Master's,Singapore,Vietnam,Hybrid,Mid-size,Finance,82.7,4.4,React|Azure|CUDA|TensorFlow|PyTorch|FastAPI|Python|C++|Airflow,9,70400,102200,55800,Medium,Lead,2026,10,0,0,1,35.48
14678,Machine Learning Engineer,AI Engineering,12.6,High School,London,Vietnam,On-site,Big Tech (FAANG+),Automotive,81.8,9,,0,18500,175000,121800,Medium,Junior,2026,12,0,1,1,13.57
14679,DevOps Engineer,Data Science,8.3,Bachelor's,New York,China,Hybrid,Enterprise,Healthcare,89.3,5,Docker|CUDA|AutoGen,3,52700,200,95300,Medium,Mid,2026,5,0,0,1,31.16
14680,DevOps Engineer,Data Science,10.3,PhD,New York,USA,Fully Remote,Big Tech (FAANG+),Automotive,85.6,4.8,CUDA|PyTorch|TensorFlow,3,69300,161200,73900,Low,Senior,2026,11,1,0,0,40.24
14681,AI Agent Developer,Data Science,14.6,Bachelor's,Tokyo,USA,On-site,Enterprise,Healthcare,50.6,1.1,Airflow|Python|Java|React|Azure|Docker|CUDA|AWS|SQL,9,14300,42500,94700,Medium,Lead,2026,2,0,0,1,45.71
14682,Software Engineer,Software Engineering,1.3,Master's,New York,Germany,Fully Remote,Startup,Healthcare,65.5,1.5,AutoGen|PyTorch|FastAPI|SQL|Python|React,6,,118100,19800,High,Lead,2026,9,0,1,0,46.88
14683,Data Analyst,Product Management,13.5,PhD,Ho Chi Minh City,Vietnam,On-site,Enterprise,E-commerce,93.5,7,Docker,1,47200,150800,72300,Low,Junior,2026,2,0,1,1,15.1
14684,Product Manager,Product Management,1.9,High School,London,Singapore,Hybrid,Big Tech (FAANG+),Tech,77,9.4,Azure|React|C++|Python|FastAPI|AWS|AutoGen|TensorFlow|SQL|BERT,10,33900,92300,101600,Medium,,2026,8,1,0,1,10.04
14685,Data Analyst,Product Management,5.9,Associate's,London,UK,Fully Remote,Enterprise,Tech,55.2,3,AutoGen|CUDA|C++|Python|Docker|TensorFlow|BERT|Airflow,8,54400,108100,41900,Top,,2026,11,0,1,1,40.7
14686,Data Analyst,Software Engineering,12.8,Bachelor's,Singapore,Singapore,Fully Remote,Big Tech (FAANG+),Automotive,63.8,1.8,PyTorch|FastAPI|C++|Java,4,60500,129400,92400,Low,Lead,2026,11,0,0,0,31.48
14687,Data Scientist,Software Engineering,13.6,PhD,Ho Chi Minh City,Germany,Hybrid,Enterprise,Finance,64.2,2.9,Airflow|AWS|Java|BERT|TensorFlow|Docker,6,97500,141900,81400,High,Senior,2026,1,1,1,0,20.72
14688,AI Agent Developer,Data Science,7.6,Bachelor's,New York,Germany,Fully Remote,Startup,Tech,93.7,2.9,C++|Docker|FastAPI|Python|Azure|Java|AWS,7,,53200,35700,Medium,Lead,2026,3,0,1,1,1.81
14689,Product Manager,AI Engineering,8.9,High School,New York,Germany,Fully Remote,Startup,Finance,77.7,3.6,Python|TensorFlow|C++,3,66900,116800,114500,Medium,Lead,2026,7,1,0,0,15.39
14690,Software Engineer,IT Operations,10.6,Bachelor's,Beijing,China,Fully Remote,Enterprise,Automotive,80.4,1.9,React|AWS|FastAPI|PyTorch|Docker|TensorFlow,6,52400,97600,103700,Top,Senior,2026,11,0,0,0,5.57
14691,Data Scientist,IT Operations,12.5,PhD,Singapore,China,Fully Remote,Enterprise,Finance,68.4,3.1,FastAPI|CUDA|Airflow|React|SQL,5,57100,119800,90600,Top,Senior,2026,6,0,0,0,24.6
14692,Machine Learning Engineer,AI Engineering,1.8,Master's,Singapore,Germany,Hybrid,Startup,Healthcare,53,9.3,Airflow,1,45000,119600,41000,Low,Lead,2026,11,0,1,1,41.37
14693,Software Engineer,Data Science,12.2,PhD,Beijing,Japan,Fully Remote,Enterprise,Healthcare,53.8,9,BERT|PyTorch|Python,3,34800,97600,53600,Low,Senior,2026,2,1,1,0,15.63
14694,DevOps Engineer,AI Engineering,7.2,Bachelor's,Tokyo,UK,Fully Remote,Mid-size,Automotive,71,3.8,FastAPI|Docker|PyTorch,3,57700,100400,72000,Low,Mid,2026,9,1,0,1,17.88
14695,Software Engineer,AI Engineering,6.8,High School,Berlin,USA,Fully Remote,Startup,Finance,58.9,10,C++|SQL|Docker|Airflow|TensorFlow|Azure|Java|AutoGen,8,30100,121700,110900,Top,Senior,2026,2,0,0,0,39.16
14696,Software Engineer,IT Operations,6.4,Associate's,Beijing,USA,On-site,Startup,Finance,55.2,3.7,AWS,1,9900,82100,69300,Low,Senior,2026,6,1,0,1,22.8
14697,Data Analyst,Data Science,7.6,Associate's,London,Vietnam,On-site,Big Tech (FAANG+),Automotive,63.1,7.5,C++|SQL|Airflow,3,52100,130300,79600,Low,Senior,2026,1,1,0,0,33.41
14698,Software Engineer,Software Engineering,14.2,High School,San Francisco,USA,Hybrid,Big Tech (FAANG+),Tech,87.1,6.8,,0,33500,70500,56800,Medium,Senior,2026,11,1,0,1,9.43
14699,DevOps Engineer,IT Operations,8.2,Bachelor's,Ho Chi Minh City,Singapore,Hybrid,Mid-size,E-commerce,53.7,1.6,Docker,1,44200,179300,118800,Low,Lead,2026,3,1,0,0,12.55
14700,DevOps Engineer,Software Engineering,14.3,High School,New York,USA,Hybrid,Enterprise,Tech,72.4,4.1,React|Airflow|CUDA|SQL|Java|Python|C++|AutoGen|AWS|PyTorch,10,16600,119600,49400,Low,Junior,2026,5,1,0,0,31.75
14701,AI Agent Developer,Data Science,2.7,Bachelor's,Berlin,UK,Fully Remote,Mid-size,Education,91.3,9.6,CUDA|Python|Azure|AWS,4,69100,110200,79200,Top,Lead,2026,7,0,1,0,5.6
14702,Software Engineer,AI Engineering,10.9,PhD,Beijing,USA,On-site,Enterprise,E-commerce,63.4,1.5,CUDA,1,-3900,,107700,Low,Lead,2026,3,0,1,0,8.76
14703,Data Analyst,Product Management,12.2,Master's,Singapore,Singapore,On-site,Big Tech (FAANG+),Finance,65.1,2.6,Airflow,1,,95300,61000,High,Mid,2026,9,1,1,1,15.88
14704,Software Engineer,Product Management,10.2,Bachelor's,Berlin,UK,Hybrid,Enterprise,E-commerce,94.2,9.7,SQL|Azure|Airflow|AutoGen|BERT|Java|CUDA|FastAPI,8,60500,117200,68300,Top,Lead,2026,4,1,1,1,9.02
14705,Machine Learning Engineer,Data Science,9.1,Associate's,Ho Chi Minh City,China,On-site,Big Tech (FAANG+),E-commerce,82.5,1.4,Docker|C++|Azure|PyTorch|SQL|BERT|Airflow|TensorFlow|React|Java,10,,149600,52600,Medium,Lead,2026,9,1,1,0,48.77
14706,Machine Learning Engineer,Product Management,8.5,Associate's,San Francisco,UK,Hybrid,Startup,Finance,89.9,5,,0,70600,54200,40000,Low,Mid,2026,3,1,1,0,12.81
14707,Data Analyst,Software Engineering,12.9,Master's,Ho Chi Minh City,China,Fully Remote,Startup,Healthcare,64.5,9.3,BERT|CUDA|SQL|Python|C++,5,26400,46300,43700,Medium,Mid,2026,11,0,1,1,47.73
14708,AI Agent Developer,Product Management,12.3,Bachelor's,Singapore,UK,On-site,Enterprise,E-commerce,99.8,9.5,BERT|Airflow|Java|CUDA|FastAPI|Docker|Azure|C++,8,89200,81500,114600,Medium,Senior,2026,12,0,1,1,42.32
14709,AI Agent Developer,Data Science,1.8,Master's,Berlin,Germany,Fully Remote,Big Tech (FAANG+),Automotive,57,9.8,C++|Azure|BERT|PyTorch|AWS,5,32000,83900,35200,Low,,2026,3,0,1,0,16.63
14710,DevOps Engineer,Data Science,12.7,PhD,Berlin,Singapore,Fully Remote,Mid-size,Tech,98.1,5.3,PyTorch|FastAPI|TensorFlow|SQL|CUDA|C++|React,7,63200,82300,56500,High,Mid,2026,4,1,1,0,27.44
14711,DevOps Engineer,Software Engineering,6.2,Master's,Tokyo,Japan,On-site,Big Tech (FAANG+),Finance,95.1,1.8,FastAPI|Azure|React|BERT|PyTorch,5,86400,119100,41300,High,Lead,2026,2,0,1,1,16.9
14712,Data Scientist,Product Management,3.8,PhD,Berlin,China,Hybrid,Big Tech (FAANG+),Finance,77.6,8,SQL|C++|PyTorch|FastAPI,4,45800,,55200,Medium,Lead,2026,5,1,1,0,35.16
14713,Data Analyst,Product Management,13,Associate's,New York,China,On-site,Big Tech (FAANG+),E-commerce,79.3,7.4,TensorFlow|CUDA|Docker,3,35600,90800,67800,Low,Lead,2026,9,0,0,0,18.1
14714,Software Engineer,AI Engineering,6.5,PhD,San Francisco,USA,Fully Remote,Startup,Healthcare,88.8,6.2,TensorFlow|BERT|FastAPI|C++|Azure|AutoGen|Airflow,7,65900,154500,79000,Medium,Senior,2026,8,1,0,0,23.32
14715,Product Manager,IT Operations,12.1,Bachelor's,San Francisco,China,Hybrid,Big Tech (FAANG+),Healthcare,65.3,9,Docker|C++|FastAPI|PyTorch|Airflow|React|BERT|Azure,8,38500,192000,110600,Top,Senior,2026,8,0,0,1,35.94
14716,Data Analyst,Data Science,4,Bachelor's,San Francisco,UK,Fully Remote,Enterprise,Tech,76.4,9.2,React|PyTorch|Python|FastAPI|Azure|BERT|TensorFlow,7,32700,121900,98300,Medium,Lead,2026,8,1,0,0,20.82
14717,Data Scientist,AI Engineering,0.1,Bachelor's,London,Germany,Hybrid,Startup,Tech,95.1,7.1,Python|Java|C++|FastAPI|Airflow|React|SQL,7,63800,117800,92800,Top,,2026,8,0,0,1,34.47
14718,DevOps Engineer,Data Science,7.4,Bachelor's,Beijing,Germany,On-site,Startup,Healthcare,53.4,2,C++|React|Airflow|PyTorch|TensorFlow,5,65100,103000,93800,Low,Lead,2026,6,0,0,1,18.51
14719,Data Analyst,AI Engineering,1.5,High School,Singapore,USA,Fully Remote,Startup,Education,95.3,1.9,BERT|CUDA|Docker|AutoGen|Airflow|SQL|React|Azure|Java,9,49400,55400,31900,High,Senior,2026,7,1,1,0,19.97
14720,Data Analyst,IT Operations,11.3,PhD,Beijing,UK,Hybrid,Big Tech (FAANG+),Healthcare,86.4,4.7,React|Azure|Python|Airflow|Docker|SQL|TensorFlow|PyTorch|AWS|BERT,10,51300,139600,76500,Medium,,2026,11,0,1,1,16.07
14721,DevOps Engineer,AI Engineering,4.1,Bachelor's,San Francisco,UK,Hybrid,Mid-size,Healthcare,88.5,3.6,SQL|PyTorch|TensorFlow|Airflow|Azure|FastAPI,6,53300,90600,107800,Medium,,2026,10,1,0,1,49.47
14722,Data Scientist,Data Science,6.7,Master's,Beijing,Vietnam,On-site,Big Tech (FAANG+),E-commerce,53.2,2.2,CUDA|AutoGen,2,46200,97700,122700,Medium,Senior,2026,12,0,0,1,25.25
14723,DevOps Engineer,Product Management,1.3,Master's,Berlin,China,Hybrid,Big Tech (FAANG+),Automotive,59.4,6.5,AWS|C++|Airflow|SQL|AutoGen|React,6,44500,105500,105500,Medium,Mid,2026,5,0,0,0,11.1
14724,AI Agent Developer,Data Science,4.3,High School,Singapore,USA,Hybrid,Mid-size,Tech,96.3,7.2,Airflow|SQL|AutoGen|FastAPI|AWS|BERT,6,22900,51900,62400,Medium,Senior,2026,6,1,0,0,28.36
14725,Software Engineer,Software Engineering,11.7,PhD,Berlin,Germany,Fully Remote,Big Tech (FAANG+),Education,56.2,7.3,PyTorch|AWS|AutoGen|Docker,4,35400,152700,93000,Low,Junior,2026,3,1,0,1,23.45
14726,DevOps Engineer,Software Engineering,2.3,PhD,Tokyo,Singapore,On-site,Enterprise,Education,81.6,2.6,TensorFlow|Azure|React|Docker,4,49800,133600,53900,High,Senior,2026,5,1,1,1,38.94
14727,Data Scientist,Software Engineering,9.7,PhD,Berlin,Japan,On-site,Mid-size,Finance,89.1,3.8,Azure|AWS|React|Java|TensorFlow|SQL,6,92200,67200,109800,Top,Lead,2026,10,1,0,0,46.79
14728,Machine Learning Engineer,Software Engineering,13.8,High School,Tokyo,Vietnam,Fully Remote,Enterprise,Healthcare,61.6,2.8,Python|Airflow|BERT|AutoGen|CUDA|C++,6,27100,58300,52000,Low,Mid,2026,12,1,0,0,5.54
14729,AI Agent Developer,IT Operations,10.2,PhD,Tokyo,UK,Fully Remote,Enterprise,Healthcare,84.9,6.4,TensorFlow|BERT|AutoGen|FastAPI|CUDA|SQL|React|C++,8,40100,68500,49400,Top,Lead,2026,3,1,1,0,49.06
14730,Machine Learning Engineer,Product Management,12.2,PhD,New York,China,Fully Remote,Startup,Automotive,53.3,6.1,FastAPI,1,24100,68000,103600,Low,Lead,2026,5,0,0,0,8.25
14731,Product Manager,Product Management,1.6,Bachelor's,New York,Germany,Hybrid,Startup,Healthcare,74.9,5.5,FastAPI|Azure|PyTorch|Java,4,8400,55000,75300,Low,Junior,2026,10,1,0,0,13.67
14732,DevOps Engineer,Data Science,3.8,PhD,New York,Singapore,On-site,Mid-size,Tech,66.7,3.7,BERT|C++|AWS|PyTorch|SQL|CUDA,6,,,93800,Top,Senior,2026,1,0,0,0,38.77
14733,AI Agent Developer,AI Engineering,13.4,Bachelor's,San Francisco,Vietnam,On-site,Big Tech (FAANG+),Education,82.3,3.1,TensorFlow|SQL|AWS|Python|Azure|C++|React|FastAPI|PyTorch|Java,10,60600,112100,96000,High,Junior,2026,1,0,1,0,7.77
14734,Software Engineer,Data Science,10.7,Bachelor's,New York,UK,On-site,Enterprise,Healthcare,94.5,9,C++|TensorFlow|PyTorch|React|SQL,5,77100,50200,45800,Low,Senior,2026,10,0,0,0,40.87
14735,DevOps Engineer,Data Science,9.6,PhD,Ho Chi Minh City,Germany,Hybrid,Big Tech (FAANG+),Automotive,56.3,1.4,Java|Airflow|React|CUDA|AutoGen|Docker|SQL|AWS,8,12400,181700,76800,Top,Junior,2026,6,1,0,1,33.67
14736,Software Engineer,Data Science,10,Master's,New York,Germany,On-site,Enterprise,E-commerce,72.5,6.9,Azure|Docker|BERT|CUDA,4,62600,59900,55500,High,Senior,2026,8,0,1,1,40.26
14737,Data Analyst,Data Science,6.2,Associate's,New York,UK,On-site,Startup,Tech,71.2,1.2,,0,92800,19100,25900,Medium,Mid,2026,4,1,1,0,28.17
14738,Machine Learning Engineer,Product Management,0.7,Master's,New York,UK,On-site,Startup,E-commerce,66.2,2.7,SQL|C++,2,69200,125700,72500,Medium,Lead,2026,7,1,0,1,49.21
14739,AI Agent Developer,AI Engineering,11.8,PhD,Tokyo,USA,On-site,Startup,Finance,74,3.6,CUDA|Java|TensorFlow|React|AutoGen|PyTorch,6,61300,99500,57900,Top,Senior,2026,5,0,1,0,29.65
14740,Software Engineer,Data Science,10.2,PhD,Beijing,Germany,Fully Remote,Mid-size,Automotive,94,9,AutoGen|React,2,34600,84500,90000,Low,Mid,2026,2,0,1,0,19.78
14741,Data Scientist,Product Management,7.1,Master's,Singapore,UK,Hybrid,Enterprise,Finance,98.7,2.2,BERT|FastAPI|AWS|TensorFlow|SQL|Docker|CUDA|AutoGen|Airflow,9,79200,105500,103300,Medium,Senior,2026,5,1,1,1,48.32
14742,Software Engineer,Data Science,13.5,PhD,Beijing,Japan,On-site,Big Tech (FAANG+),Finance,50.1,9.4,CUDA,1,37100,98100,56700,Medium,Senior,2026,12,0,1,1,3.68
14743,Data Scientist,Software Engineering,5,Bachelor's,Beijing,Singapore,On-site,Enterprise,Education,87,8.3,Python|TensorFlow,2,60100,127900,47000,Top,Lead,2026,2,1,1,1,25.73
14744,DevOps Engineer,Data Science,4.4,High School,London,Singapore,On-site,Big Tech (FAANG+),Finance,80.8,7.1,React,1,29200,,73200,Top,Lead,2026,9,0,0,1,31.6
14745,AI Agent Developer,Data Science,13.1,PhD,Ho Chi Minh City,Japan,On-site,Big Tech (FAANG+),Finance,99.7,4.7,Python|C++|AWS|CUDA|Docker|Airflow|BERT|TensorFlow|PyTorch|SQL,10,48100,80200,82600,Medium,Mid,2026,1,0,0,0,17.27
14746,Software Engineer,IT Operations,12,PhD,Tokyo,Singapore,On-site,Big Tech (FAANG+),Automotive,54.5,9.1,TensorFlow|Python|FastAPI|AutoGen|Java|CUDA|Docker|Azure|C++|Airflow,10,69500,108600,88000,Low,Lead,2026,3,1,0,1,4.6
14747,Product Manager,Software Engineering,7.7,Master's,Berlin,Vietnam,Fully Remote,Enterprise,E-commerce,90.6,5.8,BERT|React|Azure|FastAPI,4,68100,131700,125900,Top,Lead,2026,1,0,1,0,20.5
14748,Software Engineer,AI Engineering,2,Bachelor's,Tokyo,Singapore,Fully Remote,Startup,Healthcare,96.7,4.3,Airflow|BERT|FastAPI|C++|AWS|TensorFlow|AutoGen|PyTorch|SQL,9,,96100,104200,Top,Mid,2026,5,1,0,0,40.53
14749,Product Manager,Data Science,3.2,Master's,New York,China,Hybrid,Mid-size,Finance,95.6,6.3,CUDA|BERT|C++|Airflow,4,93000,98000,74700,Low,Lead,2026,12,0,0,0,28.56
14750,AI Agent Developer,AI Engineering,9.8,Master's,Beijing,Singapore,Hybrid,Mid-size,Education,78,3.1,FastAPI|AutoGen|React,3,45800,151800,133700,High,Mid,2026,4,0,0,1,37.89
14751,Software Engineer,Software Engineering,5.8,PhD,Tokyo,Japan,On-site,Startup,Healthcare,66.4,3.5,Azure|BERT,2,72900,101800,96600,Top,Mid,2026,11,0,0,1,35.88
14752,Data Scientist,Data Science,12.5,Bachelor's,Ho Chi Minh City,USA,On-site,Mid-size,Education,82,9.3,React|C++|Docker|CUDA|PyTorch|AutoGen,6,,41600,99600,Medium,Lead,2026,6,1,1,1,14.33
14753,Software Engineer,IT Operations,14.2,PhD,New York,UK,Fully Remote,Big Tech (FAANG+),Healthcare,65.3,8.1,AWS|Java,2,25100,103200,125100,Low,Senior,2026,5,0,0,1,12.68
14754,Machine Learning Engineer,Product Management,12.1,PhD,London,China,Hybrid,Mid-size,Finance,70.6,5.6,Airflow|Java|BERT|SQL|React|Azure|AWS|Python|C++|AutoGen,10,46000,100300,86400,Medium,Lead,2026,7,0,0,1,39.55
14755,DevOps Engineer,IT Operations,5.7,PhD,Berlin,USA,On-site,Enterprise,Tech,72.3,4.7,C++|Azure|React|AWS|Airflow|AutoGen|Docker|FastAPI|SQL|PyTorch,10,16400,110300,79700,Low,Lead,2026,7,0,0,1,8.51
14756,Data Analyst,IT Operations,11.8,PhD,New York,Germany,On-site,Startup,Healthcare,65.1,8.3,Airflow|CUDA|AutoGen|SQL|Python|AWS,6,56400,,83300,High,Senior,2026,10,0,0,1,28.27
14757,Data Scientist,Product Management,5.3,High School,Singapore,China,On-site,Startup,Tech,67.1,6.1,Python|AutoGen|CUDA|C++|AWS|Docker|Azure|TensorFlow,8,,100600,74200,Top,Lead,2026,11,0,0,0,47.82
14758,Machine Learning Engineer,Product Management,2.5,Associate's,Berlin,Japan,Hybrid,Startup,E-commerce,50.4,4.7,AutoGen|SQL|Python|AWS|Airflow|FastAPI|Docker,7,62300,113100,62500,High,Lead,2026,5,0,1,0,26.27
14759,Product Manager,Product Management,0.5,Bachelor's,Tokyo,USA,Fully Remote,Startup,Healthcare,64.9,5.6,AutoGen|PyTorch|AWS|Python|FastAPI|Azure|CUDA|React|SQL|TensorFlow,10,49700,51700,45300,Top,Senior,2026,10,1,1,0,40.34
14760,DevOps Engineer,Data Science,5.8,High School,New York,UK,Fully Remote,Enterprise,Automotive,73.6,3.1,CUDA|React|Docker|AWS|Airflow|C++|AutoGen|TensorFlow,8,44000,190500,utg1hn682iv3nva,Low,,2026,1,1,0,1,12.81
14761,AI Agent Developer,AI Engineering,13.6,Associate's,London,UK,On-site,Big Tech (FAANG+),Education,58.7,2.8,SQL|BERT|C++|Python|Java|AWS|React|Azure,8,51500,,104600,Medium,Senior,2026,9,0,1,0,2.9
14762,Data Scientist,AI Engineering,3.6,Associate's,Tokyo,Singapore,On-site,Big Tech (FAANG+),E-commerce,90.3,9.9,,0,72600,,62200,High,Senior,2026,2,1,0,0,17.41
14763,Data Analyst,Product Management,3.1,Associate's,Ho Chi Minh City,USA,On-site,Big Tech (FAANG+),E-commerce,76.9,9.7,Airflow,1,70500,41100,76300,Low,Junior,2026,7,0,0,0,28.75
14764,DevOps Engineer,IT Operations,14.5,High School,Berlin,Germany,On-site,Mid-size,Tech,89.7,4.8,Airflow|AutoGen|React,3,75600,,59600,High,Junior,2026,3,0,1,0,32
14765,Product Manager,Software Engineering,0.4,Bachelor's,Berlin,Singapore,On-site,Big Tech (FAANG+),Finance,56.4,5.6,Azure|FastAPI|Docker|TensorFlow|Python|Airflow|PyTorch|BERT|C++,9,,84100,89000,Low,Mid,2026,10,1,0,1,26.81
14766,Data Analyst,Product Management,11.8,Master's,Ho Chi Minh City,Japan,Hybrid,Mid-size,Education,91,8.4,AutoGen,1,,111900,89400,High,Lead,2026,6,0,0,0,21.65
14767,AI Agent Developer,IT Operations,4.8,Associate's,San Francisco,USA,Fully Remote,Enterprise,Automotive,97.9,7.5,CUDA|Docker|React|PyTorch|Airflow|Azure|SQL|BERT|FastAPI,9,63900,184800,66500,Low,,2026,5,1,0,1,49.27
14768,AI Agent Developer,IT Operations,0.6,Master's,San Francisco,Vietnam,Hybrid,Mid-size,Automotive,67.6,1.9,BERT|CUDA|SQL|Java,4,90900,101000,68700,High,Lead,2026,6,0,1,1,34.43
14769,Product Manager,Data Science,13.8,Master's,Singapore,USA,Hybrid,Big Tech (FAANG+),Tech,64.2,4.4,BERT|SQL|AWS|FastAPI|AutoGen|Azure,6,,143500,69600,High,Junior,2026,10,1,0,0,47.69
14770,Data Scientist,Data Science,2.1,PhD,San Francisco,USA,On-site,Startup,Tech,82.3,3.3,FastAPI|AWS|Airflow|TensorFlow|Azure|PyTorch|AutoGen|Docker|Java,9,44000,,60400,Low,Senior,2026,5,1,0,0,8.83
14771,Product Manager,AI Engineering,8.3,Master's,Berlin,Japan,Hybrid,Enterprise,E-commerce,81.8,9.9,,0,55300,110500,84200,High,Senior,2026,9,0,0,1,49.98
14772,Software Engineer,AI Engineering,4.1,PhD,San Francisco,UK,Fully Remote,Big Tech (FAANG+),Tech,55.6,7.7,AWS|Azure|TensorFlow|BERT|CUDA|Airflow,6,1700,65900,21500,Low,Mid,2026,12,1,0,0,35.15
14773,AI Agent Developer,Software Engineering,1,Bachelor's,Tokyo,Singapore,On-site,Big Tech (FAANG+),Finance,96.3,1.4,AutoGen|PyTorch|Airflow|AWS|Azure,5,-4800,53700,76800,High,,2026,8,0,0,0,48.6
14774,DevOps Engineer,Software Engineering,0.7,Bachelor's,Beijing,Germany,Fully Remote,Big Tech (FAANG+),E-commerce,74,9.1,AutoGen|C++|React|Azure|PyTorch|Airflow|FastAPI|Java|TensorFlow,9,56300,107600,118600,Top,Senior,2026,1,0,0,1,30.3
14775,Software Engineer,Software Engineering,1.7,PhD,Singapore,Singapore,Hybrid,Enterprise,E-commerce,88.2,9.4,FastAPI|AWS|Java|SQL|CUDA|Azure|React,7,,159300,91900,Top,Junior,2026,9,1,0,1,7.7
14776,Machine Learning Engineer,Software Engineering,1.1,Bachelor's,Ho Chi Minh City,USA,On-site,Startup,E-commerce,68,4,FastAPI|Python|SQL|React,4,23200,,51100,High,Junior,2026,2,0,0,1,17.4
14777,Data Analyst,IT Operations,11.4,Associate's,London,China,Fully Remote,Startup,Automotive,63.1,6.8,Azure|Java|CUDA|Python|Airflow|Docker|FastAPI|BERT,8,60800,208800,51900,Low,Mid,2026,5,0,0,0,2.65
14778,Software Engineer,IT Operations,7.3,Bachelor's,Singapore,UK,Fully Remote,Startup,Education,55.6,7.1,Docker|AutoGen|Airflow|React|Java|C++|TensorFlow,7,18200,97900,61900,Top,Lead,2026,6,0,1,0,7.57
14779,Data Analyst,AI Engineering,5.1,PhD,New York,UK,On-site,Big Tech (FAANG+),Education,63.7,7.6,,0,,113600,58900,High,Mid,2026,10,0,0,1,49.92
14780,Product Manager,Data Science,6.3,Associate's,San Francisco,USA,Fully Remote,Mid-size,Automotive,99.7,7.2,React|Airflow,2,32700,126600,92200,High,Junior,2026,1,1,0,0,45.79
14781,Software Engineer,Data Science,13.9,Master's,New York,Japan,On-site,Big Tech (FAANG+),E-commerce,82.9,6,Docker,1,31800,,55500,Low,Senior,2026,12,0,1,1,45.09
14782,Product Manager,Product Management,13.7,Master's,Ho Chi Minh City,China,On-site,Startup,Finance,90.1,9.6,BERT|FastAPI|C++|Airflow,4,57200,,91600,Medium,Lead,2026,7,0,1,1,0.1
14783,Machine Learning Engineer,IT Operations,10.7,Master's,San Francisco,USA,Hybrid,Enterprise,Healthcare,97.9,5.6,TensorFlow|Python|C++|AWS|AutoGen|Azure|Docker|Airflow|BERT,9,25300,78400,71300,Low,Junior,2026,8,1,0,1,22.53
14784,AI Agent Developer,Software Engineering,13.3,PhD,Beijing,China,Fully Remote,Mid-size,E-commerce,53.9,2,PyTorch|React,2,84700,72300,83000,Medium,Junior,2026,1,1,1,0,39.1
14785,Machine Learning Engineer,Software Engineering,4.8,Master's,Tokyo,UK,On-site,Mid-size,Tech,58.2,1.7,Python|BERT,2,47900,79500,91500,High,,2026,11,1,0,0,11.33
14786,AI Agent Developer,Product Management,5.7,Bachelor's,London,China,Hybrid,Big Tech (FAANG+),Education,96.4,1.2,C++|BERT|PyTorch|CUDA|Python,5,49600,59700,87100,Medium,Lead,2026,10,1,1,0,21
14787,Product Manager,Data Science,9.2,Master's,New York,Singapore,Hybrid,Enterprise,Healthcare,78.2,4.9,CUDA|C++|TensorFlow|PyTorch|AWS|Python|AutoGen|Docker|Azure|Java,10,62700,32700,116800,Medium,Mid,2026,4,0,1,1,10.25
14788,AI Agent Developer,Software Engineering,9.4,High School,New York,USA,On-site,Mid-size,Automotive,81.7,3.5,,0,71400,93800,109300,Low,Lead,2026,2,0,0,1,34.63
14789,Data Analyst,Data Science,7.2,High School,Tokyo,Vietnam,On-site,Startup,Automotive,71.4,9.1,Java|React,2,39500,10600,55500,Medium,Lead,2026,5,0,0,1,35.2
14790,DevOps Engineer,Product Management,6,Master's,Beijing,Vietnam,Fully Remote,Big Tech (FAANG+),Healthcare,90.7,8.8,CUDA|React|AutoGen|PyTorch|Azure|Python|C++|Java|Airflow,9,63800,83900,129600,Medium,Senior,2026,2,0,1,1,14.14
14791,Machine Learning Engineer,Data Science,14.8,Master's,Berlin,China,Fully Remote,Big Tech (FAANG+),Education,75.9,8.5,React|TensorFlow|CUDA|Docker|FastAPI|Azure|Airflow,7,65000,17300,79600,High,Mid,2026,9,0,0,0,23.86
14792,Software Engineer,Data Science,12.3,High School,Singapore,Japan,Fully Remote,Startup,Education,91.3,8.8,Azure|Docker|AWS|PyTorch|FastAPI|SQL|TensorFlow|BERT,8,79300,164000,85300,Top,Lead,2026,9,1,0,0,22.59
14793,Machine Learning Engineer,Data Science,6.5,Master's,Ho Chi Minh City,USA,On-site,Startup,Tech,99.6,3.7,AutoGen,1,40600,84000,98800,Low,Mid,2026,10,1,1,1,38.9
14794,Data Analyst,Software Engineering,10.9,Associate's,Beijing,Germany,Hybrid,Startup,Automotive,82.3,4.8,SQL|PyTorch|Java|BERT,4,65000,,51000,Low,Lead,2026,5,0,0,0,33.76
14795,AI Agent Developer,AI Engineering,4,High School,Beijing,Vietnam,Hybrid,Mid-size,Automotive,76.4,3.8,BERT|PyTorch,2,61400,101200,118900,Top,Junior,2026,5,0,1,1,3.41
14796,Data Analyst,IT Operations,1.5,PhD,Beijing,UK,On-site,Enterprise,E-commerce,68.3,1.8,AutoGen|Docker|CUDA|Azure|Java|Airflow|BERT,7,58500,110600,83500,Top,Junior,2026,4,1,0,0,7.55
14797,Data Scientist,Data Science,5.3,High School,Beijing,Singapore,Fully Remote,Mid-size,Finance,59.7,9.3,AWS|React,2,5800,75900,110600,Top,,2026,1,1,0,0,42
14798,Data Scientist,Data Science,6,Bachelor's,Berlin,USA,Hybrid,Enterprise,Tech,82.8,6.5,SQL|BERT,2,75100,164500,74300,Medium,Junior,2026,10,0,0,0,48.28
14799,Software Engineer,Data Science,0.2,Associate's,Tokyo,USA,Hybrid,Big Tech (FAANG+),E-commerce,53.1,2.2,C++|AutoGen,2,70800,123600,54600,High,Junior,2026,12,0,0,1,31.82
14800,Data Analyst,AI Engineering,12.2,PhD,London,Singapore,Fully Remote,Enterprise,Finance,97.8,2.9,AWS|Python|CUDA|FastAPI,4,63200,90100,92600,Low,Lead,2026,3,0,1,0,18.24
14801,Product Manager,Product Management,5.4,Master's,Singapore,Vietnam,Hybrid,Startup,Automotive,82.4,5.1,PyTorch|CUDA|BERT|Docker,4,37800,121100,53300,High,Senior,2026,4,0,0,0,11.05
14802,Software Engineer,Software Engineering,8.7,Bachelor's,Beijing,Singapore,Fully Remote,Mid-size,Finance,98,1.5,,0,83000,162000,66600,Medium,Lead,2026,7,0,0,0,37.18
14803,Product Manager,AI Engineering,1.1,Bachelor's,Singapore,Singapore,Hybrid,Startup,Automotive,63.6,3.4,CUDA|FastAPI|Python|PyTorch|React|TensorFlow,6,48800,51400,13400,Top,Senior,2026,7,1,1,1,31.92
14804,Software Engineer,Data Science,2.6,Associate's,Beijing,Germany,Hybrid,Big Tech (FAANG+),Education,97.3,7.3,Azure,1,59700,67200,112400,Medium,Mid,2026,11,1,1,0,45.44
14805,Data Scientist,AI Engineering,13.3,PhD,Ho Chi Minh City,Singapore,Hybrid,Mid-size,E-commerce,80.6,9.3,React|Azure|Airflow|PyTorch|BERT|FastAPI|TensorFlow|Docker|C++,9,27100,101000,65300,Top,Senior,2026,7,1,0,1,45.16
14806,Software Engineer,AI Engineering,9.1,Bachelor's,New York,UK,Fully Remote,Mid-size,Automotive,90.5,9.4,CUDA|Java|Azure|TensorFlow,4,43700,33000,70400,Low,Mid,2026,7,1,0,1,15.36
14807,Data Scientist,AI Engineering,14.3,PhD,Berlin,Germany,Hybrid,Startup,Finance,58.9,5.7,Python|AutoGen|Java|TensorFlow|PyTorch|AWS,6,,111400,79100,Medium,Senior,2026,11,0,0,1,40.15
14808,AI Agent Developer,Product Management,15,PhD,Beijing,UK,Hybrid,Mid-size,E-commerce,75,3.8,Docker|Airflow|CUDA,3,32400,165900,91700,High,Junior,2026,4,0,0,1,12.68
14809,Product Manager,IT Operations,5.6,Bachelor's,San Francisco,Vietnam,Hybrid,Startup,Finance,78.4,9.3,BERT|AWS|Airflow|PyTorch,4,36800,94900,46200,High,Junior,2026,9,1,0,1,39.1
14810,Data Analyst,Software Engineering,4.5,PhD,London,USA,On-site,Enterprise,Finance,69.6,8.1,,0,60700,36600,41900,Medium,,2026,4,0,0,1,8.41
14811,Software Engineer,Product Management,12.9,Associate's,London,UK,Hybrid,Big Tech (FAANG+),Healthcare,62.7,6.3,Python|AWS|TensorFlow,3,70900,132100,105700,Medium,Senior,2026,12,1,0,1,17.39
14812,Data Scientist,Product Management,15,Bachelor's,London,USA,Hybrid,Startup,Automotive,95.2,8.5,AutoGen|FastAPI|PyTorch,3,20900,165700,64700,High,Junior,2026,6,1,1,1,4.3
14813,Machine Learning Engineer,IT Operations,9.4,Associate's,San Francisco,China,Fully Remote,Big Tech (FAANG+),Automotive,54.3,5.1,FastAPI|Azure,2,95900,-8900,86300,Medium,Mid,2026,1,1,1,0,14.79
14814,Product Manager,Product Management,11.9,Associate's,Ho Chi Minh City,China,Fully Remote,Mid-size,Finance,57.7,2,,0,32700,121300,65800,Medium,Senior,2026,1,1,1,0,15.91
14815,Software Engineer,AI Engineering,11.7,PhD,London,Vietnam,On-site,Big Tech (FAANG+),Education,66,9.4,Java|Python|React|CUDA|SQL|Airflow|Docker|C++,8,29300,125900,94100,Medium,Junior,2026,6,0,1,0,33.43
14816,DevOps Engineer,AI Engineering,5.3,PhD,Tokyo,Vietnam,Fully Remote,Big Tech (FAANG+),Automotive,96,5.8,Python|Java|React|TensorFlow|FastAPI|BERT|Docker|PyTorch|SQL,9,80600,119100,65300,Top,Lead,2026,1,0,1,1,35.76
14817,AI Agent Developer,Data Science,8.6,Bachelor's,Ho Chi Minh City,Japan,Fully Remote,Big Tech (FAANG+),Tech,78.2,7.3,Python|Airflow|C++|AutoGen|Java|AWS|Docker|PyTorch|TensorFlow|SQL,10,63800,,82800,High,Senior,2026,1,1,0,1,29.4
14818,AI Agent Developer,Product Management,12.5,Master's,Berlin,Vietnam,Fully Remote,Mid-size,Education,68.7,4.5,React|C++|CUDA|TensorFlow|FastAPI|AWS|SQL,7,69400,104800,90700,Medium,Mid,2026,6,0,1,1,38.5
14819,Machine Learning Engineer,Data Science,10.3,Bachelor's,London,China,On-site,Enterprise,Education,70.1,2.2,PyTorch|Airflow,2,33100,89500,82100,High,Lead,2026,8,0,1,1,22.58
14820,Data Scientist,Software Engineering,0.3,Associate's,New York,UK,On-site,Enterprise,Education,91.9,3.4,Azure|SQL|React|TensorFlow|C++|CUDA|PyTorch|AWS,8,,159200,86300,Low,Lead,2026,9,1,1,1,31.4
14821,Software Engineer,AI Engineering,5.1,PhD,Beijing,Singapore,Hybrid,Enterprise,Automotive,51.3,1.4,TensorFlow|AWS|AutoGen|Python,4,101100,103600,74400,Medium,Mid,2026,6,1,0,1,17.96
14822,Product Manager,Software Engineering,2.2,Associate's,Berlin,Singapore,Hybrid,Startup,Education,50.6,1.8,TensorFlow|C++|Docker|AutoGen|CUDA|AWS,6,32900,196400,40400,Top,Lead,2026,1,1,0,0,26.07
14823,Data Scientist,IT Operations,3.5,High School,Tokyo,Singapore,Fully Remote,Startup,Education,52.3,2.8,Python|CUDA|Azure|Docker|FastAPI,5,64600,137900,36100,Top,Mid,2026,12,1,0,0,7.05
14824,AI Agent Developer,AI Engineering,13.6,High School,New York,Germany,Hybrid,Mid-size,E-commerce,73.5,6,Python|TensorFlow,2,34500,,45200,Medium,Junior,2026,7,1,1,0,30.55
14825,Data Scientist,Software Engineering,0.6,Associate's,Berlin,Singapore,Hybrid,Enterprise,Automotive,79.1,9.9,TensorFlow|Java|PyTorch|Python|SQL|React|Airflow|CUDA|BERT,9,29100,63300,57400,Medium,Mid,2026,2,1,0,1,10.25
14826,AI Agent Developer,IT Operations,3.3,Master's,Tokyo,Vietnam,On-site,Big Tech (FAANG+),Education,81.2,8.6,Java|Airflow|AWS,3,45000,122500,98800,Low,Lead,2026,7,0,0,0,23.04
14827,Data Scientist,Software Engineering,4.6,Master's,London,Singapore,On-site,Enterprise,Tech,86.6,1.8,Docker,1,49400,66600,24100,Medium,Lead,2026,10,0,0,0,33.27
14828,Machine Learning Engineer,IT Operations,9.3,Bachelor's,Berlin,Germany,Hybrid,Startup,Education,59.5,8.6,,0,46600,73700,86700,High,Senior,2026,10,1,0,1,21.39
14829,Data Analyst,IT Operations,8,Bachelor's,Berlin,Germany,Hybrid,Mid-size,Finance,63.1,5.8,Azure|React|SQL|Java|AutoGen|AWS,6,48600,85500,59000,Medium,Lead,2026,4,1,0,1,11.16
14830,Machine Learning Engineer,AI Engineering,3.3,Bachelor's,Berlin,China,Hybrid,Enterprise,Automotive,62.2,6.9,CUDA|AWS|React|Azure,4,,48800,87200,High,Junior,2026,1,1,0,1,33.31
14831,Machine Learning Engineer,Data Science,2.5,PhD,Ho Chi Minh City,Japan,Fully Remote,Startup,E-commerce,57.5,2.2,,0,84200,170400,114100,High,,2026,11,0,0,0,42.63
14832,Data Analyst,IT Operations,3.6,Master's,San Francisco,UK,On-site,Startup,Tech,62.2,4.6,C++|BERT|Python|Airflow|Java|TensorFlow|SQL|Azure|Docker,9,53500,,79900,High,Mid,2026,9,0,0,0,25.02
14833,Data Analyst,IT Operations,7.5,Associate's,New York,China,Hybrid,Big Tech (FAANG+),Healthcare,80.7,9,C++|Java|BERT|PyTorch|FastAPI|TensorFlow|SQL|Azure|AutoGen|Python,10,51900,110900,97700,High,Lead,2026,1,1,0,0,27.88
14834,Software Engineer,AI Engineering,4.1,High School,Singapore,Vietnam,Hybrid,Enterprise,Finance,68.3,4.8,SQL|Python|TensorFlow|FastAPI,4,,68100,58200,High,Junior,2026,7,1,1,0,19.54
14835,Product Manager,Data Science,14.2,Master's,Tokyo,China,Fully Remote,Big Tech (FAANG+),Finance,88.4,2.1,AutoGen|Docker,2,64700,42800,60200,Medium,,2026,6,1,1,0,29.16
14836,Product Manager,Product Management,7,Master's,San Francisco,China,On-site,Enterprise,Finance,76.8,3.8,Python|SQL|AutoGen|React,4,,90900,103600,Medium,Senior,2026,7,0,0,1,24.77
14837,Software Engineer,Product Management,0.9,Master's,London,China,Fully Remote,Mid-size,Tech,60.6,3,AWS|Docker|React|BERT|PyTorch|Python,6,94900,94300,127600,Medium,Junior,2026,10,1,0,0,37.33
14838,Machine Learning Engineer,Data Science,10.9,Bachelor's,Beijing,Vietnam,Fully Remote,Enterprise,Automotive,73.4,7.2,C++|FastAPI|AWS,3,32700,160800,95300,Top,Senior,2026,1,0,1,1,12.01
14839,Machine Learning Engineer,Software Engineering,4.9,PhD,London,Vietnam,Hybrid,Big Tech (FAANG+),Automotive,79.7,9.2,TensorFlow|Docker|CUDA|AutoGen|AWS,5,49700,116700,29800,High,Senior,2026,1,1,1,1,24.31
14840,AI Agent Developer,AI Engineering,9.8,Associate's,London,China,Fully Remote,Big Tech (FAANG+),Education,93.3,7.6,Java|Azure|CUDA,3,47300,108600,48100,Low,Mid,2026,6,1,0,0,15.81
14841,AI Agent Developer,Data Science,4.2,Bachelor's,Ho Chi Minh City,China,Fully Remote,Startup,Education,91.7,8.6,Java|FastAPI,2,59400,130500,65800,Medium,Junior,2026,8,1,0,1,4.72
14842,Product Manager,Product Management,8.6,PhD,Ho Chi Minh City,Germany,Hybrid,Enterprise,Automotive,71.3,8.3,Python|BERT|C++|TensorFlow|AWS|Azure|FastAPI|Java|AutoGen|SQL,10,28900,88800,85800,Medium,Lead,2026,11,1,1,0,19.33
14843,Software Engineer,IT Operations,11.6,Master's,Berlin,UK,On-site,Enterprise,Education,82.4,1.1,,0,59400,75600,60000,Top,Mid,2026,3,1,1,1,47.66
14844,DevOps Engineer,Product Management,13.9,PhD,San Francisco,Germany,Hybrid,Mid-size,Automotive,64.9,2.1,Python,1,44500,73700,89900,Medium,Senior,2026,10,0,1,0,23.02
14845,DevOps Engineer,IT Operations,3.9,Bachelor's,London,Japan,On-site,Startup,Finance,81.7,4.8,Python|CUDA|FastAPI|SQL|C++|PyTorch|Airflow|TensorFlow,8,70700,71200,48300,High,Mid,2026,11,1,0,1,27.28
14846,Software Engineer,AI Engineering,5,Master's,New York,UK,Fully Remote,Big Tech (FAANG+),Healthcare,95.6,2,C++|React|Python|FastAPI|Docker,5,43800,111900,100200,Medium,Mid,2026,2,0,1,0,37.11
14847,AI Agent Developer,IT Operations,7,Bachelor's,Ho Chi Minh City,Japan,Fully Remote,Enterprise,Finance,81.2,7.6,PyTorch|Java|Airflow|FastAPI|Python,5,38600,41600,79300,High,Senior,2026,4,1,1,0,49.24
14848,Product Manager,Data Science,13.9,Associate's,Tokyo,UK,Hybrid,Startup,Education,65.2,1.6,Java|AWS|Docker,3,63800,90800,92300,Medium,,2026,8,0,0,1,20.59
14849,Product Manager,IT Operations,13.5,Master's,San Francisco,China,Hybrid,Mid-size,Healthcare,82.2,4.7,C++|SQL|React|AWS,4,52300,153000,28700,Medium,Lead,2026,9,0,1,0,25.88
14850,AI Agent Developer,Software Engineering,1.3,PhD,Ho Chi Minh City,Germany,Hybrid,Startup,Healthcare,95.1,4.5,AWS|PyTorch|Azure|React|Python|Docker|Java|CUDA|FastAPI,9,44800,112200,82600,High,Senior,2026,11,0,0,1,48.43
14851,DevOps Engineer,Data Science,2,Bachelor's,New York,UK,Fully Remote,Enterprise,Automotive,56.9,5.9,,0,46100,96000,56200,High,Junior,2026,6,1,0,1,21.44
14852,Data Scientist,AI Engineering,7.4,High School,Ho Chi Minh City,Japan,Fully Remote,Enterprise,E-commerce,74.1,6.7,Docker|SQL,2,40300,79100,75400,Medium,Senior,2026,7,0,0,0,39.52
14853,Data Scientist,Data Science,1.6,PhD,Singapore,UK,On-site,Mid-size,Tech,66.1,9.5,Airflow|Java|AutoGen|BERT|React,5,91200,,64000,High,Lead,2026,1,1,1,0,22.19
14854,AI Agent Developer,Software Engineering,5.2,PhD,New York,Vietnam,Hybrid,Mid-size,E-commerce,62.1,3.4,Java|TensorFlow|BERT,3,61000,150400,55800,Top,Junior,2026,5,1,0,1,11.38
14855,Data Scientist,AI Engineering,2.2,Master's,San Francisco,UK,Fully Remote,Mid-size,Healthcare,69.8,7,,0,,104100,73800,High,Senior,2026,6,0,1,0,46.82
14856,Data Analyst,Product Management,9.5,PhD,Singapore,Singapore,On-site,Big Tech (FAANG+),E-commerce,69.7,1.3,React|PyTorch|Airflow|CUDA,4,60400,79600,91100,High,Senior,2026,10,1,1,1,35.6
14857,Software Engineer,Software Engineering,14.2,Bachelor's,Singapore,China,Hybrid,Startup,Education,60.5,1,AutoGen|Java|Azure|CUDA,4,55600,87900,109600,Low,Mid,2026,6,0,1,1,43.18
14858,Software Engineer,AI Engineering,15,High School,Beijing,USA,Hybrid,Startup,Healthcare,70.2,1.2,AWS,1,41600,64500,62300,High,Junior,2026,6,0,1,0,5.8
14859,AI Agent Developer,IT Operations,5.6,Associate's,New York,Vietnam,On-site,Startup,Finance,81.7,5,SQL|React,2,36200,104500,101600,High,Lead,2026,7,0,0,0,35.25
14860,Machine Learning Engineer,Data Science,9,High School,Beijing,USA,On-site,Big Tech (FAANG+),Education,51.3,6,AutoGen|BERT|React|FastAPI|TensorFlow,5,41500,104300,106400,Low,Lead,2026,4,0,0,0,32.02
14861,DevOps Engineer,AI Engineering,12.8,Bachelor's,Tokyo,China,On-site,Startup,Finance,99.5,1.1,AutoGen,1,63200,124500,50400,High,Senior,2026,5,0,1,0,24.2
14862,AI Agent Developer,Data Science,1.8,Master's,Berlin,Singapore,Fully Remote,Mid-size,Education,64.8,4.6,React|TensorFlow|PyTorch|C++,4,41400,39200,82000,Low,,2026,6,0,0,1,7.1
14863,Data Scientist,IT Operations,10.3,Bachelor's,Berlin,USA,Hybrid,Startup,Automotive,81.2,1.4,,0,75900,,95700,Medium,Lead,2026,9,1,0,1,20.74
14864,DevOps Engineer,AI Engineering,6.1,PhD,San Francisco,UK,Hybrid,Big Tech (FAANG+),Education,64.2,6.9,CUDA|C++|Java|AWS|React|FastAPI|PyTorch|SQL,8,,122500,69400,Medium,Mid,2026,4,0,1,0,30.88
14865,Machine Learning Engineer,Product Management,3.1,Master's,San Francisco,USA,On-site,Big Tech (FAANG+),Tech,69.7,6.7,BERT|Airflow|Python|React|PyTorch|AWS|SQL,7,15400,93600,73000,Top,Junior,2026,4,1,0,1,33.87
14866,Data Scientist,Software Engineering,6,Associate's,San Francisco,Germany,Fully Remote,Startup,Finance,77.5,8.1,Python|FastAPI|PyTorch|Java,4,82000,153900,88400,Medium,Mid,2026,7,0,0,0,5.85
14867,Product Manager,AI Engineering,1.1,Associate's,Singapore,China,On-site,Big Tech (FAANG+),Education,80.6,5.9,,0,27800,126000,75000,High,Mid,2026,1,1,1,1,22.19
14868,Data Analyst,IT Operations,10.4,Bachelor's,Ho Chi Minh City,Germany,Fully Remote,Big Tech (FAANG+),Tech,88.5,6.6,C++,1,44800,143500,72700,Low,Senior,2026,12,1,1,1,21.28
14869,Data Scientist,AI Engineering,3.8,PhD,New York,USA,Hybrid,Startup,Automotive,89.6,3.5,BERT|TensorFlow|C++,3,53000,57200,58700,Medium,Lead,2026,11,0,0,1,39.31
14870,Data Analyst,Data Science,4.7,Associate's,Ho Chi Minh City,Singapore,Hybrid,Big Tech (FAANG+),Education,75.9,1.8,Airflow|FastAPI|AutoGen|CUDA|AWS|SQL|PyTorch|Azure|React|Docker,10,8300,27100,60700,High,Junior,2026,7,0,0,1,2.06
14871,DevOps Engineer,AI Engineering,1.8,High School,New York,Germany,Fully Remote,Big Tech (FAANG+),Tech,53.8,7.6,AutoGen|Java|Python|React|PyTorch,5,36300,111400,58800,Medium,Lead,2026,8,0,1,1,39.27
14872,Data Analyst,Product Management,13,Master's,San Francisco,Vietnam,Hybrid,Startup,Education,77.9,6.5,,0,53400,18800,65700,Top,Junior,2026,12,0,1,0,39.18
14873,DevOps Engineer,AI Engineering,7.4,High School,Ho Chi Minh City,USA,Hybrid,Mid-size,Finance,73.9,9.4,Docker|CUDA|Java|TensorFlow,4,25600,76200,i9fehdu313ysxi4,Medium,Junior,2026,2,0,0,1,34.85
14874,DevOps Engineer,Software Engineering,8.6,Associate's,Berlin,Japan,On-site,Mid-size,Finance,60.8,9.9,Python|AutoGen|React|TensorFlow|PyTorch|C++|Azure,7,24700,98900,60200,Medium,Lead,2026,4,0,0,0,44.99
14875,DevOps Engineer,AI Engineering,8.5,Associate's,Tokyo,Germany,Fully Remote,Big Tech (FAANG+),E-commerce,50.5,8.6,AWS|Python|BERT|PyTorch|Java|FastAPI|Azure,7,87100,129900,52800,High,,2026,4,1,1,1,23.26
14876,DevOps Engineer,Data Science,6.2,Bachelor's,Berlin,UK,Hybrid,Enterprise,E-commerce,65.8,9.9,TensorFlow,1,52700,103700,53400,Low,Lead,2026,10,0,1,0,4.8
14877,DevOps Engineer,AI Engineering,2.9,Bachelor's,Ho Chi Minh City,USA,Hybrid,Enterprise,Education,63,6.8,React|PyTorch|BERT|AutoGen,4,70200,,74500,Top,Mid,2026,10,1,1,1,16.58
14878,Data Scientist,Product Management,11.2,Master's,New York,Singapore,Fully Remote,Startup,E-commerce,74.1,1.8,BERT|Airflow|CUDA,3,88600,72200,36700,Low,Junior,2026,6,1,1,0,30.56
14879,DevOps Engineer,IT Operations,1.9,Bachelor's,London,Japan,Hybrid,Startup,Education,88.1,1.8,FastAPI|Java|Azure,3,66300,63600,96200,Low,Lead,2026,7,1,1,1,16.14
14880,Data Scientist,AI Engineering,1.6,PhD,Tokyo,Singapore,Fully Remote,Mid-size,Education,72,8.3,Azure|React|BERT|SQL,4,,190600,106500,Low,Mid,2026,7,1,1,1,31.65
14881,DevOps Engineer,AI Engineering,10.7,Master's,New York,Vietnam,Fully Remote,Enterprise,Tech,97.6,3.1,Azure|PyTorch|BERT|TensorFlow|Docker|C++|AWS|CUDA|Java|React,10,38100,93900,106900,Top,Mid,2026,4,1,0,0,2.18
14882,Data Analyst,Software Engineering,3.1,PhD,Ho Chi Minh City,UK,On-site,Startup,Finance,61.1,1.5,FastAPI,1,60700,,66600,Top,Mid,2026,3,0,0,0,3.52
14883,Product Manager,Product Management,4.6,Bachelor's,New York,USA,Fully Remote,Enterprise,Automotive,61,5.3,React|BERT|AutoGen|TensorFlow|Azure|FastAPI,6,63900,77500,61600,High,Mid,2026,4,0,0,1,0.53
14884,DevOps Engineer,IT Operations,7.1,Master's,San Francisco,Singapore,On-site,Enterprise,Healthcare,80.2,3.8,AutoGen|FastAPI|C++|React|Airflow|Docker|BERT|Azure|PyTorch|SQL,10,55300,64700,60300,High,Junior,2026,9,1,1,0,48.8
14885,Machine Learning Engineer,Data Science,6.7,Associate's,Beijing,UK,Hybrid,Big Tech (FAANG+),Finance,94.8,6.3,AutoGen|React|FastAPI|SQL|TensorFlow|Python,6,65400,93700,50400,High,Lead,2026,10,0,1,0,13.08
14886,DevOps Engineer,AI Engineering,10.6,High School,New York,USA,Fully Remote,Big Tech (FAANG+),E-commerce,83.6,6.4,BERT|Docker|SQL|Airflow|Azure|Python|CUDA|FastAPI|AutoGen|TensorFlow,10,47700,142000,92500,Top,,2026,12,1,1,0,39.78
14887,DevOps Engineer,IT Operations,9.4,Associate's,Berlin,USA,On-site,Enterprise,Education,83.7,7.1,AWS|TensorFlow|Docker|CUDA|C++|Airflow|BERT|React|Python|FastAPI,10,50300,91100,26900,Top,Mid,2026,11,1,0,0,44.34
14888,Data Analyst,Data Science,9.7,PhD,Singapore,China,Fully Remote,Mid-size,E-commerce,90.3,6.2,Airflow,1,41600,300,61800,Medium,Senior,2026,7,0,0,1,7.88
14889,Software Engineer,Product Management,10.7,Associate's,Berlin,Germany,Hybrid,Startup,Tech,83.4,4.4,C++|BERT|AutoGen|FastAPI|Java|Docker|Azure|TensorFlow|React|PyTorch,10,32700,55900,60500,Low,Senior,2026,3,1,1,1,9.96
14890,Data Analyst,Product Management,4.4,Associate's,Beijing,USA,On-site,Startup,E-commerce,88,1.2,SQL|CUDA|FastAPI|TensorFlow|Java|Docker|React,7,32300,,63800,High,Senior,2026,3,1,1,1,19.12
14891,Machine Learning Engineer,IT Operations,4.8,High School,Tokyo,Vietnam,On-site,Mid-size,Tech,93.3,9.1,Docker|Airflow|CUDA|Java|AWS,5,42600,-1300,60600,Medium,Senior,2026,5,1,1,1,25.2
14892,Software Engineer,Data Science,6.6,High School,New York,Japan,On-site,Big Tech (FAANG+),Automotive,50.4,3.9,TensorFlow,1,64700,70800,78600,Top,Mid,2026,8,0,0,1,26.74
14893,AI Agent Developer,Product Management,4.6,Associate's,Tokyo,Germany,Hybrid,Big Tech (FAANG+),Education,94.3,5.6,Python|Airflow|AWS|BERT|PyTorch|Docker|React,7,50700,117600,90400,Medium,Senior,2026,5,0,1,1,19.28
14894,AI Agent Developer,IT Operations,14.8,High School,London,China,On-site,Mid-size,E-commerce,60.8,6,,0,41600,118600,82900,Medium,Senior,2026,6,0,1,0,29.31
14895,Machine Learning Engineer,Product Management,12.2,Associate's,New York,Germany,Hybrid,Mid-size,Tech,95.6,3.8,React|FastAPI|BERT|Java,4,44800,119500,50400,Top,Mid,2026,9,0,1,0,36.8
14896,Data Analyst,Product Management,2.5,Master's,Berlin,Germany,Hybrid,Big Tech (FAANG+),E-commerce,63.3,3.8,AWS|C++|CUDA|Docker|TensorFlow|React|Python|SQL,8,,,30700,Low,Lead,2026,9,1,1,0,35.01
14897,Data Scientist,Product Management,0.1,Associate's,Singapore,USA,Fully Remote,Enterprise,Tech,72.8,3.3,,0,,91200,118300,Top,Lead,2026,6,1,0,1,1.51
14898,Machine Learning Engineer,Software Engineering,0.6,Bachelor's,Berlin,Vietnam,Hybrid,Big Tech (FAANG+),Education,96.7,3.2,Java|FastAPI|CUDA|Airflow|SQL|AWS|React|Docker|C++,9,65200,59200,98600,High,Junior,2026,12,0,1,1,29.66
14899,Product Manager,Data Science,3.7,High School,Tokyo,USA,On-site,Enterprise,Education,55.5,1.3,PyTorch|Java|SQL|AutoGen|Azure|BERT|React|C++|Python|Docker,10,26900,91200,122200,Medium,Lead,2026,5,0,1,1,35.63
14900,Software Engineer,IT Operations,1.7,High School,Ho Chi Minh City,Singapore,On-site,Startup,Finance,87.3,9.6,FastAPI|C++|Airflow|BERT|TensorFlow|React|SQL|CUDA|Azure|PyTorch,10,,,86100,High,Junior,2026,8,1,0,1,10.03
14901,Software Engineer,IT Operations,8,PhD,Berlin,Vietnam,Hybrid,Startup,Tech,69.6,6.4,Docker|C++|BERT|Airflow,4,25500,33700,110300,Medium,Junior,2026,1,1,1,1,30.18
14902,DevOps Engineer,Data Science,12.9,PhD,Ho Chi Minh City,Singapore,Hybrid,Enterprise,Healthcare,51.2,2,PyTorch|AutoGen|React|FastAPI|CUDA,5,40100,81700,30300,Medium,Junior,2026,11,0,0,1,5.54
14903,AI Agent Developer,Data Science,11.1,Bachelor's,Berlin,Vietnam,Fully Remote,Enterprise,Automotive,97,6.3,,0,48700,100800,41600,High,Lead,2026,3,1,1,1,33.25
14904,Software Engineer,Data Science,3.2,High School,San Francisco,UK,Fully Remote,Big Tech (FAANG+),Finance,55.9,3.1,Python|AutoGen|C++|Docker|AWS|BERT|Airflow|TensorFlow|Java,9,,73800,59200,Medium,Mid,2026,6,1,1,1,31.02
14905,Machine Learning Engineer,Data Science,6,High School,Berlin,USA,On-site,Mid-size,Automotive,88.7,3.8,,0,64100,,78300,Top,Mid,2026,8,1,0,0,12.05
14906,Software Engineer,AI Engineering,7.6,PhD,Singapore,Singapore,Hybrid,Enterprise,Finance,69.2,8.2,FastAPI|C++|Java|Docker,4,45100,116300,57900,Top,Lead,2026,6,1,1,0,43.77
14907,Machine Learning Engineer,IT Operations,12.2,PhD,London,China,On-site,Startup,E-commerce,90.5,9,React|CUDA|BERT,3,64600,105300,100400,Medium,Junior,2026,10,0,0,1,40.33
14908,Data Scientist,AI Engineering,12.6,Associate's,Ho Chi Minh City,Japan,Hybrid,Big Tech (FAANG+),Tech,87.5,7.3,SQL|CUDA,2,26100,137900,98300,Medium,Senior,2026,6,1,0,0,36.95
14909,DevOps Engineer,Product Management,13.6,High School,Ho Chi Minh City,Germany,On-site,Startup,E-commerce,81.7,9.4,FastAPI|SQL|BERT|Python,4,74000,122200,99100,Top,Mid,2026,4,1,0,1,22.98
14910,AI Agent Developer,Product Management,7.6,High School,Berlin,UK,On-site,Big Tech (FAANG+),Automotive,97,9.1,TensorFlow|FastAPI|Airflow|SQL|CUDA|Azure|C++,7,57200,141400,92000,Low,Senior,2026,12,0,0,0,11.34
14911,Software Engineer,IT Operations,10.4,Associate's,San Francisco,Singapore,On-site,Mid-size,Education,54.9,6,Airflow|Java|AWS|PyTorch,4,9900,74100,82700,Medium,Senior,2026,7,0,1,1,39.11
14912,Machine Learning Engineer,Product Management,1.7,High School,Ho Chi Minh City,China,Hybrid,Mid-size,Automotive,89.9,9.2,Docker|FastAPI|Python,3,52200,204200,116000,Top,Senior,2026,7,1,1,0,10.73
14913,Data Analyst,Data Science,8.5,Bachelor's,Berlin,Japan,Fully Remote,Startup,Finance,83.5,5.9,AWS|React|Python|SQL|Azure|Airflow,6,96300,32900,119600,Low,Lead,2026,1,0,1,0,24.35
14914,AI Agent Developer,AI Engineering,3.7,PhD,Berlin,Japan,Fully Remote,Enterprise,Automotive,65.7,1.9,TensorFlow|C++|AutoGen|Java|Docker|SQL|PyTorch|CUDA|Python,9,,132100,567y0ojh1p1tyck,Low,Junior,2026,12,0,0,1,18.93
14915,Data Scientist,Data Science,6.5,PhD,Tokyo,USA,Hybrid,Enterprise,Tech,77.3,8.5,CUDA|C++|PyTorch|AutoGen,4,49600,59400,53200,High,Lead,2026,3,0,0,1,10.1
14916,Machine Learning Engineer,Product Management,9.5,PhD,New York,Vietnam,Fully Remote,Startup,Automotive,82.2,2.2,,0,62000,34400,105300,Low,Junior,2026,9,0,0,1,30.73
14917,Product Manager,AI Engineering,3.9,Master's,Ho Chi Minh City,Singapore,On-site,Enterprise,E-commerce,86.8,3.8,Azure|BERT|TensorFlow|SQL|React|PyTorch|Java,7,27800,,122000,Medium,Junior,2026,6,1,0,0,49.1
14918,Product Manager,Data Science,0.8,Bachelor's,Singapore,USA,Hybrid,Enterprise,Education,59.4,4.4,CUDA|Java|TensorFlow|React|Azure|SQL|AWS|FastAPI|C++|Docker,10,24400,85100,137500,Low,Senior,2026,4,0,0,1,23.81
14919,DevOps Engineer,IT Operations,0.2,Bachelor's,Beijing,Japan,Hybrid,Startup,Tech,55.1,8.3,Docker|SQL|CUDA|AWS|PyTorch|Airflow,6,46200,49000,90800,High,Senior,2026,8,1,0,1,24.98
14920,DevOps Engineer,Data Science,0.3,Associate's,Tokyo,USA,Fully Remote,Startup,Automotive,55.1,1.8,TensorFlow|AWS|Docker|BERT,4,40200,83900,70600,Top,Mid,2026,12,0,0,1,18.64
14921,Data Scientist,Product Management,0.1,Master's,Ho Chi Minh City,UK,Fully Remote,Mid-size,Healthcare,64.7,5,Docker|PyTorch|CUDA|AutoGen|SQL|React,6,53000,72700,46600,High,Lead,2026,7,0,0,0,11.41
14922,Data Scientist,AI Engineering,1.7,High School,Singapore,Singapore,On-site,Startup,Healthcare,57.7,4.9,Azure|CUDA|Docker|FastAPI|C++|Airflow|Java,7,62600,93600,73100,Top,Mid,2026,10,0,0,0,14.13
14923,DevOps Engineer,IT Operations,3.6,Bachelor's,San Francisco,China,Hybrid,Mid-size,Education,76.8,6.2,PyTorch|Python|Docker|React|BERT|Java|C++|SQL|FastAPI,9,61800,86900,52200,Medium,Junior,2026,6,0,0,0,43.79
14924,Software Engineer,AI Engineering,3.3,Master's,Ho Chi Minh City,Japan,Fully Remote,Mid-size,E-commerce,71.9,4.2,BERT|TensorFlow|FastAPI|Java,4,70400,45600,47900,Top,Lead,2026,4,0,0,1,47.41
14925,Software Engineer,IT Operations,14.8,Master's,London,Singapore,Hybrid,Big Tech (FAANG+),Finance,94.7,6.2,C++|TensorFlow|Azure|Docker|Java|BERT|Airflow|React|SQL|CUDA,10,60100,102500,99100,Low,Lead,2026,4,1,0,0,41.31
14926,Machine Learning Engineer,AI Engineering,4.6,Bachelor's,Beijing,UK,On-site,Enterprise,Finance,85.9,9.9,Docker|BERT|Airflow|TensorFlow|AutoGen|React|PyTorch|CUDA|Azure,9,,99500,63100,Top,,2026,8,1,1,1,1.32
14927,Data Analyst,Product Management,1.9,Associate's,Beijing,China,On-site,Startup,Education,60.3,1.6,Python|Docker|C++|Azure|BERT,5,70600,164900,74400,Low,Lead,2026,3,0,1,1,30.39
14928,Machine Learning Engineer,IT Operations,8.2,Master's,Singapore,UK,On-site,Enterprise,Automotive,52.3,8.9,,0,46200,157800,114800,High,Senior,2026,11,1,0,0,27.46
14929,Data Analyst,Software Engineering,12.9,PhD,London,Germany,Hybrid,Big Tech (FAANG+),Tech,85.5,3.8,React|Azure|SQL|TensorFlow|Airflow|Python|PyTorch|FastAPI,8,9100,100200,22800,High,Senior,2026,9,1,1,0,38.74
14930,Data Scientist,AI Engineering,10.2,Master's,London,Vietnam,Hybrid,Startup,Education,92.3,5.2,Python,1,,118400,51200,Top,Senior,2026,8,1,1,1,39.03
14931,AI Agent Developer,AI Engineering,4.4,High School,Ho Chi Minh City,Vietnam,Hybrid,Startup,Finance,85,7.7,React,1,61800,58100,95100,High,Junior,2026,4,1,1,0,21.91
14932,Machine Learning Engineer,Data Science,8.4,Bachelor's,New York,Vietnam,Hybrid,Big Tech (FAANG+),Healthcare,82.2,9.2,C++|Java|FastAPI|AutoGen|Azure|BERT|Python,7,53300,126400,62700,High,Mid,2026,12,0,1,1,14.38
14933,Machine Learning Engineer,IT Operations,10.7,High School,Singapore,Germany,Hybrid,Enterprise,Finance,62.5,1.1,React|C++|SQL|PyTorch|CUDA|TensorFlow|Azure|Python|AWS,9,90900,209300,61900,High,Senior,2026,3,1,1,1,4.87
14934,Data Analyst,Software Engineering,10.9,Associate's,London,Japan,On-site,Mid-size,Healthcare,74.7,7,CUDA|PyTorch|Airflow,3,18500,54200,83200,Low,Junior,2026,4,0,0,0,30.57
14935,Data Scientist,Product Management,10,PhD,Beijing,Japan,On-site,Big Tech (FAANG+),Finance,86.2,1.6,TensorFlow,1,67800,75600,70900,Top,Junior,2026,11,0,1,1,13.68
14936,Data Scientist,Data Science,13.1,Bachelor's,Singapore,Germany,On-site,Big Tech (FAANG+),E-commerce,59.7,5.7,Docker|Airflow|Python|Java|AWS,5,49700,109800,25600,Low,Mid,2026,12,1,0,0,48.23
14937,Product Manager,Software Engineering,13.1,Master's,Beijing,Vietnam,Fully Remote,Startup,Education,73.8,7.7,,0,33900,107400,59500,Top,Senior,2026,2,0,0,0,2.34
14938,Data Analyst,IT Operations,8.7,PhD,Ho Chi Minh City,Vietnam,On-site,Mid-size,Tech,55.9,2.5,Python|React|SQL|C++|CUDA,5,85400,104600,37300,Low,Lead,2026,6,1,1,1,48.21
14939,Data Scientist,Software Engineering,6.4,Master's,Singapore,China,Hybrid,Big Tech (FAANG+),Education,76.5,7.9,,0,28100,72600,96600,Medium,,2026,3,0,0,1,24.79
14940,DevOps Engineer,AI Engineering,9.6,Associate's,New York,China,On-site,Enterprise,Automotive,78.7,3.8,FastAPI|Python|TensorFlow|Java|CUDA|C++|AWS|PyTorch|BERT|Airflow,10,56800,43900,40300,Medium,Lead,2026,3,1,1,0,30.33
14941,Software Engineer,AI Engineering,12.3,Bachelor's,Berlin,USA,Fully Remote,Big Tech (FAANG+),Healthcare,76.8,6.5,FastAPI|Azure|Java|Docker|BERT|CUDA,6,75000,65700,40300,Medium,Junior,2026,12,0,0,0,29.18
14942,Product Manager,Data Science,0.1,Associate's,Singapore,Singapore,Fully Remote,Enterprise,Finance,73.5,6.9,Java|BERT|Docker|React|CUDA,5,33300,133200,43500,Low,Senior,2026,12,0,0,0,37.64
14943,DevOps Engineer,IT Operations,14.9,Associate's,London,Singapore,Fully Remote,Startup,Automotive,79.4,6.8,SQL|React|PyTorch|CUDA|FastAPI|Docker|Airflow|BERT|C++,9,13300,,96100,Top,Junior,2026,1,0,0,0,4.55
14944,AI Agent Developer,IT Operations,2.7,Associate's,London,Singapore,Fully Remote,Big Tech (FAANG+),Healthcare,99.8,1.2,CUDA|PyTorch|SQL|React|TensorFlow|FastAPI|AutoGen|Airflow|C++|Python,10,62300,,59100,Low,Junior,2026,8,1,1,0,44.39
14945,Machine Learning Engineer,Software Engineering,7.1,Associate's,Ho Chi Minh City,UK,Fully Remote,Enterprise,Education,81.1,2.4,CUDA|C++|Python|React|TensorFlow|Airflow,6,72800,86500,108300,Top,Mid,2026,8,1,1,0,39.55
14946,Product Manager,Data Science,13.1,Master's,Tokyo,China,Hybrid,Startup,Healthcare,87.6,8.7,AWS|BERT|Java|AutoGen|Azure|SQL|Airflow|React|TensorFlow|C++,10,39900,133100,97000,Medium,Mid,2026,9,1,1,0,42.51
14947,AI Agent Developer,IT Operations,3.4,High School,Tokyo,China,On-site,Startup,E-commerce,59.6,9.5,PyTorch|BERT|Airflow|C++|TensorFlow|Docker|Azure,7,18500,45700,102900,Low,Lead,2026,11,1,0,0,24.27
14948,Machine Learning Engineer,AI Engineering,7.2,Master's,New York,China,Hybrid,Startup,Finance,76.5,6.1,AutoGen|PyTorch|AWS|BERT|Airflow|C++|React,7,54900,98700,66300,Top,Mid,2026,12,1,1,1,34.89
14949,Software Engineer,Software Engineering,2,PhD,Beijing,China,Hybrid,Big Tech (FAANG+),Education,50.4,6.4,FastAPI|CUDA,2,,76200,44300,Top,Mid,2026,5,1,0,1,22.86
14950,Data Scientist,Product Management,5.9,Associate's,Beijing,Germany,Fully Remote,Startup,Automotive,51.6,7.8,Docker|BERT|PyTorch|Azure|Java,5,12800,88700,67100,High,,2026,11,0,0,0,6.52
14951,DevOps Engineer,AI Engineering,2.7,PhD,Berlin,USA,On-site,Startup,Finance,66.1,4.7,BERT|Docker,2,61600,77400,2400,Top,Lead,2026,4,1,1,0,15.1
14952,Data Analyst,Data Science,5.5,Master's,Beijing,China,On-site,Enterprise,Education,73.3,4,C++|AutoGen|BERT|Docker|React|SQL|TensorFlow|Airflow|AWS,9,35700,55600,89100,Medium,Mid,2026,9,1,0,1,13.92
14953,DevOps Engineer,IT Operations,5.6,Associate's,Tokyo,Japan,On-site,Startup,Finance,78.8,7.9,BERT|AWS|Airflow|Java|SQL,5,62200,168000,81600,Low,Senior,2026,3,1,1,0,8.3
14954,Software Engineer,AI Engineering,14.9,Master's,Tokyo,UK,Fully Remote,Big Tech (FAANG+),Tech,94.4,1.3,React|FastAPI|Docker|SQL,4,96000,75100,58300,High,Junior,2026,4,1,1,0,12.07
14955,AI Agent Developer,Product Management,14.9,Associate's,San Francisco,Singapore,Hybrid,Mid-size,Healthcare,88.6,9,AWS|FastAPI|Java|SQL|CUDA|React,6,49400,74900,62200,Medium,Senior,2026,8,0,0,1,24.93
14956,Data Analyst,Product Management,1.7,Master's,London,China,On-site,Startup,Healthcare,65,5,Docker|BERT|AWS|Azure|React|Java|C++|SQL,8,,97700,102800,Low,Senior,2026,2,1,1,1,21.11
14957,Data Scientist,Data Science,10.9,Bachelor's,Berlin,Germany,Hybrid,Big Tech (FAANG+),Tech,87.2,5.5,Airflow|AutoGen|C++|FastAPI,4,52400,108300,87200,Low,,2026,3,1,1,1,16.46
14958,Software Engineer,AI Engineering,0.8,High School,New York,Japan,On-site,Startup,Tech,77.5,6.7,PyTorch|CUDA|React|C++|FastAPI,5,48000,164600,111900,High,Senior,2026,11,1,1,1,45.34
14959,Data Analyst,Software Engineering,0.5,High School,Berlin,Singapore,On-site,Big Tech (FAANG+),Finance,89,3.5,Azure|Python|FastAPI|React|C++|AutoGen,6,26700,,53100,Medium,Junior,2026,3,0,0,0,38.94
14960,Software Engineer,AI Engineering,1.6,Associate's,Singapore,Vietnam,On-site,Startup,Healthcare,70.6,6.4,FastAPI|Python|C++|React|TensorFlow|SQL|Airflow|BERT,8,56200,122200,43200,Low,Senior,2026,11,0,0,1,0.13
14961,Software Engineer,Product Management,14.5,Bachelor's,New York,Vietnam,On-site,Enterprise,Automotive,54.6,7.2,PyTorch|AutoGen,2,38700,26200,84100,High,Lead,2026,8,0,0,1,28.52
14962,Data Scientist,Data Science,14.1,PhD,Tokyo,Singapore,Fully Remote,Mid-size,E-commerce,80.9,2.1,CUDA|C++|TensorFlow|FastAPI|AWS|PyTorch|Docker|React|Python,9,41000,112200,94900,Low,,2026,11,1,0,1,34.99
14963,Product Manager,Data Science,2.9,Bachelor's,Beijing,USA,Fully Remote,Mid-size,Education,77.9,5.7,FastAPI|Azure|AWS|Python,4,,69600,82500,Low,Mid,2026,2,0,0,0,2.67
14964,Machine Learning Engineer,Software Engineering,2.4,Associate's,Ho Chi Minh City,Vietnam,Hybrid,Big Tech (FAANG+),Tech,97.7,4,React|Python|AWS|FastAPI|Airflow|SQL|Azure|PyTorch|CUDA,9,,70300,64200,Medium,Senior,2026,8,0,1,1,5.7
14965,Data Analyst,Data Science,3.6,Bachelor's,Berlin,China,Fully Remote,Big Tech (FAANG+),Automotive,58.1,6,Azure|BERT|AutoGen|Java|Python|React|TensorFlow,7,34400,52500,148700,Medium,Senior,2026,7,0,1,0,13.93
14966,Data Scientist,Data Science,7.7,PhD,Berlin,Singapore,On-site,Mid-size,Automotive,82.8,1.2,Java|Python,2,57600,86600,126200,Low,Lead,2026,1,0,1,1,30.69
14967,Software Engineer,Data Science,8.5,Associate's,London,Germany,Hybrid,Enterprise,Finance,73.7,7.7,Docker|Java|Azure|Airflow|Python|AWS|AutoGen|SQL|BERT|FastAPI,10,59900,,56500,Top,Mid,2026,8,1,1,0,46.16
14968,Data Scientist,Data Science,3.3,High School,San Francisco,USA,Hybrid,Enterprise,Tech,68.9,2.5,BERT|AWS|TensorFlow|PyTorch,4,51300,117300,60000,Low,,2026,11,0,1,1,24.29
14969,Product Manager,Data Science,11.3,Bachelor's,San Francisco,Japan,Hybrid,Startup,Automotive,89.7,7.2,Azure|PyTorch,2,21800,107900,56000,Top,Mid,2026,1,0,1,1,49.12
14970,Machine Learning Engineer,Product Management,4.6,High School,San Francisco,China,On-site,Enterprise,E-commerce,90.5,7.9,,0,37900,75100,109900,Medium,,2026,9,1,0,1,46.84
14971,DevOps Engineer,AI Engineering,13.8,High School,London,Vietnam,On-site,Mid-size,Automotive,85.7,7.8,C++|Azure|Airflow|AWS|PyTorch|TensorFlow,6,48300,71000,97700,Low,Senior,2026,1,1,0,0,31.87
14972,Data Analyst,IT Operations,9.9,Master's,Tokyo,UK,Hybrid,Mid-size,E-commerce,54.2,8.4,,0,23700,83300,93600,Low,Mid,2026,5,0,1,1,22.9
14973,Machine Learning Engineer,Data Science,6.5,PhD,New York,China,Fully Remote,Enterprise,E-commerce,67.3,3.8,,0,56300,104300,71100,Low,Mid,2026,8,1,0,1,34.08
14974,AI Agent Developer,IT Operations,11.8,Bachelor's,San Francisco,UK,On-site,Enterprise,E-commerce,52.3,9.7,Docker,1,78700,37200,97000,High,Junior,2026,4,0,0,1,39.56
14975,Data Analyst,IT Operations,12.3,High School,Ho Chi Minh City,Japan,On-site,Mid-size,Tech,67.2,1.2,SQL|Java,2,60100,89700,84100,High,Senior,2026,6,1,0,0,47.15
14976,Machine Learning Engineer,Product Management,4.4,High School,Singapore,UK,Fully Remote,Mid-size,E-commerce,82.4,5.3,,0,,85100,70600,Medium,Junior,2026,1,1,0,1,37.68
14977,Software Engineer,Data Science,5.1,PhD,London,Japan,Hybrid,Mid-size,Tech,75.9,3.4,,0,98600,114100,84500,Low,Junior,2026,3,1,1,1,19.58
14978,Data Analyst,IT Operations,14,High School,London,USA,Fully Remote,Mid-size,Automotive,85.1,7.7,C++|Python|FastAPI|BERT|SQL|PyTorch|TensorFlow,7,39500,213200,114900,Low,Mid,2026,12,1,0,1,24.67
14979,Data Analyst,Data Science,2.5,High School,Beijing,Germany,On-site,Mid-size,E-commerce,77.6,8.2,Azure|Java|React|BERT|C++|TensorFlow|AWS,7,55000,99500,94900,Top,Junior,2026,5,1,0,1,2.35
14980,Data Scientist,Software Engineering,0.6,High School,Beijing,Vietnam,Hybrid,Enterprise,Healthcare,77.8,8.4,Python|PyTorch|AWS,3,36400,100500,50600,High,Lead,2026,2,0,0,0,1.44
14981,Software Engineer,Software Engineering,6.8,High School,Tokyo,Vietnam,Hybrid,Enterprise,Automotive,75.5,3.7,TensorFlow|Python|BERT|C++|AutoGen|Airflow|CUDA|React|Java|PyTorch,10,54200,126400,vh84c0y215warzg,Medium,Junior,2026,1,1,1,0,14.08
14982,AI Agent Developer,Software Engineering,12,Master's,San Francisco,China,Fully Remote,Startup,Education,68.2,3.5,Airflow|CUDA,2,77600,91900,94000,Medium,Mid,2026,9,1,0,1,40.3
14983,DevOps Engineer,IT Operations,11.6,Master's,Tokyo,Singapore,On-site,Startup,Healthcare,72.3,7.1,SQL|CUDA|Java|Python|AWS|Airflow|React,7,28600,117200,58400,Low,Mid,2026,8,1,0,1,15.96
14984,Product Manager,Software Engineering,13.8,Associate's,London,Vietnam,On-site,Big Tech (FAANG+),Healthcare,55.6,9.4,SQL|AutoGen|TensorFlow|PyTorch|BERT|React|AWS|CUDA|Java,9,40600,152300,84100,Low,Senior,2026,3,1,0,0,5.85
14985,Machine Learning Engineer,Product Management,8,Bachelor's,New York,USA,Hybrid,Startup,Finance,91.7,3.3,PyTorch|AutoGen|TensorFlow|SQL|AWS|Docker|C++|CUDA|Java,9,53300,,59900,High,Mid,2026,6,1,0,0,17.81
14986,Data Scientist,Product Management,1.5,PhD,Singapore,Vietnam,On-site,Enterprise,Tech,94.5,9.2,TensorFlow|Python|PyTorch|CUDA|AutoGen|Airflow|FastAPI,7,15500,161000,95500,Top,Mid,2026,8,1,1,0,15.28
14987,Machine Learning Engineer,IT Operations,8.8,Associate's,San Francisco,China,Hybrid,Startup,Finance,88.3,6.3,Docker|Python|React|Java|AWS,5,66500,107700,48700,High,Lead,2026,6,1,1,0,49.47
14988,AI Agent Developer,Data Science,11.7,Master's,Ho Chi Minh City,Vietnam,Hybrid,Startup,Tech,79.2,7.6,C++,1,35500,131900,82700,Medium,Mid,2026,8,1,1,0,48.57
14989,AI Agent Developer,AI Engineering,1.4,Master's,London,Germany,Hybrid,Enterprise,Finance,78.5,5,SQL|React|PyTorch,3,51000,141100,63900,High,,2026,3,0,0,0,36.85
14990,Data Analyst,Data Science,2.6,Master's,New York,Japan,On-site,Mid-size,Automotive,73.5,8.3,Docker|AutoGen|React|TensorFlow|FastAPI|PyTorch,6,27900,152900,73700,High,Junior,2026,12,0,0,1,41.45
14991,Product Manager,Data Science,0.2,Associate's,New York,UK,Fully Remote,Enterprise,Healthcare,61.6,9.7,,0,27200,145500,78100,Medium,Mid,2026,4,0,1,1,12.69
14992,AI Agent Developer,Data Science,8.9,Master's,San Francisco,UK,Hybrid,Enterprise,Automotive,69.2,2.5,Airflow|PyTorch|SQL,3,49700,155700,103200,Medium,,2026,8,0,0,0,26.88
14993,Machine Learning Engineer,Data Science,13.3,Associate's,London,Japan,Fully Remote,Big Tech (FAANG+),Tech,99.5,4.5,FastAPI|C++|Python|Docker|AutoGen,5,81200,106800,73000,Medium,Mid,2026,11,1,1,0,49.92
14994,Software Engineer,AI Engineering,10.1,Master's,San Francisco,UK,Fully Remote,Big Tech (FAANG+),Healthcare,57.3,8.8,FastAPI|Docker|AWS|AutoGen,4,30900,71900,99600,Low,Junior,2026,10,0,1,0,16.16
14995,Software Engineer,Software Engineering,14.7,High School,New York,Germany,Fully Remote,Big Tech (FAANG+),Healthcare,77.1,2.6,BERT|C++,2,,,52800,Top,Junior,2026,11,0,1,0,49.31
14996,Data Analyst,Data Science,0.9,High School,Berlin,USA,Fully Remote,Mid-size,Tech,93.3,4.7,C++,1,,57000,33900,Low,,2026,10,1,0,1,9.41
14997,DevOps Engineer,Product Management,13.5,Bachelor's,San Francisco,China,Fully Remote,Startup,Automotive,72.7,2.5,PyTorch|React|SQL|Airflow|AutoGen|FastAPI|CUDA|Java|Python,9,69500,86800,86600,High,Mid,2026,8,0,1,0,31.01
14998,Machine Learning Engineer,IT Operations,12.2,Master's,New York,Germany,Hybrid,Big Tech (FAANG+),Healthcare,80.3,6.8,FastAPI|Airflow|AutoGen|React|BERT,5,,76300,67300,Top,Senior,2026,6,1,1,1,39.1
14999,Machine Learning Engineer,IT Operations,4.7,Bachelor's,London,China,On-site,Enterprise,Education,91.4,3.1,,0,54700,,48800,High,Junior,2026,10,0,0,1,29.66
15000,AI Agent Developer,Product Management,14.6,Associate's,New York,USA,Fully Remote,Big Tech (FAANG+),Automotive,77.4,4.4,PyTorch|Docker|BERT|TensorFlow|CUDA,5,,136800,49200,High,Mid,2026,6,0,0,0,15.45
