Employee_ID,Age,Salary,Department,Experience_Years,Join_Date
1,39.0,12881201.589886483,Sales,12.1,2022-03-04
2,,12732929.45808073,Engineering,9.6,
3,41.0,6021784.136849925,Finance,14.8,2015-04-13
4,50.0,13349549.041492814,Sales,6.6,2018-01-31
5,32.0,18664145.409108724,Engineering,9.9,2017-09-30
6,32.0,8628839.404616024,Finance,18.3,2017-07-03
7,50.0,20242413.25525296,HR,19.1,2016-07-25
8,42.0,17438874.105421692,Sales,18.5,2016-02-24
9,30.0,11328833.39014481,HR,5.2,2022-08-03
10,40.0,14292351.813310763,Marketing,4.6,2021-02-11
11,30.0,22991609.038205165,Finance,6.0,2015-12-23
12,30.0,18667739.06752933,Finance,8.8,2021-08-15
13,37.0,15043918.274490738,Sales,6.3,2019-09-25
14,15.0,13811583.415195078,Finance,7.5,2015-05-11
15,17.0,15383045.352258299,Marketing,12.4,2015-05-03
16,29.0,12441182.210288484,Finance,15.3,2016-01-19
17,24.0,4476252.471404927,Engineering,14.7,2017-06-14
18,38.0,25210889.552673653,HR,16.3,2017-08-10
19,25.0,15776624.995997008,Marketing,0.6,2020-08-31
20,20.0,16990736.325612687,Marketing,1.0,2021-10-01
21,49.0,14710461.250615457,HR,15.8,2015-04-19
22,32.0,11324415.99637706,HR,10.7,2021-04-17
23,35.0,14070377.595256146,Marketing,11.6,2017-03-25
24,20.0,7003026.189028444,HR,1.1,2023-01-11
25,29.0,,Sales,5.1,2022-04-15
26,36.0,8827440.00788802,HR,12.8,2022-11-12
27,23.0,9840168.580764104,Engineering,17.2,2021-02-10
28,38.0,12798703.978067998,Engineering,18.3,2019-09-15
29,999.0,,Sales,10.0,2017-06-21
30,32.0,15072544.99631327,HR,10.9,2020-01-14
31,28.0,8819321.019847687,Engineering,16.7,2021-08-10
32,53.0,21271691.8037867,Finance,10.8,2018-02-13
33,-5.0,18655003.133927405,,-2.5,2015-01-27
34,24.0,17692174.78608226,Sales,18.1,31/02/2020
35,43.0,18578671.205854204,HR,15.8,2022-10-30
36,22.0,26971809.502912253,Marketing,18.2,2019-09-28
37,37.0,25925474.47518056,Enginering,4.4,2018-10-25
38,15.0,11566423.284983523,Engineering,10.5,2018-02-12
39,21.0,23119424.96405576,Enginering,16.8,2016-09-28
40,36.0,16915840.948794503,Sales,2.2,2017-05-31
41,,17495479.08068875,Engineering,15.9,2018-10-10
42,36.0,6538645.841783358,Sales,3.7,2016-02-23
43,33.0,14148071.17305902,Sales,-2.5,2016-01-15
44,31.0,10935882.048317175,Marketing,12.2,2019-04-06
45,20.0,19140294.074466545,Marketing,3.9,2016-02-01
46,-5.0,20355402.502014026,Sales,9.5,2019-01-10
47,30.0,4627568.244918443,Marketing,13.6,2018-11-09
48,45.0,14889825.679978648,Marketing,12.7,2021-10-08
49,38.0,20609307.52397126,Enginering,8.5,2017-12-19
50,17.0,14066605.188432775,HR,18.0,2015-06-27
51,38.0,18645318.22501182,Sales,10.4,2023-03-08
52,31.0,16755827.338135421,Finance,10.1,2020-02-25
53,28.0,16708301.159763131,Sales,1.2,2021-01-05
54,41.0,13643425.109658513,Engineering,18.4,2016-05-26
55,45.0,8917095.979321452,Marketing,3.5,2019-03-31
56,44.0,9392349.262874864,Marketing,10.6,2015-11-19
57,,18546762.572276585,Finance,16.1,2021-03-11
58,31.0,15097291.277594415,Engineering,4.3,2018-04-15
59,38.0,14307438.776963877,HR,10.5,2022-01-18
60,44.0,12880549.788388237,N/A,4.8,2021-12-08
61,30.0,13474055.772596242,HR,15.2,
62,33.0,20234558.972440697,Engineering,11.3,2021-06-22
63,23.0,13323779.590659866,Finance,17.1,2017-02-26
64,23.0,8294676.433492157,Engineering,17.9,2022-11-25
65,,18718258.877700865,Finance,13.0,2015-10-12
66,48.0,13975616.680676414,HR,14.5,2015-07-07
67,34.0,15156979.327663882,HR,11.0,2022-06-01
68,45.0,23037891.531997554,Engineering,7.7,2017-07-22
69,38.0,14897197.213247465,Engineering,13.0,2018-03-31
70,999.0,16445918.365593627,Marketing,18.2,2015-11-23
71,-5.0,9105382.543508373,Finance,8.3,2017-08-11
72,50.0,13901652.738245199,Marketing,6.3,2016-02-18
73,34.0,18047630.226043005,Sales,7.8,2019-04-06
74,50.0,7223131.330793789,,8.7,2018-02-12
75,8.0,16004225.465578549,Engineering,1.5,2020-02-01
76,43.0,15503955.363224031,HR,10.0,2022-02-16
77,35.0,15206437.277937196,Sales,9.9,2019-02-03
78,32.0,20185794.493291214,Sales,11.8,2016-10-28
79,35.0,16672192.574242607,Marketing,7.3,2019-02-25
80,15.0,22390359.49178222,Marketing,12.3,2018-12-26
81,32.0,10032052.42202982,Sales,17.6,2017-05-08
82,38.0,15679622.83609174,Engineering,19.1,2022-07-08
83,49.0,15422333.931949737,Marketing,11.7,2017-12-29
84,29.0,9653727.531224601,Sales,0.9,
85,26.0,19781475.01045673,HR,19.4,2022-08-31
86,29.0,26623366.529264092,Marketing,14.1,2022-04-08
87,44.0,14914969.627580846,Sales,6.7,2015-10-20
88,38.0,17525105.441368833,Finance,2.9,2021-10-31
89,29.0,15422592.379076635,,2.9,2022-02-13
90,40.0,11432076.650464121,Finance,3.4,Unknown
91,35.0,5896198.610989919,Marketing,0.9,2020-12-27
92,44.0,11471132.584523175,Marketing,18.0,2023-03-06
93,27.0,-1000000.0,Finance,10.8,2017-09-29
94,31.0,23520510.390295587,Engineering,14.0,2016-10-31
95,31.0,14424451.530383805,Sales,16.6,
96,20.0,13270403.354764147,Engineering,15.8,2019-04-04
97,37.0,19445769.12393903,Engineering,17.7,2018-01-10
98,,9391244.48572056,Sales,19.3,2022-03-06
99,35.0,11165679.809977237,HR,8.8,2022-09-19
100,32.0,15340361.346243106,Engineering,19.0,2021-03-31
101,20.0,20143844.9571174,Engineering,14.5,2017-06-18
102,30.0,17508425.22584394,Engineering,1.4,2022-09-05
103,31.0,16241625.71257941,HR,13.6,2018-08-21
104,,15390588.676180081,Marketing,13.7,2015-08-18
105,33.0,17001179.277633876,Finance,18.1,2017-07-27
106,39.0,16008264.525646273,Finance,7.5,2015-05-12
107,53.0,9850138.626115322,HR,11.7,2018-07-16
108,36.0,15230396.108165756,Engineering,0.2,2019-07-02
109,37.0,9631556.705411237,Finance,6.6,2018-01-01
110,34.0,,HR,1.2,2015-09-29
111,15.0,12596760.292558793,Sales,10.4,
112,34.0,27696908.113914307,Finance,16.3,2021-05-12
113,35.0,14800528.08124144,Sales,4.1,2023-01-19
114,59.0,-1000000.0,Engineering,10.5,2018-07-12
115,33.0,14329098.946615377,Finance,4.1,2017-05-20
116,,17596793.72818944,HR,2.4,2022-05-08
117,-5.0,23366819.730762616,Marketing,10.2,2020-08-06
118,23.0,12052738.000306409,Finance,1.6,2019-06-09
119,46.0,7087860.1298818,Finance,11.7,2022-03-18
120,42.0,19084185.057154905,Finance,0.6,2020-02-23
121,42.0,8097006.470501744,Finance,2.1,2016-08-08
122,25.0,12819222.792462574,HR,11.0,2017-12-20
123,49.0,,HR,11.8,2016-07-25
124,20.0,14651832.73349946,Marketing,0.6,2017-10-07
125,40.0,-1000000.0,HR,11.5,2021-04-18
126,56.0,11581828.588568062,HR,16.8,
127,25.0,13631353.739166196,Engineering,14.4,2017-12-12
128,29.0,14928648.235253058,Engineering,2.6,2021-07-22
129,35.0,15747989.78759394,Sales,11.8,2019-10-21
130,,15489135.873539614,Marketing,13.4,2021-07-18
131,19.0,17180028.8761129,Engineering,0.7,2019-06-24
132,35.0,,Marketing,17.1,2019-01-22
133,24.0,16963170.57825484,Marketing,18.1,2017-06-17
134,39.0,17267927.617546093,Enginering,17.0,2016-07-20
135,25.0,7088884.166267612,Marketing,16.5,2020-09-18
136,50.0,15251138.495828401,Finance,14.9,2020-07-14
137,27.0,17397537.74000804,Sales,12.7,2016-01-08
138,31.0,18644705.972852252,Sales,13.6,2015-07-12
139,,11538246.128831029,Sales,16.1,2016-03-25
140,22.0,11704803.625556774,Finance,13.2,2016-09-18
141,37.0,12129496.62358201,Finance,6.6,
142,,17682069.49945672,Sales,7.5,2016-10-17
143,18.0,20169405.274621043,Finance,17.9,2022-08-19
144,36.0,12962699.463541992,HR,-2.5,2019-09-26
145,37.0,19539811.568135247,Enginering,14.0,2021-09-08
146,42.0,15617399.04582297,Finance,19.1,2015-09-18
147,22.0,14378571.114187818,Finance,14.1,2019-04-26
148,999.0,13943078.850910155,Engineering,19.9,
149,40.0,18733056.823010787,Engineering,13.8,2021-09-06
150,37.0,16627889.08393535,Marketing,0.7,2020-04-01
151,37.0,26379127.138238188,Marketing,16.5,2020-12-07
152,38.0,10738876.78501338,Marketing,5.7,2017-10-26
153,,17590508.510149878,Sales,8.9,31/02/2020
154,37.0,12353994.950942436,HR,6.2,2015-02-17
155,37.0,10653565.065056782,Sales,5.4,2022-08-18
156,27.0,14945664.31482514,Finance,8.6,2023-01-31
157,53.0,15686762.39703518,Engineering,7.6,2016-04-14
158,39.0,29590867.77530046,Finance,12.7,
159,23.0,14079270.92158399,Finance,16.3,2021-01-08
160,41.0,9349106.352576584,Engineering,5.9,31/02/2020
161,25.0,16365053.587471928,Finance,4.3,2022-03-10
162,42.0,4626799.812268158,Marketing,13.3,2018-10-25
163,46.0,14540216.08697867,Engineering,13.4,2016-04-01
164,26.0,15080126.411475802,Finance,18.0,2018-04-17
165,44.0,18973001.914726056,Marketing,0.3,2019-11-16
166,39.0,19868111.247139234,Marketing,17.1,2016-10-09
167,43.0,12482151.905461412,HR,10.4,Unknown
168,53.0,14246929.926850336,Marketing,12.4,2015-01-14
169,32.0,11169395.846946646,Sales,1.8,2023-02-05
170,27.0,9359687.22596153,Engineering,8.7,2023-01-26
171,26.0,16549473.896903172,Engineering,4.5,2017-12-14
172,26.0,8632072.257017005,Engineering,5.1,2020-08-12
173,34.0,12926865.497140685,,10.1,2017-01-01
174,38.0,10024130.200503813,Finance,16.2,2020-09-10
175,37.0,17748415.9314513,Sales,14.9,2016-03-11
176,-5.0,24007150.49633244,Marketing,11.8,2022-01-05
177,35.0,8492060.085983343,Finance,10.8,2018-05-07
178,49.0,5734907.585512154,Marketing,8.5,2022-03-02
179,32.0,14375565.573249662,Marketing,19.5,
180,62.0,15078488.979788791,Finance,11.2,2021-10-30
181,41.0,16093296.533786489,Finance,5.1,2017-03-25
182,26.0,12768397.423828276,Sales,4.6,2016-09-18
183,24.0,13996803.50587284,HR,12.2,2019-03-12
184,39.0,16837552.05270301,Engineering,10.5,
185,32.0,,Finance,0.2,2021-01-18
186,42.0,5224756.148408586,Finance,16.6,2020-12-12
187,999.0,13155302.804842688,Marketing,14.1,2015-01-03
188,34.0,16069043.969705317,HR,13.2,31/02/2020
189,26.0,9999999999.0,Finance,1.4,2018-08-20
190,19.0,23655848.1588365,HR,7.2,2020-06-24
191,30.0,11822950.598856315,,18.7,2015-03-21
192,43.0,,Marketing,17.3,2016-04-03
193,37.0,17780110.484211452,Sales,5.7,2019-01-26
194,22.0,12043576.055990528,Engineering,3.1,Unknown
195,36.0,5767134.760977915,HR,9.0,2017-09-07
196,38.0,12856727.365417333,HR,7.1,2015-08-26
197,999.0,20147202.779635202,Engineering,13.6,31/02/2020
198,36.0,13315524.366074307,HR,19.3,2021-05-12
199,35.0,10767828.492705107,Sales,7.3,2015-11-19
200,23.0,19628361.047513608,Sales,1.2,
201,,13346125.519884737,HR,18.0,2023-03-17
202,40.0,12449195.931748914,HR,0.8,2020-06-13
203,,15747280.448316548,Sales,19.1,2015-10-11
204,45.0,,HR,13.3,2020-12-21
205,21.0,26908567.65866273,Finance,18.8,2016-05-30
206,25.0,19136180.538287114,Marketing,4.0,2016-06-09
207,40.0,20799199.831941724,Enginering,0.8,2022-05-26
208,,12470169.005060723,HR,9.8,2020-04-30
209,40.0,9870659.470152618,HR,9.0,2021-03-01
210,73.0,15311656.748095615,Enginering,6.6,2016-11-07
211,40.0,15535849.576297982,HR,19.2,2017-12-21
212,46.0,9607436.293177014,Marketing,16.5,2020-12-01
213,44.0,14123527.350479936,Sales,13.2,2021-10-20
214,41.0,16996588.008595653,Marketing,3.3,2019-09-30
215,31.0,16801966.9750904,Marketing,14.7,31/02/2020
216,42.0,17521439.266921364,Finance,14.5,2021-01-17
217,27.0,16454823.650687214,HR,8.5,2023-03-09
218,32.0,12464956.703649722,Sales,18.5,2022-09-26
219,30.0,-1000000.0,Engineering,3.3,2017-04-03
220,35.0,9005243.01003062,Marketing,5.3,2022-12-30
221,58.0,23923875.195925474,Engineering,1.3,2018-06-30
222,16.0,15067251.823096465,HR,15.9,2019-06-23
223,41.0,13875734.72102574,Marketing,12.4,2022-07-14
224,18.0,10356039.592737706,Engineering,6.3,2022-04-15
225,-5.0,29678289.51163889,Finance,3.3,2019-03-10
226,45.0,9633359.838885523,Engineering,0.8,2019-11-30
227,35.0,12855760.371969633,Finance,3.3,2020-10-20
228,24.0,17079184.181430303,Sales,9.1,2020-01-24
229,27.0,,HR,4.9,2016-05-10
230,,19789660.276078418,Engineering,5.2,2017-10-12
231,27.0,24038042.538846314,Marketing,17.5,2017-07-09
232,37.0,17530788.27730356,HR,10.3,2015-09-20
233,35.0,9719846.000166662,Engineering,14.6,2018-10-16
234,28.0,13715274.374391092,Marketing,0.7,2015-03-28
235,56.0,16539161.862569425,Marketing,7.3,2021-08-06
236,41.0,25341130.20752912,Marketing,9.6,2021-03-18
237,14.0,8010972.607878515,Marketing,3.7,2017-07-31
238,36.0,21012882.52612614,Enginering,2.4,2021-08-07
239,28.0,9999999999.0,,17.4,2017-06-21
240,43.0,19189152.676147405,Finance,18.8,2015-01-30
241,27.0,14490026.41682034,12345,1.6,2015-10-18
242,33.0,10787836.849368367,Finance,7.0,2022-12-09
243,40.0,18754363.89700666,Sales,19.2,2022-01-28
244,43.0,18272155.135528106,12345,1.7,2015-08-30
245,-5.0,19860284.82869861,Marketing,12.9,2017-07-26
246,31.0,14933476.823106823,HR,19.4,2015-10-04
247,30.0,12000889.883400753,Finance,19.6,2015-05-09
248,28.0,7206065.024880792,Finance,9.4,2018-09-15
249,52.0,19096866.34069703,Marketing,3.3,2015-10-18
250,39.0,17119447.41221993,Finance,4.0,2020-10-06
251,22.0,10171086.835680204,N/A,17.8,2017-09-01
252,44.0,12307131.633516878,Marketing,18.2,2018-02-14
253,56.0,,Marketing,12.2,2022-07-03
254,45.0,7585077.840087909,Engineering,15.3,2020-06-11
255,19.0,10911588.016974332,Engineering,14.8,2017-05-27
256,30.0,9330848.215968229,Engineering,13.2,2021-01-17
257,47.0,12937604.940560317,Engineering,16.5,2016-06-25
258,27.0,11306512.508352187,Sales,13.7,2023-02-10
259,39.0,6864975.395666257,HR,10.7,31/02/2020
260,42.0,,HR,4.7,2021-06-18
261,25.0,21262703.65514615,Marketing,14.9,2020-04-20
262,34.0,11104902.892400071,Finance,9.5,2017-09-22
263,2.0,16362106.983268049,Engineering,5.9,
264,24.0,17087325.449106473,HR,16.0,2019-07-26
265,32.0,,HR,13.9,2017-02-18
266,22.0,10906974.866699606,Engineering,18.7,2016-01-22
267,51.0,20460533.91991213,Sales,3.3,2016-02-02
268,-5.0,12260473.478965325,Sales,13.0,2022-05-23
269,30.0,8320687.979156933,HR,4.9,
270,,18620682.796572488,Sales,18.1,2018-12-22
271,49.0,21453792.12061214,Engineering,2.0,2019-10-01
272,20.0,27939544.867653422,HR,13.1,2019-08-11
273,46.0,9001373.674548931,Engineering,15.8,31/02/2020
274,,18494598.425403945,Sales,7.1,2023-03-06
275,25.0,12950993.781032335,Engineering,19.1,2015-08-10
276,,18916793.552620158,Sales,17.0,2022-07-21
277,,7647552.243843747,Sales,5.9,2022-04-30
278,28.0,8686151.121507179,Engineering,0.2,2022-03-31
279,35.0,11120625.884167582,Sales,5.9,2016-02-08
280,31.0,15394820.228340423,Marketing,5.6,2015-09-06
281,36.0,11794593.667308223,Engineering,17.8,2019-07-08
282,,18295271.719567098,Marketing,50.0,2023-03-02
283,-5.0,20134473.091289572,12345,1.4,2018-10-21
284,22.0,17997887.706226777,Sales,-2.5,2016-03-23
285,56.0,23093938.19830434,Sales,11.0,2017-10-15
286,,17079133.147276714,HR,1.9,2017-02-23
287,33.0,8915516.448299166,HR,7.5,2017-02-18
288,40.0,21816882.5676917,Marketing,50.0,2021-01-05
289,37.0,11974218.821970012,Sales,10.7,2020-01-12
290,,19552092.49842785,HR,13.2,2016-07-28
291,32.0,22868671.082775533,Sales,14.1,2019-09-25
292,30.0,17283440.053651996,Engineering,2.7,2017-01-21
293,29.0,7519205.934176751,HR,16.3,
294,43.0,10408939.167451043,Marketing,13.6,2020-03-09
295,38.0,21613722.334425677,HR,17.8,Unknown
296,28.0,14154386.571785918,,9.0,2015-11-05
297,999.0,15397867.674710829,,17.9,2019-12-21
298,38.0,18794122.080818046,Finance,17.3,2020-99-99
299,43.0,18481614.31040162,Sales,8.8,2016-02-06
300,41.0,16393999.061927304,Engineering,7.6,2015-07-27
301,26.0,13956658.143897671,HR,18.7,
302,,13436657.771338213,Finance,14.3,2021-01-23
303,42.0,19289494.126456715,Engineering,18.6,2015-03-02
304,41.0,17767847.655338965,Sales,15.9,2016-01-18
305,34.0,13713499.996911053,Engineering,12.2,2017-08-26
306,,20410561.564965703,Sales,2.3,2016-11-12
307,47.0,14354829.424351081,HR,5.8,2019-07-23
308,29.0,10741689.128328033,Engineering,19.4,31/02/2020
309,,11205146.505483277,,6.4,2020-05-25
310,32.0,10106295.81845117,Engineering,1.9,2017-05-25
311,32.0,13637949.916981565,Sales,14.2,2019-07-01
312,45.0,21168621.391680963,Sales,14.7,2015-08-29
313,43.0,-1000000.0,Engineering,5.7,2016-11-05
314,43.0,15942378.805090515,12345,6.0,2019-04-02
315,48.0,11716553.271862933,Marketing,9.4,2015-01-09
316,35.0,13698454.793642811,Marketing,0.4,2019-05-19
317,41.0,7449793.940073739,HR,15.8,2017-12-22
318,31.0,13897308.854217313,Marketing,6.3,2020-02-07
319,38.0,14031473.10097519,Marketing,17.1,2018-03-14
320,33.0,17701439.720178477,Finance,16.1,2019-09-29
321,,16116404.566276852,Finance,13.2,31/02/2020
322,40.0,9008039.375239775,Finance,6.5,2023-03-12
323,26.0,20420991.220217712,Finance,10.3,2021-03-26
324,55.0,16051515.201109977,Sales,8.9,2022-06-04
325,24.0,15991967.585887434,HR,6.8,2023-01-21
326,22.0,14954088.233074306,HR,17.0,Unknown
327,,9999999999.0,Marketing,9.7,2016-09-26
328,42.0,16089011.69874363,HR,16.7,2017-02-16
329,41.0,17377942.179642912,Marketing,2.1,2018-04-30
330,41.0,6265521.543272225,HR,2.8,Unknown
331,34.0,12306195.813269522,Engineering,19.5,2015-08-28
332,26.0,13725265.147982053,Engineering,11.8,2021-06-30
333,35.0,16280853.028471392,HR,10.2,2021-01-29
334,28.0,,Sales,10.5,
335,44.0,11141295.927016089,Marketing,4.3,2018-07-08
336,33.0,12510190.76591079,HR,14.4,2015-08-23
337,26.0,12437329.44676725,Marketing,1.7,2015-07-25
338,31.0,10992362.049477292,Finance,11.5,
339,39.0,13264067.524438687,HR,11.4,2020-05-06
340,29.0,18854011.099939857,Sales,18.3,2020-08-21
341,26.0,9730822.523178272,Finance,10.5,Unknown
342,37.0,17139071.975764517,HR,2.7,Unknown
343,37.0,6490488.849908322,Engineering,11.5,2015-08-21
344,29.0,12193310.01778897,HR,1.8,2020-09-11
345,30.0,13352553.49891007,Engineering,4.1,2015-11-25
346,37.0,23374298.364570323,Engineering,0.6,
347,20.0,13625988.47623656,HR,10.3,2015-10-08
348,20.0,3993782.6327454094,HR,1.7,2021-09-03
349,27.0,5005555.465693751,Engineering,9.4,2015-10-06
350,32.0,15170147.931733405,Marketing,18.7,2022-07-28
351,38.0,18068854.278949544,Finance,-2.5,
352,49.0,-1000000.0,Sales,1.5,2019-07-12
353,43.0,15837850.529004952,HR,4.5,2016-05-06
354,33.0,20811297.987528335,Finance,13.5,2021-05-22
355,34.0,12302043.896314342,Finance,17.9,2017-10-05
356,24.0,19474552.780134127,Marketing,0.7,2021-06-29
357,34.0,6839925.5748679135,Finance,16.2,2021-09-01
358,32.0,10475260.83530967,HR,11.2,2015-06-12
359,38.0,5964793.025340918,Finance,10.9,2021-12-11
360,,13625773.496651039,HR,19.2,2015-12-02
361,40.0,14768693.913668288,HR,15.0,2019-09-14
362,50.0,15570507.461132599,Engineering,17.0,2022-05-16
363,33.0,15309416.764435677,Marketing,7.1,2021-07-18
364,39.0,10362233.345941361,Sales,11.1,2021-05-04
365,41.0,14048795.777933922,Engineering,12.3,2020-11-11
366,30.0,7512766.656971257,Sales,6.4,2018-07-19
367,37.0,21816144.875661254,HR,11.4,2017-12-04
368,35.0,13481869.635509996,Engineering,4.7,2017-04-16
369,35.0,12555569.404781543,Finance,2.9,2022-07-06
370,27.0,22944701.642220415,Finance,7.5,2023-01-12
371,35.0,8788767.332253855,Sales,14.8,2018-07-10
372,39.0,9372064.429840155,HR,18.3,2017-09-04
373,49.0,9518898.375657175,Sales,9.2,2017-12-23
374,44.0,14660643.09150259,,12.9,2019-06-10
375,56.0,17158158.148187988,Finance,2.1,2016-06-20
376,27.0,18698377.34058917,Engineering,18.1,2022-07-14
377,43.0,27859976.587474845,Engineering,11.4,2022-03-28
378,36.0,3752837.728996182,Engineering,15.6,2018-05-13
379,56.0,18043677.945622087,Finance,15.9,2020-02-16
380,26.0,12214347.137138844,HR,5.1,2018-07-19
381,26.0,12067924.255556133,Finance,10.6,2015-10-25
382,29.0,11901139.358730612,Finance,19.2,2015-02-08
383,13.0,10456151.645960134,Engineering,1.8,
384,29.0,23422624.17301726,Finance,13.7,2021-12-19
385,27.0,19211486.63506951,Enginering,19.2,2021-04-25
386,36.0,,HR,6.0,2016-02-14
387,38.0,21755078.762435,Marketing,17.2,2015-10-28
388,53.0,7437355.173505622,Engineering,18.7,2021-01-11
389,44.0,8346474.343345369,Sales,14.9,2017-05-23
390,29.0,4110161.339026561,Marketing,4.6,2020-09-03
391,26.0,,HR,6.7,2017-12-22
392,39.0,15808492.633523764,Marketing,0.7,2016-06-26
393,21.0,15514292.88966167,Engineering,16.6,2018-11-30
394,53.0,15746709.555299403,HR,17.0,2015-10-09
395,46.0,7944715.844669591,Sales,12.7,2017-09-27
396,30.0,19015773.71307011,Engineering,7.1,2019-02-22
397,17.0,16198137.59119499,Engineering,1.5,2018-03-13
398,48.0,18665271.40732999,HR,15.1,2016-10-08
399,33.0,5536189.112049742,HR,14.5,2019-11-30
400,47.0,16557454.293988949,Marketing,18.3,2021-02-03
401,19.0,9061173.800412364,Sales,14.6,2022-11-21
402,29.0,13013383.73724319,Marketing,16.6,2018-05-24
403,35.0,17671824.493181918,Marketing,14.9,
404,35.0,15455468.031279566,,12.6,2022-05-02
405,,10742300.101103406,HR,8.5,2020-12-06
406,41.0,15031365.78092209,Engineering,18.0,2015-02-02
407,24.0,7342323.423781784,Sales,13.0,2022-06-28
408,33.0,20751336.97949148,Marketing,8.0,2021-03-21
409,36.0,13973579.902518744,Sales,1.7,2018-05-11
410,40.0,20592749.72127663,HR,5.8,2022-06-10
411,42.0,12367341.564519785,HR,10.9,2016-02-29
412,23.0,12382120.057967085,Finance,5.5,2016-07-04
413,19.0,11179066.066810768,Sales,4.4,2017-12-19
414,47.0,19380869.658465378,Engineering,10.5,2016-04-17
415,38.0,-1000000.0,Sales,3.4,2016-03-14
416,27.0,18222977.16207588,Marketing,16.0,2021-03-16
417,,13087738.011653548,HR,9.7,2016-09-28
418,,5120183.500541901,HR,11.5,2018-01-20
419,46.0,12148429.66106767,Sales,2.9,2018-02-28
420,999.0,9104458.92818576,Sales,6.5,2021-10-13
421,55.0,15169513.618411688,Sales,8.2,2017-05-12
422,52.0,9047961.32162755,Marketing,16.2,2023-01-18
423,32.0,19629875.503573082,Marketing,15.4,2018-11-05
424,44.0,9999999999.0,Engineering,4.5,2017-04-13
425,41.0,14112020.026206305,Sales,12.3,2022-09-16
426,48.0,18279460.688937914,Engineering,4.9,2022-02-10
427,25.0,19819534.67037931,Finance,19.8,2017-12-17
428,41.0,14899506.241151743,Marketing,19.0,2020-99-99
429,45.0,11143998.502253547,HR,11.3,2020-06-24
430,17.0,6130151.919439353,Finance,14.0,2017-10-25
431,23.0,11569751.2148241,HR,16.0,Unknown
432,14.0,11913938.766760193,Finance,14.4,2016-01-14
433,32.0,15535287.264961483,Engineering,14.0,2022-02-11
434,42.0,13274265.594309865,Engineering,19.2,2019-10-01
435,50.0,18439664.86025714,Marketing,11.9,2018-02-07
436,35.0,11935083.643646553,HR,-2.5,
437,51.0,14714794.165735291,Finance,17.0,2015-01-15
438,21.0,20919937.21598445,Sales,13.4,2018-09-28
439,17.0,16709126.069774833,Sales,14.7,2016-06-19
440,34.0,,Marketing,4.7,2022-02-22
441,38.0,11990277.790324114,HR,7.4,2017-12-08
442,-5.0,11833843.016425114,Sales,2.9,2016-10-23
443,14.0,10746933.735240262,Marketing,10.1,2019-12-15
444,34.0,12294965.671085503,Marketing,9.1,2021-03-09
445,21.0,18778329.193721574,HR,19.9,2022-11-30
446,41.0,-1000000.0,Sales,12.2,2019-10-18
447,38.0,8251134.653093845,Sales,15.7,2021-04-16
448,25.0,23840846.465298917,Sales,6.7,2015-02-09
449,29.0,,Engineering,16.6,2016-04-03
450,,7965282.997434153,Sales,12.3,2015-11-05
451,34.0,12790755.36379588,Finance,13.9,2022-10-01
452,44.0,15554431.914142089,Engineering,5.9,2016-09-02
453,25.0,23522960.466486886,Engineering,11.0,2021-02-12
454,40.0,9459437.708705653,Engineering,12.7,2015-05-28
455,,19880203.596779734,Engineering,11.8,2019-02-21
456,27.0,21997432.134861715,Marketing,18.3,2021-07-13
457,33.0,11856728.474627148,Finance,18.0,2021-03-13
458,24.0,13612431.905698832,HR,19.4,2016-08-29
459,29.0,9818453.76313115,Sales,13.3,2019-10-27
460,23.0,-1000000.0,Engineering,19.4,2016-06-06
461,54.0,14817050.128285345,HR,16.6,2015-06-21
462,35.0,18298249.99041185,Marketing,5.4,2018-06-16
463,28.0,20450917.355102234,HR,8.5,2019-02-02
464,37.0,11259519.676891765,Engineering,4.8,2015-06-13
465,33.0,5163374.678870028,Finance,0.1,2019-01-05
466,32.0,14893776.10361879,HR,3.8,2017-05-10
467,41.0,16467687.649843203,Engineering,0.1,
468,42.0,16247088.438425208,Engineering,14.4,
469,29.0,13366633.76245478,Sales,8.5,2022-06-24
470,29.0,15623760.498319672,Sales,6.3,2016-02-26
471,32.0,22577224.041761238,Finance,15.2,2018-12-19
472,11.0,16908670.844812546,Sales,16.6,2021-04-12
473,19.0,13133157.874984577,Finance,19.5,2019-07-23
474,48.0,,Marketing,12.8,2021-12-17
475,51.0,14150738.211611347,Marketing,9.2,2016-09-25
476,32.0,23183699.8091532,Sales,6.1,2017-08-27
477,40.0,14083496.452369014,Marketing,4.4,2016-10-27
478,38.0,14901028.277396461,HR,4.3,Unknown
479,65.0,12588432.145318486,HR,8.2,2019-08-16
480,46.0,20494916.787209824,HR,19.8,2015-04-12
481,,24799186.273723375,Marketing,0.0,2017-01-04
482,25.0,17253065.24715694,HR,3.9,2018-09-22
483,18.0,,Finance,3.8,2019-08-14
484,37.0,15183914.165871173,12345,14.3,2022-07-06
485,999.0,3078466.056071272,Sales,7.0,2017-10-13
486,20.0,18725754.321424086,Finance,9.1,2017-12-28
487,28.0,15670832.079979219,HR,3.0,2016-10-14
488,24.0,17141710.253303625,Engineering,8.1,2022-11-12
489,51.0,11442689.029581476,Sales,2.1,2016-03-18
490,,13077715.605114542,Finance,-2.5,2019-04-16
491,34.0,12944875.317484135,Sales,2.0,2015-06-08
492,49.0,20108114.920365192,Marketing,15.8,2020-04-11
493,35.0,13106200.816984534,HR,11.3,2017-06-30
494,26.0,25413301.610548988,Finance,14.5,2017-03-28
495,50.0,17154312.095075186,Finance,8.4,2020-02-29
496,,8621586.700021341,Enginering,7.6,2018-12-03
497,24.0,14357268.533740215,Engineering,2.0,2018-06-04
498,33.0,11741624.38921792,Engineering,10.5,2017-07-21
499,26.0,4028087.650899878,Sales,10.3,2017-07-02
500,21.0,22997354.700568948,HR,9.4,2015-04-07
501,44.0,18515712.71110002,Sales,14.8,2022-05-27
502,54.0,17666036.589496564,HR,16.7,2017-03-02
503,21.0,15827018.301498521,Finance,15.0,2019-06-21
504,40.0,8089912.156537812,Sales,2.9,2018-09-06
505,28.0,12581914.302222816,Sales,12.4,2018-02-15
506,30.0,19208903.873920064,Sales,1.6,2015-10-12
507,29.0,9743899.851087486,Marketing,13.9,2018-02-17
508,26.0,2341153.4187459312,HR,7.6,2018-12-09
509,35.0,13864469.96109537,HR,2.6,
510,26.0,14291212.229862306,Sales,17.2,2020-09-17
511,-5.0,15677817.082073545,Marketing,12.3,2019-06-26
512,34.0,,Sales,7.1,2022-08-15
513,32.0,18188029.061156042,HR,0.6,2021-01-05
514,25.0,16293849.026219608,Finance,10.7,2018-09-18
515,29.0,20977656.940433547,Marketing,18.5,2015-04-24
516,42.0,7405151.095933426,Marketing,11.9,2016-04-17
517,40.0,17522909.07238695,Sales,19.4,2017-12-05
518,25.0,18132691.81668471,,2.7,2017-01-01
519,,8802188.569598801,HR,11.4,2021-07-06
520,42.0,7485646.956588053,Engineering,16.0,2017-12-23
521,18.0,11270289.367621994,HR,10.5,2015-06-06
522,40.0,11692292.78742354,HR,1.8,2016-03-20
523,28.0,18767097.317512155,Finance,11.7,
524,40.0,11927306.081544526,Marketing,12.2,2019-11-15
525,27.0,10718257.40859398,HR,14.6,2018-11-16
526,16.0,11941831.316527205,Marketing,15.2,2023-03-04
527,18.0,20593161.67077106,Finance,15.4,2018-07-08
528,35.0,15065216.871884761,Finance,13.3,2019-11-23
529,,14103744.87321544,Sales,4.3,2021-10-19
530,25.0,14449972.506494742,Engineering,8.1,2020-09-25
531,41.0,21460301.671632614,Finance,15.5,2016-04-18
532,18.0,11254141.36698379,Finance,19.1,2019-04-27
533,34.0,21577541.45470052,12345,1.6,2021-06-19
534,22.0,16052481.494607517,Finance,10.7,2017-02-17
535,,14197903.090123262,HR,6.3,2017-11-09
536,35.0,27504502.48967141,Sales,4.5,2015-07-01
537,26.0,9721802.551007017,Sales,10.1,2022-12-13
538,31.0,13231571.20216497,HR,12.1,2019-11-22
539,45.0,8837843.80418,Finance,0.2,2015-01-07
540,29.0,19762309.852680847,Engineering,15.6,2020-10-30
541,43.0,23445944.668258395,Finance,16.4,2021-01-14
542,23.0,23349613.907023195,Sales,19.3,2022-09-14
543,40.0,21119743.765730023,12345,3.6,2023-01-25
544,,14011897.661020173,Marketing,11.9,2022-07-09
545,10.0,13173795.112550767,Marketing,8.5,2017-03-18
546,27.0,,Finance,6.7,
547,40.0,25179367.675908964,Finance,11.3,Unknown
548,32.0,17344890.39074234,Engineering,15.6,2015-10-14
549,38.0,12540215.475652585,Engineering,0.5,2022-06-13
550,28.0,21640284.444934838,Finance,19.4,2018-09-14
551,-5.0,10136177.416199997,Sales,16.2,2021-12-27
552,999.0,17033110.17111337,Marketing,15.0,2018-07-09
553,46.0,14136854.328545827,Engineering,15.2,2022-06-10
554,37.0,18193385.699401505,Sales,7.8,2016-05-25
555,38.0,14682132.304069392,Finance,15.0,2023-01-27
556,30.0,7745360.544443879,HR,7.7,2018-05-15
557,,15377881.863350188,Engineering,18.0,2020-09-08
558,30.0,20244320.709376812,HR,3.5,2018-06-20
559,38.0,,Sales,5.8,2022-06-24
560,30.0,18875575.60794543,Marketing,50.0,2019-07-31
561,37.0,9772352.571629735,Sales,6.4,2018-08-29
562,55.0,14868696.03365074,Enginering,8.5,31/02/2020
563,43.0,11877447.724557113,Sales,9.8,2022-10-26
564,31.0,18734904.200523548,Engineering,17.1,2018-04-26
565,47.0,15157457.811309978,Engineering,-2.5,2021-03-20
566,30.0,18450368.381683063,HR,7.2,
567,14.0,20438552.130789332,Sales,5.0,2017-02-24
568,24.0,18458092.875606943,Sales,8.2,2019-09-19
569,16.0,16365592.17146822,HR,10.3,2022-06-16
570,31.0,10008938.707442973,Finance,14.9,2019-04-02
571,35.0,,,2.4,2022-08-06
572,51.0,12334547.989920834,Sales,4.4,2016-12-13
573,38.0,13279680.216478867,Sales,7.6,2021-11-26
574,32.0,13127329.246248746,Finance,7.2,2021-05-20
575,43.0,10100372.126088778,Engineering,7.8,2018-05-17
576,12.0,5213307.054330051,HR,15.9,2019-07-22
577,37.0,11659284.758361166,Finance,6.5,2021-02-22
578,42.0,15966897.259620795,Marketing,10.0,2015-01-02
579,20.0,8259114.772862549,Marketing,12.5,2018-05-29
580,46.0,15078411.182358121,Finance,4.6,2018-03-21
581,38.0,24501342.12155482,Finance,14.4,2017-05-10
582,30.0,20115282.776261196,Engineering,10.9,2019-10-27
583,41.0,23217707.545602646,Marketing,8.9,2021-07-03
584,57.0,16955639.38466363,HR,-2.5,2021-10-20
585,36.0,20837549.11493223,Sales,4.9,
586,37.0,11380176.347661063,Sales,17.7,2018-08-12
587,-5.0,11778298.664890079,Engineering,11.2,2020-03-19
588,26.0,1304298.9693126362,Engineering,12.2,2019-12-15
589,43.0,20930727.370211497,Marketing,17.5,2019-12-17
590,26.0,22701619.899099432,HR,-2.5,2022-07-30
591,35.0,12234113.77326365,HR,12.0,2017-05-25
592,30.0,13730241.468013825,Finance,15.1,2020-09-24
593,39.0,11230689.431545192,Engineering,8.7,2020-04-22
594,38.0,16913267.75738746,N/A,10.9,
595,,20624662.726516202,Sales,1.2,2022-05-22
596,29.0,6286140.130594796,Marketing,1.8,2015-12-14
597,32.0,17047192.653211262,Sales,16.6,
598,25.0,13616641.141404273,Enginering,1.2,2020-10-12
599,30.0,15566971.959833447,HR,3.4,2022-06-12
600,38.0,17294970.008371454,Engineering,15.9,2022-02-05
601,42.0,14058987.806135895,Marketing,0.0,2021-12-11
602,25.0,14482065.732971096,Sales,5.6,2018-10-04
603,43.0,13930624.162226805,Engineering,11.7,2016-01-18
604,48.0,19851581.00894141,Finance,11.9,2017-08-20
605,39.0,17093799.800637484,Finance,15.5,2022-07-18
606,53.0,16102917.688686803,Sales,10.1,2018-06-25
607,27.0,,Sales,10.2,2017-07-09
608,22.0,13107101.283934228,Sales,14.5,2017-03-26
609,17.0,19493345.801695872,HR,10.0,2016-08-26
610,49.0,15188482.865619615,Sales,12.2,2015-04-11
611,,18297657.34794569,Finance,18.0,2015-07-09
612,34.0,23832559.001638167,Sales,8.0,2017-09-29
613,-5.0,20193030.346044082,Marketing,7.7,2020-04-30
614,23.0,15465791.688498711,Finance,0.1,2021-11-08
615,59.0,12445054.149021365,Marketing,12.3,2015-10-26
616,36.0,2232252.019720508,Finance,0.6,2020-02-09
617,,14158075.387635738,Engineering,10.1,2019-08-25
618,42.0,13369937.520915754,Finance,16.1,2022-01-23
619,,16951830.97197688,Finance,11.0,2021-06-15
620,37.0,14230473.865126561,Marketing,5.4,2017-03-07
621,27.0,13398074.702816028,Marketing,15.7,2023-01-21
622,39.0,6103005.3474638965,Finance,5.4,2022-10-23
623,53.0,10300160.854249667,Finance,14.7,2019-04-22
624,48.0,17383255.204002786,HR,12.2,2020-07-17
625,50.0,23579538.15566347,Engineering,3.4,2019-06-25
626,29.0,14512373.081271883,Engineering,18.1,2017-09-26
627,25.0,16639055.367870616,Sales,4.0,2016-08-27
628,33.0,19762390.78476403,Finance,19.8,2022-05-11
629,35.0,10945530.31899875,Finance,0.1,2022-09-17
630,45.0,16834070.21642721,Finance,5.3,2015-01-23
631,18.0,11297549.468339209,Finance,4.0,2016-03-12
632,50.0,19324122.192455057,Engineering,0.3,
633,33.0,15757015.239758663,Marketing,14.6,2017-06-15
634,30.0,16492259.0699072,HR,13.9,2016-12-21
635,24.0,11087007.012907054,Marketing,15.8,2022-10-21
636,18.0,18535161.798053924,Marketing,5.1,2020-10-22
637,43.0,25423564.606155083,Engineering,8.9,2020-03-17
638,35.0,9960441.52285897,,13.2,2015-07-25
639,22.0,13301204.961762382,Finance,8.8,2021-04-02
640,22.0,16158037.37084046,Engineering,13.9,2017-10-17
641,31.0,18932031.05997908,Engineering,12.7,2016-05-12
642,,12202268.573552655,HR,2.3,2020-02-13
643,32.0,834848.5492863003,Sales,15.6,2016-06-30
644,19.0,21795947.470820125,Engineering,14.4,2020-03-18
645,32.0,18802530.597920712,Marketing,13.1,2022-06-27
646,32.0,6285262.347566675,Marketing,3.1,2020-12-15
647,8.0,11962156.04110222,Finance,5.4,2021-04-08
648,,22840912.14763663,Engineering,7.9,2021-09-04
649,32.0,22238982.09228933,Finance,5.6,2018-07-23
650,41.0,19693200.113394722,,4.6,2019-12-18
651,53.0,,HR,16.1,2021-11-14
652,46.0,15414937.09406255,Engineering,12.8,2023-01-25
653,32.0,14345370.974369368,Sales,11.3,2020-08-29
654,999.0,,Marketing,4.5,2019-10-14
655,60.0,10620787.96752445,HR,18.4,2021-02-22
656,35.0,,Marketing,3.8,2020-01-01
657,-5.0,20051372.934180077,Finance,15.9,2016-10-13
658,34.0,14778192.722442191,HR,19.3,2020-04-28
659,36.0,21892336.77726904,Sales,14.5,2020-01-18
660,33.0,11642438.96509727,Marketing,19.9,2017-11-27
661,,14726108.198305875,Enginering,13.0,2017-10-09
662,29.0,10387935.075780233,Engineering,4.3,2022-02-24
663,,15036813.407117836,Engineering,50.0,Unknown
664,29.0,7607265.315006006,HR,6.5,2020-11-05
665,27.0,12561832.895225186,Sales,0.1,2020-06-07
666,999.0,7818730.675359411,Sales,13.6,2022-01-11
667,32.0,18469616.165956292,Sales,5.4,2017-09-06
668,-5.0,18582946.698798258,Marketing,16.3,2018-01-29
669,8.0,6348686.347578276,HR,7.2,2019-12-07
670,,,,9.6,2015-11-14
671,47.0,27487075.63209927,Marketing,19.3,2023-01-01
672,14.0,15230031.933681704,Sales,4.8,2018-03-16
673,31.0,11794428.698876776,Engineering,14.4,2017-08-18
674,31.0,,HR,15.1,2018-01-17
675,20.0,8405157.508487446,Finance,4.4,2020-99-99
676,27.0,15100532.334345492,Sales,10.0,2018-08-02
677,23.0,15898111.363159617,Sales,7.0,2021-01-21
678,,21725738.102262072,Sales,15.4,2015-11-27
679,44.0,16798694.875633944,Sales,12.4,
680,,,Engineering,9.5,2016-09-09
681,42.0,10244078.14806022,HR,15.6,2017-08-05
682,23.0,13290890.898769323,Marketing,4.7,2019-04-18
683,29.0,,Engineering,15.1,2022-10-13
684,,15239126.598923415,HR,17.3,Unknown
685,22.0,9999999999.0,Marketing,17.6,2022-12-03
686,42.0,7529811.033551247,Sales,15.7,2017-05-26
687,32.0,21275728.94187452,HR,8.2,2015-09-21
688,31.0,12511637.382854803,Sales,19.6,2019-08-27
689,42.0,,HR,7.6,2019-07-28
690,39.0,-1000000.0,Finance,50.0,2018-09-17
691,31.0,15341857.829838295,Sales,3.2,31/02/2020
692,46.0,6267666.372104833,Sales,19.6,2020-03-23
693,24.0,16658238.335628813,Sales,14.1,2019-08-31
694,41.0,9764212.156548677,Engineering,15.1,
695,40.0,23555144.045953937,Marketing,1.3,2017-04-27
696,31.0,17619802.560383674,Sales,15.3,2019-09-17
697,38.0,13000500.049453417,Sales,15.5,2019-05-15
698,,11274161.148413248,Engineering,13.4,2021-07-20
699,44.0,14475161.462181881,Engineering,5.8,2022-10-19
700,33.0,,Finance,9.8,2015-03-22
701,29.0,14872529.357074002,HR,2.2,2021-06-16
702,45.0,13914205.964315716,Sales,9.4,31/02/2020
703,27.0,15291851.454089478,HR,4.9,2020-05-07
704,20.0,11980705.343815226,Engineering,7.0,2015-01-25
705,19.0,13283970.36578481,,3.3,
706,41.0,-1000000.0,Finance,4.6,2018-05-08
707,22.0,19868631.15426184,Marketing,1.5,2019-05-17
708,52.0,16493988.90160881,Engineering,18.4,31/02/2020
709,,11132720.77983285,Sales,10.6,
710,51.0,24493674.906776194,N/A,7.9,2021-02-14
711,,15435082.401961932,Marketing,10.7,2021-10-06
712,34.0,9819282.140124016,Finance,12.6,2017-06-22
713,29.0,19283687.107352294,Engineering,18.4,2020-06-22
714,,16990241.082546312,Marketing,-2.5,2017-06-17
715,34.0,16972899.927421097,HR,5.9,2018-01-22
716,46.0,,Marketing,19.5,2019-11-21
717,36.0,17252478.618890174,Sales,7.4,2020-06-12
718,36.0,13691208.548894528,HR,0.5,31/02/2020
719,,17779707.25822921,HR,3.0,2019-05-12
720,,5475277.729946805,Sales,0.5,2018-10-08
721,38.0,12830632.685104053,HR,19.8,2022-07-02
722,17.0,23610775.489040975,Engineering,5.6,31/02/2020
723,21.0,11164662.722998498,Marketing,18.5,2019-07-15
724,42.0,11980808.512534067,Marketing,19.9,2023-02-14
725,36.0,12760193.307750124,Sales,12.0,2016-11-07
726,33.0,8925969.320556784,Engineering,0.7,
727,35.0,,HR,1.6,2016-06-06
728,38.0,13847068.007381937,Marketing,9.6,2021-12-23
729,29.0,15679297.120408284,Marketing,8.1,2020-12-27
730,27.0,,Marketing,12.1,2015-04-21
731,36.0,14275607.190260567,Marketing,8.8,2019-06-02
732,25.0,15215204.354251938,Finance,18.7,2021-08-21
733,39.0,20114207.35775382,Sales,10.7,2021-04-30
734,17.0,14047769.070353916,HR,13.9,2022-06-08
735,45.0,12129587.114563651,HR,17.9,2015-04-22
736,39.0,13594372.575559568,Sales,2.9,2015-12-10
737,37.0,17896733.79878388,Engineering,4.6,2022-03-17
738,44.0,22060134.392716248,Sales,2.1,2019-10-22
739,51.0,11859281.30415411,Marketing,2.8,31/02/2020
740,45.0,,Marketing,10.3,2020-03-06
741,,16691787.209679797,Sales,6.4,2017-01-14
742,22.0,10037109.966355886,Sales,8.5,2015-07-25
743,28.0,15102085.83606459,HR,19.6,2017-12-01
744,35.0,7671630.713289524,HR,3.1,2019-04-02
745,40.0,6154748.481303006,Finance,10.8,31/02/2020
746,27.0,16833732.039461285,Finance,2.0,31/02/2020
747,36.0,13080626.293346087,Marketing,6.4,2020-02-06
748,27.0,,Finance,10.6,2018-08-31
749,28.0,14910525.114958249,Finance,-2.5,2018-10-14
750,20.0,10117999.756681014,Engineering,7.8,2019-04-02
751,25.0,14773728.490178317,Sales,1.3,2018-02-13
752,21.0,8834493.474925723,HR,7.8,
753,25.0,21954861.790007003,Finance,2.9,2017-10-30
754,-5.0,8220148.275700181,HR,4.6,2015-12-02
755,25.0,14021073.645157093,Finance,12.4,2020-04-10
756,61.0,9788642.05976376,Finance,1.3,2015-03-21
757,39.0,17852105.866803978,Marketing,9.3,Unknown
758,-5.0,13342843.143592486,Engineering,12.2,2015-08-02
759,26.0,12406666.40189395,Sales,8.4,2018-12-04
760,42.0,19266007.725257773,Sales,0.4,2017-07-07
761,29.0,15147152.95838776,Marketing,19.7,2022-04-16
762,36.0,17583222.229679838,Marketing,7.3,2015-10-09
763,60.0,10093370.317412676,Sales,15.6,2022-04-23
764,34.0,7975915.280362465,Sales,6.5,2015-06-14
765,46.0,15536039.810200669,Engineering,9.5,2015-05-08
766,27.0,13405768.222526344,Finance,7.8,2017-10-09
767,34.0,18132173.362269722,Engineering,6.9,2017-03-27
768,52.0,14600457.736687252,Sales,0.4,2015-03-25
769,28.0,16025376.69617315,Finance,7.2,2021-12-19
770,53.0,6883087.350293783,Sales,17.8,2016-09-16
771,42.0,24442184.698071282,Engineering,13.8,2017-09-04
772,,14178790.07483984,Engineering,2.9,2016-06-01
773,41.0,18487934.851695996,Engineering,11.8,2020-04-23
774,44.0,10819541.648901869,Finance,17.8,2022-07-05
775,,16540049.511086704,HR,14.0,2016-04-13
776,19.0,8485776.182376273,HR,3.0,2021-04-29
777,-5.0,17260339.191298354,Sales,17.4,2017-06-11
778,32.0,13220129.578070836,Finance,6.0,2020-03-19
779,34.0,15145952.519677836,Marketing,9.1,
780,41.0,18489870.150650486,HR,10.5,2017-11-15
781,36.0,8837298.4438986,Finance,17.0,
782,21.0,,Finance,18.6,2016-11-18
783,38.0,17286621.405433826,HR,18.6,2021-10-17
784,41.0,25491107.372733735,Finance,0.2,2021-10-23
785,40.0,14309588.32669259,Finance,18.4,2023-01-21
786,45.0,17955680.589619663,HR,1.1,2016-04-14
787,43.0,,Engineering,5.3,2016-11-01
788,39.0,24711227.973781496,Sales,10.3,31/02/2020
789,34.0,6263891.665173722,12345,9.6,31/02/2020
790,18.0,15473105.22334679,Sales,12.1,2021-06-28
791,-5.0,6872279.832189695,Engineering,9.6,2015-04-16
792,37.0,2467142.1473164167,Engineering,18.7,2018-07-01
793,37.0,16487310.265589083,Finance,4.8,2021-06-16
794,22.0,15697488.980737295,Sales,5.5,2022-08-06
795,,13575815.311288994,,18.4,2019-03-18
796,45.0,14469029.549801234,Sales,1.5,
797,34.0,,Engineering,12.2,2023-01-07
798,41.0,13709124.309842829,Marketing,13.6,2017-03-23
799,35.0,,Engineering,10.1,2015-11-08
800,35.0,11753175.901930595,Sales,13.9,2021-08-22
801,44.0,16476162.875203015,Finance,3.5,2022-09-29
802,29.0,13808831.624721913,Sales,17.1,2022-01-13
803,35.0,12947407.58635135,HR,2.8,2017-09-21
804,,24094492.661001623,Sales,50.0,
805,30.0,20885924.815921694,Marketing,1.5,2022-10-26
806,31.0,15683733.236996153,Marketing,10.9,2018-05-20
807,37.0,3478940.3202801663,Marketing,13.4,2022-09-03
808,,13194953.88373715,Engineering,18.8,2021-09-25
809,47.0,28515137.82202542,Marketing,14.8,2016-05-10
810,26.0,13846691.66680146,Sales,10.8,2021-05-07
811,33.0,20516087.86026829,Finance,18.7,2015-06-18
812,30.0,22209712.009763002,Marketing,9.6,2018-11-23
813,49.0,16094819.579279875,Sales,11.2,2020-12-22
814,36.0,10790891.840659238,Engineering,11.9,2019-10-21
815,45.0,2823438.3410855588,Engineering,8.2,2022-06-02
816,20.0,18420816.043044772,Finance,16.8,2019-02-26
817,37.0,10926219.98588226,Finance,3.7,2015-10-10
818,43.0,15880752.25943846,Sales,11.1,2020-09-03
819,35.0,8750898.30205318,Finance,14.4,2022-04-06
820,45.0,13673812.297648989,Finance,18.1,2018-10-29
821,29.0,15168595.274505267,Enginering,17.7,2015-02-21
822,49.0,16342967.905221488,Sales,10.2,2019-09-17
823,57.0,9425889.063237928,Finance,12.9,2020-06-30
824,31.0,20984554.74380676,Sales,7.9,2016-03-08
825,30.0,12015526.076340143,Marketing,9.4,2019-11-11
826,49.0,6627652.697733774,Engineering,18.1,2019-01-23
827,50.0,14454882.900182681,Engineering,18.6,2022-02-16
828,29.0,15171876.5451323,Engineering,17.9,2020-02-27
829,,15802947.1658588,HR,2.8,2022-12-07
830,32.0,21810662.018425398,Sales,17.0,2016-09-18
831,21.0,-1000000.0,Marketing,19.0,2019-11-19
832,,14401901.878156144,12345,7.2,
833,24.0,9484078.093834532,Marketing,10.4,2020-11-07
834,27.0,19102767.514439486,,15.6,2022-04-18
835,34.0,15921545.320390517,Engineering,11.2,2018-01-11
836,37.0,12899861.363529187,HR,19.9,2021-11-27
837,50.0,5476626.532672681,Sales,9.1,2021-01-13
838,25.0,22222060.97527544,Sales,-2.5,2020-06-03
839,44.0,8861600.177719714,Finance,15.9,2020-03-19
840,32.0,12043609.953151472,Marketing,9.9,2020-99-99
841,34.0,16791722.555380017,Marketing,17.1,2023-03-14
842,41.0,9017210.356916567,Finance,10.9,2021-08-23
843,23.0,7532451.108734283,HR,-2.5,2018-01-04
844,38.0,4380262.086496675,Engineering,2.2,2018-08-13
845,36.0,18604984.764528178,Engineering,7.9,2017-10-02
846,39.0,12274068.77636839,HR,14.7,2015-12-21
847,37.0,29636350.462366648,12345,18.4,2018-02-16
848,59.0,10028224.671845634,Sales,5.0,2020-01-21
849,,10392744.882855393,Marketing,7.1,2017-09-25
850,29.0,12173035.148572993,Sales,3.1,2020-03-18
851,28.0,16215673.275692446,Enginering,13.8,
852,29.0,12648983.306073444,Sales,19.2,2021-11-04
853,28.0,18061661.070012562,Finance,12.8,2022-06-29
854,46.0,10107058.05005673,Finance,12.3,2019-04-02
855,49.0,8092041.407682095,HR,11.1,2018-10-09
856,29.0,6008926.302954463,Sales,1.8,2015-04-28
857,26.0,3882129.160314016,Sales,14.6,2020-07-17
858,39.0,12409654.902624715,HR,12.0,2018-08-24
859,29.0,13495098.43803389,HR,-2.5,31/02/2020
860,41.0,11842814.862584084,Finance,18.0,
861,37.0,21217028.98593581,Finance,15.7,2017-05-18
862,19.0,21140151.048040673,Sales,15.6,2018-12-24
863,50.0,13325985.062777491,Finance,18.5,2017-11-24
864,52.0,6030394.434040185,Finance,19.8,2018-10-26
865,28.0,12166474.459724735,Sales,11.6,2018-02-19
866,31.0,12000893.030414693,HR,2.2,2021-09-07
867,37.0,11714325.18860971,Sales,9.2,2022-11-12
868,38.0,11511405.480508775,Engineering,15.8,Unknown
869,41.0,,Sales,0.6,
870,55.0,13067291.920511201,Engineering,1.1,2015-02-11
871,33.0,,Sales,-2.5,2020-10-17
872,27.0,16041612.543127961,Engineering,14.6,2017-02-21
873,21.0,16801843.579524305,Engineering,10.0,2015-12-17
874,27.0,10446774.564087551,Sales,7.4,2017-09-15
875,34.0,21355326.63003517,Finance,2.1,2023-01-28
876,52.0,10099688.49079693,Marketing,14.6,
877,29.0,6910996.930923315,Finance,6.4,2020-06-24
878,37.0,16903890.35682526,Engineering,5.3,2021-03-24
879,34.0,10912959.327928301,Sales,13.0,2017-09-11
880,46.0,16606457.35378694,Sales,11.2,
881,60.0,2981656.9944973476,Sales,7.2,2020-05-04
882,29.0,21962279.70741534,Sales,12.8,2022-03-30
883,30.0,18361467.04020201,Marketing,5.4,2022-12-25
884,45.0,7497617.254184992,HR,15.9,2020-07-03
885,41.0,7606114.380768572,,4.6,2020-01-10
886,53.0,23361329.520487636,Marketing,3.2,2015-03-12
887,40.0,11313100.482510207,Finance,15.6,2016-01-17
888,31.0,10829075.75633688,HR,14.2,2018-04-20
889,-5.0,3669739.5292535853,HR,3.7,2017-06-26
890,46.0,13246108.97199223,Sales,2.3,2019-07-15
891,43.0,13861401.925821235,Marketing,16.8,2022-10-04
892,40.0,18577465.483847424,Finance,15.5,2017-09-23
893,45.0,8004607.859077622,Sales,6.5,2018-06-08
894,46.0,7398566.038796952,Sales,13.2,2022-06-12
895,48.0,17254813.173882384,Engineering,2.5,2021-07-10
896,41.0,20033650.356135324,HR,10.1,2019-02-20
897,33.0,7144238.244410585,Finance,0.4,2020-04-22
898,36.0,20407570.431498706,HR,7.8,2021-03-17
899,47.0,15187709.207434107,,1.5,2020-12-14
900,26.0,20459026.69537323,Engineering,9.5,2018-11-09
901,38.0,14648898.192411916,Sales,-2.5,31/02/2020
902,31.0,2388610.4125602487,Engineering,8.9,2021-03-04
903,35.0,14240163.088419806,Sales,0.9,2018-09-16
904,47.0,20300719.09335635,Engineering,7.2,2018-12-12
905,36.0,10531269.904581428,,15.1,2022-11-18
906,35.0,13060175.155462738,HR,7.4,2020-02-02
907,21.0,14119332.482245108,HR,14.3,2018-01-14
908,42.0,502430.6006575916,HR,7.4,2018-06-09
909,41.0,23356737.877187382,HR,8.5,2017-10-26
910,56.0,10493121.600514129,Engineering,11.3,2017-08-02
911,31.0,17528677.162363995,Sales,19.0,2016-05-09
912,37.0,14566494.319258956,HR,2.2,2023-02-02
913,37.0,21288095.2817968,Engineering,0.7,2017-02-27
914,50.0,17030280.612140406,12345,12.2,2018-07-16
915,34.0,13825378.642395128,Engineering,19.0,2016-05-04
916,,10532424.537403598,HR,19.8,2021-01-03
917,41.0,18989253.506910693,Marketing,9.7,2022-09-27
918,36.0,9999999999.0,Engineering,9.4,2017-01-28
919,30.0,18229452.10137946,HR,12.9,2017-02-23
920,36.0,9504776.242225636,Finance,11.1,2017-06-05
921,45.0,21261418.309783198,Sales,12.7,2020-06-06
922,24.0,,HR,17.5,2018-02-06
923,36.0,18220618.839250542,Finance,14.9,2023-02-15
924,27.0,15409944.069123596,Engineering,9.9,2021-08-11
925,-5.0,6238114.524295017,Engineering,9.2,
926,19.0,10696354.183023307,Finance,12.8,2021-09-10
927,29.0,18361946.688056912,Finance,9.1,2018-03-05
928,38.0,15833279.08679922,Sales,9.2,2016-02-16
929,50.0,20904949.52652836,Engineering,0.3,2017-03-06
930,34.0,17016372.81518586,Finance,3.5,2018-04-28
931,29.0,10166490.546486702,Enginering,9.8,2017-07-20
932,53.0,11019679.31139683,Marketing,16.5,Unknown
933,20.0,15514586.952616187,Finance,5.6,
934,13.0,3429779.669999473,Sales,10.5,2018-05-23
935,,23367209.428114925,Engineering,6.9,2015-02-27
936,29.0,17208733.681887787,Marketing,2.1,2022-12-10
937,24.0,21135172.985244364,Finance,19.2,2020-12-27
938,42.0,7096980.295954155,Finance,17.1,2016-06-02
939,,21222825.80177628,HR,1.6,2018-01-28
940,29.0,26157494.555138744,,14.4,2015-07-06
941,22.0,8395608.223113412,Sales,7.0,2015-08-12
942,43.0,18857008.97451883,N/A,19.9,2021-03-16
943,41.0,15005549.723436465,HR,6.0,2018-04-11
944,34.0,7277830.758758779,Enginering,4.8,2022-10-27
945,53.0,17464419.85925935,Marketing,11.4,2016-06-01
946,24.0,19168016.02418674,N/A,16.7,2022-02-25
947,19.0,11994367.236655766,Enginering,3.9,2020-07-03
948,28.0,20829582.601276115,Sales,14.2,2016-02-25
949,999.0,6666182.966054012,Finance,1.2,2015-02-20
950,37.0,7526219.267751779,HR,18.4,2021-06-09
951,32.0,15682986.977943761,Sales,1.6,2018-03-10
952,38.0,15126926.389861358,Sales,18.3,2020-04-06
953,22.0,9999999999.0,,9.8,2020-05-14
954,49.0,19047972.17985943,Sales,9.0,2019-12-10
955,34.0,17654471.571079746,Engineering,19.5,2018-10-27
956,46.0,19290695.35467008,Finance,19.8,2017-01-25
957,38.0,14384317.823238662,Finance,13.0,2015-07-30
958,39.0,18012901.339891706,Finance,50.0,2017-10-31
959,40.0,9999999999.0,Engineering,10.1,2020-05-10
960,,25269093.45043298,Finance,10.6,2016-04-12
961,41.0,10937271.149390072,Marketing,10.3,2015-09-25
962,999.0,25526487.147291563,Sales,11.4,2019-06-30
963,36.0,15174439.735447044,Engineering,0.4,31/02/2020
964,42.0,8122445.552156286,Finance,14.2,
965,34.0,21840396.752443004,Marketing,14.2,2021-06-21
966,,,Sales,2.3,2022-01-22
967,28.0,19255620.49190119,12345,11.4,2022-09-12
968,53.0,21119279.592712965,Finance,11.4,2015-08-08
969,34.0,16689777.770725127,Marketing,13.6,2016-09-13
970,20.0,12038795.775935927,Engineering,1.7,
971,36.0,19878566.88834625,Finance,12.5,
972,28.0,15003777.537272979,Sales,5.6,2018-05-29
973,43.0,18429289.093042094,Sales,10.1,2015-12-15
974,28.0,4231347.131042693,Sales,15.5,2017-10-13
975,30.0,17234908.58504926,Finance,14.1,2016-04-30
976,16.0,11807070.87427485,HR,2.4,2021-04-04
977,30.0,23266548.185892653,HR,11.8,2019-09-01
978,-5.0,18115436.739445478,HR,19.4,2021-10-19
979,19.0,16199288.729246482,Marketing,3.1,2021-09-07
980,42.0,17431549.966751106,Finance,17.1,2021-12-08
981,42.0,10007795.735616408,Sales,14.1,2017-07-13
982,39.0,23116283.45264027,Marketing,15.5,2020-11-10
983,,24956852.092084523,HR,5.6,
984,34.0,16964567.55274108,,5.8,2020-01-20
985,34.0,22952017.842868194,Marketing,18.1,2019-12-19
986,23.0,12154259.006637331,Marketing,7.2,
987,50.0,11014432.168875096,Finance,1.3,2021-08-07
988,43.0,15204623.743644614,Marketing,12.0,2019-10-23
989,32.0,17174705.191839494,Finance,2.5,2018-06-04
990,35.0,13030066.593784397,Engineering,15.9,2021-05-18
991,37.0,17688840.95184242,Sales,12.8,2021-12-18
992,14.0,16531947.41036707,Sales,17.5,2015-09-04
993,32.0,10008466.123544727,HR,15.7,2021-11-02
994,28.0,17593965.087258607,HR,2.2,2016-02-11
995,24.0,19317641.212607607,Engineering,7.6,2017-05-01
996,,15857346.587951954,Sales,15.5,2022-01-06
997,52.0,20763240.516308464,HR,8.3,31/02/2020
998,41.0,8912981.032515239,,19.4,2017-12-19
999,29.0,17339752.110659257,,14.7,2022-05-29
1000,-5.0,9148596.468016125,HR,0.3,2015-11-29
1001,48.0,9429593.208834562,Engineering,17.6,2016-10-05
1002,44.0,11845345.83131105,,2.0,2017-09-09
1003,35.0,10289699.082128774,Engineering,2.8,2016-12-12
1004,28.0,12260020.90629431,Finance,14.7,2021-03-10
1005,41.0,13929248.446444057,Finance,17.3,
1006,,19185772.431656923,Engineering,10.7,2016-10-03
1007,43.0,9999999999.0,HR,5.8,2015-01-11
1008,41.0,7071871.466152037,HR,7.0,2019-08-01
1009,45.0,20700339.232475802,Sales,6.9,2020-01-20
1010,29.0,10814549.331924802,Sales,6.5,2022-09-24
1011,48.0,,Marketing,4.9,2021-08-29
1012,36.0,17232682.534703556,Marketing,12.2,2020-04-08
1013,55.0,15998052.092013914,Sales,18.0,2018-04-07
1014,28.0,20470897.73760738,Marketing,6.1,2015-05-14
1015,52.0,17395015.716963794,Engineering,3.7,2017-08-06
1016,36.0,10693452.10151446,HR,16.8,2018-03-26
1017,28.0,,Marketing,14.8,2022-12-05
1018,30.0,15971667.316691166,Marketing,18.6,2018-03-04
1019,31.0,14263298.866892468,Engineering,3.3,2022-11-19
1020,39.0,19819627.115277857,Finance,2.9,2020-02-03
1021,40.0,16247254.729650361,Sales,10.8,2015-10-19
1022,29.0,16996140.964696635,Engineering,12.3,
1023,34.0,27460919.993003435,Finance,9.6,2017-08-14
1024,56.0,13624392.858724767,Engineering,12.0,2017-12-19
1025,52.0,13411195.529913021,HR,3.6,2022-01-04
1026,39.0,15582892.560062319,Engineering,9.6,2021-08-12
1027,35.0,20357579.677905194,Engineering,13.2,2022-06-01
1028,36.0,7467329.8490480045,HR,8.7,2017-03-21
1029,41.0,5172220.542617474,Sales,13.6,2019-10-08
1030,24.0,12064423.646899262,Finance,9.0,2020-99-99
1031,32.0,6830385.204703564,Marketing,6.7,
1032,18.0,12875843.262371808,Sales,6.1,2017-07-09
1033,38.0,17512498.48064645,Engineering,8.2,2022-04-06
1034,41.0,,Marketing,0.5,2016-09-02
1035,30.0,7865867.116093288,HR,13.4,2017-12-24
1036,50.0,15346685.80857674,Sales,16.9,2016-08-05
1037,22.0,19312717.42307585,Finance,7.1,2015-10-20
1038,,6525132.807416936,Sales,0.9,2015-09-02
1039,37.0,19101161.99152992,Sales,19.7,2016-11-10
1040,45.0,19086531.01869163,Marketing,5.3,2018-06-13
1041,51.0,19770425.51078314,HR,-2.5,2021-09-03
1042,,21092401.074358433,HR,7.4,2021-05-20
1043,45.0,,Sales,14.8,2018-03-28
1044,34.0,13219539.756904725,HR,5.9,2019-12-04
1045,33.0,15547857.900389291,Marketing,11.5,2016-05-24
1046,43.0,12917807.833759872,Marketing,8.3,2020-04-03
1047,41.0,15009884.223779054,Enginering,2.4,2022-09-21
1048,19.0,22664366.77818156,,6.6,
1049,49.0,8274927.580346656,Finance,14.5,2022-11-06
1050,48.0,10694751.639172122,Engineering,12.2,
1051,28.0,21885904.682522807,Marketing,2.4,2018-01-20
1052,38.0,20100182.53451045,Sales,3.3,2020-08-11
1053,39.0,13184341.76591461,Marketing,12.8,2021-01-20
1054,37.0,19272010.0056036,Engineering,16.3,2020-07-15
1055,29.0,16706079.212460166,Sales,7.0,2019-11-29
1056,28.0,,HR,11.9,2015-11-26
1057,34.0,15372547.969133863,HR,3.4,2021-09-15
1058,,20128160.569362912,Marketing,6.2,2015-06-13
1059,40.0,28210059.5524631,Sales,0.4,2019-11-05
1060,31.0,17990495.77523733,Sales,15.4,
1061,42.0,15246640.828974217,Finance,8.0,2021-10-08
1062,6.0,18612234.926104896,Engineering,16.3,2017-10-22
1063,46.0,13173595.708980575,HR,14.2,2015-04-16
1064,17.0,26939838.52762366,12345,16.6,2016-01-10
1065,31.0,15900355.188479908,Sales,5.7,2017-07-26
1066,23.0,13635333.398872435,HR,3.7,2022-07-24
1067,22.0,10821554.97489982,Marketing,19.4,2021-06-14
1068,46.0,20486100.95803219,HR,14.3,2021-08-01
1069,30.0,19335937.064138696,Marketing,16.7,2015-03-26
1070,38.0,12513228.142929533,HR,0.3,2022-07-16
1071,34.0,17882256.72561211,Finance,7.1,2018-01-08
1072,39.0,7457220.158935718,Engineering,14.9,2021-06-18
1073,35.0,15924852.87536578,HR,1.6,2015-06-14
1074,22.0,17263781.76038347,Engineering,11.3,2016-12-18
1075,44.0,23536649.047796115,HR,8.6,2020-04-11
1076,30.0,11145905.986356553,Sales,0.4,2020-10-26
1077,19.0,8608236.85598838,Finance,4.7,2022-04-22
1078,30.0,10522860.19537479,Finance,5.7,2019-12-17
1079,999.0,8317157.498425401,12345,2.2,2018-02-13
1080,43.0,,Sales,12.6,2017-01-13
1081,31.0,22743196.475120183,Marketing,4.8,2021-07-25
1082,31.0,16601082.889744144,Finance,5.6,2019-11-21
1083,31.0,21106474.72842574,Sales,18.0,2022-02-13
1084,55.0,15669791.902901176,Sales,9.3,2020-07-07
1085,38.0,14524441.76149617,Engineering,7.8,2016-01-09
1086,39.0,13334811.904731192,Sales,14.5,2020-04-09
1087,45.0,,Sales,18.2,2018-11-26
1088,37.0,7260992.218454843,Marketing,0.5,2019-07-31
1089,32.0,16321273.818036696,Engineering,9.0,2018-09-27
1090,33.0,14798330.448929781,Engineering,12.2,2020-99-99
1091,34.0,18726803.62038938,Sales,6.4,2022-07-07
1092,34.0,15467617.482193049,Marketing,15.4,2016-03-04
1093,42.0,14186481.49215454,HR,19.4,2016-10-20
1094,35.0,10644034.849961847,Finance,18.9,2018-09-12
1095,,15360766.184108807,Engineering,5.3,2019-08-14
1096,34.0,18691186.15408081,N/A,4.5,2022-10-12
1097,35.0,9283305.044580696,Enginering,-2.5,2020-07-22
1098,15.0,15437368.768403696,Sales,9.2,2018-03-26
1099,44.0,16165214.75764742,Finance,4.2,2022-06-06
1100,38.0,-1000000.0,Engineering,14.1,2019-06-29
1101,44.0,,HR,5.7,2021-03-03
1102,6.0,16153054.243831072,Sales,5.3,2015-05-31
1103,,9332894.908536885,Engineering,17.6,2020-02-06
1104,33.0,16749618.576246962,Engineering,3.2,2015-12-27
1105,46.0,10523228.131703999,Marketing,1.3,2018-07-12
1106,24.0,20314268.46516608,Finance,5.4,2017-10-30
1107,41.0,26689138.7269415,Enginering,12.1,2018-08-17
1108,24.0,10696215.9914909,12345,2.5,2016-04-19
1109,28.0,17671039.311873373,Marketing,9.4,2019-07-14
1110,54.0,11366290.475589903,HR,12.5,2020-10-08
1111,33.0,20204770.868988946,HR,17.0,2015-01-05
1112,37.0,8673707.954573926,Sales,4.6,2020-99-99
1113,43.0,17402933.79213856,HR,16.3,2021-01-31
1114,39.0,10635055.165553236,Engineering,4.7,2020-03-07
1115,36.0,13965077.054508157,Finance,13.5,2019-08-20
1116,38.0,,Finance,8.6,2015-08-11
1117,59.0,19111752.35447877,Sales,2.3,2017-02-07
1118,34.0,10815098.227802064,HR,14.3,31/02/2020
1119,37.0,-1000000.0,Marketing,4.4,2019-01-21
1120,45.0,13279509.858688336,Engineering,3.5,2021-12-25
1121,46.0,14427638.141005686,Enginering,7.2,2020-08-03
1122,46.0,15738779.537000643,HR,-2.5,2022-01-05
1123,41.0,11190876.641705757,Marketing,4.7,2019-12-16
1124,23.0,16051835.567704435,HR,3.7,2015-07-31
1125,51.0,22651672.821772054,Sales,0.2,2017-04-13
1126,23.0,11109526.070836429,Marketing,9.4,2017-12-29
1127,-5.0,20859050.716369223,Marketing,8.6,2021-02-27
1128,27.0,22490488.16743892,Marketing,-2.5,2016-06-20
1129,34.0,10919225.05485978,Marketing,1.1,2018-03-25
1130,38.0,7724726.97454724,HR,8.6,31/02/2020
1131,38.0,16509804.500858823,Marketing,15.8,2022-10-31
1132,39.0,12262962.386165636,HR,14.3,2020-06-08
1133,51.0,24343016.09581501,Marketing,17.2,2016-05-12
1134,39.0,15174037.70249916,Marketing,0.2,2015-04-29
1135,32.0,10989002.959824104,Sales,19.3,2022-01-24
1136,44.0,9264202.444941442,HR,6.8,2021-10-29
1137,46.0,-1000000.0,HR,19.8,2017-09-07
1138,22.0,12144080.129579067,Finance,5.1,2022-12-17
1139,40.0,15219143.997302141,Sales,9.4,2016-10-10
1140,42.0,19779013.725562405,HR,7.1,2018-06-26
1141,32.0,12578708.240345849,Sales,-2.5,2021-03-06
1142,48.0,14770355.856299197,Sales,16.8,2015-02-26
1143,33.0,14917157.950887399,Sales,14.9,2021-03-12
1144,36.0,,Engineering,19.8,2019-07-30
1145,33.0,,HR,12.3,2016-01-17
1146,35.0,13899431.343725856,N/A,9.3,
1147,24.0,15318245.307482589,Engineering,1.8,2016-04-09
1148,20.0,13141104.942382557,Engineering,19.9,2020-03-05
1149,50.0,7611937.965402776,Marketing,11.0,2016-04-26
1150,26.0,16288004.286990646,Marketing,14.0,
1151,25.0,24460958.80416534,HR,8.1,2016-09-22
1152,13.0,10581404.296544686,Marketing,11.0,2020-08-03
1153,28.0,11134851.451986484,HR,18.9,2023-01-14
1154,21.0,10646361.141781293,Engineering,3.3,2018-04-10
1155,51.0,18622958.89361561,Engineering,5.8,2020-09-15
1156,45.0,17242427.2709822,HR,3.0,2022-11-29
1157,28.0,14207311.537917716,Marketing,15.8,2018-01-24
1158,57.0,10409904.691805176,Marketing,1.2,2019-08-29
1159,44.0,15461883.958199622,HR,1.6,2020-05-30
1160,31.0,-1000000.0,Finance,6.0,2020-04-18
1161,10.0,,Marketing,10.3,2017-09-25
1162,57.0,19357621.93043967,Sales,8.1,2020-02-14
1163,21.0,8744004.316831611,Marketing,0.9,2021-03-07
1164,18.0,7337408.615851682,Enginering,19.1,2016-08-15
1165,45.0,22897189.458474297,Engineering,19.1,2019-04-21
1166,,11941201.802477077,Engineering,5.6,
1167,48.0,20679739.22971911,Engineering,14.6,2021-09-21
1168,40.0,14230011.674010841,Marketing,11.6,
1169,,14190225.915293362,Engineering,4.7,2016-07-13
1170,43.0,17192063.497483227,Finance,5.2,2015-10-13
1171,42.0,10580005.716267798,Finance,9.8,2018-02-05
1172,37.0,15662485.717478227,Marketing,8.4,2019-08-27
1173,36.0,13092552.925879536,Sales,5.8,2018-10-24
1174,34.0,8397532.782974843,Marketing,16.2,2020-09-10
1175,27.0,16687410.373631995,Engineering,9.6,2017-12-30
1176,32.0,13683460.965610418,,13.1,2015-01-11
1177,18.0,14214875.857776461,Enginering,3.8,2018-03-04
1178,34.0,8949195.282929212,Marketing,10.7,2023-02-21
1179,25.0,22957001.83881402,Marketing,6.4,2018-05-07
1180,23.0,19383570.93193058,Sales,10.5,2021-08-01
1181,36.0,19820779.420859892,Finance,15.6,2021-07-03
1182,48.0,13472776.48779159,HR,15.4,2022-05-27
1183,44.0,6354085.552482899,HR,7.1,2020-06-28
1184,999.0,24764586.912447553,Finance,13.9,2016-08-31
1185,25.0,14694512.459970659,HR,18.8,2020-01-04
1186,,11256001.019899732,Engineering,12.5,2021-01-15
1187,25.0,17084007.87241557,HR,3.0,2020-06-06
1188,,20835603.940016486,,13.6,2018-11-14
1189,40.0,14884747.219572669,Finance,2.1,2018-09-23
1190,-5.0,21392875.839696873,HR,17.4,2021-03-10
1191,36.0,20414999.692584343,HR,10.3,2021-02-03
1192,21.0,9618094.062989708,Engineering,7.7,2019-03-26
1193,28.0,11631049.471702619,Engineering,1.1,2020-02-09
1194,38.0,19787685.816398837,Marketing,7.6,2018-08-11
1195,19.0,1436937.1809478104,Sales,18.1,2017-02-11
1196,39.0,14252721.534175057,HR,0.4,
1197,-5.0,7845843.991876641,Sales,9.5,2017-09-05
1198,40.0,12617230.992832378,Sales,18.6,2021-05-31
1199,37.0,13505899.55485398,HR,7.9,2019-04-18
1200,48.0,13208778.11046246,Engineering,8.6,2017-08-14
1201,36.0,12238693.739436958,Marketing,11.6,
1202,30.0,,Finance,9.3,2015-06-28
1203,36.0,26459556.33409343,HR,3.4,2018-07-27
1204,40.0,24337310.020806752,12345,0.4,
1205,35.0,9189670.898718584,Finance,12.2,2022-11-28
1206,35.0,22910583.756517835,Sales,18.4,2019-04-11
1207,27.0,13002672.547635736,Marketing,2.1,2019-05-01
1208,28.0,15645937.366658552,Sales,4.2,2022-06-11
1209,999.0,14683630.200515421,Finance,7.4,2022-04-24
1210,,11701256.793730171,Finance,16.2,2016-09-15
1211,22.0,19919261.718030736,Marketing,5.4,2020-07-21
1212,28.0,15629432.65288329,Finance,17.6,2015-06-01
1213,27.0,12617242.883903794,Finance,1.1,2016-06-01
1214,43.0,8477052.780997638,Enginering,18.8,2020-08-19
1215,32.0,10532024.931404397,Enginering,11.2,2021-08-14
1216,47.0,6793099.421989515,Sales,13.2,2018-09-21
1217,28.0,15061117.742075847,HR,7.4,2016-02-16
1218,,9016672.03857802,HR,15.6,2019-12-09
1219,26.0,13672197.437407294,Sales,3.3,Unknown
1220,56.0,21850509.268051855,HR,1.0,2020-11-24
1221,23.0,20996497.86460793,Marketing,7.9,2020-02-15
1222,38.0,14838615.529486911,Sales,17.1,2015-03-04
1223,41.0,14564576.36928425,Engineering,15.1,2023-02-07
1224,39.0,,HR,10.3,2016-08-13
1225,33.0,17603780.601793557,Finance,11.4,2019-08-07
1226,33.0,13360967.700617386,Sales,2.6,2022-05-05
1227,35.0,7869909.41439774,Engineering,16.8,2016-09-24
1228,33.0,16969366.090823717,Finance,15.7,2015-11-03
1229,44.0,19146618.862914313,,13.1,2020-04-07
1230,57.0,11841742.37743178,HR,9.3,2017-12-21
1231,29.0,16456013.775690163,Finance,19.3,2018-10-18
1232,21.0,13182133.525424855,HR,17.6,2021-12-27
1233,34.0,14079838.004004987,Finance,12.9,
1234,60.0,2560889.7121883426,Sales,7.4,2019-06-17
1235,26.0,13891092.981419323,Marketing,12.4,
1236,51.0,19846846.512040272,N/A,11.5,2015-11-25
1237,51.0,11842987.222167209,Engineering,7.9,2018-09-07
1238,29.0,15262631.84107658,Finance,6.1,2022-07-25
1239,40.0,11220246.466540398,HR,8.1,2020-99-99
1240,51.0,16802208.381463863,Sales,11.5,2019-04-06
1241,31.0,13917384.012319133,Sales,8.6,2018-07-21
1242,32.0,10303792.296589967,Sales,5.3,2022-01-11
1243,29.0,21662757.33832564,Marketing,15.2,2023-01-22
1244,24.0,19644660.067661077,HR,-2.5,2020-06-21
1245,28.0,11975466.180359125,Sales,1.4,2021-01-25
1246,,17488941.547088888,Sales,7.4,2015-05-28
1247,35.0,17687060.014101904,Engineering,17.7,2021-12-04
1248,27.0,18211506.17505588,Finance,15.1,2015-10-08
1249,37.0,6528720.520024611,Finance,6.5,2017-08-19
1250,19.0,20033032.70516314,Finance,18.8,2022-01-29
1251,38.0,12151505.185371343,Engineering,1.5,
1252,43.0,9999999999.0,Marketing,19.2,2020-99-99
1253,15.0,28189408.761301,Engineering,4.9,2017-07-20
1254,38.0,16509366.903605059,Sales,0.2,2016-01-06
1255,47.0,,HR,8.7,2019-11-13
1256,22.0,3973528.13622047,Sales,7.2,Unknown
1257,51.0,21948820.669731777,Sales,10.8,2022-02-08
1258,39.0,8273951.6459569875,HR,15.9,2022-11-23
1259,27.0,9982805.482502483,Finance,16.8,2016-02-16
1260,34.0,13343238.504560754,Engineering,8.0,2019-12-23
1261,40.0,22082058.958501462,Marketing,8.6,2016-11-12
1262,35.0,18866199.933328796,Sales,3.0,2022-10-13
1263,999.0,14210812.4507987,Sales,1.0,2018-05-11
1264,25.0,16541460.318194104,Marketing,12.8,2015-04-29
1265,36.0,,Engineering,1.3,2015-07-08
1266,20.0,,Sales,14.7,2018-08-21
1267,33.0,15366683.723890683,Marketing,10.8,2015-08-18
1268,25.0,19843849.478406765,Sales,4.0,2018-04-16
1269,27.0,19835890.612194747,Finance,10.8,2019-01-08
1270,47.0,17469886.911028225,N/A,3.7,2019-03-16
1271,,13188262.212269489,Sales,8.8,2019-10-31
1272,41.0,,Sales,16.0,2016-08-19
1273,,14540157.668984767,Finance,9.2,2017-09-27
1274,31.0,9590428.156434335,Sales,3.0,2020-12-15
1275,47.0,12983561.040445307,Engineering,14.5,2019-08-15
1276,,,Enginering,-2.5,2021-05-07
1277,58.0,,Enginering,14.8,2022-08-24
1278,38.0,14082359.139214234,Engineering,9.6,2017-01-07
1279,36.0,8954006.44380197,Sales,9.1,Unknown
1280,31.0,15283708.416484097,Sales,17.0,2016-12-18
1281,36.0,15567280.200282762,Marketing,14.2,2015-11-20
1282,33.0,15929188.144513765,Engineering,0.7,2021-11-01
1283,42.0,19599357.579772152,Finance,5.9,2019-04-16
1284,44.0,,Finance,17.4,2021-12-13
1285,27.0,12028945.638091667,HR,0.4,2022-08-30
1286,,11919282.709755283,Marketing,10.9,2017-09-13
1287,16.0,9799006.445222635,Finance,14.6,2020-07-31
1288,40.0,18494078.35140238,HR,12.4,2021-07-16
1289,,22244100.541688576,Engineering,15.2,2016-08-09
1290,,13424590.360455383,Marketing,14.5,2017-08-09
1291,38.0,13792847.176375035,Marketing,13.8,2020-03-03
1292,59.0,22333912.78449488,Sales,16.4,2022-02-25
1293,34.0,17527789.266075037,Engineering,12.9,
1294,43.0,17181178.524005275,Marketing,8.0,2020-02-26
1295,35.0,9045417.470131367,HR,9.4,2017-11-11
1296,-5.0,-1000000.0,Finance,14.3,2022-06-24
1297,44.0,10354318.29745121,Engineering,17.5,31/02/2020
1298,,9329899.07032521,Engineering,5.4,2020-03-20
1299,37.0,13266142.116166439,Marketing,6.8,2018-03-24
1300,38.0,12071036.38275655,Marketing,18.6,2022-08-07
1301,,-1000000.0,Marketing,11.6,2021-02-16
1302,44.0,7795091.827375406,HR,3.6,2016-10-09
1303,33.0,19794081.532338362,Sales,13.3,2015-10-30
1304,27.0,20638431.472582147,Marketing,19.8,2019-12-15
1305,40.0,5263287.629295928,Sales,16.5,
1306,26.0,19892289.02833275,,14.9,2021-08-03
1307,35.0,10947356.85089187,Engineering,4.2,2018-05-10
1308,34.0,19284877.68491393,Finance,17.5,2022-03-02
1309,45.0,14657767.536667923,Finance,10.5,2019-10-04
1310,39.0,15143877.820404993,HR,17.8,2020-99-99
1311,34.0,14074511.752893906,HR,6.6,2017-10-21
1312,43.0,21060646.02116743,Finance,1.2,2020-02-15
1313,48.0,8802059.93737486,Finance,9.5,2018-05-22
1314,40.0,18039201.69367504,Engineering,5.4,2017-03-26
1315,35.0,20506650.82444775,Engineering,14.3,2019-04-25
1316,21.0,18581700.402702052,Finance,19.1,2020-06-02
1317,24.0,26623494.57161709,Marketing,13.8,
1318,31.0,12355266.186376505,Marketing,17.7,2017-08-29
1319,28.0,19786524.112967655,Engineering,9.1,2019-04-12
1320,33.0,14469546.823292898,Sales,15.4,2021-05-31
1321,-5.0,21167030.381763346,Finance,16.9,2019-01-10
1322,,14961555.021393152,HR,14.2,2021-06-12
1323,34.0,13060621.090687651,Marketing,10.2,2018-04-26
1324,39.0,21530361.019358143,Sales,12.5,2022-11-04
1325,35.0,12542190.30490535,Marketing,14.0,2018-04-24
1326,15.0,7936371.205497219,Sales,5.1,
1327,25.0,12415765.584130857,N/A,16.2,2022-05-20
1328,33.0,18095164.732942663,Finance,19.0,
1329,22.0,21960193.757935457,Finance,9.3,2018-01-29
1330,40.0,15555646.876482561,Engineering,14.0,2015-02-03
1331,50.0,21590985.336170126,Sales,14.7,2021-05-07
1332,47.0,8209125.392612033,HR,13.2,31/02/2020
1333,32.0,12783682.675910486,HR,10.9,2015-07-20
1334,49.0,13557124.414229494,Finance,17.6,2021-10-19
1335,36.0,14427202.862637402,HR,9.0,2020-07-27
1336,31.0,15420471.941250982,Marketing,1.2,2018-03-18
1337,28.0,18454554.786960963,Sales,16.9,2017-07-31
1338,31.0,12775965.809147548,Sales,13.5,2021-10-22
1339,31.0,15695143.434765628,Sales,17.0,2018-12-14
1340,36.0,14774385.548379742,Marketing,2.8,2017-06-16
1341,36.0,10370550.48054425,Engineering,0.6,2022-02-20
1342,35.0,14431666.554592824,Marketing,18.7,2017-02-17
1343,39.0,14281702.35051441,Sales,3.0,2021-12-18
1344,46.0,14174597.17498477,Sales,16.2,2017-10-23
1345,44.0,15158797.282907253,Sales,16.5,2022-08-08
1346,20.0,15378367.70306693,HR,14.2,2023-01-31
1347,9.0,12838524.104463348,Engineering,2.6,2022-05-24
1348,44.0,21363573.669856325,Marketing,13.3,31/02/2020
1349,21.0,9152596.853984917,Sales,17.8,2016-07-14
1350,32.0,11395149.457650518,Finance,8.5,2022-01-17
1351,23.0,28899818.121117778,Engineering,8.3,2016-02-02
1352,16.0,9810043.22505385,Finance,8.9,2022-01-14
1353,40.0,8231226.626451206,Enginering,1.6,2022-04-01
1354,42.0,18672383.72500609,Sales,17.8,2020-99-99
1355,29.0,4614400.73113063,Engineering,17.4,2018-06-19
1356,9.0,13823630.450137805,Engineering,20.0,2019-12-11
1357,29.0,25729124.625382442,Sales,11.7,2015-05-17
1358,38.0,7275320.389232998,,15.0,2021-07-01
1359,20.0,5090177.5713064335,Finance,4.1,2019-02-03
1360,36.0,7504093.990211509,HR,13.4,2023-03-19
1361,34.0,19491797.841734927,Finance,13.0,2016-06-22
1362,40.0,,Finance,18.0,
1363,36.0,12437056.015107457,Engineering,16.6,2018-04-23
1364,25.0,18416062.020005345,HR,18.8,2018-08-31
1365,46.0,21951276.637559947,N/A,17.4,2019-08-29
1366,33.0,23936732.072149128,Sales,17.4,2016-12-20
1367,34.0,13768323.594100758,Marketing,1.3,2017-04-02
1368,25.0,3492641.4116500653,HR,16.9,
1369,30.0,10895605.387951566,Engineering,12.1,2021-01-18
1370,26.0,12865979.025323711,Marketing,7.6,2019-02-07
1371,33.0,13705306.017108047,Marketing,1.1,2020-12-14
1372,52.0,14060702.994956402,Sales,13.6,2020-08-17
1373,21.0,20594472.989653345,Finance,6.6,2018-01-21
1374,18.0,21372142.13343791,N/A,9.4,2016-11-04
1375,,14141631.730376083,HR,13.6,2017-11-18
1376,32.0,20492424.380259093,Marketing,18.2,2020-05-27
1377,28.0,16788306.833155446,Engineering,16.5,2018-04-23
1378,,15322529.86431286,Sales,9.0,2018-10-19
1379,28.0,19532720.78554982,Marketing,7.8,2016-04-16
1380,53.0,15361260.241189579,Marketing,4.8,2020-04-02
1381,41.0,25289055.885488812,Sales,7.4,2015-11-05
1382,30.0,,Sales,2.2,2016-07-30
1383,56.0,12424145.50453991,Sales,19.4,2017-07-13
1384,28.0,14367405.515230248,Engineering,11.5,2022-08-02
1385,42.0,17197263.452289954,,2.6,2023-02-14
1386,37.0,21339802.435515445,Engineering,7.1,2022-07-25
1387,48.0,14878007.163819216,Finance,10.9,2019-06-16
1388,50.0,7888851.752468964,Marketing,10.7,2021-04-01
1389,35.0,19212569.48227502,Engineering,0.7,2019-02-07
1390,27.0,18774793.830709822,Finance,19.0,2016-01-05
1391,39.0,5290706.7031029705,Marketing,5.5,
1392,28.0,14980979.331646003,Engineering,0.3,2015-02-27
1393,55.0,,Sales,1.5,2017-12-19
1394,36.0,11676744.512489688,HR,11.6,2021-01-06
1395,,10485955.365186002,Engineering,2.8,2016-05-21
1396,36.0,19046323.491209928,HR,0.8,2020-02-06
1397,21.0,15584150.87086092,Engineering,7.6,2019-02-18
1398,25.0,8572044.996219862,Sales,12.5,2022-07-18
1399,47.0,19400329.81478671,HR,2.2,2022-07-16
1400,28.0,7830970.880357928,Enginering,6.3,2017-12-09
1401,24.0,16650568.952354718,Sales,8.4,2021-07-22
1402,40.0,10929946.65354222,HR,3.2,2019-04-10
1403,46.0,,HR,10.1,2022-02-28
1404,42.0,17521353.74019192,Sales,1.7,2019-03-02
1405,44.0,17607246.995297644,Sales,0.9,2016-03-19
1406,27.0,21684845.367779803,Sales,10.4,2022-07-27
1407,20.0,14588731.501642734,Marketing,5.0,
1408,50.0,16532254.314816704,Finance,1.9,2020-04-15
1409,,12811313.387978377,Engineering,8.5,2015-04-13
1410,32.0,15909949.413113989,HR,18.3,2021-12-12
1411,48.0,17197430.24004256,Engineering,14.5,2021-04-18
1412,40.0,-1000000.0,Sales,16.3,2020-99-99
1413,39.0,9999999999.0,Finance,17.4,2021-11-03
1414,56.0,16657354.481654476,Finance,19.5,2017-06-25
1415,28.0,16822807.386777285,Marketing,15.3,2022-04-06
1416,44.0,11599132.618260246,Sales,12.2,2015-09-16
1417,,8578064.819637429,HR,7.3,2022-02-15
1418,37.0,22379395.752519827,Marketing,3.6,2020-03-16
1419,50.0,17457227.55447201,Sales,13.7,2022-11-11
1420,40.0,13854594.845391452,Marketing,19.9,2018-05-22
1421,40.0,,Engineering,9.3,2022-04-13
1422,45.0,10890925.85789327,Sales,14.5,2019-07-31
1423,31.0,21512951.983931158,HR,9.9,2016-04-22
1424,26.0,15688309.70434023,HR,8.6,2020-99-99
1425,,12247064.664996468,Sales,8.2,
1426,15.0,,Marketing,10.1,2015-06-02
1427,55.0,10928009.062768381,Finance,-2.5,2018-05-31
1428,23.0,22504215.151401892,Sales,15.0,2020-07-10
1429,32.0,21764002.674483627,HR,17.5,2016-04-20
1430,32.0,12667129.643986117,Engineering,17.7,2016-02-03
1431,38.0,11856648.7648457,HR,4.6,2017-08-19
1432,,1909334.0065386016,Finance,17.9,2021-01-10
1433,43.0,7592096.14224316,HR,6.8,2016-07-09
1434,29.0,8302651.125211219,Finance,6.2,2019-05-11
1435,33.0,15675951.704936929,Sales,14.5,2020-02-02
1436,37.0,13368831.477793202,HR,6.1,2019-02-28
1437,32.0,8273322.562923793,N/A,1.1,2022-07-09
1438,51.0,13594179.787677214,Marketing,7.5,2022-10-23
1439,39.0,17526685.738236744,HR,14.4,
1440,42.0,17639196.749577936,HR,6.5,2019-09-13
1441,41.0,5501648.595705593,Engineering,12.6,2021-08-02
1442,46.0,14358682.597580846,HR,13.2,2023-02-24
1443,36.0,8083296.115141948,Engineering,14.7,
1444,22.0,19508643.48570137,Engineering,17.9,2019-08-27
1445,38.0,18920732.081767492,Enginering,8.7,2022-05-06
1446,,10509863.868377708,Engineering,3.3,2016-02-10
1447,,11169773.987998001,Sales,6.4,2020-06-27
1448,40.0,12693664.747508464,12345,8.6,2021-11-26
1449,47.0,3736033.0263433047,Engineering,14.3,2019-07-30
1450,35.0,16679840.867202884,Marketing,0.3,2018-02-19
1451,38.0,13635777.268299347,Engineering,6.3,2015-05-15
1452,52.0,19850875.412839293,N/A,15.6,2022-09-28
1453,37.0,9507953.910187237,HR,13.4,2019-02-26
1454,61.0,11904385.258750342,HR,14.6,2017-06-08
1455,40.0,7467373.709804423,Marketing,16.2,2019-12-22
1456,17.0,9978547.182528734,,15.7,2019-12-27
1457,42.0,9090090.019658905,Sales,13.6,
1458,38.0,19979868.39423223,Marketing,8.8,2019-01-25
1459,47.0,11508690.756243039,Finance,19.7,2016-02-11
1460,41.0,15620878.423723068,Sales,11.4,2022-09-09
1461,33.0,,,4.1,2019-02-13
1462,22.0,8652673.669935934,Marketing,5.9,2021-02-08
1463,,14158497.884141786,Engineering,13.9,2022-03-26
1464,26.0,17995516.659317974,Finance,18.5,2019-01-09
1465,29.0,8961203.037283238,Marketing,3.6,2015-09-06
1466,40.0,19045563.953656893,Sales,1.6,2019-06-19
1467,51.0,10751395.392611519,Engineering,17.6,2018-02-04
1468,38.0,12585080.369635796,Finance,18.3,2017-02-16
1469,23.0,17653415.615050238,Marketing,5.5,2016-05-15
1470,,11682819.21390256,Engineering,7.5,2020-02-06
1471,46.0,15187874.296679327,Engineering,13.2,2016-01-11
1472,28.0,13426545.856059538,HR,-2.5,
1473,33.0,15646840.033519093,Engineering,17.5,2017-05-18
1474,35.0,3096304.472382514,Marketing,2.2,2022-03-13
1475,27.0,5851590.923959585,Sales,0.8,2022-03-04
1476,41.0,-1000000.0,HR,4.2,2021-09-11
1477,33.0,20185907.02824525,Marketing,5.7,2015-03-29
1478,,10447566.482342392,Marketing,2.3,2015-07-27
1479,26.0,13779858.239144329,Marketing,1.3,2018-09-28
1480,30.0,16473596.264511507,Finance,15.1,
1481,,18466088.00829352,Finance,3.3,2016-05-30
1482,,4861613.6416457575,,18.3,2021-05-01
1483,52.0,10569798.765108114,Marketing,7.4,2020-99-99
1484,,13337103.100750625,Finance,13.4,2015-10-09
1485,,18515700.986180246,Finance,4.5,2021-03-20
1486,44.0,27492152.418607473,Finance,4.8,2017-04-28
1487,20.0,13859971.365951411,,11.5,2021-07-29
1488,17.0,7965112.689480056,Sales,11.2,Unknown
1489,19.0,17011340.38600649,Marketing,15.4,2017-08-12
1490,47.0,21604978.94770355,HR,15.2,2018-09-07
1491,29.0,15540070.604897505,Marketing,13.4,2016-08-27
1492,60.0,10466757.274228536,Finance,9.0,2021-09-07
1493,29.0,19789969.707400095,Finance,17.8,2015-01-12
1494,,18317728.092492174,Engineering,12.5,2018-02-09
1495,50.0,9869595.779021878,Marketing,19.8,2016-08-15
1496,55.0,16907128.08767171,Finance,16.4,
1497,55.0,19986327.838294365,Finance,0.9,31/02/2020
1498,47.0,20909450.212794468,HR,6.4,2017-10-23
1499,45.0,14667755.12345272,Engineering,11.4,2016-12-15
1500,40.0,,Marketing,14.4,2016-03-26
1501,42.0,21136369.110406313,Sales,50.0,2022-05-31
1502,29.0,8949197.485095575,12345,15.7,2015-04-16
1503,26.0,17192896.454605028,Marketing,5.7,2016-06-23
1504,34.0,8149866.863177854,HR,3.7,2015-03-02
1505,33.0,20326881.361298013,Marketing,1.1,2019-01-07
1506,30.0,13709772.421944192,HR,11.5,2017-09-01
1507,,21342916.17823735,HR,13.8,2021-08-08
1508,44.0,17457063.781777635,Finance,6.5,2018-08-19
1509,35.0,8883898.849690352,Sales,12.3,2015-03-06
1510,49.0,,HR,1.0,31/02/2020
1511,23.0,9999999999.0,Engineering,2.0,2017-12-22
1512,33.0,19411432.46299608,Engineering,14.0,2015-08-03
1513,27.0,11192060.6748189,Sales,7.4,2020-99-99
1514,16.0,13469930.228212956,12345,13.4,2019-09-21
1515,34.0,15727136.087028798,Sales,16.6,2020-11-24
1516,33.0,11481448.003342833,Finance,17.1,2016-04-10
1517,50.0,23461732.862316024,Engineering,3.4,2015-09-18
1518,41.0,15721632.358630184,Marketing,9.7,2020-05-04
1519,24.0,1483259.7644632142,Engineering,14.7,2020-01-11
1520,53.0,-1000000.0,HR,15.5,
1521,47.0,13259213.015913434,Sales,15.7,2020-10-03
1522,40.0,,Engineering,4.6,2021-08-28
1523,-5.0,13156903.171071501,Marketing,3.9,2016-03-22
1524,,19035232.083033435,Marketing,-2.5,2020-01-26
1525,31.0,20598438.892766908,Sales,14.8,2020-08-25
1526,45.0,16415265.811293269,Sales,6.4,2017-06-26
1527,53.0,13303444.064309204,Engineering,2.1,2021-11-24
1528,50.0,14793313.975954149,N/A,14.3,2015-06-27
1529,30.0,15097998.082888141,Finance,-2.5,2023-02-26
1530,23.0,10987849.800675817,Marketing,3.3,2022-05-22
1531,36.0,17894643.242856175,Sales,3.0,31/02/2020
1532,17.0,17300211.619302332,Finance,6.3,2018-05-20
1533,38.0,22702206.198883366,Finance,11.9,2020-02-20
1534,33.0,21276748.901442375,Finance,7.2,2022-03-20
1535,30.0,11571625.41204935,HR,0.4,2015-05-08
1536,19.0,19101491.872544825,Sales,1.9,2015-09-07
1537,40.0,10245233.084527642,Enginering,5.8,2020-05-15
1538,29.0,18479660.50470425,Sales,13.2,2019-07-04
1539,23.0,12416929.00619946,Engineering,2.0,2019-10-13
1540,6.0,9883733.88312208,Marketing,11.2,2022-09-11
1541,34.0,16400226.713487022,Sales,2.4,2016-03-18
1542,52.0,1627164.3592292964,Marketing,4.2,2020-07-01
1543,51.0,6245122.12797386,12345,3.4,2022-12-27
1544,30.0,-1000000.0,Marketing,1.3,
1545,28.0,15412208.833174212,Finance,13.4,2015-10-29
1546,39.0,,HR,9.3,2015-11-27
1547,25.0,7102818.506412006,Engineering,16.6,2018-08-12
1548,38.0,10910540.789307471,Marketing,2.0,2021-10-27
1549,42.0,16956046.63618697,Engineering,2.9,2016-08-30
1550,47.0,17908908.853141814,Finance,6.1,2015-09-27
1551,,14918884.412020294,HR,15.3,
1552,32.0,20784168.905184943,Engineering,6.1,2018-01-31
1553,26.0,16986985.11729617,N/A,8.2,2022-01-01
1554,26.0,11262721.730208939,Finance,6.0,2022-02-06
1555,32.0,13597489.732941912,Finance,1.6,2021-07-25
1556,38.0,7985669.213960727,Marketing,18.8,2021-02-24
1557,44.0,14459305.048042916,Sales,11.0,2022-12-26
1558,26.0,,Engineering,15.8,2018-08-24
1559,49.0,18426450.423554838,Sales,13.2,2019-04-10
1560,,22010046.62959561,Finance,10.3,2021-09-12
1561,34.0,13485573.781005034,Sales,1.8,2020-12-13
1562,27.0,21730498.972571287,Finance,12.9,2020-99-99
1563,10.0,14033478.86776015,Finance,3.1,2020-02-02
1564,43.0,22357925.41284947,HR,8.3,2020-09-01
1565,42.0,14890716.262789382,HR,12.6,2021-10-15
1566,32.0,18536156.869021382,Sales,15.6,2019-10-29
1567,35.0,22375561.821549278,Engineering,13.7,2016-02-11
1568,-5.0,14032861.857093971,Sales,13.4,2022-11-14
1569,19.0,16091944.93772087,Engineering,3.0,
1570,999.0,21444317.12603151,Sales,6.9,2022-05-05
1571,42.0,14334984.180349682,Marketing,0.9,2022-04-20
1572,,8395538.587469194,Marketing,14.4,2021-03-08
1573,37.0,25715035.27292455,Engineering,19.1,2023-01-31
1574,21.0,12651177.678314317,HR,5.3,2017-05-30
1575,39.0,15793780.254687713,Engineering,1.8,2019-10-28
1576,34.0,20780033.347255636,Sales,9.5,2020-01-24
1577,,11957530.48134399,Finance,17.1,2017-07-24
1578,,,Marketing,11.0,2019-08-22
1579,27.0,16268686.483874166,Finance,0.9,
1580,26.0,6034618.010438053,Marketing,19.5,2020-02-01
1581,-5.0,13560469.6156604,Sales,16.6,2019-06-22
1582,46.0,16225193.32157703,Marketing,2.6,2019-08-31
1583,-5.0,13650240.51587418,Engineering,18.4,2023-03-08
1584,-5.0,7282745.284071265,Finance,9.0,2016-01-25
1585,-5.0,22970889.78102006,12345,7.4,2018-07-04
1586,41.0,15517690.769745877,Sales,9.2,2019-10-15
1587,36.0,22155760.588808704,Finance,16.7,2018-07-04
1588,31.0,,,13.2,
1589,26.0,10599940.091546182,HR,1.2,
1590,35.0,16345904.6012758,Engineering,19.2,
1591,24.0,13921064.368358903,Marketing,3.0,31/02/2020
1592,5.0,9111192.71004321,,14.9,2022-09-14
1593,,22348921.29393748,Marketing,-2.5,2020-04-26
1594,44.0,11888648.88553002,HR,3.8,2015-10-02
1595,11.0,5798668.076022157,Engineering,3.4,2016-01-09
1596,24.0,21640830.269786663,Finance,17.4,2015-12-16
1597,41.0,12478509.920936884,Finance,8.4,2016-01-17
1598,55.0,,Engineering,13.1,2019-11-04
1599,35.0,6173062.064850129,Engineering,10.1,2016-01-31
1600,27.0,23704707.432984956,Marketing,14.5,2019-03-07
1601,33.0,8552597.063951563,Finance,9.6,2016-06-16
1602,48.0,15292247.403528249,Engineering,5.7,2021-03-28
1603,28.0,19563101.612702202,Finance,7.3,2015-09-03
1604,27.0,17108584.665015485,Engineering,17.2,
1605,30.0,14701728.440039042,Sales,9.4,2021-04-19
1606,25.0,6491670.708562918,Marketing,4.3,2021-04-19
1607,36.0,10951375.82116358,Engineering,18.7,2018-09-12
1608,,15939001.690212611,HR,15.9,2022-07-07
1609,,,Engineering,1.1,
1610,32.0,16016797.29999384,Sales,20.0,2019-08-10
1611,999.0,18408717.04407571,HR,13.9,2018-12-19
1612,19.0,19812514.429000508,HR,3.2,2022-06-18
1613,43.0,9999999999.0,Engineering,4.7,2019-09-29
1614,34.0,25983230.27489477,Sales,13.8,2023-02-01
1615,33.0,18837396.722770654,HR,15.6,2015-07-30
1616,66.0,14991429.23165468,Marketing,4.8,2018-03-24
1617,37.0,20447682.915383205,Marketing,5.1,2021-09-25
1618,27.0,26827038.859999865,Finance,6.1,2018-07-03
1619,30.0,7806399.494715652,Finance,12.0,2018-12-11
1620,46.0,13873686.787543232,Sales,3.4,2016-02-29
1621,36.0,3107841.700633358,HR,2.1,2021-06-25
1622,20.0,15963257.663240124,,13.6,Unknown
1623,44.0,16826971.209625702,Marketing,15.6,2017-05-21
1624,28.0,14804189.422786202,Sales,10.0,2016-09-25
1625,,11727332.14500845,HR,7.3,2022-05-13
1626,,4752427.419058373,Sales,8.6,2020-05-29
1627,30.0,16867668.417058844,Engineering,7.8,2017-07-07
1628,47.0,22277172.419576626,Marketing,19.2,2016-03-19
1629,35.0,12044907.72133284,Sales,15.4,2018-12-05
1630,43.0,17200299.645115726,Sales,4.2,2021-03-28
1631,39.0,7159278.432899747,Engineering,7.7,2019-02-14
1632,26.0,17286065.31846257,Finance,10.9,2016-04-15
1633,28.0,13033088.511276715,Marketing,12.3,2018-02-15
1634,45.0,11187910.246985428,Sales,9.4,2021-06-09
1635,31.0,11198181.793919347,Marketing,16.2,2017-07-15
1636,30.0,13031942.08983495,Finance,15.4,2019-10-24
1637,25.0,16912166.578462675,Sales,10.1,2021-04-16
1638,39.0,8439183.99402241,Engineering,17.1,2021-12-21
1639,55.0,13014423.342160735,Marketing,15.0,2021-11-18
1640,24.0,14792641.110004261,Engineering,15.6,2022-07-27
1641,35.0,9504803.877340704,Finance,19.1,2022-03-17
1642,49.0,23983326.008375086,Finance,5.3,2021-03-30
1643,,10732522.59969329,Marketing,5.4,2015-04-18
1644,39.0,11652815.431832548,Finance,17.8,2021-10-30
1645,,10108460.25088751,HR,15.4,2022-05-18
1646,39.0,23992400.43569059,Marketing,18.5,2022-10-11
1647,33.0,17764526.142997406,HR,1.3,2017-12-31
1648,44.0,10317039.96878179,Finance,12.6,2015-04-29
1649,46.0,20531157.794299845,Marketing,2.9,2017-01-08
1650,60.0,16003493.47144439,HR,10.1,2018-01-24
1651,40.0,16286267.105557509,Finance,3.1,
1652,38.0,13277613.956237737,Sales,-2.5,2018-06-19
1653,36.0,11252920.065215133,Sales,0.2,2018-10-23
1654,31.0,16688830.495273007,Engineering,12.6,31/02/2020
1655,38.0,12274563.850022048,Sales,7.2,2015-01-26
1656,32.0,24083778.147875525,HR,2.1,2017-01-13
1657,36.0,8653544.47378448,Sales,6.5,2016-08-09
1658,48.0,22680783.864274725,Marketing,3.4,2021-05-08
1659,24.0,14443405.756010996,Marketing,18.8,2022-05-16
1660,46.0,16495428.67010553,Marketing,6.4,
1661,48.0,19165788.833147172,Enginering,6.7,2015-10-13
1662,33.0,11848753.524977818,Sales,16.8,
1663,13.0,19321241.923493184,Engineering,13.0,2022-02-06
1664,28.0,1462280.7230941132,Finance,14.2,2015-05-06
1665,47.0,11400052.333890304,Engineering,12.7,2016-01-11
1666,34.0,10379685.963294674,HR,18.9,2020-12-12
1667,25.0,8732469.938141193,Marketing,4.1,2017-05-31
1668,29.0,13925225.809605245,Sales,19.8,2019-03-21
1669,43.0,16928749.840908475,Finance,16.6,2019-09-16
1670,40.0,18513299.992496528,Finance,11.8,2020-02-02
1671,32.0,,Sales,13.2,2018-10-28
1672,31.0,11671532.675532266,Engineering,13.0,2016-10-06
1673,31.0,16845082.189125836,Finance,1.2,2019-02-24
1674,,15621428.474254254,,4.4,2018-06-30
1675,51.0,19680280.839680083,Sales,19.2,2023-02-03
1676,31.0,18884683.514657583,Engineering,10.7,2018-08-21
1677,47.0,15152382.069603145,Marketing,7.6,2021-05-13
1678,50.0,-1000000.0,Sales,15.2,2021-09-08
1679,44.0,11735249.220839595,Sales,10.5,2015-12-14
1680,30.0,12251053.201809833,,0.3,2015-08-04
1681,39.0,13423668.33041872,Finance,14.7,2016-09-29
1682,34.0,16340252.137948766,Finance,14.6,
1683,,,Marketing,3.3,2021-12-05
1684,38.0,14744406.534923112,Marketing,19.1,2015-07-23
1685,23.0,15080623.939502362,HR,4.5,2022-07-23
1686,46.0,15716531.525000019,Sales,9.2,2015-12-01
1687,30.0,12420473.4343383,Finance,2.3,2018-01-19
1688,37.0,10373038.71178522,Sales,12.1,2019-12-20
1689,37.0,6222810.51344645,Engineering,7.5,2022-06-04
1690,32.0,11524253.209615638,Marketing,7.1,2019-10-03
1691,40.0,17365727.266338933,HR,16.5,2020-06-12
1692,30.0,11485442.809802163,Engineering,0.2,2021-10-22
1693,43.0,13810964.812870301,Sales,16.0,2019-12-16
1694,21.0,17332156.437061585,Marketing,-2.5,2019-08-24
1695,,17603447.482113343,Finance,19.7,2018-01-23
1696,54.0,9602335.739169806,,11.8,2017-06-01
1697,24.0,19985296.782268208,Marketing,1.1,2020-09-29
1698,28.0,9999999999.0,Sales,1.0,2016-04-11
1699,40.0,9350750.7139072,Sales,17.7,
1700,36.0,10880815.651794229,Engineering,16.8,2019-10-27
1701,38.0,20955453.415730957,Engineering,6.9,2016-03-30
1702,39.0,14265732.393723495,Engineering,12.4,2018-03-06
1703,41.0,3901110.262740746,HR,9.8,31/02/2020
1704,46.0,8001592.476336569,Finance,19.3,2022-08-11
1705,39.0,13753151.874137593,Marketing,19.0,2021-08-26
1706,32.0,9184786.748576991,Sales,19.7,2020-06-16
1707,41.0,12932881.146817792,Sales,17.3,2020-11-28
1708,53.0,15161981.068417894,N/A,-2.5,2022-06-25
1709,33.0,22311273.020173647,Engineering,4.3,2018-06-17
1710,25.0,13547730.418861054,Engineering,16.6,
1711,46.0,20362708.997863796,,14.2,2017-06-22
1712,33.0,22143800.810183853,Enginering,19.3,2019-06-07
1713,13.0,22171548.34676038,Sales,11.4,2021-09-20
1714,,16423772.966927841,Engineering,1.7,2015-08-13
1715,29.0,9999999999.0,Marketing,11.9,2015-02-01
1716,34.0,17304124.327019326,Engineering,13.7,2017-04-17
1717,38.0,20241999.439067706,Marketing,4.4,2018-05-19
1718,36.0,14594664.472822914,HR,7.9,2017-05-15
1719,42.0,23722919.35037624,Finance,12.0,2016-07-16
1720,30.0,19299167.807337288,HR,7.5,2017-11-12
1721,40.0,17841366.88576392,Engineering,7.5,2018-03-31
1722,32.0,20431903.55602919,Finance,2.7,2018-09-05
1723,42.0,16666849.25630439,Engineering,18.8,2016-05-06
1724,41.0,2535947.5030232333,Finance,15.0,2015-02-01
1725,25.0,12504305.242648171,Finance,0.0,2020-07-30
1726,45.0,20985840.136239268,Engineering,15.3,
1727,29.0,10962043.29950852,Engineering,14.8,2016-12-20
1728,,13882637.473815303,Finance,0.2,2016-06-13
1729,38.0,9775818.430484645,Finance,7.4,2019-04-07
1730,53.0,,Engineering,12.1,2020-12-21
1731,32.0,23407462.287090078,Engineering,9.1,2022-11-22
1732,31.0,,Sales,15.6,2017-07-31
1733,34.0,15736490.00194542,Sales,8.5,2020-08-11
1734,31.0,11597529.761179762,Sales,-2.5,2021-04-07
1735,42.0,18074723.19515689,HR,19.5,31/02/2020
1736,,17548415.386211645,Finance,4.8,2018-12-21
1737,24.0,19058527.858066328,Marketing,14.4,2015-10-23
1738,24.0,16659592.238539437,HR,2.9,31/02/2020
1739,44.0,29677031.031942338,Finance,6.6,2015-06-23
1740,52.0,9860381.174946304,Marketing,8.8,2019-11-22
1741,33.0,6446983.227817429,Sales,3.8,2015-03-18
1742,33.0,13034548.996492693,Marketing,9.0,2020-02-27
1743,35.0,7160058.672198663,Engineering,3.1,2015-11-15
1744,46.0,7537688.649970036,Engineering,11.2,2018-07-06
1745,25.0,9993426.729010165,Finance,13.3,2021-06-16
1746,37.0,10389055.472841863,HR,1.2,2019-10-25
1747,44.0,10226909.490249699,Sales,17.4,2021-06-06
1748,40.0,17591094.752227057,Finance,3.7,2019-07-15
1749,,12469054.69457332,Sales,4.5,2022-12-16
1750,45.0,14102427.125637598,Engineering,13.2,2022-03-07
1751,7.0,,HR,9.4,
1752,41.0,11168387.37609287,HR,10.0,2018-03-31
1753,28.0,13677270.50647639,Engineering,2.6,2016-04-16
1754,16.0,16828799.930464577,Marketing,16.1,31/02/2020
1755,,5292160.996898893,,12.3,2015-03-27
1756,48.0,3075472.4552470874,Marketing,2.7,2018-08-23
1757,33.0,16730586.643988613,Sales,7.5,2016-12-04
1758,44.0,17460071.402834494,HR,16.2,2021-12-06
1759,51.0,25321100.674262054,Engineering,11.4,2020-02-28
1760,48.0,15790474.37933405,Marketing,2.2,2022-09-25
1761,51.0,19098698.586290475,Sales,50.0,2019-01-22
1762,42.0,14022636.78207013,Sales,4.9,2015-12-27
1763,35.0,16486136.107925432,HR,10.3,2019-11-24
1764,18.0,23336284.20874767,HR,16.9,2016-03-09
1765,32.0,4380035.909371823,Finance,8.7,2017-09-23
1766,26.0,,Finance,8.7,2019-11-20
1767,56.0,25677933.650386833,HR,18.1,2021-08-09
1768,33.0,16410171.096046712,Enginering,11.5,2019-06-29
1769,36.0,23252864.81616424,Engineering,11.3,2020-11-16
1770,40.0,11853939.252352789,Engineering,5.2,2015-11-19
1771,35.0,14839762.529181432,Finance,12.2,2019-06-10
1772,51.0,15167623.511942938,HR,11.5,2018-06-24
1773,28.0,3912044.6032061465,Engineering,7.9,2018-10-22
1774,36.0,9159110.860748999,Sales,19.8,2017-06-26
1775,27.0,9515624.60308007,HR,17.6,2018-09-26
1776,21.0,19110330.390162636,Marketing,15.0,2016-11-19
1777,28.0,19360765.528420277,Marketing,10.7,2015-11-09
1778,34.0,16620182.213532668,HR,9.2,2020-09-21
1779,30.0,19120514.48427853,Finance,3.7,2022-02-06
1780,28.0,,Engineering,6.1,2016-04-12
1781,,21009658.347697716,Engineering,15.5,2020-12-13
1782,34.0,15043942.213160358,HR,9.1,2020-09-19
1783,19.0,15289320.237133782,Sales,-2.5,2017-03-05
1784,42.0,9999999999.0,Finance,3.0,2018-12-02
1785,,18422252.38818214,Sales,10.2,2018-12-09
1786,20.0,12894005.916935435,HR,12.9,2023-02-27
1787,31.0,19882156.88599034,HR,10.3,2022-03-28
1788,27.0,9339254.296419967,Sales,17.8,2016-08-27
1789,38.0,9505418.72635903,Marketing,19.8,2017-08-25
1790,48.0,18437133.775632523,HR,2.3,2016-02-26
1791,,14557278.927084936,Finance,2.6,2016-08-22
1792,36.0,,Sales,2.6,2017-11-14
1793,33.0,19450288.662377298,Marketing,13.6,2017-03-19
1794,41.0,11963692.929569578,Sales,7.5,2016-12-11
1795,,13998993.728498152,Marketing,14.7,2021-10-03
1796,27.0,21996139.750355795,Marketing,8.1,2016-09-18
1797,31.0,22695711.72905325,Finance,12.6,2022-05-08
1798,27.0,22861991.051351637,HR,15.4,2015-11-05
1799,45.0,13589371.115330443,Marketing,11.0,2016-12-26
1800,,21153514.524922352,HR,10.8,2022-01-16
1801,54.0,10255235.861156609,Finance,1.8,2020-07-16
1802,34.0,10465485.626389695,HR,8.2,2020-03-15
1803,27.0,3247720.736878194,Engineering,10.9,
1804,19.0,23364341.00949265,Marketing,9.2,2021-07-01
1805,16.0,10680100.75461961,Enginering,18.0,2020-99-99
1806,19.0,14367337.1012647,Sales,18.1,2022-08-21
1807,37.0,10448378.29035858,Finance,16.4,2021-05-01
1808,40.0,18475826.2416507,Marketing,7.5,2022-03-18
1809,999.0,13121831.6964133,Finance,14.3,2022-02-15
1810,,8475915.547835253,Sales,7.9,2022-01-02
1811,30.0,17208312.820930302,Engineering,4.7,2018-08-16
1812,36.0,,Marketing,6.9,2022-01-13
1813,51.0,10812971.373422544,,1.4,2018-07-18
1814,43.0,4465554.426869595,Finance,6.6,2016-09-10
1815,32.0,7880209.439011966,HR,9.2,2019-12-07
1816,26.0,15892645.84860239,HR,19.1,2015-10-07
1817,13.0,5177319.809485376,Sales,6.3,
1818,27.0,7594271.376891422,Engineering,18.0,2019-12-17
1819,32.0,14988155.41933596,Engineering,4.6,2022-01-30
1820,25.0,12281965.519534737,Finance,3.8,2018-05-25
1821,33.0,24960183.179796547,Finance,10.4,2018-01-30
1822,35.0,24169482.730121877,HR,13.5,2021-08-19
1823,32.0,10660387.68624423,Engineering,0.9,2015-08-19
1824,28.0,17785688.09201741,Engineering,4.4,2018-12-12
1825,36.0,18746412.784397256,Engineering,9.1,2020-09-09
1826,-5.0,12012605.709877983,Sales,6.6,
1827,24.0,7522292.317508981,Sales,14.3,2018-06-25
1828,49.0,14938507.753459712,Finance,10.2,2020-03-06
1829,34.0,14135771.625929445,HR,3.2,2020-01-26
1830,35.0,12821177.515146904,Marketing,17.9,2015-06-04
1831,42.0,17211584.340822425,HR,-2.5,2015-08-22
1832,37.0,11246351.964972006,Sales,14.6,2019-02-19
1833,44.0,9240012.262104284,Sales,15.6,2018-03-21
1834,37.0,15545414.85174916,Finance,19.3,2015-11-11
1835,28.0,16929850.46284438,Marketing,10.0,2022-03-25
1836,38.0,9116775.280499734,Engineering,12.3,2016-01-05
1837,23.0,19640453.054955408,Marketing,6.7,2021-11-24
1838,36.0,6147594.31111961,Marketing,13.6,2021-08-30
1839,34.0,12109432.706421783,Marketing,9.3,Unknown
1840,32.0,13709957.319011955,Finance,8.8,2019-04-24
1841,33.0,11818881.43674035,Sales,17.1,2020-03-10
1842,16.0,12174697.632244037,Engineering,1.0,2021-07-05
1843,,24355372.411540568,Marketing,17.6,2021-03-20
1844,35.0,10745579.554805506,Engineering,17.0,2015-06-18
1845,36.0,27206108.61235957,Marketing,10.1,2020-01-17
1846,24.0,17185633.898655258,Sales,9.8,2021-05-30
1847,47.0,15460275.68655996,Engineering,7.2,2022-04-23
1848,,17381201.76693833,HR,19.9,2017-02-10
1849,44.0,27649638.746259764,Sales,2.2,2018-08-09
1850,39.0,,Engineering,11.8,2021-10-14
1851,28.0,9397910.405318055,Marketing,13.6,2020-05-02
1852,52.0,11225669.017140396,Marketing,18.7,2020-08-15
1853,23.0,15160715.734822804,Sales,15.6,2016-09-09
1854,44.0,6371144.375937134,Sales,12.9,2015-09-11
1855,45.0,15111696.19659304,Marketing,2.3,2020-01-20
1856,28.0,23467735.667068362,Engineering,7.5,2016-02-28
1857,48.0,15757036.953123888,HR,2.8,2018-11-07
1858,32.0,13536572.705123615,Finance,17.6,
1859,37.0,11909197.756581863,Sales,15.0,2015-12-12
1860,37.0,,,15.2,2020-08-28
1861,33.0,10870836.133809762,12345,13.0,2022-03-31
1862,43.0,24231979.602996238,Sales,10.1,2016-12-07
1863,,24666798.738571785,Engineering,3.0,2015-06-10
1864,17.0,-1000000.0,Sales,6.6,2017-10-11
1865,,14942424.559616774,Marketing,2.7,2022-12-08
1866,18.0,20153299.041207798,Engineering,14.5,2019-11-29
1867,-5.0,20473992.511136625,Marketing,3.2,2019-12-05
1868,46.0,10970041.344702922,Engineering,14.0,2020-11-16
1869,24.0,12367224.33431649,Sales,13.8,2020-11-11
1870,30.0,8388262.826583522,Finance,9.2,
1871,23.0,17045324.691670284,Finance,2.7,2016-10-12
1872,32.0,18333139.417284455,HR,6.3,2019-01-30
1873,31.0,8250371.810693636,HR,6.4,2019-03-08
1874,42.0,12724005.475919204,Marketing,14.0,2018-03-04
1875,48.0,8263730.412093254,Engineering,2.3,2019-05-06
1876,48.0,9999999999.0,HR,16.6,2019-08-02
1877,29.0,17755085.301131498,Sales,15.2,2018-10-17
1878,32.0,11332589.666608602,Finance,3.7,2022-08-12
1879,18.0,13495870.219838507,Engineering,-2.5,2021-09-14
1880,26.0,6863441.360263422,Finance,13.4,
1881,44.0,15934951.048623322,Enginering,-2.5,
1882,51.0,14778633.400776755,HR,50.0,2022-04-05
1883,22.0,11355203.74983419,HR,3.2,2018-10-02
1884,29.0,14054928.51158763,Marketing,4.7,2015-09-27
1885,34.0,15901474.402517222,Engineering,7.3,2018-09-12
1886,37.0,10925659.25545328,Sales,15.9,2016-01-23
1887,26.0,7618687.279991103,HR,14.8,2021-04-04
1888,-5.0,,Marketing,18.5,2022-08-10
1889,30.0,11833636.476448637,HR,1.2,2019-05-03
1890,34.0,14516199.484065553,Finance,0.2,2018-03-09
1891,40.0,20054198.675101567,HR,50.0,2017-10-29
1892,35.0,32645275.93785242,Engineering,5.6,2023-02-12
1893,30.0,8777567.750555672,Marketing,6.7,2022-05-13
1894,,17249136.06863255,Engineering,10.9,2021-10-04
1895,34.0,11462238.573529469,Sales,2.0,2016-09-07
1896,31.0,12306048.477116447,Sales,12.9,2018-09-27
1897,32.0,11398939.894966051,HR,6.5,2015-11-30
1898,50.0,9371725.160997074,Marketing,12.7,2021-07-14
1899,40.0,14793543.191076692,Marketing,16.7,2022-06-11
1900,32.0,7627486.564758822,Marketing,3.4,2016-08-02
1901,41.0,19734037.832559355,Marketing,18.6,2018-12-03
1902,31.0,15275014.680166874,HR,10.6,2018-06-24
1903,46.0,17112174.8645072,N/A,18.5,2022-05-11
1904,38.0,12669056.940268885,HR,4.2,31/02/2020
1905,33.0,13163980.32894126,Engineering,12.1,2022-06-05
1906,39.0,16437819.525836641,Finance,8.1,2019-05-25
1907,19.0,9179746.837970871,Finance,50.0,2016-06-12
1908,23.0,13210047.82793332,Engineering,12.1,2021-09-03
1909,23.0,,HR,9.9,2022-12-13
1910,36.0,10547155.947044928,,18.3,2015-12-14
1911,52.0,,HR,7.5,2018-06-22
1912,57.0,,Sales,4.4,2021-04-08
1913,,11567306.234231155,HR,12.2,2019-03-23
1914,40.0,20816880.275817752,Marketing,12.5,2022-03-20
1915,16.0,20343961.60697146,Marketing,8.8,2018-09-07
1916,29.0,8570001.46741753,Finance,9.7,2016-06-07
1917,27.0,9557943.821635772,Finance,19.2,2022-07-07
1918,28.0,27802514.796778418,Engineering,14.7,2022-11-18
1919,33.0,23754629.70963572,12345,2.2,2022-09-08
1920,30.0,14842407.43335948,Marketing,4.2,2020-11-26
1921,15.0,9999999999.0,HR,19.5,2016-01-18
1922,42.0,11845767.985264055,Engineering,14.5,2022-03-31
1923,24.0,17161763.5710017,,18.3,2022-07-09
1924,37.0,11414090.496387642,Marketing,6.1,2019-10-01
1925,55.0,4838231.178508077,Marketing,14.8,2020-09-13
1926,25.0,8392221.067444745,Marketing,14.3,2019-01-22
1927,9.0,15105463.739252936,Marketing,5.9,2015-03-16
1928,32.0,-1000000.0,HR,11.0,2019-01-25
1929,46.0,-1000000.0,,12.5,2018-06-19
1930,54.0,9626694.802835684,Marketing,9.6,2017-01-08
1931,22.0,11088230.387490032,Finance,16.5,2017-05-27
1932,39.0,19265826.532065958,Engineering,16.7,2018-10-31
1933,30.0,16237402.738200523,Finance,17.0,2020-06-14
1934,33.0,14951677.893433264,HR,16.1,2017-02-25
1935,61.0,19394819.865353256,Marketing,9.8,2017-07-16
1936,19.0,9999999999.0,Engineering,7.6,2016-07-17
1937,,22232816.456256837,Marketing,16.6,2016-09-26
1938,39.0,12700703.688424299,Marketing,9.8,2015-11-13
1939,45.0,12851825.107362457,Engineering,4.9,2018-04-26
1940,35.0,8494453.668043274,Marketing,10.1,2016-02-19
1941,38.0,12855096.413137902,Marketing,2.8,2020-09-10
1942,31.0,19823849.47151223,Sales,13.8,2021-01-19
1943,37.0,21499936.86131067,Sales,6.7,2020-11-26
1944,31.0,19801525.84043334,Engineering,5.2,2015-06-04
1945,41.0,6029040.667252818,,19.1,2022-06-04
1946,31.0,20415726.06330367,Marketing,15.5,2018-10-11
1947,38.0,5807406.883639647,Finance,15.7,2021-12-06
1948,34.0,19490586.62061174,,12.5,2016-06-20
1949,46.0,13161077.367144724,Marketing,16.8,2021-09-12
1950,34.0,18512666.569669276,Finance,15.2,2019-03-24
1951,17.0,8337758.26052717,Sales,12.0,2016-09-23
1952,47.0,20855838.163530733,Engineering,19.2,2016-10-26
1953,25.0,7675126.269475555,Marketing,3.8,2020-99-99
1954,28.0,11657725.445734112,Sales,18.9,2022-10-08
1955,29.0,10009526.861154824,HR,8.0,2022-01-02
1956,48.0,6228575.735887505,Sales,10.6,2016-11-09
1957,13.0,15472637.837942341,Marketing,2.5,2023-02-01
1958,66.0,24030445.589184806,Finance,10.8,2019-11-28
1959,,28334526.111600045,HR,12.2,2015-06-28
1960,37.0,15485778.935431238,HR,20.0,2019-08-10
1961,34.0,20583406.375337612,HR,19.5,2019-02-01
1962,37.0,16160473.189642686,Engineering,19.3,2022-08-02
1963,40.0,17494415.973841064,Marketing,7.0,2023-01-26
1964,41.0,13289256.744363805,HR,19.8,2017-08-30
1965,40.0,15975384.62711301,Sales,9.1,2019-12-25
1966,35.0,17687393.523032144,Finance,17.0,2021-11-05
1967,33.0,12107701.355618343,Marketing,4.3,
1968,,14612528.50053506,Sales,10.1,2020-01-13
1969,33.0,14707849.40501256,12345,19.3,2017-08-16
1970,46.0,19132016.58665262,HR,18.9,2020-12-27
1971,40.0,9669839.141861597,Sales,13.7,2017-09-06
1972,5.0,14742288.956961742,Marketing,16.0,2018-06-21
1973,-5.0,24560027.34526349,Sales,3.5,2020-04-05
1974,36.0,20820300.762929685,Engineering,14.4,2017-03-05
1975,34.0,21745895.24444353,Finance,12.4,2019-02-15
1976,31.0,15122159.20089017,HR,1.8,2022-08-10
1977,46.0,16604987.818430116,Marketing,2.3,2021-05-25
1978,44.0,20011180.833514627,HR,2.2,2019-12-10
1979,27.0,,HR,14.5,2020-03-06
1980,39.0,5241985.435585566,HR,2.8,2018-02-28
1981,25.0,8422793.46475077,Sales,9.4,2019-04-14
1982,21.0,21547220.50701324,12345,7.1,2020-08-21
1983,28.0,13615553.221155982,Finance,11.0,2020-11-30
1984,43.0,,Engineering,14.1,2019-09-11
1985,44.0,8729195.06502198,Marketing,13.7,2016-10-25
1986,40.0,12224916.492279453,Sales,10.3,2017-03-28
1987,42.0,7988153.582880876,HR,9.3,2021-10-12
1988,40.0,25455471.363662384,Engineering,8.0,2016-07-20
1989,28.0,14887819.740097133,Marketing,17.2,
1990,39.0,14710247.291186413,Marketing,6.6,2015-08-02
1991,43.0,17940383.37583916,Marketing,5.2,
1992,,19811725.846332848,Marketing,14.9,2020-05-22
1993,46.0,19729440.782773197,Finance,7.2,2019-03-01
1994,42.0,20368109.719537858,Marketing,16.9,2021-03-21
1995,38.0,11845772.246045718,Engineering,6.6,2016-02-25
1996,45.0,13510665.975215694,Sales,14.0,2022-12-23
1997,34.0,18845158.277211376,Engineering,0.9,2020-10-14
1998,26.0,12363054.6918019,HR,7.7,2016-05-25
1999,33.0,14974466.839863874,Finance,6.9,2018-03-13
2000,27.0,16993818.82212407,Finance,16.3,2015-12-10
2001,28.0,18925925.41155188,HR,19.3,2016-10-18
2002,33.0,6111595.188148994,Engineering,9.2,2018-01-22
2003,27.0,18573728.249444727,Engineering,16.5,2020-01-15
2004,31.0,13831379.710741373,HR,14.0,2020-10-03
2005,16.0,18537288.554321904,Marketing,50.0,2016-08-26
2006,37.0,18884658.461774144,Marketing,16.2,2019-11-27
2007,35.0,23039575.305595785,Sales,1.5,2016-01-11
2008,26.0,21767268.238106016,Engineering,14.3,2017-06-28
2009,41.0,21732858.31305148,Engineering,10.7,2020-01-22
2010,44.0,22218351.595831193,Enginering,0.3,2018-12-02
2011,18.0,16456894.92407973,HR,5.0,2015-04-20
2012,27.0,15160925.4351842,Marketing,18.4,2019-08-27
2013,27.0,19364085.41589167,Engineering,18.5,
2014,25.0,18660404.75716511,Engineering,16.0,2019-06-12
2015,43.0,13454668.8163087,Enginering,19.6,2020-08-18
2016,33.0,17024117.04404134,Sales,16.1,2019-03-12
2017,32.0,14824517.666077027,Sales,0.2,2017-08-23
2018,,10730335.45769972,Marketing,5.8,2019-05-01
2019,41.0,21452303.70688175,Engineering,0.6,2015-12-01
2020,22.0,15275996.212650446,Finance,1.9,2019-03-16
2021,35.0,25243541.28849425,Engineering,4.4,2017-07-08
2022,37.0,6872538.649000837,HR,10.1,2015-04-26
2023,48.0,,Marketing,17.0,2018-07-29
2024,21.0,15163194.183454357,Sales,17.2,2016-02-10
2025,,20686905.48814457,Engineering,12.3,2023-01-06
2026,36.0,16997346.863010924,Marketing,18.6,2022-04-16
2027,53.0,16552363.770903757,Sales,10.0,2018-10-05
2028,47.0,9363681.037229264,Engineering,17.8,2020-99-99
2029,,9215293.013852645,Finance,9.1,2016-07-17
2030,30.0,16612523.301449524,Marketing,5.5,2015-06-06
2031,43.0,8179470.030908208,12345,18.3,2018-03-21
2032,25.0,12340611.248553358,Sales,7.8,2020-04-19
2033,-5.0,17504586.645429287,Sales,10.1,2022-10-22
2034,40.0,10088378.63861612,Finance,6.6,2016-07-22
2035,,23026779.811809033,Marketing,13.3,2022-11-29
2036,,21119681.72118945,Marketing,19.9,2020-04-05
2037,38.0,9999999999.0,Engineering,0.5,2020-01-12
2038,29.0,10338143.784090064,Sales,18.0,2021-11-25
2039,34.0,-1000000.0,Sales,0.1,2015-01-22
2040,17.0,11087043.187259335,Finance,7.3,2015-11-21
2041,28.0,18831942.382861998,Finance,3.4,2015-03-19
2042,30.0,12930525.288625715,Marketing,15.1,2017-11-14
2043,29.0,17303986.21807984,Sales,1.0,
2044,36.0,7388328.408591279,Engineering,11.1,2016-09-04
2045,26.0,18989876.272909526,HR,5.9,2021-02-25
2046,-5.0,12224453.860358251,Engineering,2.7,2023-02-26
2047,35.0,15060848.411414526,Finance,15.4,2021-10-29
2048,34.0,14535627.493034737,Engineering,4.3,2020-12-01
2049,31.0,,Sales,4.5,2019-09-30
2050,,9234578.341301087,Marketing,5.5,2016-03-31
2051,43.0,19838972.34501713,,11.7,2018-03-26
2052,,16994960.787508477,Marketing,13.2,2017-08-31
2053,28.0,,HR,0.4,2018-05-18
2054,31.0,16623291.177512592,HR,4.8,2016-05-14
2055,21.0,15714953.174046082,Sales,8.6,2015-07-15
2056,26.0,6369946.906666167,Sales,6.6,2017-09-03
2057,30.0,13648166.516194152,Finance,17.7,2019-09-16
2058,43.0,14863078.39798128,Finance,15.8,2022-03-02
2059,37.0,24765535.99136287,HR,12.5,2021-12-26
2060,36.0,18434783.160493385,Finance,6.8,2020-02-16
2061,43.0,22680305.90854764,Sales,14.0,
2062,33.0,17987688.52947364,Finance,-2.5,2016-03-30
2063,38.0,11443483.865252603,HR,11.9,2020-08-09
2064,33.0,15585621.080749257,Marketing,15.7,2021-09-10
2065,,16181118.231321165,Engineering,15.0,2021-01-04
2066,29.0,10304222.15114659,Finance,11.4,2015-03-09
2067,,13078063.117035395,,6.2,2022-02-01
2068,33.0,13971165.03161414,Marketing,14.9,2020-10-11
2069,49.0,23028099.16282559,Sales,4.1,2021-06-13
2070,44.0,4596297.373045109,Finance,15.6,2017-09-17
2071,,21029092.103580214,HR,16.1,2023-01-22
2072,-5.0,10316023.825203087,Engineering,16.4,2016-08-11
2073,35.0,8139604.06365193,Engineering,9.5,2018-04-08
2074,36.0,20899710.65019232,,3.8,2019-10-25
2075,28.0,18659490.346171904,Engineering,2.0,2015-01-07
2076,31.0,21272593.51190595,HR,14.9,2021-11-23
2077,41.0,19003509.737727884,Sales,17.7,2018-12-16
2078,47.0,25299225.008687012,HR,13.0,2017-09-12
2079,33.0,17793619.184722427,Marketing,2.9,2021-05-26
2080,30.0,14217613.119384207,Marketing,18.7,2019-09-03
2081,35.0,16714631.886606712,Engineering,19.8,2017-02-06
2082,41.0,21217345.641729817,HR,8.7,2022-06-14
2083,20.0,11103123.373699415,Sales,11.9,2022-06-30
2084,12.0,11740557.087343097,HR,15.5,2015-12-17
2085,29.0,13455199.927010464,Sales,14.7,2020-11-14
2086,22.0,4477086.006173339,Sales,19.4,2019-01-17
2087,29.0,15690392.042087734,Enginering,2.3,2015-10-05
2088,33.0,5569356.480244869,Finance,11.6,2020-11-24
2089,30.0,15265296.564663095,HR,13.8,2021-02-06
2090,49.0,19326448.78067625,Sales,17.8,2020-09-09
2091,,12615617.696780821,Marketing,17.5,
2092,38.0,23385579.350934356,Marketing,19.6,2021-03-19
2093,41.0,7697495.502907561,Engineering,10.2,2015-03-25
2094,23.0,20956303.408159163,Marketing,16.6,2019-05-19
2095,45.0,18375685.282034606,Finance,8.5,2020-04-09
2096,34.0,6419833.758446556,Sales,8.4,2015-06-28
2097,41.0,28553971.495202664,HR,5.1,2022-02-16
2098,999.0,14681273.572480168,Enginering,16.4,2019-05-04
2099,19.0,10612579.889221841,Finance,19.7,2019-03-10
2100,43.0,7964564.026079915,Marketing,5.1,2017-11-04
2101,38.0,13899909.86170163,Sales,1.1,2015-03-08
2102,25.0,14362965.638050202,Marketing,16.3,2019-01-02
2103,26.0,15513227.642698321,Engineering,12.4,2015-10-04
2104,46.0,13511019.218880199,Marketing,19.2,2018-11-13
2105,23.0,18166126.55057547,Engineering,5.0,2017-09-14
2106,51.0,13061850.836683769,HR,1.4,2022-05-15
2107,25.0,5325179.413797645,Sales,9.8,2022-01-17
2108,41.0,14253192.521751793,Engineering,1.7,2016-02-29
2109,31.0,3162611.7331336085,Marketing,5.2,2021-07-11
2110,41.0,16768853.154456947,Marketing,2.5,2018-09-23
2111,29.0,10103498.848586824,HR,4.5,2016-06-30
2112,33.0,15816801.774579002,Finance,2.1,2015-07-01
2113,35.0,21570374.907623023,Finance,19.1,2018-12-14
2114,24.0,10256256.52366,Marketing,5.6,2021-02-14
2115,42.0,,,8.9,2018-10-18
2116,29.0,12833052.166569233,Sales,18.0,2022-03-17
2117,32.0,23765974.010327928,Finance,13.5,2016-12-18
2118,25.0,13174236.934008934,Sales,12.4,2022-09-05
2119,9.0,10797535.072466543,Marketing,14.1,2020-03-18
2120,33.0,18436192.25197644,Marketing,16.6,2022-10-19
2121,59.0,12821051.35188182,Marketing,17.6,2020-05-14
2122,999.0,10792752.429354958,HR,12.9,2022-01-31
2123,,12610800.746481044,Finance,17.8,2020-99-99
2124,32.0,14776967.339084992,Engineering,10.7,2016-07-06
2125,,21710900.65622427,Engineering,5.5,2015-09-16
2126,40.0,5329561.272702115,Marketing,17.6,2023-01-11
2127,23.0,15115403.294752104,Finance,10.8,2020-02-18
2128,46.0,18124517.973270215,Sales,18.1,2015-06-01
2129,42.0,15967242.87495898,Engineering,0.8,2018-04-16
2130,42.0,21549325.84716767,Marketing,8.0,2017-04-05
2131,39.0,14628273.35120738,Engineering,19.0,2015-06-29
2132,35.0,14077242.789070275,Engineering,5.0,2017-03-28
2133,41.0,17961647.735066716,Engineering,18.8,2015-06-21
2134,40.0,15496569.074756749,Marketing,19.1,2018-07-16
2135,31.0,13047956.308597645,Marketing,17.6,2018-06-24
2136,29.0,17580720.197931897,HR,11.3,2020-10-12
2137,36.0,11737358.533916775,HR,50.0,2019-06-20
2138,,11944114.239903364,HR,17.4,2021-02-02
2139,,12360029.891171932,Engineering,15.5,2020-04-23
2140,20.0,21765345.800832037,Finance,12.6,2017-11-03
2141,36.0,-1105081.779928567,Marketing,19.6,2015-05-30
2142,,16977994.17381471,HR,13.7,2022-04-03
2143,,15171359.07100111,Finance,19.5,2017-02-21
2144,37.0,6595647.703809399,HR,1.1,2018-03-17
2145,32.0,16548633.89568001,HR,2.8,2019-01-02
2146,49.0,17378759.95915766,Finance,9.0,2015-07-15
2147,18.0,17948196.156787,HR,7.7,2022-05-09
2148,26.0,,Engineering,15.7,2018-09-21
2149,33.0,21831947.059272192,Engineering,3.2,2018-01-24
2150,18.0,11311316.476575796,Engineering,19.5,2016-05-24
2151,,18432838.73376588,Sales,6.3,31/02/2020
2152,,18705368.90341143,HR,8.6,2019-11-25
2153,35.0,10616514.571903534,Sales,5.5,2019-06-27
2154,37.0,18302299.76175775,Marketing,11.6,2019-12-07
2155,999.0,13072533.79543821,Finance,-2.5,2019-05-03
2156,28.0,,Marketing,3.0,2018-10-20
2157,31.0,20838709.627638895,Sales,14.9,2017-02-04
2158,31.0,11124775.1849188,Engineering,3.7,2020-07-25
2159,,,HR,4.7,2022-10-05
2160,40.0,12984670.65981639,HR,15.9,2020-07-30
2161,23.0,16361183.626636941,Engineering,1.9,2019-02-13
2162,37.0,14713647.945889488,HR,8.7,2020-10-27
2163,39.0,17740334.623535853,Finance,0.5,2017-12-28
2164,46.0,8302553.167356705,Finance,6.9,2015-12-05
2165,50.0,11288068.147846326,Finance,14.0,2023-02-26
2166,24.0,,Marketing,1.8,2019-10-05
2167,26.0,24489436.46329353,Engineering,17.8,2015-11-20
2168,22.0,-1000000.0,Finance,18.2,2019-10-30
2169,32.0,20426111.31830816,12345,2.1,2021-10-03
2170,39.0,15192775.843921589,Finance,19.8,2017-01-09
2171,44.0,12581706.812812157,Marketing,6.0,2021-02-12
2172,34.0,13766377.879427798,Sales,50.0,2018-04-18
2173,31.0,14157901.439855594,Engineering,0.1,2018-08-08
2174,36.0,18018228.694803692,Engineering,8.2,2016-02-25
2175,26.0,21873056.337882772,Finance,12.6,2015-11-24
2176,55.0,16798404.238431606,Sales,6.6,2018-09-05
2177,18.0,20935388.393708777,,16.7,2022-05-31
2178,36.0,,Finance,14.3,2018-04-25
2179,55.0,,Finance,7.0,2018-06-09
2180,35.0,11378487.328961667,HR,14.7,2020-01-01
2181,33.0,16572222.954374263,HR,18.8,2021-10-04
2182,31.0,,Finance,1.9,2023-01-18
2183,33.0,18648864.68517098,Marketing,6.1,
2184,48.0,10344991.441837791,HR,9.3,2016-11-13
2185,12.0,15215154.866606407,Finance,10.0,2022-09-26
2186,50.0,18434289.55506128,Sales,10.8,2019-12-24
2187,20.0,,HR,6.0,2018-12-10
2188,32.0,25608156.536651015,Marketing,13.3,2020-01-06
2189,30.0,13584240.575600622,,12.9,2015-06-23
2190,,4874800.431619136,,11.6,2023-02-25
2191,19.0,15790469.49288393,Marketing,2.3,2018-12-15
2192,39.0,15167217.339865755,Enginering,9.5,2021-11-23
2193,55.0,14590528.102137536,Marketing,7.1,2019-11-17
2194,21.0,19955955.564633332,Sales,9.8,2018-01-29
2195,36.0,18737224.85713528,Marketing,18.4,2022-03-04
2196,28.0,16489380.955119226,Engineering,9.6,2015-08-23
2197,39.0,17250778.169733237,HR,0.3,2015-11-04
2198,35.0,,Sales,8.8,2022-07-12
2199,28.0,23877454.24620024,Marketing,16.4,2022-02-24
2200,39.0,7604019.908211167,Finance,15.6,2019-07-22
2201,53.0,15698258.371079482,HR,10.3,2019-01-28
2202,33.0,15325123.1559439,Sales,5.0,2020-10-02
2203,42.0,19066402.030322965,Finance,9.3,2022-08-14
2204,22.0,10780730.612875503,Finance,11.3,2016-10-17
2205,25.0,6281636.988017319,Marketing,20.0,2015-05-08
2206,39.0,15784115.080490965,Sales,-2.5,2016-08-07
2207,49.0,16406152.46109302,Marketing,13.9,2021-10-24
2208,38.0,22447997.047238246,Engineering,9.8,
2209,31.0,8648189.76837457,Finance,7.1,2019-11-30
2210,34.0,20773468.8335836,Engineering,16.3,2015-05-23
2211,22.0,26837071.82013561,,9.9,
2212,41.0,13111175.562387615,HR,19.9,2015-10-03
2213,43.0,8545288.90253388,Finance,9.1,2017-08-24
2214,30.0,12965128.168133143,HR,1.4,2022-03-27
2215,30.0,15070024.836856904,Sales,13.7,2019-02-09
2216,37.0,17818939.375034574,Finance,-2.5,2019-01-23
2217,30.0,12043026.350809762,N/A,5.0,2019-04-18
2218,34.0,22775992.670736708,HR,7.1,2021-05-12
2219,55.0,9427338.424959691,Sales,-2.5,2015-05-13
2220,32.0,6303974.239135999,Finance,9.9,2021-10-14
2221,31.0,20533552.12143659,Sales,0.6,2016-09-20
2222,28.0,3626894.8439690024,Engineering,12.3,2022-08-13
2223,42.0,13979351.155636419,Finance,8.2,2020-01-17
2224,33.0,30588405.64604024,12345,18.4,2019-02-28
2225,28.0,14939782.235200342,Marketing,10.0,2019-03-04
2226,48.0,9396161.746518752,Finance,14.2,2019-12-24
2227,49.0,14713012.68106603,12345,4.4,2015-11-11
2228,28.0,14745996.056902332,Finance,15.2,
2229,16.0,15803249.701765582,Finance,14.4,2016-07-17
2230,,18311314.9107981,Enginering,18.1,2020-12-08
2231,28.0,9804444.158161305,Enginering,0.7,
2232,42.0,23437740.27618397,Marketing,9.0,2019-06-19
2233,15.0,16225571.42186309,Marketing,13.6,2018-07-11
2234,43.0,18633970.23200902,N/A,1.9,2022-04-14
2235,22.0,11859253.001221787,HR,8.2,2018-02-15
2236,42.0,21431910.684977666,HR,18.8,2017-10-19
2237,35.0,13714737.955934677,Sales,8.7,2016-04-09
2238,25.0,16387762.567467658,Marketing,19.7,2015-04-17
2239,30.0,10334469.614064455,Sales,1.1,2017-02-01
2240,41.0,10015341.867989365,Finance,14.4,2020-08-06
2241,36.0,18441026.53226441,Sales,11.6,2020-10-21
2242,40.0,12781965.84896307,Sales,10.0,2020-99-99
2243,54.0,10730884.562478114,Finance,19.4,2021-04-19
2244,,11784083.289864847,HR,2.6,2016-04-27
2245,51.0,18494765.358587105,,17.9,2017-12-08
2246,36.0,11854810.693981946,Engineering,13.8,2017-12-02
2247,,14411725.34198918,Sales,5.2,2022-11-23
2248,21.0,15075138.751435485,Sales,18.0,2020-01-02
2249,33.0,,HR,8.6,2017-05-28
2250,44.0,7644367.97313241,Marketing,16.3,2021-11-11
2251,33.0,16681389.446237812,Finance,7.8,2018-03-15
2252,50.0,11314853.194236513,Marketing,17.0,2022-10-13
2253,20.0,20283624.55640209,Engineering,12.7,2020-07-04
2254,,19834035.52125272,Finance,2.8,2017-03-30
2255,22.0,18595843.331777185,Engineering,13.0,2016-05-17
2256,38.0,24098858.936562985,Engineering,3.8,2016-07-09
2257,-5.0,14584553.361284085,Engineering,8.2,Unknown
2258,30.0,18244409.629519194,Finance,3.4,2020-01-26
2259,8.0,12077995.117019845,Finance,0.4,2016-12-08
2260,36.0,27261849.564343616,HR,4.2,2022-12-31
2261,39.0,24918168.262180097,Sales,10.7,2019-12-29
2262,,15059402.17258896,Marketing,9.6,2015-12-26
2263,47.0,16932931.149525963,Marketing,10.0,2022-08-25
2264,24.0,21796487.99682403,Engineering,5.0,2018-08-02
2265,41.0,14264302.475929465,Finance,13.7,2022-06-28
2266,46.0,9999999999.0,Finance,14.1,2018-11-24
2267,17.0,19369948.755034413,,7.2,2022-12-16
2268,38.0,15392196.23041835,Sales,17.6,2015-09-23
2269,29.0,15914972.248226302,Enginering,12.9,2021-03-02
2270,34.0,10828643.284660172,HR,14.3,2021-01-29
2271,,6411639.258183019,Sales,5.5,2018-04-04
2272,30.0,16180712.049395505,Finance,0.0,2018-05-13
2273,28.0,19524810.207471,Engineering,17.3,2016-10-07
2274,35.0,13870966.25461979,Marketing,16.4,2022-12-25
2275,24.0,22182147.59779433,Engineering,2.5,2022-12-16
2276,24.0,11480418.372922277,Finance,7.5,2022-11-08
2277,41.0,9726477.7251704,Engineering,13.2,2022-02-25
2278,23.0,14663848.464019343,Marketing,13.0,2016-12-14
2279,41.0,14587037.123243548,12345,17.2,2019-01-20
2280,39.0,18849843.656676114,Marketing,2.8,2020-09-14
2281,17.0,,Engineering,8.6,2020-99-99
2282,28.0,21840471.18407449,Engineering,1.9,2016-05-12
2283,46.0,24834584.81254127,Marketing,7.8,
2284,25.0,14804279.86515829,,0.3,2016-07-22
2285,30.0,21248552.100921594,Sales,18.0,2017-08-27
2286,39.0,9717514.6468737,HR,10.5,2020-07-16
2287,42.0,20376107.70590958,Sales,17.0,2015-04-18
2288,32.0,20236382.042797312,HR,1.2,
2289,29.0,19317186.400949392,Sales,4.5,2021-03-19
2290,49.0,14922184.55564853,HR,5.2,2021-06-02
2291,52.0,228755.29378984496,Engineering,7.7,2019-02-20
2292,44.0,11791364.281739354,Marketing,16.1,2020-03-29
2293,35.0,9999999999.0,Marketing,7.7,2021-03-09
2294,26.0,10108725.309697613,Finance,4.1,2016-06-15
2295,26.0,15611215.022735331,HR,1.3,
2296,40.0,12905182.772393826,Finance,1.6,2015-12-20
2297,39.0,,Finance,15.2,2015-09-27
2298,49.0,9705999.258760901,HR,-2.5,2018-06-20
2299,999.0,11422435.072573856,Marketing,14.5,2019-06-19
2300,19.0,20607496.05924964,HR,13.6,31/02/2020
2301,45.0,11694874.72686253,12345,2.7,2023-01-23
2302,25.0,12425306.467833638,Finance,2.9,2020-05-14
2303,31.0,12716511.924883768,Finance,15.1,2020-11-23
2304,37.0,16694967.569047099,HR,14.4,2019-08-10
2305,54.0,17281247.442642663,Finance,7.6,2019-08-05
2306,66.0,-223282.69621581025,Marketing,1.5,2021-06-12
2307,41.0,20108176.069138043,Finance,0.2,
2308,33.0,22181840.171218768,HR,5.8,2016-05-28
2309,40.0,9749067.313191652,Marketing,0.2,2018-07-22
2310,43.0,,Marketing,4.6,31/02/2020
2311,31.0,12748733.061108643,Finance,8.4,2015-10-31
2312,52.0,11219979.902716976,HR,2.4,2020-01-18
2313,37.0,16119634.369733032,Finance,2.1,2020-03-23
2314,,5267373.568205679,Engineering,17.9,2022-08-17
2315,41.0,9410361.959816301,Engineering,11.7,2020-10-20
2316,39.0,22695986.000874538,,18.7,2018-11-12
2317,43.0,,Finance,6.9,2016-06-09
2318,28.0,21217141.390514623,Engineering,13.5,2021-03-08
2319,29.0,16776690.977950685,Sales,4.1,2022-03-05
2320,23.0,5953661.42705871,Engineering,12.4,2021-08-04
2321,39.0,18176645.976081032,Finance,2.6,2020-99-99
2322,42.0,14411663.489035733,Finance,0.0,2016-06-12
2323,39.0,12722664.718751296,Engineering,18.6,2019-11-08
2324,51.0,16224785.46586002,Finance,11.1,2020-08-21
2325,,17373167.42783396,Finance,18.5,2015-08-15
2326,41.0,18537959.109873097,Sales,6.7,2016-05-23
2327,,20891264.23774001,Marketing,6.6,2020-10-23
2328,31.0,17040679.563891783,Finance,8.0,2016-09-18
2329,41.0,8121829.55606819,HR,14.1,2018-05-30
2330,43.0,12631772.711744044,Marketing,11.3,2016-11-05
2331,,29715241.676343106,Marketing,18.5,2016-10-25
2332,34.0,18622455.30190864,HR,0.5,2018-08-14
2333,19.0,26846436.504057486,Engineering,14.2,2020-99-99
2334,31.0,21977170.410995927,Sales,6.6,2017-07-12
2335,43.0,16209010.357778743,Finance,3.6,2018-11-18
2336,,16507035.348905588,Engineering,10.2,2020-10-26
2337,40.0,14817099.80061577,HR,10.1,2018-03-09
2338,,6310976.920767503,Sales,2.7,31/02/2020
2339,35.0,15090236.262341121,Sales,4.0,2017-10-23
2340,28.0,21053372.762710985,Enginering,8.2,2017-03-15
2341,,12001800.025893982,HR,8.2,2022-02-14
2342,39.0,17059764.995309047,Engineering,6.4,2021-03-06
2343,39.0,19257955.229465988,Finance,3.0,2018-01-29
2344,29.0,10451597.803437624,Sales,0.1,2016-05-27
2345,13.0,12743485.678281676,Sales,19.4,2022-01-04
2346,45.0,9910442.547614206,Engineering,18.9,2018-05-25
2347,30.0,10889171.966552965,Sales,9.7,2021-11-21
2348,26.0,8561973.581734695,Sales,19.9,2020-12-25
2349,41.0,10497757.693109866,HR,13.5,2016-01-18
2350,31.0,22097278.403989196,Enginering,1.4,2020-08-20
2351,45.0,10422614.854548536,Engineering,2.4,2022-03-10
2352,41.0,15632296.09530345,Engineering,18.3,2016-11-21
2353,41.0,12485656.23164522,Engineering,12.6,2021-08-21
2354,21.0,20894329.685184695,HR,16.9,2021-07-06
2355,47.0,21555811.48301808,HR,18.0,2016-09-23
2356,37.0,19320349.910694733,Finance,9.0,2016-12-02
2357,31.0,16530672.765513776,HR,1.0,2022-05-22
2358,36.0,13844702.315795507,Engineering,3.8,
2359,17.0,9040626.479043752,Finance,1.3,2023-01-30
2360,39.0,24717644.405610986,Marketing,3.8,2021-10-14
2361,24.0,11201634.911237232,Sales,8.2,31/02/2020
2362,21.0,18318231.735164206,Sales,2.4,2021-04-27
2363,19.0,20297827.863116987,Finance,3.3,2015-06-18
2364,46.0,12223597.515473353,Marketing,8.9,2015-04-27
2365,28.0,20190062.63657981,Sales,6.8,2015-11-29
2366,50.0,18821066.016694278,Finance,9.4,2015-07-06
2367,29.0,23639819.17690883,HR,8.6,2022-03-12
2368,17.0,12653267.667866444,Engineering,12.9,2021-06-20
2369,23.0,8570679.913601425,Marketing,18.7,2017-12-20
2370,47.0,12472551.222777445,Sales,2.2,
2371,33.0,16044267.712671658,Engineering,2.0,2017-05-13
2372,29.0,15291063.635425283,Finance,17.1,2021-06-01
2373,36.0,13032810.518627249,Sales,10.1,2019-09-03
2374,40.0,5454012.705113785,Engineering,15.3,2021-12-06
2375,46.0,17352414.980645534,HR,4.3,2022-03-02
2376,49.0,-1000000.0,Marketing,50.0,2015-05-05
2377,,17321256.190615017,Finance,18.5,2020-08-01
2378,21.0,18045677.595267568,Sales,12.7,2022-01-12
2379,30.0,17862226.53077551,HR,2.1,2021-02-12
2380,37.0,16985233.349411998,Marketing,17.9,2018-04-01
2381,25.0,19658329.834340475,Marketing,15.8,2022-03-14
2382,,16976868.40592833,HR,15.0,2018-05-22
2383,38.0,,Sales,0.7,2020-06-01
2384,34.0,11020055.44995623,Marketing,16.0,2017-09-30
2385,35.0,13755131.723596623,Finance,2.8,
2386,27.0,16570647.48225333,Engineering,4.4,2019-07-22
2387,32.0,13419585.194385134,Finance,11.5,2018-05-03
2388,25.0,,Marketing,5.3,2020-02-01
2389,43.0,17195750.66850209,Engineering,13.2,2015-10-26
2390,45.0,19165897.15635091,HR,12.2,
2391,16.0,21413974.844194904,Engineering,2.2,2015-09-03
2392,25.0,15390037.092394287,Engineering,13.1,2016-10-09
2393,20.0,8461117.174261697,Engineering,18.5,2019-12-06
2394,28.0,13274479.51590405,Marketing,3.2,31/02/2020
2395,,15220312.837032996,Sales,11.9,2020-06-06
2396,20.0,5821156.219114549,Marketing,6.8,2020-03-17
2397,25.0,21943322.60051241,Sales,9.2,2017-04-15
2398,24.0,15711889.562552331,HR,5.7,2018-10-25
2399,37.0,16906764.172901426,HR,7.1,2021-10-20
2400,35.0,21827632.312631328,HR,0.6,2016-08-11
2401,27.0,11849285.849288266,HR,19.6,2018-07-04
2402,36.0,17870209.654420152,HR,12.5,2023-01-21
2403,29.0,14450679.384490322,Finance,10.0,2018-07-31
2404,999.0,14079565.664920403,Marketing,7.7,2018-11-15
2405,51.0,11139038.060978103,N/A,10.8,2019-06-22
2406,48.0,23328016.068432637,HR,7.6,2016-06-19
2407,22.0,13122499.799622145,Finance,7.2,2019-02-26
2408,43.0,18497321.23447851,Finance,9.3,2020-10-10
2409,43.0,5624963.062640319,Finance,5.5,
2410,23.0,20899942.648448933,Marketing,3.6,2016-03-10
2411,43.0,20261055.779785294,HR,11.1,2018-07-31
2412,50.0,15487170.551486515,Finance,16.9,2017-09-17
2413,23.0,13865287.669310378,,3.1,2020-03-25
2414,25.0,17000000.02806783,HR,0.7,2016-05-16
2415,45.0,26443953.304401446,Marketing,4.9,2017-12-31
2416,37.0,6183816.505482575,Finance,19.6,Unknown
2417,40.0,18910136.937870637,Sales,16.6,2017-10-12
2418,,10441913.489230487,12345,11.9,2016-07-31
2419,38.0,14900408.018501343,Engineering,18.6,2016-02-01
2420,21.0,13760599.404606685,Engineering,8.9,2015-07-27
2421,45.0,12858408.711011222,Marketing,19.7,2018-04-03
2422,46.0,14947674.354736354,Finance,5.9,2019-04-23
2423,32.0,9329144.273611046,Engineering,4.8,2021-11-25
2424,34.0,20145902.180639833,Engineering,12.8,2019-09-09
2425,19.0,6029282.444006998,,7.6,2017-10-13
2426,40.0,17698822.56414171,Finance,12.5,2016-10-16
2427,40.0,13367320.737327144,Enginering,6.1,2018-09-03
2428,999.0,9145375.530962732,HR,12.4,2021-06-24
2429,46.0,16011916.852993475,Finance,5.5,2023-02-01
2430,31.0,7215244.56646761,Sales,1.0,2018-07-04
2431,40.0,15198569.108598173,Marketing,18.2,2017-02-16
2432,24.0,7885615.460942228,HR,17.7,2016-10-14
2433,34.0,17306360.421589155,Engineering,19.4,2020-08-02
2434,33.0,10378213.331848122,Finance,14.3,
2435,37.0,12745029.914853454,Sales,13.7,2020-03-27
2436,31.0,16469746.93971581,Sales,11.2,2020-08-04
2437,,11137289.44078882,Marketing,2.5,2018-06-17
2438,43.0,14710180.001658488,Sales,3.8,2020-07-30
2439,30.0,7430847.493775732,Finance,5.8,2015-04-05
2440,,18154378.017980777,Finance,17.8,2016-01-04
2441,52.0,23824569.027753856,Sales,3.5,2019-05-30
2442,48.0,28961044.339549806,Finance,18.5,2020-09-01
2443,22.0,15455840.733332196,Finance,10.5,2020-02-16
2444,41.0,18941020.703985933,Engineering,14.3,2017-09-13
2445,,6096871.635462554,HR,2.2,2017-05-31
2446,37.0,22513671.63152794,Finance,5.4,2021-07-17
2447,37.0,18881142.52362053,Finance,19.2,2018-12-16
2448,32.0,12580332.775243836,Marketing,5.3,2015-07-19
2449,27.0,21185904.001445048,HR,5.9,2015-07-27
2450,28.0,13727619.616773292,HR,4.0,2018-02-26
2451,25.0,12709874.084927218,Enginering,2.6,2020-07-20
2452,26.0,17376674.627137456,Sales,4.7,2021-09-13
2453,34.0,9683227.500848407,Engineering,12.8,2022-05-03
2454,,20108123.82199974,Engineering,9.1,
2455,41.0,9720050.940365784,Marketing,11.1,
2456,49.0,9749726.050884068,HR,2.4,2018-03-16
2457,29.0,10451551.057958327,HR,16.0,2021-01-07
2458,37.0,18797500.18758061,Finance,15.7,2015-02-03
2459,,11916123.192401461,Sales,0.4,2016-03-16
2460,39.0,8260021.078164156,Sales,7.7,31/02/2020
2461,35.0,11971600.00032101,Marketing,1.4,2016-07-02
2462,42.0,14839788.146597566,Engineering,15.8,2017-12-19
2463,39.0,9095137.581678072,HR,14.7,2023-02-27
2464,22.0,9241594.454828283,Marketing,18.0,2019-02-07
2465,43.0,25556481.670497924,Sales,4.7,2019-07-10
2466,43.0,10697172.980930567,,9.1,2019-02-07
2467,27.0,13384788.156134967,Sales,3.7,2015-07-05
2468,35.0,13163814.99600357,HR,7.4,2019-06-29
2469,41.0,12893215.96114779,HR,10.4,2015-07-29
2470,32.0,18106733.69984551,HR,1.1,2021-05-24
2471,45.0,19740714.752360247,Finance,14.3,2021-04-20
2472,58.0,13470227.84234204,Engineering,10.9,2017-03-08
2473,27.0,8817608.567038257,Sales,16.6,2019-01-24
2474,21.0,21372201.139244515,Sales,5.4,2021-03-16
2475,38.0,14523294.544016587,Finance,18.1,31/02/2020
2476,42.0,23651609.074285842,Sales,20.0,2015-10-29
2477,32.0,3772070.5121741854,Sales,-2.5,2019-05-02
2478,49.0,15977016.106416602,HR,15.6,Unknown
2479,21.0,,HR,16.2,
2480,41.0,13233679.322809208,Engineering,11.5,2021-03-02
2481,28.0,13872532.88332682,Enginering,3.8,2018-02-19
2482,52.0,16477558.457951695,Marketing,13.5,2021-12-27
2483,54.0,12206020.905575214,Sales,14.3,2022-08-18
2484,27.0,13439640.339736335,Sales,19.7,2020-99-99
2485,29.0,13310924.529042985,Engineering,10.8,2016-05-01
2486,,11862896.327868134,Marketing,5.4,2016-06-11
2487,,21144282.751002796,Sales,13.7,2016-02-01
2488,34.0,17305390.161482178,Marketing,19.6,2019-06-02
2489,35.0,16253141.16051651,HR,3.5,2019-03-09
2490,15.0,19042855.034450583,HR,6.5,2018-10-20
2491,34.0,13678220.833982665,Marketing,10.8,
2492,28.0,11128980.908235498,Sales,3.4,2019-02-06
2493,30.0,11986878.476927213,Marketing,0.4,2016-08-13
2494,49.0,15008915.205523044,Marketing,6.7,2017-03-26
2495,22.0,9703941.45813549,HR,-2.5,2021-10-03
2496,43.0,12498694.917066623,Marketing,0.9,2020-09-16
2497,32.0,-1000000.0,Finance,8.6,2019-07-03
2498,32.0,25622781.149145067,Finance,15.2,2020-08-10
2499,42.0,,HR,19.1,2015-06-14
2500,38.0,14101901.392971834,Sales,19.7,2015-07-05
2501,-5.0,23628468.96407385,Sales,8.4,2015-06-09
2502,44.0,15609222.32066227,HR,19.0,31/02/2020
2503,31.0,18767087.367105465,Sales,0.7,2023-01-01
2504,28.0,15499131.57549884,Engineering,14.9,2018-09-26
2505,24.0,11663333.093917599,Finance,12.9,2020-04-24
2506,26.0,3790420.327455435,Engineering,5.0,2020-10-28
2507,64.0,16027278.435181513,Engineering,10.1,
2508,47.0,11121966.976988044,Engineering,2.6,2016-09-02
2509,21.0,10998322.969173482,HR,17.4,2021-10-19
2510,21.0,12505063.720104441,Engineering,7.2,Unknown
2511,39.0,23724307.033117466,Marketing,12.5,2016-07-26
2512,40.0,27024187.711269863,Sales,3.2,2018-09-05
2513,40.0,16086039.687642004,HR,4.1,2021-11-16
2514,32.0,12676163.880441362,Marketing,19.8,2018-07-28
2515,33.0,9113867.912743948,Marketing,15.1,2016-10-27
2516,38.0,17342700.807730347,Finance,19.2,2020-99-99
2517,35.0,23914528.00032572,Finance,5.9,2021-11-30
2518,12.0,13763298.064874217,Marketing,3.3,2018-05-10
2519,32.0,3105019.7962338794,Finance,10.1,2021-08-28
2520,26.0,18350248.359077618,Sales,9.9,
2521,36.0,,Sales,3.5,2020-09-08
2522,64.0,7070771.798070763,Enginering,14.7,
2523,38.0,15882420.918314764,Engineering,7.2,2020-12-20
2524,31.0,17256130.080680493,Marketing,3.7,2020-06-29
2525,44.0,14634463.489955308,Sales,6.6,2022-12-12
2526,39.0,11046145.404573232,Finance,11.3,2021-04-24
2527,39.0,20079686.117817782,Finance,14.5,
2528,41.0,12983101.270156587,Sales,9.6,Unknown
2529,55.0,7574069.18650034,Sales,10.5,2015-03-10
2530,23.0,9999999999.0,,2.8,2019-02-17
2531,,21304247.59999655,Finance,18.3,31/02/2020
2532,25.0,18083319.882355593,Finance,18.6,2022-07-22
2533,40.0,15439867.735645846,HR,13.7,2016-03-24
2534,25.0,12798626.815745983,Engineering,0.4,2019-09-03
2535,30.0,12355007.928984364,Sales,10.7,2021-07-18
2536,32.0,9621316.757791944,Sales,12.6,2018-06-14
2537,44.0,12842721.777200576,Marketing,19.9,2023-02-18
2538,44.0,4399563.924399128,Sales,19.9,2022-09-19
2539,22.0,11319681.732657429,Finance,17.2,2022-01-21
2540,35.0,13445312.418244531,Sales,1.3,2015-04-20
2541,27.0,,Finance,19.1,2021-09-10
2542,22.0,14800367.683133181,Finance,12.3,2020-04-27
2543,32.0,18974615.569377795,Engineering,16.0,31/02/2020
2544,31.0,21745675.525567148,Sales,8.1,2022-05-09
2545,,20290850.46912051,Engineering,6.4,2021-06-27
2546,39.0,17352549.236892782,Finance,9.3,2021-06-23
2547,21.0,15059313.39590392,Sales,-2.5,2017-07-21
2548,29.0,10096059.957932204,Sales,-2.5,31/02/2020
2549,,18699720.25689658,Engineering,17.2,2015-07-30
2550,55.0,23398736.911107644,Engineering,0.8,2021-07-18
2551,19.0,16710530.198252091,Finance,3.0,2020-05-21
2552,-5.0,24586295.742130615,Finance,2.5,2016-11-29
2553,53.0,7372141.459694581,Sales,8.1,2020-11-17
2554,38.0,9229183.076102294,Sales,19.9,2022-01-20
2555,26.0,19276007.538741313,HR,3.5,2023-02-01
2556,40.0,16321451.050766256,HR,2.9,2021-12-13
2557,8.0,21568910.882859036,Marketing,18.3,2019-04-07
2558,35.0,,,17.6,2016-08-28
2559,38.0,,Marketing,0.6,2022-08-20
2560,44.0,13932033.788974788,Marketing,15.0,2017-09-19
2561,24.0,7336580.14538133,Engineering,13.1,2015-05-10
2562,35.0,9357046.634514827,Engineering,15.4,
2563,25.0,19862219.98959005,HR,9.9,2022-11-09
2564,37.0,19363937.07234805,Marketing,19.8,2016-03-26
2565,26.0,16815021.424030386,HR,0.9,2017-02-20
2566,30.0,6394612.395197652,Finance,4.7,2015-03-19
2567,25.0,13207982.122435557,Sales,7.9,2019-12-12
2568,41.0,8875000.556699747,Engineering,9.0,2018-07-08
2569,,20882666.268938825,Finance,18.4,2019-09-12
2570,32.0,12081389.332186993,Finance,11.2,2016-09-12
2571,35.0,9571261.446092252,Engineering,0.9,2019-08-19
2572,20.0,15148980.825607123,Engineering,8.2,2022-09-29
2573,32.0,11799227.715826942,Enginering,8.3,2017-04-15
2574,34.0,22418719.551018536,HR,19.3,2019-08-08
2575,61.0,11325945.512329046,Finance,12.0,2020-08-17
2576,23.0,8003858.703876844,Marketing,12.7,2021-11-09
2577,49.0,4235432.421212422,Marketing,14.3,2020-04-15
2578,44.0,14846067.487932924,Finance,15.4,2023-02-27
2579,37.0,12190349.430710368,Finance,12.7,2015-09-13
2580,52.0,,Sales,4.7,2022-11-30
2581,38.0,20946132.306278925,HR,17.5,2016-07-19
2582,38.0,18336225.73714621,Finance,14.6,2020-10-25
2583,34.0,14858910.60531385,Engineering,14.8,2017-04-29
2584,47.0,21821631.220854335,Sales,19.9,31/02/2020
2585,45.0,18312680.166993067,HR,16.1,2018-08-24
2586,28.0,10885720.492407838,Engineering,16.6,2022-06-05
2587,21.0,9803899.18004617,Engineering,19.0,2020-05-13
2588,32.0,19089907.722269308,N/A,3.0,2020-11-22
2589,26.0,16981834.782336757,Sales,10.0,2019-03-24
2590,34.0,15848738.83985331,Engineering,11.6,2018-07-09
2591,47.0,9999999999.0,Marketing,6.6,2016-12-10
2592,30.0,18039737.835028768,HR,16.8,2020-02-26
2593,-5.0,11222505.584330253,HR,15.2,2020-12-23
2594,35.0,14490066.72703161,Finance,14.4,2018-11-03
2595,43.0,22234720.731934898,12345,19.9,2021-02-15
2596,,11695828.820949271,Marketing,5.2,
2597,28.0,7135053.714635695,Marketing,14.7,2022-07-31
2598,37.0,9737264.040649448,Finance,-2.5,
2599,47.0,19971494.133438118,Engineering,6.3,2022-08-20
2600,,16273655.686901048,Engineering,3.2,2022-03-19
2601,16.0,14355613.106556233,Marketing,17.9,2022-10-10
2602,41.0,12454530.973442152,Sales,11.9,2017-12-18
2603,28.0,17426799.53776595,Engineering,16.5,2021-11-03
2604,23.0,10754475.745048882,Enginering,10.9,2020-06-06
2605,28.0,16528327.843212979,Finance,50.0,2017-02-26
2606,33.0,11343727.155935215,Sales,6.8,2017-10-06
2607,28.0,10511703.07362473,Engineering,7.6,2018-02-16
2608,12.0,11812562.825874941,Marketing,19.5,2021-04-04
2609,,13122962.76758019,Finance,0.1,2018-05-07
2610,47.0,,,19.7,2017-07-10
2611,41.0,16177278.975555573,Marketing,19.6,2018-05-04
2612,23.0,-3441826.457142219,Engineering,19.9,2018-03-29
2613,-5.0,10961747.211266175,Finance,-2.5,2022-11-27
2614,34.0,13042150.113219803,HR,19.3,2017-04-29
2615,40.0,22525310.19304165,HR,7.9,2022-09-28
2616,41.0,9599986.95808934,Marketing,0.5,2022-11-27
2617,,15813983.090499563,HR,4.5,2020-06-25
2618,35.0,22475151.548679188,Enginering,18.9,2018-07-22
2619,39.0,8435157.350263637,12345,0.3,2020-05-19
2620,49.0,16969876.12932201,Engineering,10.9,2018-11-29
2621,42.0,10988640.8303274,Enginering,50.0,2021-04-14
2622,42.0,12476831.288553827,Engineering,5.7,2023-02-03
2623,35.0,10984445.830233429,Finance,1.8,2018-01-25
2624,49.0,11340713.45792057,Marketing,17.2,2018-03-24
2625,39.0,28609560.739532463,Engineering,11.8,2016-05-14
2626,26.0,19222279.360358328,Marketing,18.0,2021-06-06
2627,49.0,20508689.308931045,HR,13.8,2022-08-03
2628,41.0,17459967.43418248,Sales,19.4,2021-02-02
2629,,6968716.057990209,Finance,10.2,2019-04-05
2630,30.0,16974789.851616535,Engineering,12.8,31/02/2020
2631,37.0,20364648.072536733,,11.5,
2632,39.0,10733002.629804444,Enginering,9.7,2016-08-22
2633,36.0,19826633.335805632,Finance,16.9,2018-04-04
2634,38.0,18521681.049270395,HR,12.9,2015-06-22
2635,51.0,24260200.22406835,Marketing,16.0,2018-03-24
2636,45.0,12911084.937431905,Marketing,15.7,2023-01-04
2637,36.0,,Sales,3.8,2015-11-20
2638,44.0,13191859.453137271,HR,13.0,
2639,24.0,22177854.965818115,Finance,4.0,2019-12-17
2640,38.0,5857970.595790185,HR,11.7,2022-05-10
2641,-5.0,4658121.422844838,HR,13.5,2017-11-16
2642,32.0,15446976.394658066,Sales,19.9,2020-05-16
2643,26.0,12787053.53612922,Marketing,0.6,2017-05-26
2644,28.0,15038639.465878423,HR,1.8,2017-04-07
2645,24.0,19726558.856179327,HR,1.5,2021-01-15
2646,27.0,12237153.269405738,HR,8.0,2018-01-15
2647,31.0,5634970.845346898,Engineering,16.4,2021-04-21
2648,20.0,25222407.785999723,HR,16.9,2022-10-22
2649,35.0,10013858.562806118,HR,50.0,2018-01-17
2650,44.0,9704814.389939513,Finance,-2.5,2016-07-16
2651,25.0,20518600.06861298,Engineering,6.5,
2652,50.0,13077554.39479241,HR,1.8,2021-11-26
2653,40.0,14683050.739825945,HR,1.2,2021-07-31
2654,,17413950.62030159,Sales,17.0,31/02/2020
2655,28.0,20417915.51554998,Sales,14.6,2017-09-20
2656,43.0,13332696.534091141,Engineering,14.0,2015-07-27
2657,24.0,22599760.029571496,Finance,6.8,2022-07-06
2658,43.0,4321000.756325971,Engineering,7.6,2020-12-15
2659,36.0,18798936.184765387,Engineering,19.2,2017-07-13
2660,40.0,10802362.209911713,,1.3,2022-02-26
2661,-5.0,21861356.583039958,Sales,15.5,2017-08-11
2662,26.0,15710222.394152727,Finance,6.2,2015-08-04
2663,40.0,11635473.339952992,HR,0.8,2016-02-15
2664,25.0,18314205.465108164,Finance,14.9,31/02/2020
2665,39.0,19465941.736036256,HR,6.6,
2666,21.0,18209470.61429319,Marketing,14.4,2023-01-17
2667,,9851518.801834699,Sales,14.2,
2668,,12579914.381889576,Marketing,10.7,2016-02-16
2669,,14979635.814392826,Marketing,15.5,2022-08-22
2670,41.0,14793701.736749697,Sales,11.6,2016-07-17
2671,28.0,,Marketing,5.7,2015-01-22
2672,40.0,4925493.837466959,Engineering,14.7,2021-03-04
2673,37.0,16671635.272767518,HR,11.8,2016-10-08
2674,29.0,13550093.2278168,Finance,0.3,31/02/2020
2675,24.0,10807496.918080239,Sales,18.0,2022-04-28
2676,15.0,11287566.111152003,Engineering,10.9,2020-05-02
2677,38.0,13927311.677410182,Finance,17.4,2020-05-09
2678,19.0,-1000000.0,Finance,17.7,
2679,35.0,,Finance,8.9,31/02/2020
2680,32.0,10620925.876768533,Marketing,10.2,2018-03-22
2681,41.0,17663916.04661312,Marketing,8.3,2018-08-08
2682,31.0,10972366.587447397,Marketing,9.0,2018-03-15
2683,31.0,13924430.999147551,Marketing,17.9,2022-03-30
2684,42.0,22711383.13830651,Engineering,15.8,2015-08-31
2685,38.0,19971757.599077117,Marketing,2.5,2016-01-02
2686,38.0,19511356.999717265,Sales,12.2,2022-04-25
2687,39.0,12500637.84794574,Finance,19.9,2021-06-09
2688,19.0,17715161.396448262,Engineering,11.9,2017-08-09
2689,42.0,13830510.99773203,Marketing,15.7,2020-12-31
2690,41.0,14019533.94661531,Finance,15.4,2023-02-09
2691,24.0,17048426.71873275,Engineering,7.0,2015-06-02
2692,32.0,12015032.057895338,Finance,7.4,
2693,34.0,22465015.52221602,Engineering,14.5,2019-09-08
2694,33.0,14199349.302010315,HR,10.0,2016-12-21
2695,,18091802.831298325,Engineering,11.4,2015-05-29
2696,49.0,22278002.39628649,Marketing,14.3,2019-06-15
2697,45.0,20158268.872875877,Finance,15.6,2020-07-22
2698,21.0,7955404.486547376,Finance,5.4,2017-02-02
2699,41.0,17224479.47504942,,2.9,2018-03-31
2700,48.0,19253596.972303234,Sales,5.8,2015-06-03
2701,38.0,19459315.110803746,Sales,10.2,2015-02-07
2702,45.0,9433525.829426844,Marketing,6.8,2018-05-07
2703,55.0,11714823.81491338,HR,11.4,2021-05-15
2704,45.0,19972791.178708106,Sales,1.1,2021-10-04
2705,37.0,11191198.146586772,Engineering,10.2,2016-03-15
2706,45.0,13501519.71667843,Marketing,7.4,2018-10-04
2707,36.0,22879379.04750985,HR,10.7,2018-03-11
2708,35.0,14761003.748076051,Engineering,8.5,2020-02-05
2709,31.0,11366129.310830785,Finance,5.7,2022-03-11
2710,50.0,10611913.215685476,Sales,18.1,2021-02-03
2711,-5.0,16663596.64792594,Engineering,50.0,
2712,50.0,8334259.957613955,HR,13.6,2020-07-16
2713,39.0,13763320.180517908,Enginering,18.5,2016-07-03
2714,21.0,16666152.674950108,Engineering,10.8,2020-08-27
2715,38.0,,Marketing,17.5,2020-04-01
2716,13.0,18337740.401849978,Finance,2.5,2018-01-22
2717,41.0,11429674.410089105,HR,9.9,2017-02-28
2718,43.0,20892096.5878186,HR,50.0,2016-04-06
2719,,13502424.812262611,Sales,0.2,2018-09-16
2720,36.0,8821484.889752954,,8.9,2016-10-27
2721,,,Engineering,7.4,2023-03-14
2722,29.0,22190846.00572851,Engineering,13.4,2020-02-23
2723,24.0,15826200.250324626,Engineering,18.8,2022-04-09
2724,49.0,15062609.321648931,Finance,1.7,2020-99-99
2725,54.0,23186058.223514266,12345,6.5,2023-01-22
2726,35.0,7843225.764727864,HR,8.9,2020-99-99
2727,45.0,8572004.429736137,Engineering,9.1,2015-02-27
2728,48.0,6920767.645165839,Sales,15.5,2018-10-12
2729,27.0,16863240.932400275,Sales,8.9,2018-04-23
2730,30.0,15832465.635575622,HR,0.5,2021-05-14
2731,47.0,22713681.83639888,HR,14.2,2022-07-25
2732,51.0,16217375.385683851,Enginering,17.7,2017-03-02
2733,40.0,12979214.202603485,HR,-2.5,2016-12-19
2734,26.0,15008974.364390535,,11.6,2021-11-07
2735,,15588537.09230479,Finance,3.3,2022-03-01
2736,29.0,6641193.633359165,HR,4.4,2019-07-19
2737,31.0,28551658.221674465,HR,4.7,2019-10-18
2738,38.0,17599355.090509556,Engineering,8.6,2020-10-11
2739,50.0,16050041.540112946,Marketing,18.6,2018-09-05
2740,43.0,,HR,10.4,2015-12-22
2741,39.0,18547054.902933024,Sales,3.8,2020-99-99
2742,39.0,14297232.572487842,Sales,5.3,2022-07-04
2743,35.0,11843794.318796497,Sales,7.7,2016-01-26
2744,40.0,17997253.43160852,Finance,12.5,2017-01-26
2745,,16928554.202657264,Finance,8.8,2016-07-29
2746,32.0,10950549.50455296,HR,7.8,2020-05-09
2747,37.0,22095178.056836322,Enginering,11.3,2018-08-18
2748,23.0,16466760.181614917,HR,4.8,2017-10-13
2749,38.0,18649096.811338153,Finance,1.6,2015-01-28
2750,32.0,21959604.438399594,HR,0.5,2017-12-04
2751,52.0,15109444.105824174,Engineering,5.0,2019-04-21
2752,50.0,16584760.034920577,Marketing,1.8,2017-08-22
2753,,19050136.192530584,Sales,6.7,2020-01-04
2754,33.0,11375694.58099974,Sales,15.5,2017-12-29
2755,34.0,15270258.314230004,Engineering,14.3,2018-09-12
2756,30.0,15627742.933255741,HR,12.2,2018-05-21
2757,36.0,10219707.241583027,Finance,17.1,
2758,,26588183.943369392,HR,5.6,2023-02-08
2759,23.0,7963532.782537987,HR,17.7,2021-06-04
2760,41.0,,Sales,8.0,2015-02-16
2761,41.0,21571132.878517896,Sales,8.0,2017-12-07
2762,-5.0,18566331.25398271,Finance,8.1,2022-05-01
2763,43.0,9870175.91259611,Sales,2.0,
2764,28.0,18036445.075508464,HR,19.5,2022-10-08
2765,37.0,22339252.22498655,Engineering,2.8,2017-08-25
2766,43.0,14848684.712015072,Finance,6.8,2015-09-12
2767,34.0,27994114.50037291,Engineering,6.4,2022-06-28
2768,,6379690.945659822,Enginering,1.5,2016-04-29
2769,29.0,18469117.26929551,Finance,3.0,2020-03-21
2770,33.0,20832641.681105018,Engineering,0.9,2018-06-10
2771,32.0,19456719.508026235,Finance,5.8,31/02/2020
2772,27.0,13978221.366771758,HR,17.3,2019-07-19
2773,33.0,13547792.589944253,Finance,6.8,2022-09-11
2774,19.0,17220725.855436288,HR,2.5,2020-08-20
2775,30.0,19078772.433260348,Finance,12.9,2022-11-21
2776,32.0,18012367.181411818,Finance,19.9,Unknown
2777,32.0,20200289.453966945,Sales,4.6,2022-09-28
2778,32.0,9905650.214666324,HR,5.6,2016-04-25
2779,34.0,13861145.104381826,Marketing,19.4,2022-03-01
2780,39.0,10299920.33938123,Finance,3.6,2018-04-23
2781,43.0,13069436.119569292,Engineering,10.2,2019-02-14
2782,28.0,20076104.459071524,Sales,4.8,2021-11-22
2783,22.0,15539919.603626143,Sales,18.6,2017-06-23
2784,24.0,28034295.815748848,Finance,19.6,2017-06-16
2785,30.0,15967031.835948585,Marketing,16.3,2016-07-01
2786,31.0,15298459.40289868,Sales,6.3,2020-05-12
2787,-5.0,15530914.597201081,HR,8.1,2016-09-19
2788,22.0,11810956.535700321,Finance,4.8,2020-02-07
2789,,14710816.938112032,Finance,17.8,2021-10-17
2790,36.0,,Marketing,18.3,2019-03-11
2791,40.0,15569853.340638861,HR,8.4,2019-08-31
2792,,11032701.350582644,HR,13.1,2022-11-15
2793,30.0,10374576.897606824,Marketing,3.3,2021-02-27
2794,25.0,12748990.541670782,Engineering,8.7,2020-99-99
2795,34.0,15369317.172054403,HR,12.6,2021-01-10
2796,26.0,20967932.67738131,Engineering,7.7,2022-06-13
2797,40.0,8297556.7931678165,Engineering,7.2,2017-06-13
2798,17.0,13400868.610556219,Finance,0.0,2017-10-10
2799,31.0,15721550.097175393,Finance,16.1,2022-08-18
2800,38.0,,Sales,17.8,2021-09-06
2801,36.0,,Finance,19.4,2015-12-02
2802,61.0,11600557.301319068,HR,14.4,2020-11-22
2803,38.0,11020148.130747508,HR,11.0,2020-01-04
2804,-5.0,15959447.725108236,Engineering,5.4,2020-12-03
2805,34.0,14197201.952491013,HR,20.0,2022-11-22
2806,,,Finance,11.8,2019-01-21
2807,34.0,17139813.132763173,Finance,13.6,2015-11-16
2808,26.0,23615373.58823125,Finance,13.6,2021-04-29
2809,44.0,23196282.58370876,Marketing,16.9,2016-04-04
2810,,5386141.139688319,HR,0.2,2015-09-10
2811,33.0,,Sales,4.4,2021-02-21
2812,28.0,14109883.549680809,HR,13.3,2020-09-01
2813,52.0,15775776.714326782,HR,17.9,2017-04-08
2814,31.0,13008584.832287258,Marketing,13.7,2021-06-03
2815,53.0,15587943.149436012,HR,8.3,2021-01-07
2816,43.0,15757036.980360094,Engineering,7.2,2016-09-05
2817,39.0,12105241.213255385,Finance,14.8,2016-11-04
2818,38.0,,Finance,14.8,2018-09-05
2819,38.0,12756521.58690258,Marketing,12.1,2020-11-01
2820,15.0,16171296.322283829,Finance,5.8,2019-12-15
2821,32.0,17994981.70842132,Engineering,18.5,2016-04-21
2822,43.0,19266744.886700734,Marketing,11.0,2022-08-18
2823,34.0,12529049.884665437,Sales,15.8,2017-04-21
2824,20.0,16419222.836513683,Finance,4.3,2023-01-15
2825,-5.0,19812512.959766492,HR,6.9,2021-07-16
2826,52.0,20827974.47572064,Engineering,50.0,2020-06-25
2827,47.0,14705835.72934239,Engineering,1.0,2016-01-08
2828,34.0,13895341.375301937,Finance,10.2,2020-09-21
2829,44.0,15955621.169181962,Sales,9.6,2019-12-30
2830,31.0,9251462.63551297,HR,15.0,2015-08-16
2831,17.0,,Sales,5.6,2020-02-01
2832,25.0,18722931.99236565,Sales,4.4,2016-06-24
2833,50.0,18209735.647218507,Finance,18.5,2020-10-03
2834,32.0,13648661.978180556,HR,11.4,2019-08-29
2835,32.0,16088591.005435834,Finance,2.1,2020-02-15
2836,32.0,10876748.298546562,Finance,50.0,2021-04-28
2837,54.0,18517460.741125125,Engineering,20.0,2015-08-25
2838,51.0,14610892.819317635,Finance,3.9,2021-04-07
2839,57.0,13620242.74151931,Marketing,12.2,2020-03-08
2840,33.0,,HR,8.4,
2841,37.0,14685530.66550071,Engineering,17.7,2018-06-16
2842,19.0,12760611.775340209,HR,15.1,2023-02-10
2843,999.0,18290715.180012815,Engineering,11.9,2015-03-31
2844,23.0,13023582.259919096,Marketing,0.2,2019-06-10
2845,37.0,22964820.480136905,Finance,17.6,2017-11-08
2846,24.0,22326052.517406903,Engineering,8.9,2015-01-13
2847,29.0,10542282.550727475,Engineering,18.6,2017-06-11
2848,26.0,15348521.347146401,Engineering,9.9,2021-06-26
2849,28.0,11746716.893319026,Marketing,13.9,2015-10-27
2850,-5.0,13366762.184056943,HR,1.4,2015-07-05
2851,29.0,25012137.338223986,Marketing,14.9,2019-10-02
2852,43.0,13462142.914421003,Engineering,6.8,2018-11-12
2853,23.0,16801130.185387142,Engineering,7.0,2022-11-08
2854,37.0,17706606.47004139,Finance,2.4,2015-09-19
2855,47.0,9996853.137583796,Marketing,2.9,2021-01-25
2856,29.0,10724522.627953976,Marketing,3.7,31/02/2020
2857,27.0,,Sales,6.6,2015-10-10
2858,32.0,10570146.330511115,HR,17.8,2020-04-17
2859,46.0,749849.4534140881,,7.4,2015-05-10
2860,36.0,17722912.003968142,Sales,14.5,2018-03-21
2861,,25270969.20628035,HR,-2.5,2019-08-02
2862,39.0,,Finance,11.8,2017-01-07
2863,23.0,7918655.703296963,,9.6,2016-07-08
2864,41.0,11786118.085500259,HR,19.6,2022-03-12
2865,39.0,-1000000.0,HR,16.9,2023-03-07
2866,31.0,9912076.113933122,Marketing,9.1,2022-03-30
2867,26.0,19300913.191975784,Marketing,-2.5,2019-09-18
2868,26.0,19051300.22187667,Marketing,3.9,2019-03-14
2869,40.0,9222741.030911703,Marketing,11.2,
2870,47.0,18625405.22223754,Engineering,1.5,2020-01-12
2871,,22634063.317886326,Engineering,7.0,Unknown
2872,,24512791.026147798,Finance,4.5,2019-03-19
2873,14.0,29326060.11542981,Engineering,14.4,2015-11-25
2874,29.0,10490036.752784014,Engineering,9.8,2022-08-28
2875,,29121102.131976016,Marketing,15.0,
2876,25.0,13228968.05745606,Marketing,10.3,2021-01-17
2877,25.0,12037672.723097429,HR,50.0,2016-06-28
2878,,16635361.874389227,Marketing,14.7,2022-04-30
2879,37.0,12089693.329534939,HR,16.7,2018-11-25
2880,33.0,16995220.70323263,HR,18.1,2016-04-30
2881,12.0,8399614.061313491,Engineering,11.4,2017-01-01
2882,13.0,13806236.989682829,Marketing,15.1,2021-01-09
2883,28.0,21427911.1718084,Engineering,15.0,2019-05-29
2884,39.0,14714693.542844221,Marketing,3.1,2020-12-06
2885,-5.0,15707978.933699414,Engineering,3.3,2016-06-05
2886,30.0,17376293.023586556,N/A,1.4,2023-03-01
2887,29.0,20853308.1465883,Engineering,6.4,2017-07-01
2888,,6723876.439052835,Finance,9.5,2015-01-15
2889,31.0,17922620.259187173,12345,20.0,2015-04-04
2890,38.0,13659304.303791184,Sales,8.6,2018-05-07
2891,36.0,15833189.476559192,Sales,14.5,2020-03-11
2892,13.0,20299750.84881188,Enginering,13.9,2022-07-21
2893,42.0,9029066.74294078,HR,4.1,2023-01-24
2894,37.0,9936777.792784553,Engineering,1.2,2021-02-08
2895,40.0,5322850.201430969,Sales,10.9,2019-10-04
2896,74.0,12254205.291181117,HR,14.0,2020-12-18
2897,14.0,21652161.72189408,Sales,20.0,2019-04-03
2898,52.0,14397064.057632653,Marketing,7.2,2017-07-29
2899,32.0,8299375.521726071,Finance,17.9,2020-99-99
2900,37.0,12571606.277124764,Engineering,7.6,31/02/2020
2901,34.0,7560691.4825468855,Finance,13.8,2018-11-18
2902,30.0,9374069.491344191,Enginering,50.0,2016-09-27
2903,29.0,16944094.551318567,12345,1.1,2018-02-03
2904,38.0,9130633.368469857,Marketing,1.6,Unknown
2905,19.0,,Marketing,0.4,2023-02-17
2906,42.0,14644398.54584832,HR,7.4,2016-04-07
2907,30.0,15427973.519722627,Sales,14.9,2015-05-12
2908,23.0,,Engineering,3.5,Unknown
2909,30.0,,,12.1,2020-99-99
2910,47.0,18915799.438885055,,50.0,2021-11-23
2911,29.0,16675271.759560857,Engineering,50.0,2015-03-06
2912,38.0,17823945.52953824,Engineering,16.0,
2913,27.0,13939551.650397873,Marketing,15.5,2017-04-24
2914,42.0,17711015.034545243,Marketing,10.5,
2915,41.0,13310611.122630967,Sales,5.7,2016-02-18
2916,53.0,15011158.11081201,Marketing,16.2,2021-08-29
2917,33.0,13626781.253168512,Marketing,3.7,2015-05-18
2918,41.0,12713907.30340402,Engineering,5.8,2020-01-03
2919,35.0,11554441.01139105,Sales,3.7,2021-09-14
2920,47.0,17338450.519294426,Finance,13.5,2022-07-15
2921,27.0,21553029.564067315,Marketing,13.7,2022-11-20
2922,42.0,20855509.858347796,Marketing,13.1,2015-07-19
2923,33.0,8717173.320272822,Finance,8.3,2017-09-29
2924,34.0,21446015.25703437,Enginering,2.0,2015-07-01
2925,35.0,13409207.491910355,Sales,18.2,
2926,37.0,18003665.07572796,Engineering,10.2,2019-12-03
2927,33.0,10468923.339763945,Enginering,8.1,2017-08-17
2928,37.0,15709899.569370026,Marketing,11.8,2021-01-19
2929,50.0,16568615.914484536,HR,3.9,2017-06-08
2930,44.0,7576976.040401736,Marketing,2.7,2015-08-20
2931,43.0,18041335.83172095,HR,8.1,2016-07-27
2932,30.0,21729675.039191574,Finance,4.5,2020-08-25
2933,26.0,14126760.27159186,Marketing,4.9,
2934,,21800840.654140063,Marketing,17.9,2017-08-17
2935,,14051532.532737963,,10.6,2023-03-16
2936,49.0,19247922.655233085,Sales,9.7,2021-06-17
2937,28.0,3907150.170244502,HR,13.8,2018-07-30
2938,32.0,27093888.896567315,Marketing,19.0,2021-06-23
2939,18.0,22477291.226214785,Marketing,-2.5,2021-09-15
2940,31.0,13576872.478731606,Sales,16.7,2022-07-17
2941,44.0,5139554.866780911,Engineering,11.7,2018-08-06
2942,30.0,16440141.841527445,Sales,2.9,2017-08-28
2943,41.0,7780372.2646312155,Engineering,5.9,
2944,33.0,17224267.68778744,Marketing,9.6,2016-08-09
2945,38.0,17057828.59582141,Finance,13.8,2022-05-28
2946,23.0,10292984.154989876,Finance,4.9,2020-11-05
2947,35.0,20604835.118071888,HR,10.7,2017-06-24
2948,5.0,19027873.514030866,Sales,13.7,2019-08-21
2949,33.0,19879116.686442815,Sales,9.0,2018-05-15
2950,18.0,15044288.518344477,Finance,17.3,
2951,47.0,7922379.665431467,Engineering,17.4,2015-09-07
2952,42.0,19889361.361055687,Sales,9.4,2021-03-30
2953,39.0,13648143.004321044,Engineering,19.5,2021-08-20
2954,50.0,8051099.284036655,Engineering,1.5,
2955,25.0,21760196.82987163,Engineering,0.1,2022-01-08
2956,52.0,25497037.602512546,Engineering,-2.5,2022-08-12
2957,44.0,14793759.355103984,HR,12.0,2019-10-16
2958,32.0,25795605.77301646,HR,12.6,2021-03-26
2959,46.0,15456573.643056748,Finance,9.5,2020-07-23
2960,23.0,13097720.479168244,HR,2.5,2015-07-12
2961,26.0,11847707.729072612,Sales,3.4,2018-11-11
2962,28.0,23185412.03996371,HR,17.0,2022-03-20
2963,29.0,11099280.593061142,N/A,17.4,2022-07-12
2964,24.0,18676346.54987494,Sales,13.5,2019-04-11
2965,47.0,12204180.824703958,Engineering,13.3,2020-11-18
2966,32.0,12698466.187128184,Finance,12.0,2018-07-29
2967,,20151248.469847836,Engineering,4.1,2022-10-23
2968,29.0,13099815.76855323,Engineering,8.6,2019-09-02
2969,16.0,12976023.102898534,HR,13.9,31/02/2020
2970,37.0,20664023.485874034,HR,10.7,Unknown
2971,15.0,22986986.466108114,Sales,0.4,2018-05-13
2972,-5.0,18223449.016421165,HR,19.1,2019-03-22
2973,21.0,11726151.121880254,HR,16.9,2017-01-23
2974,54.0,12446957.503512103,Marketing,5.2,2021-01-12
2975,44.0,15399576.318700187,Sales,12.3,2020-04-23
2976,36.0,16604650.309628287,Sales,18.5,2017-09-14
2977,47.0,10060670.44930114,Marketing,1.9,2017-07-12
2978,26.0,18615189.69789932,Sales,10.1,2020-99-99
2979,,,,9.1,2022-12-08
2980,36.0,6421458.406809352,Finance,8.2,2016-08-14
2981,37.0,10355367.587696347,Marketing,16.7,2020-03-11
2982,47.0,12479356.631741682,HR,7.6,2015-08-25
2983,42.0,14635711.555794725,Finance,1.3,2021-04-22
2984,37.0,-1000000.0,Marketing,1.3,2019-08-18
2985,18.0,16190856.530698141,,0.9,2019-09-03
2986,25.0,10796140.550506875,Engineering,8.2,2021-04-01
2987,33.0,,Marketing,14.4,2020-12-10
2988,35.0,13239561.262730595,Sales,4.1,2016-07-03
2989,23.0,16623791.197667709,Finance,12.9,
2990,59.0,17902838.435178075,Sales,13.7,2017-09-21
2991,50.0,21046153.23611969,Marketing,5.1,2017-11-10
2992,41.0,14878567.521649871,Finance,12.0,2017-04-12
2993,35.0,23194802.637999166,Sales,13.7,2018-09-14
2994,,19540113.312680956,HR,9.3,2022-04-02
2995,25.0,11462802.27593906,HR,6.7,2015-11-20
2996,35.0,26049278.328742318,Engineering,12.4,2020-01-17
2997,37.0,16634972.566350488,Marketing,19.6,2019-02-28
2998,22.0,10824377.480138823,Sales,8.5,2016-01-14
2999,38.0,23264565.25615211,Engineering,-2.5,2021-01-02
3000,33.0,25388887.92599222,Marketing,9.3,2023-02-15
3001,15.0,14834873.681402197,,1.5,2017-02-19
3002,,9999999999.0,Sales,11.1,Unknown
3003,30.0,14138125.21273169,Finance,6.6,2018-01-04
3004,53.0,18573658.637588497,HR,2.4,2019-03-25
3005,40.0,21389283.27515257,Finance,9.3,2022-07-22
3006,,,Finance,0.1,2021-10-13
3007,39.0,15508616.04235885,Sales,8.0,2021-10-05
3008,,22490058.851522136,Sales,2.1,2015-06-11
3009,45.0,13435817.634742389,Finance,0.5,31/02/2020
3010,,20154596.691834535,Engineering,-2.5,2017-02-09
3011,34.0,13559686.008243607,Finance,18.3,2021-08-03
3012,,17155114.790054467,Finance,4.2,2023-02-14
3013,22.0,14432187.176047742,Sales,10.8,
3014,21.0,14720739.086735945,,5.6,2021-04-08
3015,29.0,13113067.41268895,HR,9.9,2017-06-07
3016,45.0,21724270.155903473,Sales,8.7,2020-05-17
3017,19.0,11335369.809457324,Engineering,5.4,2017-05-05
3018,6.0,11298838.737256458,HR,14.0,2018-09-25
3019,30.0,25604967.829225548,Sales,2.5,2018-05-26
3020,40.0,19889237.82327166,Sales,1.1,2015-03-04
3021,47.0,,Marketing,15.4,2017-05-17
3022,30.0,12173706.303947981,Engineering,13.3,2017-02-17
3023,30.0,5940053.31218973,Engineering,10.0,2016-04-25
3024,-5.0,10246546.532923725,Sales,9.4,2020-05-15
3025,16.0,-692573.3311701994,Marketing,9.9,2017-09-20
3026,31.0,14315052.111530289,Sales,8.7,31/02/2020
3027,36.0,9290290.904193442,Finance,7.9,2021-10-11
3028,39.0,15299526.283982191,Finance,10.0,2022-11-22
3029,29.0,6874393.705587376,Marketing,10.6,2017-04-17
3030,35.0,15414559.2658602,Sales,13.8,Unknown
3031,10.0,12925418.609398363,Marketing,14.2,2017-09-07
3032,28.0,22509764.82594298,Sales,7.6,2021-03-11
3033,39.0,-1000000.0,Sales,8.3,31/02/2020
3034,25.0,9999999999.0,Finance,7.5,2018-03-05
3035,35.0,13366931.096693937,HR,10.7,2019-04-09
3036,39.0,9999999999.0,Engineering,9.1,2020-03-24
3037,31.0,7234823.610800897,Engineering,17.8,2020-12-25
3038,36.0,7982206.852181687,Marketing,13.9,
3039,25.0,14581084.500554677,Engineering,18.0,2019-01-11
3040,32.0,26270190.544605598,Finance,14.2,2018-06-17
3041,,13988305.465649562,HR,19.4,2017-12-07
3042,36.0,14083773.78395359,Sales,12.7,2019-01-13
3043,29.0,7790448.219440954,Sales,19.3,2020-10-01
3044,37.0,19729647.92635189,Finance,3.2,2020-07-29
3045,42.0,19765881.271646768,Engineering,1.0,2020-03-23
3046,14.0,18945376.00699955,Sales,11.6,2016-02-08
3047,46.0,11853896.635763187,Engineering,19.7,2023-02-07
3048,31.0,11466466.15813497,Finance,50.0,2020-04-07
3049,39.0,8534388.747975148,Sales,4.2,2018-08-04
3050,46.0,15419362.508804668,Marketing,10.4,2017-04-12
3051,21.0,9597963.35360749,HR,13.0,2019-02-27
3052,27.0,9112917.473753557,Engineering,6.3,2018-07-05
3053,32.0,12881546.41544662,Engineering,14.3,2019-08-23
3054,27.0,12554219.124078918,Engineering,19.5,2015-07-07
3055,52.0,12310107.355890226,Engineering,17.9,2021-04-23
3056,,17332222.984201305,Finance,5.8,2017-06-25
3057,29.0,15395239.010751396,Finance,50.0,2016-08-20
3058,37.0,13559219.847444411,Finance,7.4,2015-03-08
3059,22.0,15915064.64155741,Finance,7.9,2017-12-04
3060,31.0,10042364.794476839,Sales,2.0,2021-03-16
3061,38.0,15526393.11954839,,15.2,2021-07-20
3062,,15753012.464223169,Sales,7.3,2021-06-30
3063,34.0,7484765.7032125965,Marketing,17.6,2023-01-28
3064,29.0,19978468.771851808,Finance,18.5,2019-09-07
3065,,10592831.473865023,N/A,0.5,2018-04-24
3066,38.0,15451548.996032175,Finance,19.8,2016-09-16
3067,52.0,20822058.702676352,Marketing,14.2,2017-03-14
3068,35.0,19628383.788569346,HR,10.4,2018-09-13
3069,37.0,15171666.942844177,Marketing,7.8,31/02/2020
3070,41.0,13187504.985589657,Sales,10.4,2019-04-05
3071,,19737559.542877838,Engineering,6.5,2021-05-22
3072,52.0,9999999999.0,Marketing,12.5,31/02/2020
3073,37.0,11908174.89977935,Engineering,1.9,
3074,51.0,11025531.764991548,HR,12.4,
3075,27.0,4638224.09152001,HR,5.5,2022-05-05
3076,53.0,15770159.208417937,Sales,0.4,2022-09-06
3077,42.0,14586511.274908006,Sales,11.1,Unknown
3078,40.0,20680956.87321271,Marketing,11.6,2017-11-20
3079,37.0,16795275.467401832,Finance,8.5,2020-06-24
3080,32.0,21671145.970863454,HR,1.4,2023-02-11
3081,47.0,11513178.860419147,Engineering,17.9,2022-03-13
3082,,20690751.654838093,Finance,12.2,2020-07-02
3083,-5.0,,HR,2.3,2020-03-02
3084,,18887980.30896136,Marketing,10.2,2016-11-20
3085,33.0,7706208.037346533,HR,9.9,2018-12-13
3086,38.0,16175676.496830942,Sales,1.2,2016-11-24
3087,34.0,5076560.292770451,Engineering,12.1,2016-07-27
3088,47.0,13664312.570291227,Engineering,16.2,2023-01-29
3089,15.0,17201769.96938957,Sales,15.0,2021-02-16
3090,36.0,12395157.24384452,Finance,4.1,2020-99-99
3091,16.0,,Sales,17.2,2017-01-23
3092,42.0,19230592.34647967,Engineering,6.9,2021-01-29
3093,34.0,14482686.050765382,Marketing,18.9,2022-03-13
3094,,12552146.764846642,Finance,1.4,2015-08-29
3095,,15209479.605771383,HR,9.7,2020-11-16
3096,47.0,28183345.709727943,Marketing,11.9,2015-05-19
3097,45.0,20767514.24890772,Finance,5.0,2015-11-01
3098,40.0,20812868.3409392,Engineering,15.4,2022-06-30
3099,33.0,17177731.594961822,Engineering,12.5,2015-07-18
3100,40.0,15832426.362885736,Marketing,0.4,
3101,27.0,3019588.558347918,Finance,12.2,2019-08-17
3102,43.0,11605098.26768434,,9.8,2016-07-17
3103,51.0,12597127.933987627,HR,3.9,2022-01-27
3104,45.0,5625539.6797623355,Sales,19.9,2017-08-05
3105,27.0,9212921.048922833,Marketing,17.9,2015-10-06
3106,38.0,5095817.64538683,Finance,5.9,2022-12-06
3107,22.0,14808380.821513137,Marketing,10.8,2016-09-10
3108,40.0,19093829.85424408,HR,6.3,2015-02-07
3109,39.0,20533872.593121644,Finance,15.5,2017-06-14
3110,16.0,17073922.310396206,Engineering,18.6,2020-09-02
3111,23.0,10183018.294007156,Engineering,7.2,2020-02-11
3112,-5.0,5339674.207400203,Finance,16.1,2019-03-09
3113,31.0,6215656.50299249,Marketing,10.0,2015-09-05
3114,22.0,8655087.113727506,Marketing,7.9,2021-12-05
3115,38.0,10555701.509821627,Engineering,18.8,2022-02-25
3116,37.0,14201257.510042068,Engineering,10.2,2022-06-24
3117,33.0,9999999999.0,HR,9.3,2021-11-30
3118,27.0,16694879.468341308,Finance,13.4,
3119,45.0,13838632.486002635,,5.2,2022-05-24
3120,51.0,15052728.558705129,HR,6.5,2020-06-21
3121,30.0,20701252.763356023,Marketing,18.6,2015-03-06
3122,28.0,9098841.328998148,Engineering,-2.5,2015-01-28
3123,,17093522.89146184,Finance,16.5,2020-12-19
3124,31.0,14930133.857619634,Sales,5.4,2021-03-09
3125,33.0,13332568.595151523,Finance,10.9,2019-08-12
3126,42.0,19426281.604329802,Sales,19.4,2015-02-18
3127,15.0,19395070.772785038,HR,6.4,2015-03-10
3128,48.0,10267546.02005786,Sales,3.2,2020-12-08
3129,35.0,14089197.08071038,Sales,10.2,2023-02-06
3130,30.0,16406058.412920326,HR,7.8,2018-01-30
3131,34.0,13634966.259887077,12345,3.2,
3132,34.0,17925106.66143899,Enginering,17.8,2018-03-20
3133,17.0,16405960.089551378,Engineering,19.8,2015-03-12
3134,,,Engineering,11.4,2020-08-19
3135,35.0,7348604.320351062,Sales,15.5,2020-99-99
3136,39.0,14387820.051263012,HR,17.2,2022-07-23
3137,44.0,10457487.442439046,HR,14.0,2019-10-30
3138,24.0,18020537.27719522,HR,0.9,2017-01-04
3139,39.0,6914140.5497722775,Finance,3.2,2016-03-14
3140,32.0,16731563.551124433,Marketing,1.4,31/02/2020
3141,43.0,11849757.843258295,Marketing,0.2,2020-11-17
3142,13.0,11329190.669394929,Marketing,6.1,2016-09-01
3143,34.0,7767508.982296564,Finance,7.8,2017-09-14
3144,,12674620.26899497,HR,4.8,2017-02-25
3145,39.0,20422502.651454628,Marketing,1.3,2021-12-13
3146,,14874056.582352603,HR,10.6,2020-11-26
3147,27.0,,Sales,5.5,2017-10-30
3148,27.0,23323209.109831374,Marketing,15.9,2018-12-22
3149,,16318777.924112879,Sales,0.2,2017-12-30
3150,26.0,12206002.139688296,Finance,16.9,
3151,43.0,17336261.07591395,Engineering,19.1,2015-11-20
3152,31.0,12278519.26842854,Finance,14.3,2019-03-09
3153,5.0,12477886.583514154,Finance,14.7,2019-07-22
3154,31.0,7400536.001905076,Finance,18.7,2020-02-24
3155,24.0,,Marketing,4.2,2021-05-03
3156,18.0,13069987.121752804,Sales,19.9,2017-09-23
3157,22.0,15910491.22907931,Marketing,15.5,2022-10-26
3158,36.0,9820190.356966803,Engineering,14.5,2017-07-14
3159,48.0,17179738.148577362,Finance,7.2,Unknown
3160,38.0,11190293.809324581,HR,10.9,2022-09-02
3161,28.0,14291456.391490879,Engineering,13.1,2015-11-27
3162,39.0,19389130.15619563,Sales,12.4,2022-05-01
3163,30.0,18953796.561162647,Engineering,14.1,31/02/2020
3164,28.0,14889849.637415297,Marketing,1.6,2015-05-10
3165,23.0,6159344.836466407,HR,7.1,2016-01-18
3166,17.0,29964052.850303207,N/A,8.7,2019-07-19
3167,31.0,23729294.851365678,Finance,5.2,2019-04-03
3168,36.0,18613374.124441493,Finance,3.5,
3169,34.0,11233981.092045147,Engineering,2.8,2021-03-13
3170,30.0,14432039.191490177,Finance,7.3,2020-05-03
3171,25.0,12282897.851117415,Enginering,9.9,2015-08-18
3172,41.0,21319279.69548194,Sales,1.3,
3173,21.0,16312514.454259168,Sales,18.9,2015-02-08
3174,42.0,11079180.708200837,Marketing,15.3,2022-11-18
3175,24.0,12646224.504376091,Marketing,14.6,2016-12-02
3176,27.0,20605940.712849524,Sales,3.5,2015-12-05
3177,20.0,23000489.23410239,,12.1,2020-08-09
3178,29.0,22641657.817431226,Sales,10.6,2019-11-13
3179,44.0,18785160.325269885,Marketing,19.6,2022-03-26
3180,40.0,13736875.655986816,HR,15.0,2018-09-18
3181,44.0,-1207569.1266456023,Finance,11.5,2021-05-06
3182,40.0,16485800.119041108,HR,17.0,
3183,23.0,14990856.205779498,Enginering,3.1,2020-12-03
3184,31.0,15699910.481606768,Finance,0.3,2015-06-24
3185,27.0,15269486.735166032,Sales,13.8,2017-07-30
3186,48.0,8368689.190254215,Engineering,2.0,2017-05-15
3187,23.0,17787042.78425593,HR,2.3,2022-10-06
3188,999.0,18161081.570159253,Engineering,14.9,2021-05-10
3189,,18411693.910298295,Marketing,5.4,2020-05-01
3190,53.0,19732885.01786693,HR,12.6,2018-01-15
3191,,18020258.224608116,Marketing,18.3,2015-07-10
3192,42.0,12949852.942305446,Sales,-2.5,2015-11-01
3193,57.0,14645815.76041955,HR,4.3,2022-09-04
3194,28.0,15455624.336266885,Marketing,2.1,2018-02-22
3195,19.0,15538497.245533092,Marketing,2.6,
3196,16.0,19991088.27985865,Sales,1.2,2021-04-27
3197,42.0,18218343.765112452,Engineering,1.8,2022-05-19
3198,16.0,25386717.197849765,Engineering,8.6,2015-05-15
3199,,26032344.89942336,Enginering,6.4,2017-01-04
3200,-5.0,15398247.913069624,Sales,14.1,2018-07-12
3201,36.0,-4183277.7422968484,HR,17.4,2015-03-06
3202,39.0,21184162.330636334,Engineering,15.7,
3203,37.0,12298118.305064728,Sales,10.6,2021-08-01
3204,-5.0,10992580.390844965,Enginering,-2.5,2016-08-13
3205,,13007773.625053165,Sales,14.2,2022-12-29
3206,28.0,9999999999.0,Sales,7.3,2019-06-20
3207,27.0,18061349.05052696,Finance,1.7,2015-11-12
3208,43.0,7202821.104368873,Marketing,16.8,2018-05-10
3209,44.0,9611396.271041993,Marketing,6.8,2016-10-27
3210,39.0,16715792.770987082,Marketing,4.4,2021-04-28
3211,46.0,18114720.15206654,Engineering,17.4,2017-09-11
3212,23.0,18207708.22468006,Sales,18.0,2021-05-10
3213,,11064818.605333505,Enginering,6.8,2019-05-13
3214,50.0,10108671.7536688,Engineering,7.1,2022-08-05
3215,42.0,12466825.831060404,Finance,11.6,2021-01-23
3216,52.0,16199363.761423625,Engineering,14.7,2018-09-20
3217,18.0,22427386.846362747,Engineering,1.3,2019-04-22
3218,29.0,4762814.071146248,Engineering,11.9,2016-07-27
3219,27.0,13896356.215208167,,19.1,
3220,42.0,8336607.794873982,HR,5.2,2023-02-14
3221,24.0,6738786.613232551,Engineering,18.2,2015-11-18
3222,42.0,19834783.226724084,Marketing,19.0,2020-08-13
3223,,17723122.872496694,Sales,5.4,2018-11-17
3224,-5.0,17247167.57973631,HR,15.1,2015-08-08
3225,37.0,19605129.19865497,HR,4.8,
3226,25.0,12601405.51616932,Finance,14.8,2019-11-26
3227,26.0,12836812.418332359,,15.9,2017-08-08
3228,,25928653.083612874,Finance,4.9,2015-11-08
3229,999.0,13767144.728702128,Finance,14.3,2018-10-27
3230,34.0,18675660.565270457,Marketing,16.2,2021-10-14
3231,30.0,15031907.704816574,Engineering,7.2,2021-11-19
3232,14.0,5758707.349607924,HR,3.4,2021-09-05
3233,24.0,4776854.980993658,Engineering,1.8,2019-06-13
3234,54.0,12105078.900300477,Engineering,11.5,2018-08-29
3235,22.0,20280506.258349944,Engineering,19.6,2015-05-02
3236,36.0,18941458.283180017,Finance,16.5,2022-02-10
3237,45.0,19570385.82112017,Engineering,8.7,2018-01-24
3238,22.0,,HR,10.7,2020-01-20
3239,36.0,23079362.45061157,Finance,5.6,2020-07-02
3240,44.0,10175533.499068078,HR,3.3,2017-07-23
3241,35.0,16064121.993349843,Finance,9.6,2018-12-28
3242,63.0,14948238.550461316,,9.3,2021-03-15
3243,18.0,14130630.89842707,Sales,10.4,2019-03-18
3244,45.0,21692960.691478033,N/A,19.1,2019-11-04
3245,33.0,11474447.399170198,Sales,12.1,2017-01-30
3246,42.0,8251973.72144036,Finance,12.1,2022-08-16
3247,39.0,15099977.431032097,Engineering,2.6,2021-07-27
3248,27.0,13000866.328567367,Marketing,19.9,2022-05-30
3249,37.0,31886914.59541323,Marketing,15.5,2019-04-06
3250,16.0,18382537.382199876,Sales,17.5,
3251,41.0,12953297.123906879,Engineering,8.3,2021-12-08
3252,37.0,9719442.154064566,HR,10.0,2018-04-24
3253,41.0,5598557.947156077,Engineering,10.4,2017-10-06
3254,45.0,9873904.571312834,HR,3.9,2022-12-30
3255,38.0,15574708.858795658,Marketing,13.8,2015-10-29
3256,36.0,22136643.257973846,Engineering,18.1,2015-12-03
3257,26.0,20608445.711939596,Engineering,3.3,2018-01-02
3258,27.0,16145474.158231897,Marketing,1.7,2016-09-23
3259,46.0,13384161.671487577,Engineering,14.8,2019-04-06
3260,49.0,16344061.782060772,HR,5.5,2022-12-25
3261,32.0,12406810.01257712,,12.5,2022-02-09
3262,35.0,23591819.978819378,HR,13.9,2016-09-23
3263,25.0,,Sales,6.4,2019-05-15
3264,46.0,14568310.708766365,Engineering,16.3,2018-07-21
3265,41.0,3920887.8748966586,HR,11.0,2019-01-17
3266,,14022825.767386181,Marketing,17.4,2016-03-12
3267,26.0,19182420.689824704,Sales,15.3,2016-01-10
3268,31.0,9661387.114807274,Engineering,17.4,2015-01-22
3269,37.0,11246398.327535935,HR,50.0,2018-06-16
3270,41.0,9999999999.0,Engineering,4.9,2019-12-27
3271,32.0,7616713.882409734,Enginering,1.8,2019-01-14
3272,26.0,20289005.037709594,Engineering,8.8,2018-01-09
3273,43.0,12339280.54913449,Sales,17.8,2016-02-23
3274,42.0,13057158.897543985,Sales,9.4,
3275,,9380607.97437203,N/A,17.0,2015-12-24
3276,48.0,16890231.302139416,Engineering,6.5,2017-02-06
3277,46.0,27299359.9251469,Finance,6.8,2019-11-01
3278,36.0,18907486.19730316,Engineering,17.9,31/02/2020
3279,35.0,10678573.69029732,Engineering,8.5,2021-03-31
3280,-5.0,20678102.92745738,Sales,15.8,2021-03-22
3281,999.0,13416602.270328753,12345,4.7,2020-09-29
3282,35.0,21872424.907137796,Enginering,19.0,2019-07-30
3283,,19033382.010821816,Engineering,11.5,2016-02-28
3284,43.0,284292.1726413332,Finance,15.2,2015-04-18
3285,19.0,9979601.835224863,HR,1.8,2016-01-03
3286,50.0,19721926.114176948,Sales,9.9,2018-12-20
3287,31.0,15758286.360725088,12345,18.0,2021-03-20
3288,32.0,9881220.261460748,HR,17.5,2016-01-17
3289,28.0,11832052.422530936,,0.9,2021-09-11
3290,32.0,5468816.899553098,Sales,6.1,2021-09-15
3291,49.0,14558133.56236802,Finance,8.9,2020-99-99
3292,10.0,26053448.630078822,Sales,3.4,
3293,47.0,19024666.953661628,Marketing,14.6,2015-02-20
3294,38.0,,Marketing,3.7,2018-04-10
3295,22.0,,Sales,6.9,
3296,-5.0,20137396.71676346,Engineering,13.3,2019-05-08
3297,51.0,24870393.43872512,Sales,9.6,2015-12-13
3298,999.0,16886316.296711132,Finance,14.8,2023-02-16
3299,23.0,14063863.392465599,Sales,19.2,2021-04-10
3300,46.0,20163287.58311006,HR,2.3,2017-09-21
3301,38.0,22269201.185609423,,14.2,2021-05-31
3302,25.0,12600176.786438955,HR,4.6,2020-11-04
3303,37.0,11392154.588299854,Sales,-2.5,2016-11-25
3304,24.0,15694280.1621544,Engineering,0.7,2022-09-08
3305,46.0,19157494.33465831,HR,2.7,2019-04-09
3306,45.0,18990455.243307807,HR,6.4,2016-11-25
3307,,-1000000.0,Engineering,6.8,2016-07-22
3308,38.0,24558030.335316606,Engineering,18.0,2018-01-06
3309,52.0,11794175.353015747,Marketing,14.8,2018-05-18
3310,34.0,13674675.015557103,Engineering,19.4,2018-01-04
3311,23.0,10486728.2000609,Sales,12.0,2020-07-12
3312,,28491644.179685436,Finance,4.8,2016-08-20
3313,55.0,16210353.351439837,Marketing,6.6,2015-09-17
3314,24.0,10745124.596592177,Engineering,6.4,2016-11-15
3315,31.0,,Finance,6.5,2019-11-16
3316,39.0,18845678.896550164,Marketing,13.5,2018-02-04
3317,34.0,14061364.88210058,Sales,10.6,2019-09-21
3318,25.0,19203033.563916914,Finance,7.7,2018-05-12
3319,46.0,10873540.195845678,Engineering,3.0,2020-06-06
3320,58.0,12535408.625253739,Engineering,-2.5,2015-11-12
3321,36.0,4948916.727169685,Sales,4.4,2019-01-19
3322,25.0,8380244.578902186,Marketing,2.1,2017-10-27
3323,19.0,24038154.02835343,Finance,15.7,2017-10-07
3324,37.0,23207143.13861157,Sales,2.2,2023-01-31
3325,46.0,15328943.243244812,Marketing,14.5,2022-01-04
3326,39.0,23314657.23594919,,7.7,2020-07-23
3327,34.0,14199627.566958476,HR,1.5,2021-08-29
3328,29.0,13782948.487160461,Marketing,16.3,2021-11-30
3329,24.0,15282553.242327781,Engineering,11.6,2017-03-11
3330,43.0,14375392.023382172,Engineering,50.0,2020-02-19
3331,44.0,13924018.382199097,HR,17.9,2016-03-14
3332,19.0,20716990.535747763,Engineering,0.9,2016-07-08
3333,50.0,15750678.269781016,Engineering,4.0,2018-06-01
3334,40.0,18562408.82216902,Marketing,15.0,2015-01-28
3335,48.0,20156902.626386654,Marketing,14.2,2019-06-09
3336,21.0,9999999999.0,Engineering,5.8,2018-09-22
3337,21.0,10148643.370458806,Marketing,1.2,2021-12-15
3338,33.0,8235670.5551798055,Finance,17.2,2019-04-06
3339,40.0,15743903.174036525,HR,6.3,2018-09-11
3340,52.0,14143718.475875327,Finance,3.9,2019-12-09
3341,42.0,15436957.14460061,Finance,10.3,2018-10-03
3342,32.0,14919729.80375707,Engineering,18.2,2019-10-30
3343,,27917868.300832838,Engineering,0.9,2022-04-20
3344,47.0,8348868.72179331,Finance,15.3,2021-08-31
3345,25.0,5050268.6508943755,Finance,11.4,2016-07-11
3346,,16661884.167598048,Sales,8.5,2018-05-15
3347,32.0,13117887.227059023,Sales,50.0,2018-08-06
3348,50.0,16580339.348649755,HR,19.3,2021-10-06
3349,41.0,-1000000.0,Finance,4.6,2022-10-18
3350,,21420523.47589449,Marketing,2.9,
3351,29.0,7463870.898080308,Sales,18.3,2020-05-16
3352,31.0,12216410.510714184,Engineering,13.4,2018-07-10
3353,39.0,17143806.29440382,Finance,8.8,2016-12-28
3354,35.0,,Marketing,11.5,2019-06-20
3355,29.0,,Marketing,14.9,2018-07-31
3356,33.0,19778519.855569337,Marketing,15.5,2018-04-08
3357,35.0,14716057.020568615,Engineering,18.4,2022-10-17
3358,13.0,10547821.235286692,Sales,8.5,2022-02-05
3359,39.0,12178550.736404903,Marketing,5.9,2020-07-04
3360,25.0,12036485.885214467,Sales,12.8,
3361,23.0,18276168.142568804,HR,8.3,
3362,,16284987.227929153,Engineering,11.9,2018-08-27
3363,17.0,,Sales,8.4,
3364,21.0,,Sales,3.1,2018-02-22
3365,27.0,19387737.7672571,Marketing,9.4,2019-05-29
3366,54.0,16758311.774870295,Marketing,13.8,2019-02-04
3367,-5.0,17843223.080063853,Engineering,16.0,2016-04-11
3368,36.0,16914608.550286315,Sales,9.9,2021-04-28
3369,39.0,23132153.673044298,N/A,3.3,2017-03-29
3370,36.0,16180215.31912185,Marketing,8.3,2021-08-22
3371,34.0,13069886.01064651,Marketing,15.7,2021-02-12
3372,23.0,10421224.794332197,HR,8.3,2017-01-06
3373,49.0,,Engineering,13.9,2022-08-24
3374,53.0,2796479.92612458,Sales,-2.5,2021-03-03
3375,18.0,14078554.99083644,Sales,4.8,2015-04-21
3376,24.0,13970800.70039328,Sales,15.9,Unknown
3377,32.0,8177645.731913595,Marketing,1.7,2020-03-05
3378,25.0,10358670.80672002,,10.5,2020-99-99
3379,40.0,19048287.650741205,Sales,4.2,2017-05-08
3380,27.0,16153558.745374814,Finance,1.3,
3381,56.0,15508941.668536637,HR,10.1,2018-04-08
3382,,16531737.669660114,HR,10.0,2022-10-08
3383,37.0,15463137.939744618,Sales,14.1,2015-10-11
3384,45.0,21214312.814291574,Marketing,14.9,2019-08-03
3385,46.0,15617145.908518244,HR,14.6,2022-07-19
3386,,7708934.430906248,HR,8.2,2020-08-07
3387,26.0,23150649.824372053,HR,12.6,2016-07-24
3388,35.0,16851701.33664423,HR,11.5,2022-02-07
3389,43.0,12053731.346024662,Sales,8.4,2018-05-25
3390,36.0,8732991.408524908,Engineering,11.9,
3391,19.0,16979571.104790226,Engineering,18.9,2017-10-31
3392,,14414139.975128124,Marketing,3.9,2022-05-21
3393,34.0,22870733.930162042,Finance,18.1,2016-09-23
3394,-5.0,13270463.596665861,Engineering,1.1,2023-01-08
3395,54.0,10813096.051587665,Finance,6.2,2019-09-30
3396,21.0,19478981.091179643,Engineering,5.8,
3397,40.0,19626409.463584155,Engineering,12.5,2015-10-30
3398,49.0,15843256.838050978,Marketing,2.6,2020-01-14
3399,57.0,18381785.238374542,HR,17.6,2021-09-15
3400,30.0,14811564.39628881,,16.6,2020-05-16
3401,39.0,16169325.505046235,Engineering,13.0,2021-07-12
3402,999.0,20824954.412819616,HR,9.2,2019-06-30
3403,36.0,18126591.670107514,HR,18.7,
3404,34.0,14153627.808336876,HR,16.6,2020-09-06
3405,39.0,21761812.729630753,Finance,10.0,2022-10-04
3406,,3175723.1360424384,N/A,14.0,2019-09-10
3407,41.0,25260366.557109676,Sales,11.3,2021-02-04
3408,36.0,6470204.5255463235,Marketing,11.8,2015-05-31
3409,32.0,11864535.87613852,Finance,6.6,2019-01-12
3410,55.0,14795412.324024655,Marketing,9.2,2022-11-13
3411,28.0,14267596.646359194,Sales,1.6,2021-01-08
3412,30.0,20032055.200132772,HR,7.1,2021-08-29
3413,54.0,9710816.906948827,Sales,13.9,2022-02-26
3414,26.0,16303834.087415315,Marketing,19.1,2015-12-15
3415,29.0,12108939.508901231,Sales,19.3,2016-03-23
3416,33.0,16475704.896687083,Engineering,11.1,2017-10-13
3417,43.0,14676138.701010618,Sales,12.1,2022-05-17
3418,,15464678.26341489,Engineering,3.7,
3419,22.0,,Sales,13.9,2018-12-25
3420,,12449680.249519588,Engineering,1.4,2016-11-12
3421,28.0,16436362.570137136,Engineering,5.7,2022-04-04
3422,34.0,19718577.528780222,Sales,13.4,2021-11-14
3423,39.0,12008603.329010762,Finance,6.2,2015-07-01
3424,39.0,10656162.27713545,HR,1.0,2021-04-25
3425,17.0,18067300.828359187,HR,16.6,2022-03-27
3426,45.0,14837480.534711553,HR,-2.5,2022-08-06
3427,37.0,,Engineering,1.3,2022-04-03
3428,48.0,10471013.933144262,,1.5,2019-06-25
3429,39.0,6102805.372882845,Engineering,5.0,2018-09-20
3430,46.0,12334979.590868328,,3.6,2019-10-30
3431,39.0,11168236.95367492,Sales,15.5,2016-03-09
3432,,14606057.999598501,Sales,6.4,2015-02-13
3433,40.0,11815773.928648053,Engineering,16.1,2016-02-08
3434,34.0,18705084.756682247,N/A,3.5,2017-11-25
3435,,13559248.687887419,Finance,9.9,2017-06-28
3436,43.0,15752372.493869506,HR,13.8,2020-09-22
3437,40.0,15788172.792204719,Finance,13.0,2020-10-25
3438,,15974775.462060936,Sales,12.0,2021-04-04
3439,22.0,14879354.447725132,Sales,18.5,2021-07-05
3440,37.0,17553003.45205157,HR,4.6,2022-09-17
3441,36.0,11021724.330870962,Sales,9.9,2021-06-14
3442,-5.0,21997089.633269414,Engineering,17.7,2017-06-24
3443,,13817313.083157323,Sales,1.6,2019-12-31
3444,50.0,8442254.310506592,Marketing,1.1,2019-03-13
3445,41.0,,HR,4.7,31/02/2020
3446,23.0,10744097.587762576,HR,12.7,
3447,33.0,9999999999.0,HR,5.2,31/02/2020
3448,26.0,26048027.88021189,Marketing,3.8,2021-08-07
3449,31.0,11067139.54221075,Finance,9.2,2022-09-29
3450,30.0,16661861.666119924,Engineering,12.3,2020-08-11
3451,30.0,6222472.056476861,HR,5.0,2016-09-09
3452,22.0,17269526.147206735,Sales,6.0,2018-11-13
3453,33.0,10571431.001001552,Engineering,12.3,2015-04-11
3454,,11875826.907827588,Sales,18.9,2020-05-31
3455,5.0,9493567.55080086,Engineering,-2.5,2016-03-04
3456,55.0,18660756.130273677,Engineering,15.7,2018-04-25
3457,45.0,20036521.787366312,Sales,7.3,2019-08-31
3458,31.0,15116926.073292539,Sales,5.4,2015-12-18
3459,35.0,10677866.4733214,Engineering,9.1,2016-04-20
3460,,22947615.180519313,HR,16.1,2023-03-10
3461,51.0,11247949.361226719,Sales,9.1,2016-08-03
3462,53.0,4189838.500362806,Marketing,16.9,2018-11-27
3463,36.0,17291945.049785342,Marketing,19.8,2018-07-01
3464,,9476126.631792417,Engineering,1.4,2018-11-06
3465,36.0,19943043.967495874,Finance,0.9,2020-02-09
3466,21.0,13094311.516632905,N/A,3.0,2017-04-27
3467,,18018566.20272098,Engineering,7.7,2020-11-04
3468,36.0,22007501.73276079,HR,-2.5,2020-06-01
3469,30.0,8955705.67689639,HR,17.4,2018-11-27
3470,32.0,,Finance,0.5,2020-05-04
3471,34.0,14621644.636714682,Finance,-2.5,2016-02-04
3472,34.0,22687756.59517172,Finance,3.7,2019-11-30
3473,35.0,,Finance,18.6,2023-02-05
3474,24.0,12027481.520254964,Finance,13.4,2022-10-24
3475,27.0,17390702.87777904,Engineering,18.2,2020-01-28
3476,,12113856.371447146,Engineering,19.4,2018-07-30
3477,44.0,15762629.414488083,Marketing,9.9,2015-10-03
3478,13.0,,Marketing,4.7,2018-05-14
3479,46.0,26071649.712782983,Sales,3.9,2015-07-03
3480,48.0,8261453.848452983,Engineering,4.5,2022-12-21
3481,31.0,13391236.480048958,Finance,14.2,
3482,,14837594.820789527,Sales,0.8,2015-04-03
3483,31.0,24563440.671783976,HR,1.0,2018-11-06
3484,34.0,8375771.095336299,Engineering,12.2,2022-04-08
3485,24.0,24918520.677393757,Marketing,12.8,2016-03-23
3486,29.0,18785884.105510112,Engineering,13.3,2022-08-05
3487,50.0,17085476.62211623,Engineering,7.4,2016-11-04
3488,,10076831.564910222,Engineering,16.1,2017-09-26
3489,25.0,17855706.210190367,Engineering,-2.5,2020-10-14
3490,19.0,11382566.887901,HR,2.1,2016-12-15
3491,31.0,21333306.26599206,Marketing,15.9,2021-03-10
3492,32.0,10144689.854461335,Engineering,19.1,2016-10-17
3493,39.0,14434207.52771958,HR,1.2,2018-09-17
3494,29.0,12223634.559934143,,7.8,2021-04-12
3495,40.0,-1000000.0,Engineering,9.8,2019-10-13
3496,54.0,18706599.08453957,HR,2.9,2020-03-07
3497,43.0,,Finance,17.4,2017-08-07
3498,34.0,21045050.994504984,Sales,5.7,2019-07-18
3499,,6100624.458959162,Marketing,15.7,2022-01-23
3500,31.0,20320853.51170522,Engineering,13.4,2017-01-25
3501,46.0,27527244.52678447,Engineering,12.0,2017-02-02
3502,28.0,12741794.554115266,HR,3.8,2022-03-08
3503,35.0,24475743.06054485,Marketing,4.4,2022-05-16
3504,35.0,13684193.639700867,Finance,0.9,
3505,29.0,8137951.312193465,Sales,4.8,2019-06-09
3506,21.0,13471837.787966022,Marketing,6.9,2015-04-30
3507,38.0,20241019.83837638,Engineering,16.7,
3508,,10809117.588342343,HR,7.3,2017-03-19
3509,-5.0,11998306.704967564,Finance,15.1,2020-01-16
3510,29.0,17967697.161465954,HR,8.8,2021-08-22
3511,47.0,15015300.583692864,Sales,15.7,2019-10-26
3512,26.0,17923114.762433704,Marketing,19.5,2019-05-12
3513,52.0,16189147.70379168,HR,4.8,2015-01-19
3514,17.0,,,17.2,2022-11-26
3515,39.0,12838494.070952294,Engineering,12.4,2017-05-29
3516,39.0,16158654.710151963,,16.3,2017-04-22
3517,27.0,10363134.97152033,Finance,13.0,2018-02-14
3518,39.0,21442168.112516943,Marketing,8.5,2022-11-22
3519,,11828626.415913431,Sales,4.6,31/02/2020
3520,12.0,20644237.43774695,HR,1.4,2021-06-22
3521,40.0,13831965.195085673,Finance,10.7,Unknown
3522,10.0,16009995.053786606,Sales,19.8,2021-01-08
3523,25.0,12525177.245546497,Finance,14.8,2020-99-99
3524,51.0,9920022.844159855,HR,6.5,2019-02-07
3525,29.0,6276198.061973492,HR,16.5,2018-08-28
3526,23.0,9723379.207037702,Marketing,15.4,2017-03-18
3527,33.0,,Engineering,5.6,2020-02-18
3528,55.0,16059395.89414442,Finance,0.3,
3529,16.0,20051896.566416316,Engineering,2.4,2017-12-10
3530,24.0,12771212.701015756,Engineering,17.5,
3531,,10590196.17866413,Sales,16.7,2020-06-27
3532,53.0,7786426.069986437,Sales,5.9,2020-12-01
3533,33.0,17400318.08952052,Finance,5.7,2022-03-02
3534,22.0,21915972.576646715,Engineering,15.9,2018-07-07
3535,55.0,,Marketing,18.8,2021-09-11
3536,50.0,18549663.740736187,Engineering,15.6,2019-05-11
3537,41.0,18192716.586337995,Sales,12.1,2021-11-08
3538,,23488118.898546703,Engineering,4.9,2019-05-27
3539,34.0,16660407.307084052,,10.5,2021-08-01
3540,33.0,18230648.38012086,HR,4.7,2016-04-12
3541,38.0,13396080.690740004,Marketing,16.2,2018-11-26
3542,49.0,8189783.145726212,Finance,7.7,2018-12-12
3543,43.0,11580755.497502118,Engineering,16.7,2020-02-19
3544,24.0,14954204.807326723,Enginering,7.6,
3545,48.0,15303926.862506514,Finance,16.5,2016-12-07
3546,38.0,24631429.274276964,HR,6.7,2022-07-22
3547,41.0,15406385.837955343,Finance,-2.5,2022-12-01
3548,49.0,9999999999.0,Finance,12.3,2018-05-03
3549,999.0,12824613.792118419,HR,1.4,2021-11-21
3550,-5.0,13441620.57117383,Sales,19.0,2021-08-14
3551,29.0,8354961.813882759,Finance,11.5,2015-12-14
3552,19.0,11288359.935617141,Engineering,10.2,2022-07-15
3553,38.0,17634906.956818767,HR,16.8,2016-07-02
3554,60.0,15037800.901970666,Sales,17.3,2018-07-06
3555,16.0,19714693.09948617,HR,10.4,2016-04-27
3556,,15906269.741725251,Marketing,18.5,2017-09-04
3557,41.0,,Engineering,1.3,2018-06-04
3558,36.0,25741484.318934795,Marketing,2.3,2016-04-24
3559,33.0,14530482.156434763,12345,11.9,2017-01-19
3560,22.0,20815004.848526523,Finance,7.1,2019-03-10
3561,37.0,12993953.967276612,Marketing,9.3,2022-10-11
3562,27.0,18547997.39691783,Marketing,6.6,2016-08-02
3563,13.0,19640078.295758434,Finance,8.1,2020-09-23
3564,46.0,16042459.852877904,Sales,16.5,
3565,44.0,3227585.3865169883,Engineering,11.9,2019-09-10
3566,35.0,15091262.304280564,HR,19.9,2021-09-08
3567,37.0,21152300.238799877,Marketing,15.7,2016-07-18
3568,45.0,17637404.16513865,,5.5,2021-06-12
3569,37.0,17229194.376146235,HR,5.3,2019-04-21
3570,44.0,6388715.330212405,HR,-2.5,2019-09-29
3571,32.0,11397724.646624707,Marketing,16.9,2017-01-30
3572,48.0,17056788.155757196,Sales,0.5,2020-06-16
3573,38.0,17051916.38393446,Sales,4.6,2022-02-16
3574,36.0,21073333.900664512,Engineering,18.1,2021-01-10
3575,22.0,14275666.224269528,Engineering,50.0,2022-10-11
3576,37.0,17029120.43336907,Finance,-2.5,2022-03-27
3577,26.0,15081871.209656468,Sales,4.4,2016-12-10
3578,28.0,10065286.317492217,Engineering,-2.5,
3579,26.0,3721043.344526263,Finance,17.9,2016-11-14
3580,24.0,17155048.460650384,HR,5.1,2020-06-28
3581,56.0,15869736.042064058,Engineering,8.4,
3582,48.0,11909124.789499156,Finance,16.7,2016-07-28
3583,54.0,6904134.717420676,Sales,15.4,2017-02-05
3584,22.0,18148697.57204369,HR,16.3,2018-07-12
3585,35.0,,Engineering,10.4,2020-01-22
3586,22.0,17784373.61184073,Sales,18.2,2021-12-12
3587,28.0,,HR,6.5,2015-08-08
3588,25.0,4292845.598401476,Marketing,3.1,2019-01-10
3589,47.0,11501995.95648818,Sales,14.2,2015-02-09
3590,31.0,13953121.933440434,Marketing,10.8,2020-06-07
3591,45.0,22274130.870733254,Engineering,17.1,2016-07-13
3592,41.0,6817984.903967575,Finance,1.6,2017-03-10
3593,58.0,24679305.128403023,Engineering,16.9,
3594,20.0,15679279.507831452,Sales,5.9,2021-04-19
3595,47.0,14519996.691330709,Marketing,13.1,2020-09-01
3596,46.0,14009701.183905467,Marketing,0.8,2022-04-28
3597,25.0,12818684.839099856,HR,12.2,2020-07-20
3598,45.0,20240583.796345774,Engineering,14.3,31/02/2020
3599,38.0,9657396.229587805,Engineering,7.4,2022-09-05
3600,32.0,16727070.908219269,Sales,4.3,2020-07-07
3601,26.0,,Marketing,10.8,2019-08-30
3602,27.0,11189332.75742951,Sales,16.7,2022-12-18
3603,55.0,27929875.87841948,Sales,6.5,2019-12-24
3604,35.0,17095253.6737673,Marketing,5.0,2020-06-24
3605,42.0,18066327.723305717,Sales,5.6,2016-11-16
3606,27.0,20688883.903343312,Marketing,19.0,2015-12-05
3607,27.0,7893250.273407264,Sales,7.2,2021-05-04
3608,45.0,23761459.54561016,Finance,0.1,2015-05-07
3609,21.0,2455214.107524622,Sales,15.6,2017-06-22
3610,,,Sales,14.0,
3611,35.0,12704841.634105498,Finance,2.6,2015-05-14
3612,36.0,17908616.82485253,Engineering,19.7,2018-01-30
3613,33.0,16093591.330707438,Marketing,12.2,31/02/2020
3614,38.0,14165926.296508033,HR,10.0,2021-01-11
3615,41.0,,Finance,7.6,2018-03-28
3616,42.0,10109884.88238716,Engineering,18.0,2016-11-19
3617,25.0,7513838.027579134,Sales,4.9,2020-02-17
3618,32.0,18632558.111680303,Engineering,5.7,2021-05-05
3619,46.0,18468530.562680926,Finance,2.4,2020-07-21
3620,43.0,22922471.87578529,Sales,15.2,2021-03-01
3621,21.0,11049914.51592396,Engineering,11.9,2020-09-23
3622,38.0,18464076.051504612,HR,12.2,2016-04-08
3623,15.0,13581466.358176341,Marketing,4.4,2021-06-03
3624,35.0,20952374.92596741,Marketing,-2.5,2016-04-12
3625,53.0,20109813.88339071,,15.3,2018-01-02
3626,25.0,16056046.996122284,,7.2,2021-02-02
3627,26.0,13302349.216670066,Sales,16.0,2019-02-11
3628,42.0,19804660.893041305,Marketing,7.0,2021-01-29
3629,19.0,18234522.61628283,Engineering,15.2,2015-06-20
3630,28.0,11577797.989569087,Sales,0.7,2023-01-23
3631,40.0,8361006.632602845,HR,11.0,
3632,28.0,13557335.496591019,HR,19.4,2021-02-15
3633,32.0,22577069.076741047,Sales,19.6,2017-06-14
3634,42.0,20732435.793665193,Sales,5.6,2019-10-08
3635,39.0,9438362.651647096,Marketing,8.8,2016-02-24
3636,37.0,9161212.920500394,Finance,1.3,2022-05-01
3637,31.0,21373419.248397432,Marketing,17.5,2017-10-10
3638,38.0,9321820.476210855,Finance,11.4,2018-05-04
3639,-5.0,17546476.61821004,HR,7.7,2015-05-13
3640,39.0,11919643.923318382,Finance,2.3,
3641,30.0,23085224.622608412,Marketing,18.9,2017-12-12
3642,33.0,11147876.004310606,Sales,10.6,2018-11-28
3643,25.0,20716807.65102914,Finance,5.7,2015-12-23
3644,34.0,15924293.270301823,Marketing,7.0,2019-12-04
3645,26.0,16260974.271171434,HR,5.4,2016-04-25
3646,23.0,5148457.093242995,Finance,12.0,2017-08-28
3647,37.0,3985433.2339714076,HR,18.6,2017-05-09
3648,37.0,13897170.29866343,HR,17.1,2021-08-05
3649,42.0,16234530.317083059,Engineering,9.2,2022-09-23
3650,30.0,9374010.861311384,Finance,16.5,2018-12-07
3651,39.0,9999999999.0,Marketing,8.5,2022-12-21
3652,40.0,17807363.149130665,Finance,5.0,2021-11-04
3653,39.0,,Finance,19.7,2022-02-04
3654,26.0,14311294.698060365,Enginering,6.1,2019-10-20
3655,,18901008.605930373,HR,6.5,2016-11-10
3656,38.0,9128988.521399267,HR,19.8,2021-11-28
3657,35.0,13220325.414565146,HR,2.7,2016-07-24
3658,14.0,23239388.028918367,Marketing,15.2,2017-04-26
3659,36.0,15341610.649699088,Sales,18.7,2017-04-27
3660,57.0,15631562.572934996,Engineering,10.2,2015-09-01
3661,31.0,26529732.9298387,HR,0.1,2021-05-24
3662,27.0,8003289.170756146,HR,7.5,2018-12-07
3663,38.0,18982151.83321055,Engineering,50.0,2020-12-20
3664,38.0,23319931.399040498,HR,8.3,2018-02-25
3665,46.0,13375710.36750727,Sales,15.8,2021-09-10
3666,22.0,19298153.93427423,Finance,8.8,2021-01-15
3667,42.0,10089902.513945475,Engineering,8.6,2016-11-20
3668,,11566338.022163242,Marketing,11.1,2018-08-18
3669,33.0,16924832.08023817,Engineering,11.6,2022-11-23
3670,38.0,18992833.36555295,Sales,17.1,2018-04-13
3671,-5.0,20604682.562031228,Marketing,6.2,2018-03-31
3672,43.0,22848142.934697464,Finance,16.4,2021-06-03
3673,,14662767.20722409,HR,11.3,2017-12-31
3674,43.0,20968058.77586294,Engineering,6.0,2020-10-08
3675,34.0,13288475.782754255,Marketing,5.9,2022-08-14
3676,35.0,19510456.55794134,Engineering,7.2,2016-01-26
3677,35.0,,Finance,12.5,
3678,33.0,17228389.53540962,Engineering,-2.5,2019-08-13
3679,46.0,17117539.370110188,Marketing,18.4,
3680,34.0,6976474.951010939,Sales,11.5,2018-02-09
3681,23.0,9379390.705696132,Marketing,18.4,2022-05-10
3682,31.0,-1000000.0,Engineering,0.9,2016-06-03
3683,36.0,6563604.601794157,Finance,6.9,2022-11-13
3684,47.0,19156055.51599878,HR,0.5,2016-06-27
3685,41.0,19357779.83144071,HR,5.4,2017-10-19
3686,26.0,16635852.76438895,Finance,17.2,2016-08-22
3687,59.0,9394329.93621039,Engineering,0.7,2022-12-23
3688,37.0,21900694.694342576,Finance,8.7,2018-08-12
3689,47.0,25186053.19859179,Engineering,2.4,2017-10-10
3690,33.0,15735384.13722987,Marketing,8.3,2022-08-01
3691,40.0,17552676.89225618,Sales,16.8,2019-05-28
3692,43.0,16008693.273980219,Engineering,50.0,
3693,47.0,17651845.944993995,HR,14.7,2016-08-05
3694,45.0,14402206.21686802,HR,50.0,2021-06-23
3695,43.0,14827178.800780984,Sales,18.9,2022-02-03
3696,31.0,,Engineering,14.2,2018-01-05
3697,29.0,26728120.809482202,Sales,8.4,2022-01-15
3698,38.0,7999643.827991306,Marketing,8.5,
3699,44.0,14480937.577985166,Sales,18.4,2019-03-17
3700,32.0,9097697.57383959,Marketing,11.5,2020-01-26
3701,45.0,22960124.49288042,HR,14.1,2015-11-06
3702,49.0,12061310.153400507,Marketing,8.3,2022-02-08
3703,25.0,7783996.03107103,Engineering,4.5,2016-01-17
3704,26.0,18190934.994242866,Engineering,14.5,2019-07-09
3705,33.0,23721555.573715556,Engineering,12.2,
3706,38.0,18317989.342803814,Engineering,10.0,2018-02-13
3707,29.0,16023989.386409586,Finance,12.5,2022-10-16
3708,,17045704.61387997,Marketing,4.2,2020-99-99
3709,39.0,22074203.314127773,Engineering,15.9,2020-02-06
3710,35.0,,Sales,19.0,2020-06-22
3711,20.0,14440764.479568435,,17.8,2018-09-02
3712,,12736549.257452333,Finance,6.4,2021-07-11
3713,37.0,9160673.463541448,Marketing,8.1,2015-01-11
3714,13.0,13358123.702915989,Marketing,16.2,2016-01-17
3715,45.0,20538605.479912244,12345,11.9,2023-03-13
3716,33.0,17833010.74196363,Finance,11.0,2020-02-21
3717,67.0,18221552.500541,Marketing,18.5,2022-02-13
3718,58.0,15732378.058266591,Marketing,10.7,31/02/2020
3719,33.0,17616618.913642943,Engineering,10.3,2022-10-27
3720,,10997048.288259473,Marketing,0.8,
3721,,13452450.570363853,Engineering,1.4,2015-09-17
3722,52.0,15960021.184843384,Engineering,0.1,2020-12-29
3723,18.0,16387579.29440945,Marketing,18.3,2019-06-18
3724,17.0,16600939.274609365,Sales,8.2,
3725,28.0,9999999999.0,HR,9.4,2019-10-26
3726,40.0,13112882.99434835,Sales,16.9,2017-05-17
3727,39.0,,Marketing,12.2,2020-07-19
3728,45.0,19533936.36466199,N/A,12.2,2018-01-04
3729,23.0,,Sales,5.9,2018-08-15
3730,,13833957.50896803,Marketing,16.7,2018-03-07
3731,43.0,,Engineering,3.3,2018-10-15
3732,26.0,14345997.031365221,Finance,1.1,2021-02-19
3733,14.0,16464144.217933416,,3.8,2021-06-25
3734,36.0,5597822.279684594,Marketing,5.4,31/02/2020
3735,42.0,,Sales,5.6,2021-05-07
3736,33.0,11815588.055305213,Engineering,13.4,2020-06-10
3737,30.0,16035697.183892842,Sales,4.4,2018-11-08
3738,33.0,13803634.264240744,Sales,13.5,2022-08-27
3739,31.0,,Marketing,1.8,2015-07-18
3740,,7588016.065021156,12345,2.9,
3741,27.0,11243272.65198315,Marketing,10.2,2016-02-12
3742,40.0,,Marketing,18.4,2022-01-08
3743,38.0,15655596.623375734,Marketing,17.2,2020-02-26
3744,36.0,19424212.914005794,Marketing,19.4,2015-03-08
3745,25.0,25256234.716347314,Finance,13.0,2016-05-23
3746,33.0,11530977.910490887,HR,13.5,2016-10-09
3747,13.0,14503428.311039839,Engineering,12.5,
3748,36.0,13637865.495345643,Finance,12.5,2020-02-13
3749,,5227034.977583623,HR,2.9,2015-01-03
3750,20.0,13448015.981220154,HR,10.9,2019-10-19
3751,29.0,19405310.936903328,HR,7.7,2017-04-08
3752,,17702947.709061205,Finance,8.9,2022-09-21
3753,47.0,18095415.84694005,Engineering,10.5,2016-06-24
3754,30.0,13122455.096802503,Sales,2.6,2022-04-16
3755,-5.0,11719513.819971792,HR,7.2,2018-05-21
3756,15.0,21346278.359493103,Sales,1.3,2016-10-13
3757,,12513414.268211652,Sales,19.6,2018-01-27
3758,55.0,16470410.19396607,Marketing,2.4,2016-01-18
3759,37.0,15816673.403387692,Sales,5.2,2022-05-05
3760,,22308585.081285592,Marketing,17.8,2019-01-16
3761,38.0,19857061.7883618,Engineering,9.7,2017-10-22
3762,34.0,8523706.896664396,Engineering,2.7,2015-12-04
3763,-5.0,9062234.166124798,Marketing,7.7,2019-03-04
3764,43.0,17894549.09034567,Engineering,2.3,2022-06-14
3765,37.0,14678311.763104167,HR,4.0,2022-04-11
3766,35.0,12724141.08023118,Engineering,1.0,
3767,25.0,20078139.419972353,Marketing,8.8,2015-08-01
3768,,15937296.910444554,HR,16.1,2019-06-12
3769,41.0,9999999999.0,Sales,11.7,2022-01-06
3770,29.0,18899143.20377525,Sales,12.1,2018-06-05
3771,-5.0,13124455.025282178,Sales,4.0,2023-02-21
3772,30.0,22842594.92736277,Marketing,6.9,2022-11-04
3773,27.0,11059761.88383496,Sales,16.9,2017-08-17
3774,27.0,18284645.33171044,Engineering,1.8,2019-10-25
3775,17.0,22169164.193299223,Sales,17.2,2022-05-08
3776,39.0,-1000000.0,Finance,9.7,2016-01-09
3777,,13283324.120737754,Finance,16.7,2022-11-22
3778,22.0,20711036.964427788,Sales,6.4,2016-01-25
3779,14.0,20786222.738655128,Sales,6.8,2015-01-05
3780,34.0,14142521.998058803,Finance,15.0,2017-05-24
3781,33.0,11326644.531615702,Sales,15.7,2020-05-07
3782,-5.0,19779679.111653812,HR,4.6,2015-11-16
3783,24.0,20917745.512908023,Finance,19.5,2016-06-27
3784,,9176683.257438026,Marketing,1.7,2021-08-28
3785,39.0,8980431.755168099,Finance,1.4,2017-07-15
3786,29.0,16126283.409917997,Engineering,11.9,2020-10-28
3787,38.0,18146803.16714446,HR,14.5,2022-08-17
3788,26.0,13504654.573849726,Marketing,19.2,2019-12-28
3789,36.0,18396469.099911746,Sales,8.1,2015-02-08
3790,48.0,11449316.96581309,Engineering,0.5,2015-02-03
3791,40.0,4426532.004631322,Engineering,12.1,2022-10-20
3792,30.0,12880494.63833702,HR,5.8,2018-11-08
3793,37.0,15316160.732565505,Marketing,8.7,2016-05-08
3794,32.0,13620800.200517718,Engineering,-2.5,2019-09-26
3795,35.0,9206983.681702573,N/A,1.3,2022-10-13
3796,31.0,5921755.120605912,Marketing,9.7,
3797,33.0,12429555.978160512,Engineering,8.5,2020-05-10
3798,37.0,19488278.858248718,Marketing,14.3,2015-10-18
3799,25.0,21280987.19706841,HR,12.9,2017-07-26
3800,24.0,20938566.920692276,Engineering,3.7,2019-04-19
3801,21.0,10920452.324257236,HR,4.1,2016-01-01
3802,18.0,9231468.381848179,HR,5.0,2023-03-13
3803,22.0,17483173.074899476,,3.6,2016-02-24
3804,36.0,18175500.057989627,Marketing,13.1,2016-02-27
3805,26.0,17000848.02600249,Engineering,19.9,2018-07-07
3806,40.0,4929683.628811182,Sales,13.0,2019-02-14
3807,35.0,10665577.075582666,,12.1,2018-05-10
3808,15.0,14851556.048570108,HR,8.2,2016-07-15
3809,41.0,17436090.973152135,Marketing,6.3,2019-04-17
3810,43.0,18836536.813012432,HR,18.2,2016-06-29
3811,25.0,15721267.6114102,Finance,19.4,2022-03-12
3812,39.0,16653919.03269118,Finance,9.9,2022-08-05
3813,26.0,15424327.29180552,HR,5.8,2016-08-08
3814,35.0,18428096.871092416,Sales,15.4,2015-10-08
3815,22.0,16564328.257454555,Sales,2.6,2020-12-12
3816,17.0,15328688.300236437,Enginering,15.3,2021-04-26
3817,31.0,13658156.004313096,Engineering,16.4,2015-02-04
3818,33.0,15406457.125212405,Engineering,2.5,2021-11-04
3819,31.0,17422956.894196376,Marketing,19.5,2022-04-16
3820,23.0,9999999999.0,Sales,19.7,2016-11-03
3821,31.0,16904132.09172627,HR,18.7,Unknown
3822,37.0,21713609.306755926,Enginering,9.9,2018-12-09
3823,34.0,16325819.613732938,Sales,4.9,2023-02-07
3824,36.0,,Sales,11.6,
3825,28.0,19418033.929970846,Sales,8.4,2022-01-16
3826,46.0,8169008.311655412,Engineering,4.1,2016-09-12
3827,23.0,9592933.096303564,Marketing,8.5,2019-08-14
3828,39.0,16679236.323600346,HR,13.3,2021-11-28
3829,46.0,17581983.338932894,Engineering,1.4,2022-09-13
3830,39.0,8774743.882480025,Marketing,6.7,2019-12-18
3831,32.0,13085912.59506625,Sales,0.4,2017-06-08
3832,29.0,11969580.838901706,Marketing,15.0,2015-12-22
3833,,12566618.385592017,Engineering,12.8,2016-02-16
3834,20.0,19717988.88136473,Sales,1.3,2016-07-27
3835,25.0,18532527.317736264,Engineering,19.3,2016-05-19
3836,31.0,14904389.100731462,HR,0.5,2021-08-11
3837,47.0,12270190.364425361,Sales,11.8,2023-03-10
3838,38.0,8251751.648899297,Marketing,15.5,2019-04-22
3839,25.0,22100924.693909742,Engineering,15.8,2018-12-10
3840,31.0,17960569.501424592,Finance,0.7,2019-10-25
3841,28.0,11466654.479634298,Marketing,18.1,2018-07-12
3842,27.0,18597997.488124456,Marketing,18.4,2016-07-26
3843,,14648881.897126872,Sales,11.2,2017-10-11
3844,21.0,13564452.475688286,Marketing,9.6,2018-02-08
3845,51.0,17176057.641448013,Engineering,0.9,2022-03-25
3846,43.0,11292508.750436375,Finance,11.2,2015-12-12
3847,45.0,13281217.40244945,HR,8.2,2017-10-13
3848,30.0,15607305.32099773,Finance,15.5,2021-03-16
3849,33.0,12502744.035573933,Engineering,8.1,2021-09-27
3850,20.0,18345426.05133762,Sales,13.7,2021-09-23
3851,29.0,24345332.518391304,Engineering,2.0,2023-02-01
3852,39.0,11228509.336964287,Marketing,2.7,2021-10-24
3853,47.0,6674373.518479778,Sales,2.8,2018-03-13
3854,23.0,4991299.162618691,HR,0.9,2022-09-29
3855,31.0,14247659.292525088,HR,10.8,2015-04-20
3856,33.0,11684177.049369086,Engineering,15.9,2022-05-20
3857,-5.0,16039302.505335404,Marketing,12.2,2018-05-20
3858,40.0,15662988.360130506,HR,11.5,31/02/2020
3859,27.0,6983915.766929519,Finance,13.6,2020-10-21
3860,,5925580.852592969,Sales,6.8,2021-10-21
3861,30.0,16479666.201730477,Finance,7.2,2020-09-18
3862,27.0,15677144.173599785,HR,-2.5,2017-02-11
3863,999.0,12870910.008167244,HR,14.2,2019-05-24
3864,,,Engineering,3.2,2018-04-25
3865,31.0,9999999999.0,Engineering,0.3,2022-03-31
3866,27.0,21359497.727119718,Sales,11.9,2015-08-12
3867,,16389912.20109461,Engineering,18.8,2017-09-07
3868,51.0,10762630.547174677,Marketing,12.2,2020-07-20
3869,36.0,15222760.827855757,Sales,15.7,2019-04-30
3870,44.0,8169429.595331576,Marketing,13.5,2016-04-06
3871,21.0,20289803.569193963,Engineering,9.9,2017-09-14
3872,36.0,15409221.672647694,Sales,14.4,2020-08-08
3873,24.0,6159215.44123384,HR,16.5,2022-02-26
3874,20.0,13496628.197781587,Finance,4.5,2021-08-29
3875,27.0,17316507.551171154,HR,6.7,2015-10-18
3876,46.0,13334761.895122388,Marketing,4.5,2020-12-03
3877,999.0,13620521.392799132,HR,9.0,2015-02-19
3878,37.0,8877988.964763641,HR,17.7,2019-01-19
3879,19.0,9999999999.0,Finance,6.9,
3880,33.0,11757653.999904312,N/A,7.5,
3881,38.0,4217773.114974836,HR,17.2,2019-05-04
3882,36.0,13143713.14664803,Finance,10.3,2021-05-17
3883,16.0,19905748.577851765,HR,10.7,2019-09-20
3884,-5.0,13065352.767000264,Sales,17.2,
3885,34.0,23689924.9256176,HR,9.8,2020-99-99
3886,40.0,17144839.742742587,Engineering,13.6,2022-08-29
3887,13.0,16693790.811401831,Finance,1.7,2016-12-08
3888,33.0,14358008.670411956,Finance,3.6,2020-04-13
3889,36.0,14658568.961178547,Marketing,8.1,2015-10-26
3890,43.0,13682881.82440248,Marketing,9.9,2015-03-10
3891,41.0,13488653.039587367,Engineering,19.3,2021-08-02
3892,40.0,17654335.810335744,Finance,19.4,2015-10-04
3893,,10320843.851047173,Finance,17.0,2015-02-26
3894,15.0,9620530.8563787,Marketing,6.3,2017-12-09
3895,31.0,9384024.745623112,Marketing,19.3,
3896,45.0,25228272.73838577,HR,13.8,
3897,-5.0,17651714.508352898,Finance,7.9,
3898,42.0,16522461.008400723,Finance,14.0,2019-06-19
3899,39.0,-1000000.0,HR,0.3,2020-09-06
3900,38.0,18116711.503374144,Finance,2.9,2018-03-19
3901,,14417143.267733356,Engineering,16.6,2022-01-18
3902,33.0,16070844.705658749,Marketing,12.9,2022-12-28
3903,51.0,10116898.42068222,Marketing,7.3,2020-08-14
3904,25.0,15801344.287087884,Marketing,10.0,2019-08-29
3905,51.0,12880832.308967585,Sales,18.1,2019-10-01
3906,31.0,11171944.21484906,Engineering,12.6,2022-11-14
3907,,18670531.679036245,Engineering,8.0,2019-07-06
3908,20.0,7311460.957349988,HR,2.4,2015-12-04
3909,999.0,17823881.321570754,Sales,5.9,2022-03-08
3910,27.0,18422430.66776498,Finance,19.6,2021-01-06
3911,20.0,10601781.622243796,Engineering,8.7,2021-01-11
3912,37.0,10898357.694337662,Sales,9.4,2021-11-28
3913,45.0,13884871.59366799,Sales,50.0,2016-09-17
3914,26.0,16410181.052311104,Engineering,17.7,2018-02-10
3915,20.0,14235725.040928872,HR,12.1,2015-12-09
3916,34.0,17167812.300959397,Sales,13.9,2018-06-23
3917,,23814898.262686998,Marketing,7.8,2015-11-20
3918,40.0,12461416.15425143,Sales,0.6,2020-09-25
3919,44.0,-1000000.0,Finance,18.6,2017-04-12
3920,34.0,19129617.915153265,Engineering,-2.5,2016-09-28
3921,53.0,23416572.879637647,Finance,19.0,2021-01-06
3922,37.0,16963841.815255623,HR,18.9,2018-08-31
3923,31.0,9561256.62323166,,16.3,2019-05-20
3924,18.0,14380538.183823995,Engineering,13.7,2021-07-30
3925,32.0,9407382.578941839,Sales,16.9,2022-02-11
3926,31.0,18214277.46981474,Marketing,12.0,2022-04-15
3927,44.0,8243547.986507827,Sales,2.7,2022-08-21
3928,39.0,13499356.065859,HR,7.8,2022-03-19
3929,23.0,9978310.868530467,Engineering,19.4,2015-09-28
3930,36.0,15634123.42567481,HR,7.0,2018-06-24
3931,41.0,13168291.61431121,HR,17.4,2022-11-01
3932,50.0,15883810.51625132,HR,1.9,2019-11-27
3933,43.0,15111752.774831828,HR,6.7,2023-03-09
3934,42.0,10066704.861379448,Sales,7.0,2017-09-04
3935,35.0,18134385.31764511,Finance,1.0,2015-08-26
3936,38.0,14756171.740784423,Sales,2.4,2017-09-28
3937,47.0,10057354.960670497,Marketing,3.9,2015-12-20
3938,21.0,26204632.781028964,HR,16.8,2019-11-15
3939,31.0,17382150.833585624,Marketing,1.3,2016-04-20
3940,27.0,9999999999.0,Sales,6.0,2020-02-01
3941,38.0,22076022.633509118,HR,0.2,
3942,47.0,24209078.046933036,Sales,13.9,2021-10-29
3943,29.0,14273252.888430573,HR,12.4,2015-08-14
3944,11.0,16736987.43217381,Sales,50.0,2018-06-20
3945,30.0,10059985.909985296,Engineering,7.5,2022-06-21
3946,,14264036.246159943,Finance,4.2,2022-05-19
3947,40.0,14004687.23120065,Finance,14.4,2016-12-20
3948,39.0,15924135.16810827,HR,16.2,2016-05-04
3949,32.0,16663802.393185051,Engineering,2.8,2015-02-21
3950,22.0,17799142.2441403,Marketing,9.7,2022-12-09
3951,40.0,16188213.281499796,Engineering,5.0,2016-07-16
3952,26.0,-1000000.0,HR,3.4,2022-11-13
3953,56.0,10307664.471294574,Engineering,-2.5,2015-02-16
3954,40.0,12267961.902681636,Marketing,10.8,2016-11-02
3955,29.0,,HR,4.3,2020-07-26
3956,28.0,20253871.452360567,Finance,6.2,2018-11-21
3957,34.0,9185305.065735435,Engineering,19.3,2020-11-12
3958,32.0,13212924.7591465,Finance,17.0,2020-10-19
3959,46.0,19765047.49107025,Finance,17.6,2023-01-31
3960,36.0,13500612.627516938,Sales,9.2,2017-11-27
3961,27.0,17302078.24921412,Marketing,12.5,2016-11-14
3962,53.0,14302289.785360482,Engineering,7.5,2019-03-04
3963,35.0,16283916.286623614,Finance,1.6,2016-06-03
3964,42.0,13857637.280952297,Finance,8.0,2018-01-05
3965,28.0,18335327.36364177,Enginering,11.9,2016-04-28
3966,38.0,7274717.962967824,Finance,5.7,2015-05-01
3967,38.0,13183439.958057275,Finance,17.0,2018-10-04
3968,16.0,16482863.383471541,,3.0,2019-10-25
3969,55.0,17668476.240030967,Finance,7.3,2018-01-19
3970,47.0,22464763.113769136,Sales,2.5,
3971,31.0,13044876.665672118,Sales,8.1,
3972,23.0,22397408.809304364,HR,0.8,2017-12-13
3973,38.0,11704880.866701648,Engineering,5.5,2022-12-27
3974,35.0,21643232.057723217,Marketing,8.0,2021-06-19
3975,38.0,19087335.633491863,HR,9.6,2022-01-14
3976,,10432707.101838887,Sales,10.9,2015-11-12
3977,40.0,16535196.18625911,Sales,5.5,2020-07-25
3978,49.0,-1000000.0,Sales,10.5,2020-02-08
3979,40.0,18127922.968375,HR,10.2,2020-09-23
3980,24.0,13883642.057833452,Sales,6.3,2019-01-15
3981,48.0,13463768.871691342,HR,16.6,2015-08-16
3982,51.0,21845472.913814258,Sales,10.9,2020-08-08
3983,66.0,14506395.527721636,Finance,6.6,2021-05-10
3984,23.0,19132111.62095883,Finance,18.9,2016-11-14
3985,37.0,13873242.574779,Engineering,16.9,2019-02-15
3986,14.0,9999999999.0,Sales,19.7,2016-10-06
3987,40.0,11608326.853322532,Engineering,13.8,2017-11-10
3988,29.0,11929282.343764076,Enginering,7.6,2016-02-26
3989,54.0,,Engineering,5.6,2021-06-08
3990,27.0,12775268.045523737,Sales,13.3,2022-07-24
3991,18.0,23005371.530821964,HR,19.6,2023-02-08
3992,30.0,19459202.897974063,HR,12.5,2016-04-17
3993,,14226751.467195833,Finance,17.6,2017-07-24
3994,42.0,5933532.639914207,,6.6,2020-09-15
3995,14.0,14903408.47864082,HR,8.1,2015-01-11
3996,35.0,,Engineering,18.1,2015-06-30
3997,14.0,20836088.666521866,HR,15.1,2015-02-20
3998,31.0,22942235.88120056,Marketing,19.6,2020-99-99
3999,51.0,11575064.104281262,Finance,15.5,2015-07-08
4000,38.0,19005908.819940913,Finance,9.0,2020-04-16
4001,26.0,18827010.780066747,HR,10.6,2019-01-30
4002,34.0,20367063.512052227,Engineering,18.0,2019-04-18
4003,35.0,17493449.560677722,Finance,11.0,2016-09-06
4004,39.0,5287511.54519115,Finance,5.1,2017-01-03
4005,21.0,14222887.837361202,Marketing,8.7,2015-05-25
4006,40.0,9221462.125415424,HR,10.3,2021-03-14
4007,7.0,13986971.13540963,Finance,1.9,2023-01-03
4008,28.0,19900021.18066947,,14.9,2022-05-09
4009,30.0,16525754.179374862,Finance,2.2,2019-09-14
4010,41.0,20740454.331987165,Finance,8.1,2017-07-08
4011,35.0,16708769.603567697,Engineering,16.1,2018-08-11
4012,20.0,8508370.301655486,Sales,9.4,2017-10-13
4013,25.0,2395764.967136327,Marketing,16.8,
4014,36.0,15744043.808397952,Engineering,6.8,2023-01-29
4015,34.0,13930367.668244174,Marketing,19.2,2018-08-03
4016,,10115271.30309059,Finance,4.2,2018-01-16
4017,30.0,6496863.75174311,Marketing,0.8,2015-11-16
4018,41.0,11326283.932636455,HR,17.4,2021-05-30
4019,29.0,14027542.575676119,HR,15.0,2019-03-08
4020,34.0,18329389.11853195,Enginering,4.6,2016-05-04
4021,,15943155.4078399,Sales,19.7,2020-08-18
4022,20.0,23040336.235863645,,10.0,2022-07-20
4023,16.0,9821979.719773028,Engineering,19.0,
4024,42.0,19405294.46028717,Engineering,10.1,2017-01-04
4025,,15236493.715643639,Finance,9.4,2017-07-03
4026,31.0,18473345.620592922,Engineering,9.0,2020-10-13
4027,27.0,12817425.683672283,Sales,6.7,2015-07-08
4028,32.0,20358401.86945295,Engineering,10.7,2019-07-01
4029,50.0,16476123.791726213,Finance,9.1,
4030,43.0,11602775.075411253,HR,0.7,2020-03-20
4031,43.0,14939879.85543406,Engineering,5.2,2018-03-02
4032,20.0,13802220.705314502,Engineering,4.3,2018-06-26
4033,23.0,,Sales,17.3,2018-09-02
4034,6.0,,Marketing,12.0,
4035,26.0,14853241.489421528,HR,15.3,2021-03-15
4036,44.0,,Marketing,19.1,
4037,40.0,15165116.535965167,Finance,12.9,2015-02-02
4038,32.0,21734706.22194498,Finance,19.7,2019-02-20
4039,34.0,18870113.870355263,Marketing,6.2,2017-04-01
4040,28.0,14962596.016296268,Sales,3.7,2018-04-09
4041,37.0,16083445.487488367,Sales,8.1,2021-04-28
4042,42.0,16478327.757409997,Sales,9.4,2018-05-29
4043,18.0,17016498.02083412,HR,17.9,2021-12-25
4044,37.0,5871710.0216769595,Finance,11.2,
4045,44.0,13492368.521153264,Finance,5.8,2020-03-15
4046,30.0,7577804.659032868,Finance,-2.5,2019-02-17
4047,-5.0,21391404.73729743,HR,10.1,2021-08-20
4048,63.0,14695752.399985362,Finance,3.2,2020-07-13
4049,33.0,14033295.251601886,Enginering,11.5,2017-03-11
4050,38.0,19483986.660166174,Engineering,18.2,
4051,27.0,17111623.987249374,HR,16.9,31/02/2020
4052,36.0,9356827.428103965,Engineering,11.7,2017-10-01
4053,39.0,14645473.187363155,Marketing,7.5,2016-09-08
4054,36.0,13324165.133868076,Sales,1.7,2015-01-27
4055,24.0,6277335.55696973,Sales,9.4,2019-08-07
4056,37.0,11548618.833813976,Sales,15.0,2015-04-08
4057,,14082298.389917672,HR,7.2,2017-08-12
4058,39.0,,Sales,4.7,2021-01-27
4059,44.0,7588842.881613457,HR,18.6,2018-11-19
4060,32.0,,HR,16.4,2022-02-17
4061,42.0,14489484.705542805,Engineering,12.8,2022-10-11
4062,37.0,15187765.383302815,Sales,2.7,2015-02-09
4063,25.0,17003208.191699184,Finance,2.9,2018-10-04
4064,38.0,11059618.730481643,Sales,2.1,2015-01-06
4065,25.0,17281779.86566348,,12.3,2022-05-16
4066,28.0,13164626.769909086,Sales,2.3,2019-03-22
4067,36.0,10517072.296764042,Finance,16.9,2023-02-26
4068,37.0,17867237.466776993,Finance,19.9,2018-06-13
4069,23.0,22458369.294009037,HR,7.3,2016-03-01
4070,45.0,18624146.86742916,Finance,9.1,2017-04-20
4071,40.0,19614887.825702153,HR,14.2,2020-12-10
4072,27.0,12396846.967188505,Engineering,18.7,2017-09-02
4073,19.0,7011901.354157718,HR,17.9,2019-09-16
4074,33.0,22450687.610499207,Sales,1.2,2020-07-08
4075,30.0,25272574.4470238,Marketing,3.4,2015-09-03
4076,36.0,22714033.86884841,Marketing,15.1,2016-08-06
4077,31.0,13321070.305101251,Sales,13.8,2022-12-24
4078,14.0,9226828.306355778,HR,50.0,2018-02-20
4079,31.0,9671586.510902166,Sales,10.0,31/02/2020
4080,31.0,9999999999.0,Finance,15.6,2015-06-29
4081,41.0,14463106.907949774,HR,4.4,2017-08-06
4082,28.0,23028389.790412273,Sales,17.4,31/02/2020
4083,51.0,14291686.840638783,Finance,1.1,2019-08-19
4084,15.0,16511614.501741374,Finance,15.6,2022-11-10
4085,48.0,21877984.821521044,HR,12.3,2019-03-06
4086,32.0,12979523.440838002,Engineering,6.3,
4087,43.0,25177657.283597976,,14.4,2015-12-14
4088,35.0,24960472.03748727,Finance,15.6,2020-99-99
4089,,14344443.306597587,Engineering,18.7,2016-01-27
4090,31.0,12112328.679903936,Finance,7.4,2020-09-01
4091,24.0,18486190.231951565,Engineering,13.7,2016-06-30
4092,49.0,13262375.28740571,Finance,12.1,2022-02-23
4093,33.0,9217223.914663319,Finance,10.5,2019-06-04
4094,37.0,21406193.2676149,N/A,17.8,2015-11-03
4095,47.0,21082236.9363854,Finance,0.1,31/02/2020
4096,24.0,15777558.018817805,Marketing,5.6,2021-05-14
4097,40.0,8685676.231359111,Engineering,10.8,2015-09-13
4098,29.0,8852368.74391307,Finance,3.6,2019-11-17
4099,33.0,15536146.442095764,Sales,18.2,2022-06-06
4100,35.0,12500644.82747484,HR,13.0,2016-06-19
4101,19.0,13294535.33929196,Sales,50.0,2017-08-27
4102,27.0,20109815.77530002,Sales,16.3,31/02/2020
4103,48.0,18665896.587112788,Marketing,9.0,2017-12-05
4104,43.0,21890713.402488064,Engineering,11.2,2018-07-14
4105,-5.0,10046883.883113712,Marketing,0.1,2019-05-29
4106,37.0,13284042.156566441,Engineering,7.3,2022-11-10
4107,32.0,,Finance,2.8,2018-08-29
4108,,17240391.70506446,Marketing,13.8,2018-07-26
4109,32.0,22661901.91293811,HR,9.6,2020-01-29
4110,37.0,17102683.529520348,Engineering,6.0,2018-01-18
4111,46.0,24240545.52052776,Marketing,9.4,2017-08-14
4112,27.0,17700089.008615702,HR,4.2,2015-11-02
4113,50.0,20310837.2379433,12345,18.5,2017-04-10
4114,19.0,13382425.266077714,Finance,1.1,2016-07-11
4115,51.0,15071436.059419945,Finance,17.3,2020-99-99
4116,31.0,19554722.019197375,Sales,10.2,2016-03-22
4117,32.0,23064890.852965273,Marketing,12.4,2016-09-28
4118,16.0,18646184.746553764,Sales,6.1,2016-03-08
4119,30.0,14584141.140326902,HR,19.3,2016-11-04
4120,24.0,21886675.14764171,Engineering,5.6,2020-01-16
4121,28.0,4040106.7186005954,Marketing,11.8,2020-03-23
4122,,7888827.492465632,Engineering,19.9,2018-07-10
4123,44.0,18408171.118341945,Sales,17.6,
4124,37.0,15070541.781265624,Finance,10.7,2016-05-09
4125,38.0,18027568.255620826,Engineering,-2.5,2021-01-04
4126,24.0,15322037.61215971,Engineering,14.0,2019-01-07
4127,26.0,17854728.47301936,Finance,4.2,2017-04-30
4128,52.0,10927985.895034047,Engineering,8.1,2020-01-26
4129,27.0,17852430.430398453,Engineering,6.7,2018-06-16
4130,51.0,19972072.641037922,Finance,6.9,2020-03-12
4131,32.0,21102753.019656163,Finance,15.2,Unknown
4132,35.0,25067771.473243497,Sales,11.7,2016-05-06
4133,45.0,16220492.217511933,Sales,0.8,2016-01-06
4134,,16369555.434235895,Engineering,17.5,2016-10-07
4135,33.0,7384137.679130761,Marketing,5.9,2022-09-11
4136,31.0,12342942.994307876,Sales,-2.5,2018-05-31
4137,34.0,14034589.629966937,Sales,19.1,2022-11-26
4138,38.0,20251597.761381775,Marketing,18.8,2022-10-25
4139,43.0,11944994.379551854,Marketing,16.2,2021-10-07
4140,35.0,18981700.09874416,Finance,4.4,2015-06-15
4141,,14991891.415183099,Sales,10.7,
4142,51.0,14114159.42442619,HR,4.5,2018-09-04
4143,38.0,16244469.845666282,HR,5.2,2016-08-30
4144,38.0,13044218.138735788,Engineering,12.2,2016-01-09
4145,19.0,12854813.759536672,Sales,0.8,2022-12-22
4146,8.0,6476070.471049428,HR,19.4,2017-10-13
4147,38.0,13760228.963360552,Sales,-2.5,2018-12-28
4148,34.0,12600159.269256368,Sales,7.6,2019-06-12
4149,29.0,12420095.053254602,Enginering,10.3,2020-10-04
4150,37.0,17084365.3129502,Sales,9.3,2015-07-20
4151,34.0,18293159.76395255,Marketing,17.6,2022-08-05
4152,,16160972.523211638,Engineering,13.8,2018-05-09
4153,35.0,19977075.952247374,Finance,5.6,2017-12-01
4154,27.0,17877809.629151825,HR,8.9,2016-12-13
4155,44.0,13524719.05097179,Finance,8.6,2015-05-08
4156,32.0,12685718.571428102,Engineering,19.2,2019-07-15
4157,40.0,16564111.183834232,Marketing,3.5,2020-01-27
4158,30.0,17868835.549509503,Marketing,1.8,2021-03-27
4159,999.0,21989221.53515749,Marketing,17.6,2021-03-03
4160,35.0,20955865.22470048,Marketing,17.9,2017-10-20
4161,35.0,12292634.967464155,HR,17.4,2016-01-23
4162,39.0,14489968.599363692,HR,10.2,2020-99-99
4163,32.0,18355089.02458885,Enginering,13.2,2016-02-22
4164,16.0,20339988.89029486,Sales,11.3,2016-07-26
4165,999.0,19694847.34352396,Engineering,1.4,2016-05-12
4166,42.0,14680610.835843267,Sales,11.9,2015-02-18
4167,32.0,8729886.737857416,Engineering,0.3,2015-09-10
4168,32.0,10005318.118772045,Engineering,6.5,2017-06-29
4169,44.0,16363167.571597071,Engineering,18.6,2016-06-19
4170,27.0,16711127.897121727,Marketing,6.1,2017-03-22
4171,19.0,9506603.132828075,Finance,18.8,2019-06-29
4172,33.0,15222848.054446358,,5.0,2019-03-05
4173,30.0,18156121.784858916,HR,6.3,2022-09-12
4174,25.0,9243866.71246428,Engineering,12.6,2022-01-25
4175,33.0,,Marketing,15.2,2022-03-25
4176,39.0,13112344.257200874,Sales,10.0,2015-12-11
4177,34.0,21288065.562883254,Sales,17.6,2021-07-13
4178,38.0,12332737.771120498,HR,0.8,2021-07-28
4179,53.0,9866872.585579105,HR,18.4,2017-11-26
4180,31.0,12709315.050791401,Engineering,-2.5,2015-11-04
4181,37.0,14524259.384613398,Engineering,17.7,2015-03-31
4182,29.0,,Sales,8.0,2015-09-22
4183,26.0,13919992.892134434,Sales,16.7,2017-03-20
4184,29.0,16669825.748380952,Sales,13.4,2022-03-30
4185,30.0,,Sales,3.5,2019-12-22
4186,38.0,14669438.030239966,Finance,18.4,2016-06-11
4187,58.0,6453868.00398702,Engineering,4.9,2016-01-12
4188,-5.0,16958490.080052365,,4.9,2018-09-20
4189,30.0,14553983.51154166,Sales,16.3,2016-05-16
4190,-5.0,23051464.902414355,Marketing,2.1,2015-06-24
4191,38.0,10302174.163730208,,4.4,2020-03-03
4192,37.0,5958523.357502427,HR,10.1,2015-07-27
4193,47.0,18090342.46965021,Marketing,16.6,2016-11-19
4194,,16732635.091565002,HR,2.9,2021-06-08
4195,,9957834.89734427,Marketing,11.0,2019-11-10
4196,30.0,7351255.224979542,HR,14.2,2023-02-15
4197,45.0,22686983.65342145,Sales,17.2,2019-06-06
4198,19.0,22070551.95303391,Sales,18.7,2020-07-25
4199,-5.0,,Marketing,15.7,
4200,40.0,12708884.853717495,HR,13.1,
4201,37.0,23320960.273919497,Finance,8.7,2022-08-30
4202,24.0,12619687.211110666,Marketing,2.2,2019-10-14
4203,25.0,12546938.829866737,Marketing,14.2,2016-12-08
4204,25.0,13586203.361853158,Engineering,19.9,2018-12-20
4205,36.0,9395515.131159203,Marketing,14.7,2017-05-29
4206,28.0,6476121.278859779,Finance,0.3,2017-02-05
4207,39.0,20262736.553673744,Sales,9.9,2018-01-31
4208,6.0,5785315.468761621,HR,12.3,2018-02-20
4209,26.0,16236357.260543779,Engineering,13.8,2020-01-01
4210,23.0,19432897.46378825,HR,14.4,2016-08-31
4211,32.0,7743868.505494208,Sales,11.2,2015-05-22
4212,29.0,10378657.987024643,Marketing,4.5,2021-11-20
4213,42.0,21065895.94195795,Enginering,18.8,2021-12-11
4214,16.0,17664458.601135198,Engineering,13.9,2021-12-02
4215,35.0,11913571.465605564,Finance,4.7,2017-10-03
4216,40.0,21011245.016805857,Finance,6.4,2022-04-05
4217,999.0,21032678.617271513,Finance,18.4,2018-04-23
4218,30.0,16345263.465078536,Finance,17.7,2020-08-05
4219,38.0,10499198.860631686,N/A,8.1,2019-08-15
4220,16.0,12932756.482641023,Finance,0.8,2021-03-05
4221,11.0,16431933.71977695,Finance,1.0,2020-05-16
4222,43.0,14057025.854262559,Sales,5.7,
4223,34.0,19694785.891174257,HR,12.6,2015-12-26
4224,46.0,7351129.599453319,Sales,11.7,2018-02-19
4225,21.0,7528682.354668806,Marketing,12.7,2019-04-18
4226,40.0,15904355.557412162,Sales,14.3,Unknown
4227,53.0,12542277.930965478,HR,0.4,2019-09-14
4228,39.0,11864756.926511295,Marketing,2.1,2017-03-27
4229,37.0,6159716.404128013,Marketing,7.2,2022-03-17
4230,35.0,15097729.223990908,Engineering,3.1,2020-11-23
4231,19.0,14736224.459996171,Finance,1.5,2017-10-17
4232,48.0,18267394.909758702,Marketing,12.8,2022-01-27
4233,28.0,15344530.66560486,Marketing,16.3,2021-02-04
4234,40.0,14336979.608797517,HR,15.1,2015-03-21
4235,19.0,20885003.183951687,Marketing,16.3,2019-04-16
4236,23.0,8437663.482757252,HR,13.3,2022-12-31
4237,49.0,17681946.09423788,Finance,14.7,2019-01-10
4238,31.0,6644264.176023256,Engineering,5.4,2020-05-18
4239,49.0,10808190.599995961,Engineering,19.9,
4240,34.0,8936714.336883431,Enginering,3.7,2020-06-08
4241,999.0,18909712.67725959,Finance,4.3,31/02/2020
4242,43.0,9999999999.0,Sales,5.8,2021-05-05
4243,,14932483.777035117,,19.5,2020-08-19
4244,41.0,9466335.061352745,Marketing,19.8,2018-08-10
4245,35.0,13501532.520335555,Marketing,15.9,
4246,19.0,11182673.483454442,HR,12.6,2018-01-12
4247,36.0,16917275.07427108,Sales,10.4,2017-01-06
4248,,10044544.323341932,Marketing,19.4,
4249,39.0,21648971.82602538,HR,13.9,2018-07-30
4250,34.0,9999999999.0,HR,18.9,31/02/2020
4251,45.0,10967400.837717194,Engineering,6.3,
4252,37.0,,HR,6.7,2015-05-01
4253,37.0,,Finance,17.1,
4254,24.0,8425606.67797794,HR,3.0,2015-08-28
4255,37.0,16095357.812688343,Finance,18.9,2020-04-16
4256,45.0,12623038.788927289,Finance,10.1,2020-12-08
4257,,10820648.72190847,Engineering,18.5,2019-01-04
4258,49.0,9520645.946006414,N/A,6.7,2021-07-20
4259,34.0,28841868.028129715,HR,14.3,2017-08-11
4260,26.0,13742240.499079319,Engineering,9.7,
4261,44.0,5372163.198335614,,-2.5,2016-02-15
4262,32.0,22468548.79502767,,10.1,2017-10-12
4263,42.0,18055354.525552854,HR,19.3,2022-05-14
4264,32.0,11167667.84490106,HR,13.8,2017-09-14
4265,34.0,10334404.556569291,HR,5.0,2017-12-27
4266,39.0,18367363.980791155,Engineering,-2.5,2020-12-25
4267,37.0,13765408.362552727,Engineering,5.9,2015-08-18
4268,15.0,5370110.907774493,Finance,7.4,2017-06-17
4269,23.0,-1000000.0,Sales,2.0,2021-06-16
4270,999.0,12830047.688920215,Sales,18.0,2019-05-10
4271,33.0,22477858.682412133,Sales,5.7,2018-12-24
4272,29.0,21392174.789828576,Marketing,5.2,2016-12-12
4273,21.0,-1000000.0,Engineering,18.4,2016-12-22
4274,999.0,20165949.32181574,Finance,16.1,2017-08-26
4275,,11742787.250681594,Finance,2.8,2021-08-23
4276,999.0,5666497.065980291,Sales,15.4,2018-07-26
4277,29.0,12877009.169889288,Marketing,18.3,2022-10-28
4278,25.0,16988187.508881394,Marketing,1.6,31/02/2020
4279,34.0,12686316.760018311,Sales,16.5,2021-08-20
4280,38.0,13464758.295374492,Sales,10.9,2015-04-26
4281,55.0,20717830.224643067,Engineering,13.4,2022-11-21
4282,19.0,15532469.901450459,,9.9,2022-11-09
4283,46.0,10783508.443575237,Finance,14.0,2018-12-11
4284,44.0,18510151.618336633,Enginering,0.7,
4285,27.0,,Engineering,15.3,2021-04-27
4286,37.0,2391975.9926897846,Finance,50.0,2016-08-05
4287,30.0,17141764.568857245,Marketing,9.1,2021-04-25
4288,36.0,16959143.538580507,Sales,3.0,2017-02-10
4289,50.0,15100605.6479043,Sales,16.5,2020-07-09
4290,41.0,19458502.905347876,Engineering,6.3,2021-01-29
4291,40.0,11638032.078367488,Engineering,9.1,2018-06-19
4292,30.0,16682498.944104504,N/A,8.6,2016-12-20
4293,,7165203.144163236,Sales,15.5,2020-07-01
4294,32.0,17035451.91699416,Engineering,9.6,2015-06-05
4295,47.0,24765298.47769948,Sales,15.8,2016-01-05
4296,19.0,10025718.237662295,Marketing,1.5,2015-08-19
4297,24.0,11200989.340061124,Enginering,3.8,
4298,36.0,11449922.785542239,Finance,11.0,2021-09-30
4299,25.0,,Sales,18.9,2017-06-15
4300,-5.0,9684818.63573141,HR,1.5,2015-03-23
4301,999.0,17106236.893454902,HR,0.9,2020-11-26
4302,21.0,19234199.727345824,Marketing,3.1,2020-05-11
4303,25.0,17671736.067268923,Marketing,12.8,2015-01-03
4304,,6157922.871809637,Marketing,8.0,2018-09-20
4305,21.0,19975838.32579303,,16.5,2021-11-20
4306,19.0,19686837.0712684,Finance,1.4,2017-04-05
4307,28.0,19150806.86173152,Sales,3.9,2016-06-18
4308,42.0,16864211.243279126,Engineering,6.0,2018-10-27
4309,33.0,16100946.571025664,HR,12.5,2023-01-15
4310,30.0,20161946.990631983,HR,13.7,Unknown
4311,,24617567.43801727,HR,2.5,2018-08-18
4312,17.0,10234797.68317575,Sales,18.9,2015-09-01
4313,39.0,20390626.978973858,,6.8,2015-03-31
4314,38.0,14568914.509962736,Marketing,14.3,2016-08-28
4315,30.0,-1000000.0,Engineering,10.5,2021-07-30
4316,45.0,7317346.548089808,Marketing,4.5,2022-11-26
4317,23.0,13576052.952423025,Sales,16.9,2016-08-03
4318,46.0,10013675.210157923,Finance,16.4,2016-03-30
4319,36.0,12680727.852470271,Marketing,7.9,2020-11-25
4320,31.0,,Sales,11.8,2019-02-03
4321,34.0,12755458.063434968,,5.2,2015-10-25
4322,33.0,12969448.214882985,Finance,13.8,2019-03-11
4323,47.0,15483774.592194002,Finance,6.2,2022-11-25
4324,24.0,6926250.688543345,Finance,16.9,2022-06-05
4325,27.0,7772409.261273383,Engineering,4.3,2019-06-09
4326,45.0,16809571.353652634,Sales,0.3,2021-07-28
4327,29.0,11012809.414649505,Finance,5.4,2016-02-18
4328,44.0,20372648.951149657,Engineering,3.8,2018-10-10
4329,51.0,16126348.610075234,,10.2,2018-05-21
4330,30.0,18033810.751032036,HR,4.1,2018-08-14
4331,41.0,22053461.602104474,HR,15.3,2016-07-12
4332,-5.0,13451445.940967137,Sales,4.8,2016-10-07
4333,42.0,12127566.472918622,Engineering,14.1,2023-03-19
4334,,19358512.927994065,Engineering,11.6,2019-11-25
4335,-5.0,17547567.81964843,HR,19.7,2022-03-03
4336,28.0,14063348.450893495,Marketing,20.0,2020-99-99
4337,18.0,21957289.83477971,HR,17.4,2022-04-13
4338,40.0,13938778.450800348,Sales,15.2,31/02/2020
4339,,15163868.187778907,HR,7.7,2016-12-14
4340,31.0,15106113.254171291,HR,15.1,2022-12-06
4341,44.0,10327030.525507644,Engineering,19.1,2021-04-20
4342,36.0,15387926.947431955,HR,0.5,2022-10-11
4343,54.0,21983800.886992455,Finance,50.0,2021-11-18
4344,45.0,17224841.57688088,Finance,4.4,2019-01-01
4345,28.0,15155317.131994657,Marketing,11.2,2017-07-03
4346,35.0,14191163.594171654,Sales,9.3,2022-06-19
4347,34.0,16654335.142031755,Enginering,11.5,2021-08-09
4348,19.0,18748833.142445926,Engineering,11.0,2016-12-19
4349,25.0,18046194.154448766,Sales,19.2,2019-03-30
4350,29.0,13340675.690890104,Marketing,11.0,2018-06-10
4351,14.0,16623907.970550572,Finance,16.9,2022-09-21
4352,35.0,17399698.705741394,Engineering,6.4,
4353,32.0,9964025.062365107,Finance,8.8,2016-06-05
4354,18.0,15841152.705918472,Marketing,9.4,2016-12-28
4355,39.0,4193480.56848819,Engineering,5.6,2023-03-05
4356,42.0,17412668.549105924,HR,7.6,2015-01-08
4357,37.0,18301715.27281341,Sales,12.0,2022-11-15
4358,-5.0,18737730.628932297,Enginering,11.6,2021-06-04
4359,40.0,13024765.739152163,Engineering,12.7,2019-05-23
4360,41.0,16545234.175120175,Finance,7.0,2021-05-13
4361,,22119769.227705836,Engineering,6.3,2015-05-13
4362,26.0,22068848.241456293,HR,12.2,
4363,37.0,14854136.503867198,Marketing,2.7,
4364,46.0,15696598.153647799,Engineering,5.1,2018-07-27
4365,29.0,20554555.723672166,Marketing,-2.5,2021-11-09
4366,55.0,7495989.923689126,Marketing,1.5,2017-06-23
4367,29.0,13384621.286614876,Finance,4.9,2022-03-04
4368,35.0,21677852.277683783,Sales,0.4,2021-05-05
4369,28.0,19876002.70842383,HR,4.9,2016-03-02
4370,,16846318.888249524,Engineering,13.1,2020-07-25
4371,17.0,7470837.973346897,Sales,1.2,2016-07-30
4372,29.0,14750448.83479419,Finance,8.7,2018-09-18
4373,24.0,12050423.018750334,Sales,18.3,2015-11-15
4374,,16655194.514086068,Enginering,15.8,
4375,44.0,,Marketing,6.1,2018-11-21
4376,41.0,9871383.025126964,HR,18.5,2018-08-01
4377,11.0,4675673.611581791,Engineering,6.6,2016-11-18
4378,55.0,21109023.424883507,Engineering,1.5,2022-02-18
4379,37.0,13001147.442784712,Finance,19.9,2015-12-30
4380,27.0,15785728.918512672,N/A,17.4,2022-12-13
4381,36.0,14988809.417629095,Engineering,9.3,2022-07-07
4382,36.0,9662830.335197503,Enginering,13.3,
4383,28.0,8704675.442759033,HR,13.4,2023-03-07
4384,36.0,9973424.370013822,Sales,3.9,2018-10-07
4385,28.0,11384157.805853035,HR,4.0,
4386,30.0,16833031.235069025,HR,9.4,2015-02-16
4387,28.0,11021411.682396943,Engineering,18.2,2017-12-22
4388,20.0,23732453.15797311,Finance,0.2,2017-05-08
4389,36.0,20135755.179465756,Finance,15.7,2017-10-19
4390,40.0,9999999999.0,Engineering,1.2,2022-10-10
4391,40.0,14401705.487634249,Engineering,9.6,2015-10-05
4392,43.0,22571403.67860242,Engineering,12.8,2018-12-06
4393,38.0,13909971.84439438,Finance,13.7,2017-11-17
4394,,14843692.92922877,Engineering,1.2,2016-03-18
4395,43.0,15849872.698746348,Sales,8.4,2023-01-29
4396,21.0,,Sales,11.7,2015-01-06
4397,25.0,18184540.395014927,Marketing,1.3,2015-07-17
4398,,12624373.607776985,Sales,2.7,2019-04-30
4399,45.0,12335031.40287023,HR,13.3,2019-11-30
4400,44.0,18199514.78576042,Marketing,10.4,2023-03-20
4401,39.0,18576182.91945616,Sales,3.2,2019-09-15
4402,45.0,13033244.375885636,HR,10.7,2016-11-12
4403,26.0,7064059.65160773,Sales,18.3,2019-08-23
4404,38.0,13963419.519958777,HR,0.3,2020-07-12
4405,33.0,18117628.994129293,Engineering,12.9,2019-04-01
4406,43.0,24027084.232098904,,1.5,
4407,33.0,9010210.18829669,Engineering,0.1,2021-02-14
4408,31.0,12867143.735847132,HR,3.0,2019-03-18
4409,40.0,13052982.192373117,HR,8.5,2016-02-20
4410,43.0,21779026.697157506,Sales,16.0,31/02/2020
4411,28.0,14825292.497706836,Enginering,5.6,2021-06-25
4412,34.0,10463367.203138672,Enginering,12.5,2022-04-20
4413,24.0,17793476.414609097,HR,8.2,2022-09-15
4414,10.0,12976807.399795268,Finance,4.7,2017-07-12
4415,37.0,8878063.633210227,Marketing,10.3,31/02/2020
4416,,10536133.463619247,Sales,15.9,2020-01-23
4417,37.0,23670209.772113096,Sales,16.6,2015-10-29
4418,15.0,16921046.10824731,Engineering,16.9,2015-05-17
4419,31.0,15538800.277262716,N/A,6.8,Unknown
4420,12.0,13750531.32093977,Engineering,15.9,2015-03-24
4421,48.0,,Finance,4.2,2018-07-29
4422,24.0,16401179.73001247,Finance,14.8,2017-12-05
4423,47.0,,HR,19.0,2016-03-04
4424,44.0,15574225.451388765,Engineering,0.3,2015-10-31
4425,25.0,19343991.691527747,Marketing,8.8,2018-11-01
4426,23.0,15115521.730003655,Finance,13.0,2016-11-27
4427,38.0,10110305.822236806,Finance,14.0,2019-03-18
4428,26.0,11937885.54549566,Sales,3.5,2016-10-21
4429,,5104906.5325514395,HR,19.4,2023-03-18
4430,30.0,25134085.58021196,Marketing,12.3,2015-11-04
4431,17.0,19313772.959763434,Finance,3.3,2021-02-18
4432,12.0,10849647.524353815,Sales,0.4,2016-01-17
4433,37.0,,Engineering,15.7,2018-10-16
4434,29.0,11815617.628967833,Finance,1.6,2021-08-30
4435,29.0,22712736.056870587,Sales,2.8,2021-11-18
4436,41.0,7900614.178645356,Engineering,11.5,2020-05-31
4437,46.0,15572380.294093896,,12.1,2022-11-25
4438,32.0,14457360.787175762,Engineering,13.7,2015-05-07
4439,-5.0,19134193.153545573,Finance,7.9,2019-11-02
4440,40.0,14479953.861376526,Marketing,15.5,2022-05-01
4441,21.0,6208955.616722824,Engineering,19.5,2016-11-06
4442,37.0,13744410.826787796,Marketing,5.4,2021-10-23
4443,40.0,10139188.910283376,Marketing,14.1,2019-11-14
4444,,15397897.732782803,Engineering,18.6,Unknown
4445,15.0,22170885.18260163,HR,13.7,2015-08-08
4446,27.0,6302873.778838608,Engineering,13.6,2016-02-19
4447,26.0,10998886.323000481,Sales,4.5,2018-09-18
4448,35.0,12236535.231082514,Marketing,10.7,2017-04-21
4449,39.0,13091844.522933943,Finance,11.3,2017-02-17
4450,49.0,18700628.32052622,Marketing,14.0,2019-08-04
4451,30.0,14132277.912193062,Finance,19.9,2022-10-26
4452,30.0,17079013.628602225,Sales,0.7,2021-03-19
4453,46.0,11871134.781341119,Sales,1.3,2023-02-05
4454,37.0,16149621.727089688,Sales,1.6,2023-03-09
4455,-5.0,18888988.154388573,Engineering,14.9,2021-01-21
4456,37.0,11338502.251314558,Marketing,2.7,2017-12-22
4457,23.0,18906790.599032573,Finance,12.4,2022-05-29
4458,21.0,15261863.843637843,Sales,6.5,2018-02-27
4459,19.0,20227301.202411264,Sales,9.1,2018-05-03
4460,41.0,13992900.499615133,Finance,4.3,2017-08-30
4461,46.0,16906223.275810495,Marketing,17.3,2016-01-28
4462,53.0,14796968.84160735,Marketing,11.7,2015-07-23
4463,,14518938.689797105,Finance,-2.5,2019-05-29
4464,46.0,16294652.141128449,HR,11.5,2021-05-30
4465,29.0,17684037.34612452,Enginering,2.5,2021-03-01
4466,23.0,8752175.440379974,Finance,3.4,2020-07-03
4467,,22168168.044089388,Finance,19.8,2016-09-21
4468,39.0,5701684.797251008,Sales,14.5,2015-08-12
4469,36.0,11575939.45130552,Finance,1.0,2019-01-17
4470,38.0,14528654.646175496,Engineering,14.1,2015-01-16
4471,,17061779.84542974,Sales,8.2,2019-10-18
4472,47.0,22880862.638706893,Sales,6.1,2015-12-25
4473,47.0,5708542.558874464,Marketing,3.1,2018-04-21
4474,40.0,12461529.358051447,HR,16.8,2022-06-04
4475,43.0,4365832.561003674,Marketing,1.3,2022-01-04
4476,40.0,15158109.86955124,Engineering,5.8,
4477,30.0,16358417.922500154,Sales,6.1,2020-05-21
4478,42.0,22953978.710856263,Sales,3.2,2017-03-28
4479,21.0,15603173.80446727,Finance,10.2,2016-02-02
4480,45.0,20220125.647211898,N/A,0.2,2015-04-16
4481,23.0,17919185.407695293,HR,6.0,2017-04-27
4482,37.0,12823759.014974158,,18.7,2016-11-30
4483,26.0,7955196.266039804,Engineering,6.2,2022-02-27
4484,40.0,16375011.491459053,HR,7.2,2018-04-10
4485,34.0,7539489.914273181,Sales,9.5,2015-12-02
4486,19.0,21476035.36334822,Engineering,11.2,2020-04-23
4487,39.0,14189689.48981588,Marketing,16.2,2016-04-18
4488,29.0,20975887.057557084,Marketing,3.8,2018-06-17
4489,43.0,12598927.829338003,Engineering,17.4,2019-06-17
4490,,16344253.93200496,Sales,15.2,2020-99-99
4491,38.0,16046744.286673443,Marketing,14.5,2020-06-26
4492,25.0,14774779.40994538,Sales,1.7,2022-05-31
4493,29.0,12836702.43301704,Finance,0.4,2017-12-21
4494,30.0,16962280.092352603,N/A,11.9,
4495,43.0,10369183.682583958,Engineering,17.3,2022-03-14
4496,51.0,8952823.355204705,HR,11.7,2021-02-06
4497,26.0,21214134.46663414,Finance,4.3,2019-05-07
4498,45.0,18635839.944460504,Marketing,1.8,2017-01-27
4499,13.0,15329458.0430112,Sales,14.0,2019-02-28
4500,23.0,23325711.912718907,Sales,14.4,2019-04-12
4501,25.0,13661172.406375775,Finance,3.5,2019-02-22
4502,21.0,21613516.099944897,Engineering,0.6,2017-02-03
4503,999.0,-1000000.0,HR,-2.5,2019-12-31
4504,39.0,9876246.24961805,Marketing,11.7,2015-07-02
4505,32.0,24240200.95885425,Engineering,14.1,2017-12-14
4506,38.0,19953554.233120427,Finance,16.2,2019-12-07
4507,41.0,14394894.84495218,Finance,12.2,2020-03-19
4508,37.0,18635856.297669746,Sales,2.2,2017-12-14
4509,41.0,12981482.830010466,Marketing,13.7,2017-07-15
4510,34.0,19145745.17529771,Engineering,19.7,2018-01-05
4511,,3044607.173580203,Sales,18.1,2021-04-30
4512,45.0,9900993.331527032,Marketing,50.0,2015-09-10
4513,29.0,19896298.721434813,HR,6.0,
4514,25.0,13751722.308905404,Enginering,15.0,2022-10-23
4515,,16037711.47444371,Sales,17.0,
4516,25.0,8266071.689422827,Engineering,13.6,2020-99-99
4517,30.0,24239334.978510514,Marketing,5.0,2015-12-18
4518,38.0,20952648.218588382,HR,19.1,2022-06-29
4519,38.0,13996573.908123352,12345,9.0,2018-11-09
4520,26.0,12976520.715683369,Engineering,2.6,2021-01-26
4521,30.0,20148021.807098463,Sales,2.2,2019-08-23
4522,45.0,24912352.25084464,Finance,13.0,31/02/2020
4523,39.0,19768801.27905677,Marketing,8.8,2017-07-20
4524,55.0,25859013.33698301,HR,1.9,2021-03-17
4525,46.0,10388243.35469041,Finance,14.8,2015-09-07
4526,46.0,10903065.847506046,Engineering,16.0,2019-05-05
4527,21.0,9055294.409733256,Sales,14.5,2020-11-10
4528,42.0,17208803.248247396,,4.0,2019-09-11
4529,34.0,15878017.74902185,Engineering,13.8,2021-01-02
4530,29.0,14240244.382640071,Sales,0.2,2022-09-15
4531,36.0,19046293.14061649,Engineering,6.1,2020-04-28
4532,44.0,21161643.02607332,HR,8.0,
4533,40.0,7371687.953565789,HR,16.7,2017-08-23
4534,26.0,12015139.860494424,Finance,7.8,2020-05-04
4535,42.0,19100717.970615298,Engineering,0.2,2018-05-09
4536,28.0,9999999999.0,HR,7.0,2015-11-20
4537,37.0,11008969.61820923,Sales,10.0,2019-06-06
4538,31.0,20092687.138251975,Finance,19.0,2023-01-04
4539,32.0,8552499.6513801,Marketing,-2.5,2015-05-23
4540,42.0,13492100.961044475,12345,3.6,2020-08-18
4541,24.0,16643220.129024044,HR,3.7,2021-05-28
4542,54.0,12130900.430449406,Sales,3.3,2020-10-17
4543,16.0,18915778.280065876,Engineering,15.8,2021-05-29
4544,29.0,12155615.124013156,Sales,0.1,2022-08-07
4545,38.0,22043097.467229597,Finance,2.5,2021-12-15
4546,40.0,14371268.512521137,HR,10.8,2016-08-26
4547,33.0,18356350.68352677,HR,5.0,2016-05-07
4548,34.0,9999999999.0,Finance,1.8,2020-01-14
4549,39.0,11862299.986279637,Sales,7.2,2016-12-09
4550,32.0,,Engineering,5.5,2016-11-15
4551,48.0,16803778.773319174,Sales,10.2,2017-05-17
4552,43.0,15361441.735624347,Engineering,19.6,2017-02-28
4553,43.0,17779130.137875635,Finance,2.5,2016-05-31
4554,25.0,13867362.63808581,Marketing,7.5,2015-06-24
4555,34.0,12847861.505996421,Engineering,18.6,2019-10-01
4556,,25042365.0549085,HR,17.5,2015-11-17
4557,24.0,7638229.692446112,HR,7.9,2022-08-30
4558,38.0,18669752.39182119,HR,14.0,2019-11-19
4559,29.0,12126990.709083045,Sales,1.8,2017-04-07
4560,41.0,13321106.91129789,Sales,14.3,2020-99-99
4561,24.0,13414485.837130172,Sales,19.5,2016-08-28
4562,52.0,10982828.629143715,HR,10.7,2021-09-03
4563,26.0,17856121.051181197,Engineering,10.0,2017-11-22
4564,,21953217.979749784,HR,3.7,2018-08-02
4565,42.0,17350068.30623331,Engineering,12.7,2023-02-26
4566,29.0,15516909.981060475,Sales,11.8,2015-10-02
4567,,10067797.504503768,Marketing,13.0,2015-12-23
4568,22.0,,Sales,0.5,2019-05-09
4569,,25781748.158646494,Finance,11.0,2021-03-28
4570,35.0,13096526.881024538,Engineering,-2.5,2019-06-16
4571,29.0,13120082.103240669,Marketing,4.2,2021-03-11
4572,32.0,12194554.345095012,Sales,4.2,2018-08-28
4573,43.0,12552928.827527897,Marketing,5.5,2018-02-05
4574,29.0,,HR,14.2,2020-10-29
4575,27.0,,Engineering,12.1,2020-02-20
4576,-5.0,10772239.11822693,Finance,16.9,2015-02-20
4577,23.0,6948684.406040999,HR,5.9,2022-11-08
4578,53.0,18765949.748662744,Marketing,18.2,2021-12-27
4579,999.0,9589911.07479032,,14.9,2021-08-03
4580,43.0,13306654.730581213,Engineering,7.9,2020-11-10
4581,37.0,22332211.9559429,Finance,1.9,2019-09-15
4582,25.0,7953921.009877433,Sales,5.1,2016-04-05
4583,34.0,7337008.82701119,Finance,19.1,2019-08-25
4584,42.0,16346530.947811691,Engineering,6.2,2016-09-04
4585,33.0,20747436.82005184,Marketing,6.6,2016-08-30
4586,46.0,7128291.411340185,Finance,3.8,2021-05-09
4587,,17038448.684185885,Engineering,16.1,
4588,44.0,9999999999.0,,5.5,2021-07-14
4589,30.0,4704197.581538398,N/A,6.6,2016-02-15
4590,,18992506.689536102,Finance,8.3,2016-03-08
4591,28.0,19383029.399210896,Sales,8.7,2021-04-23
4592,36.0,13441072.133719876,Sales,8.2,2016-02-18
4593,40.0,21261731.81149004,Engineering,10.1,2018-03-17
4594,13.0,20682277.871624224,HR,16.3,2021-01-02
4595,34.0,15515589.628586024,Finance,16.4,2018-11-09
4596,-5.0,12742773.04837533,Marketing,16.0,2019-08-11
4597,32.0,10135860.537085215,Sales,2.0,2017-12-17
4598,47.0,14812182.453169044,HR,16.0,2019-04-18
4599,39.0,17848794.598520894,Sales,2.4,2022-05-06
4600,48.0,13379115.694796793,HR,2.5,2020-06-11
4601,32.0,4012494.9736898504,HR,19.0,2021-06-01
4602,44.0,21343569.472882852,Marketing,16.4,2021-10-30
4603,51.0,15951116.109224468,HR,11.0,2020-04-21
4604,48.0,13101877.51661583,Marketing,17.5,2015-06-03
4605,24.0,19285791.942116443,Engineering,19.8,2016-12-06
4606,,22623192.98241378,Sales,12.2,31/02/2020
4607,31.0,990442.1525605414,Marketing,12.3,2019-07-09
4608,39.0,17171318.249610357,Sales,15.1,2016-08-12
4609,41.0,7866753.945948264,Finance,4.6,2021-12-07
4610,-5.0,17495552.533994704,Engineering,3.3,2021-10-29
4611,35.0,15639636.011872897,Finance,15.2,2022-08-20
4612,14.0,18178632.63220275,Finance,6.9,2022-10-12
4613,49.0,12503761.927526724,HR,2.7,2019-07-04
4614,29.0,5633799.440904241,HR,6.3,2015-06-08
4615,35.0,12748159.04371666,Finance,7.2,2019-06-10
4616,31.0,,HR,-2.5,2018-09-19
4617,46.0,20076961.643376116,Sales,14.0,2022-09-29
4618,6.0,9140843.497637374,HR,10.6,2017-08-31
4619,34.0,20135302.13436509,Finance,19.4,2015-07-21
4620,33.0,11760638.551767394,HR,18.1,2020-04-30
4621,30.0,16812249.407972634,HR,10.2,2018-01-05
4622,52.0,-1000000.0,Marketing,18.1,2019-03-06
4623,26.0,15910853.138560507,Marketing,50.0,2015-03-24
4624,42.0,19459388.172851373,Finance,4.6,2018-10-15
4625,38.0,9999999999.0,Sales,4.7,2018-05-26
4626,47.0,11600470.516265843,Engineering,13.2,2018-06-27
4627,28.0,15924812.936710432,Engineering,10.0,
4628,27.0,27007918.30515176,Finance,13.2,2020-07-06
4629,45.0,10684051.43916586,Sales,13.7,2022-10-22
4630,,25200669.429984592,N/A,0.4,2022-09-06
4631,19.0,25022116.518375855,Sales,1.1,2016-02-07
4632,999.0,14513444.246492045,Marketing,10.7,
4633,38.0,13509237.369000498,Finance,3.8,2016-07-04
4634,43.0,11539674.006676542,Engineering,12.7,2018-05-15
4635,28.0,,Sales,11.0,2019-12-20
4636,5.0,7966402.83720221,Finance,11.7,2018-08-07
4637,40.0,14618804.913397012,Engineering,6.0,2018-01-08
4638,22.0,22484401.36925428,Marketing,12.8,2023-03-05
4639,14.0,11944574.687616412,HR,16.6,2019-09-04
4640,,13796378.480054745,Engineering,20.0,2021-10-13
4641,43.0,6494297.628663791,Engineering,16.8,2022-03-29
4642,36.0,16870310.440655217,Engineering,11.1,2016-01-01
4643,32.0,16322408.42475687,HR,3.9,2017-02-08
4644,48.0,15318511.798828855,Sales,13.6,2019-12-15
4645,41.0,13915864.748889282,HR,18.8,2017-05-15
4646,,13536210.406137727,Engineering,4.2,2019-07-26
4647,21.0,17509501.16850336,Marketing,5.1,2020-99-99
4648,,14855916.992056884,Engineering,3.0,2020-10-16
4649,,16574859.35777666,Marketing,14.7,2019-03-12
4650,32.0,16074914.087272739,Finance,8.1,2015-08-19
4651,32.0,20617136.43547881,Marketing,1.3,2020-10-11
4652,41.0,,Engineering,17.5,2016-10-13
4653,35.0,15964309.215750953,HR,11.2,2015-09-26
4654,41.0,22592110.153260898,Engineering,6.6,2018-06-28
4655,42.0,17101342.64528281,Engineering,6.9,2022-12-16
4656,56.0,21524813.443952095,Finance,5.8,2020-09-06
4657,31.0,18034713.04193319,Sales,9.1,2019-07-11
4658,25.0,5790404.605342286,Engineering,6.7,2016-07-09
4659,37.0,21524173.81659665,Finance,11.0,2020-11-17
4660,26.0,15675881.206713345,HR,15.5,2021-05-18
4661,49.0,14740226.14549611,Finance,-2.5,2015-04-29
4662,32.0,16406741.737447886,Finance,5.9,2016-12-12
4663,29.0,13275084.190214664,Marketing,10.6,2017-02-28
4664,30.0,16135144.301944727,Sales,16.8,2017-04-02
4665,42.0,12040619.668284537,Sales,1.4,2015-08-25
4666,33.0,21371361.29367185,HR,1.6,2017-10-18
4667,28.0,14432059.43189475,Finance,11.1,2015-05-16
4668,51.0,13087080.786387833,HR,12.8,2020-02-13
4669,26.0,10375370.921403632,HR,4.2,2015-07-27
4670,35.0,16343878.945743207,Sales,14.9,
4671,41.0,15935535.50062546,Sales,12.9,2022-11-26
4672,18.0,16942123.06838753,Sales,18.5,2017-03-26
4673,39.0,9863740.562474355,Engineering,3.4,2018-01-27
4674,24.0,6994094.005942135,12345,15.0,2019-02-17
4675,43.0,18127956.5125328,HR,1.7,2020-03-16
4676,25.0,22423209.30938254,Finance,11.3,2020-08-30
4677,41.0,9868231.888050519,HR,11.0,2019-06-14
4678,46.0,22947206.41780849,HR,7.8,
4679,43.0,16419555.293681905,HR,16.9,2016-05-22
4680,37.0,14964685.477245852,HR,0.1,2022-08-22
4681,32.0,13012256.517271109,Marketing,10.4,2015-05-06
4682,29.0,8077409.902875016,Marketing,4.3,2017-09-17
4683,49.0,19938642.579623,Engineering,-2.5,2019-03-06
4684,28.0,11121968.192811985,Sales,0.9,2020-06-25
4685,24.0,11100966.621311998,HR,16.6,2021-08-30
4686,41.0,19959631.549434774,Finance,16.8,2020-01-02
4687,27.0,5585082.766641367,Marketing,50.0,Unknown
4688,25.0,7382010.946659166,Sales,3.1,2020-04-27
4689,20.0,14909328.78245959,Engineering,12.6,2021-07-31
4690,30.0,16466422.14502426,Sales,0.3,2021-03-08
4691,34.0,17423673.23984462,HR,17.0,2018-12-03
4692,37.0,,Sales,14.5,2018-11-11
4693,44.0,27651848.343208447,HR,10.6,2016-10-31
4694,999.0,13860537.206170829,Marketing,14.6,2017-11-25
4695,33.0,13846069.239486389,12345,1.9,2022-09-22
4696,33.0,11015066.655930612,HR,10.6,
4697,,15619534.082605354,Finance,5.8,2018-03-13
4698,47.0,18074806.160233874,Marketing,19.5,2015-04-23
4699,36.0,21017890.2726673,Finance,17.1,2019-05-03
4700,30.0,7553578.67779891,HR,14.7,2015-07-23
4701,25.0,13770023.308221497,HR,18.7,2016-10-29
4702,20.0,17233518.054045722,Marketing,6.9,2021-06-01
4703,41.0,17935287.67297268,Finance,18.0,2017-05-27
4704,40.0,15032743.289022697,HR,6.5,Unknown
4705,40.0,17712119.847660508,Marketing,14.7,2022-04-05
4706,33.0,,HR,14.7,
4707,49.0,22789527.161591783,Sales,0.4,2022-08-07
4708,30.0,19963140.514897145,Sales,7.2,2017-04-26
4709,44.0,8275361.064674138,Marketing,0.4,2018-01-07
4710,,9624484.759416223,HR,19.9,2022-04-22
4711,28.0,9765391.24946547,Marketing,2.4,2019-08-05
4712,40.0,18389849.854482643,Engineering,10.9,2020-10-03
4713,39.0,8576361.167912664,Marketing,15.8,2015-03-24
4714,38.0,13344878.328959597,Marketing,4.0,2022-08-26
4715,35.0,17273521.982083872,Sales,9.7,2015-02-06
4716,34.0,14669170.327267826,Sales,12.1,2020-04-25
4717,58.0,16294437.57856353,HR,3.2,2016-06-25
4718,46.0,9670986.443256209,Marketing,15.6,2022-04-05
4719,42.0,17974271.866986223,Marketing,6.0,2016-12-10
4720,36.0,11933940.537620017,HR,4.2,2021-09-28
4721,45.0,13376901.628010293,Finance,11.2,2015-02-04
4722,40.0,16188658.63952993,HR,8.2,2017-07-05
4723,35.0,15515391.10765424,Sales,18.4,2017-10-30
4724,31.0,15119900.095077965,Sales,17.6,2021-10-27
4725,34.0,11246865.890116222,Marketing,9.7,2018-06-05
4726,3.0,13502252.94400404,Sales,7.2,2022-12-29
4727,37.0,15010917.95418518,HR,6.5,2022-12-15
4728,30.0,8124573.834164576,Marketing,5.4,2022-03-17
4729,50.0,12687335.168433106,HR,10.9,2018-02-01
4730,35.0,16938399.395164233,HR,16.1,2019-10-02
4731,23.0,8612816.980773287,Marketing,6.2,2019-03-23
4732,34.0,20782908.257971197,12345,3.8,2020-99-99
4733,24.0,21348066.312999215,Sales,9.5,2020-02-24
4734,39.0,8774247.120199572,Engineering,1.4,2017-10-29
4735,37.0,21788098.165250696,Engineering,14.0,2017-06-12
4736,999.0,14282092.056439329,Engineering,10.4,2020-03-26
4737,27.0,17092572.795785274,Sales,9.9,2018-05-22
4738,35.0,12516744.739358766,Finance,-2.5,2022-08-05
4739,21.0,19615224.13613381,HR,18.1,2020-11-02
4740,42.0,17030470.094243336,Marketing,1.8,2021-12-29
4741,40.0,10929233.717011983,Finance,17.4,31/02/2020
4742,39.0,9173990.000173558,Engineering,7.5,2021-07-22
4743,35.0,7698487.8239538865,Sales,17.6,2016-02-24
4744,39.0,15939708.882163782,Sales,14.6,2015-01-31
4745,,17862357.05889868,Marketing,2.1,2020-09-26
4746,32.0,18254828.393897206,HR,16.6,2022-06-06
4747,36.0,14410094.526963111,Finance,13.6,2019-03-13
4748,,9215017.72167818,Finance,0.6,2021-04-18
4749,26.0,11589626.009881085,Finance,2.7,2022-04-05
4750,-5.0,20761743.19480963,HR,12.7,31/02/2020
4751,46.0,12576857.176999593,HR,13.3,2021-10-30
4752,32.0,15717088.15340738,HR,14.9,2018-03-03
4753,32.0,9621747.582125563,Marketing,14.4,2018-05-07
4754,30.0,16682915.227295175,Sales,13.2,2022-09-04
4755,29.0,12711577.19160461,Engineering,15.3,2016-03-18
4756,37.0,20233563.56887882,HR,11.5,2020-05-27
4757,20.0,18867788.531034067,Sales,5.2,2015-09-19
4758,47.0,12521470.267125502,HR,18.2,2018-10-09
4759,28.0,14366679.863261683,,0.4,2018-02-06
4760,42.0,12244418.799796857,,7.3,2022-03-08
4761,22.0,7902834.017274952,Sales,14.6,2018-08-24
4762,,10712787.852263916,Marketing,8.5,2018-02-08
4763,41.0,15991086.6386041,Engineering,0.5,2017-12-05
4764,38.0,16626297.49114791,,1.3,2022-05-11
4765,25.0,15742739.517963195,Finance,13.0,2022-12-22
4766,37.0,13491334.730206821,Finance,19.3,2022-04-22
4767,23.0,19665333.028604925,Finance,11.0,2018-05-08
4768,32.0,15317709.522804687,Marketing,10.1,2017-02-10
4769,45.0,18516269.140479736,HR,6.4,2016-09-06
4770,42.0,6131124.338987406,HR,5.1,2020-10-19
4771,35.0,-4612001.2580917105,HR,0.4,2017-09-11
4772,-5.0,16418940.1391904,Marketing,5.5,2015-08-21
4773,41.0,7876171.731392553,Finance,9.0,2021-09-23
4774,35.0,13937741.48643472,HR,4.0,2019-07-14
4775,11.0,13489514.794876972,Marketing,1.7,31/02/2020
4776,42.0,22937003.012077685,,14.4,2018-08-02
4777,34.0,16999982.764718033,Sales,17.9,2022-08-20
4778,47.0,15829295.133993363,HR,18.7,2016-07-27
4779,24.0,19184955.77316837,Finance,12.4,2023-02-02
4780,3.0,16842487.934195194,Engineering,1.1,2015-04-15
4781,37.0,12711615.035057835,Enginering,14.8,2022-05-08
4782,37.0,20357379.6512728,Sales,2.2,2020-07-30
4783,18.0,9451249.360558629,Engineering,13.4,2018-04-25
4784,25.0,16616235.937667811,Marketing,15.6,2017-11-28
4785,62.0,7262151.029318444,Sales,14.5,2019-09-11
4786,31.0,16019719.287579976,HR,19.0,2019-07-16
4787,42.0,15964948.208864648,Sales,14.8,
4788,28.0,23382274.809573315,Marketing,13.9,2015-05-25
4789,14.0,7175130.532791103,HR,5.2,2021-07-16
4790,33.0,11995564.120730937,Finance,18.5,2022-12-10
4791,32.0,19113412.13287072,Sales,3.6,2021-06-01
4792,31.0,16676586.281986538,Engineering,18.1,2017-02-16
4793,33.0,15901525.256687514,HR,6.3,2018-11-06
4794,37.0,10219321.485207304,Enginering,2.6,2023-02-23
4795,33.0,12045908.259542855,Finance,16.5,2022-12-31
4796,-5.0,21225205.041116282,Sales,0.0,2017-06-29
4797,39.0,14742454.03123036,Engineering,16.6,2022-09-12
4798,,16876798.480722368,Finance,5.2,2020-12-29
4799,14.0,14424058.356117604,Sales,17.7,2022-02-27
4800,42.0,9084572.423751174,Engineering,13.8,2020-05-02
4801,40.0,19669052.130374983,Engineering,13.3,2022-07-14
4802,34.0,17516161.92266248,Marketing,7.3,2019-01-08
4803,21.0,26528184.186835945,Engineering,1.2,Unknown
4804,27.0,9922093.101747274,Sales,16.6,2018-05-14
4805,,19112864.6060024,Finance,3.4,2016-11-27
4806,19.0,8442280.169814993,Finance,7.4,
4807,27.0,15786732.838365389,Marketing,12.0,2021-04-05
4808,41.0,19882532.945315823,Sales,9.6,2017-01-11
4809,49.0,4639324.4195175655,Engineering,4.0,2018-04-18
4810,30.0,13975337.62879196,Marketing,2.8,2016-02-04
4811,42.0,12183951.329786899,HR,2.5,2020-04-12
4812,15.0,11490213.50852439,12345,17.3,2016-06-08
4813,41.0,16926063.26129677,Marketing,0.6,2017-11-25
4814,26.0,20603428.53211298,Finance,19.5,2023-02-18
4815,38.0,14333606.423854223,Marketing,4.0,2021-04-08
4816,32.0,,HR,2.2,2017-01-19
4817,48.0,15571543.76529624,Sales,11.5,2022-08-16
4818,26.0,15009017.53178207,Marketing,1.6,2018-10-06
4819,41.0,9553286.81143947,Engineering,12.0,2022-05-04
4820,32.0,20542223.008614466,Sales,50.0,2016-01-01
4821,33.0,16475976.84079418,Marketing,1.0,
4822,33.0,16974407.45001289,Marketing,16.0,2018-12-26
4823,26.0,10967451.854872089,Sales,7.9,2017-07-03
4824,34.0,12703898.010053797,Finance,3.2,2018-06-11
4825,34.0,14119329.011446107,Engineering,3.5,2019-09-19
4826,37.0,7329376.532755743,Sales,18.4,
4827,35.0,6559828.37401161,Engineering,2.2,2019-03-03
4828,42.0,11996260.346807161,Engineering,17.3,2017-12-03
4829,44.0,17612603.83221195,,10.9,31/02/2020
4830,24.0,11734313.050350295,Marketing,0.8,2018-04-19
4831,43.0,9905974.012046432,Finance,9.3,2020-03-14
4832,,10926571.733811649,Engineering,-2.5,2016-04-27
4833,40.0,12723287.884273436,Engineering,14.5,2020-04-11
4834,41.0,13230705.185899481,Marketing,9.8,2015-08-08
4835,15.0,25827607.261032782,,17.2,2022-02-11
4836,,20273103.142436594,Finance,2.4,2021-07-18
4837,30.0,20123870.56140864,Engineering,18.2,Unknown
4838,27.0,20842901.821366906,Engineering,16.9,2021-12-17
4839,48.0,10005895.653329752,Sales,14.2,31/02/2020
4840,,8888176.925063804,Marketing,16.4,2020-04-18
4841,26.0,9465648.542329717,HR,10.9,2017-03-07
4842,35.0,21672530.666689187,Marketing,13.5,2020-08-11
4843,41.0,12264041.055587545,Engineering,11.2,2016-05-05
4844,33.0,8743219.088803565,Engineering,7.1,2022-08-20
4845,46.0,12845018.998900935,Finance,11.4,2019-04-13
4846,40.0,13806972.341426862,Marketing,5.1,2020-12-10
4847,13.0,16342066.36847281,HR,8.8,
4848,29.0,16254755.103560215,Finance,5.6,2019-08-20
4849,29.0,10859097.180632459,HR,2.5,Unknown
4850,39.0,18428281.962568555,Finance,6.4,2016-09-09
4851,8.0,,Marketing,17.0,2016-07-16
4852,60.0,14218618.316474784,Engineering,7.6,2017-03-31
4853,,18433870.352516774,HR,15.0,2018-11-04
4854,36.0,11790892.980278293,Marketing,3.5,2019-08-04
4855,46.0,12153242.882094312,HR,8.5,Unknown
4856,58.0,17958340.248465654,Marketing,2.3,2020-02-18
4857,43.0,10711334.116974901,Finance,2.8,2016-08-09
4858,44.0,13076039.881979646,Marketing,12.3,2018-07-19
4859,999.0,17778710.89021446,Finance,12.1,2023-01-10
4860,33.0,25270462.207179874,Engineering,4.3,2017-01-08
4861,30.0,18027022.523813732,Finance,50.0,2015-11-28
4862,26.0,17363198.814950056,Sales,17.3,
4863,28.0,17654007.91836365,N/A,3.5,2018-09-24
4864,21.0,9634048.629664753,Marketing,0.4,2022-01-28
4865,34.0,15577983.69339954,Marketing,13.0,2016-12-25
4866,18.0,14851167.558317991,Sales,1.1,
4867,36.0,16607922.70186378,Marketing,-2.5,2022-02-11
4868,34.0,,Engineering,12.2,2015-08-26
4869,36.0,16898498.38708556,Engineering,9.4,2015-01-20
4870,29.0,13442664.025503993,Finance,8.6,2020-01-26
4871,65.0,15293044.586858964,HR,11.5,2018-01-25
4872,48.0,8860857.16971504,Marketing,1.8,2017-05-07
4873,22.0,13400463.609985432,Sales,18.6,2016-11-21
4874,37.0,21954167.740883216,Engineering,12.5,2021-06-18
4875,28.0,16594041.698141279,Engineering,3.7,2016-10-10
4876,24.0,14895394.813084615,Engineering,11.3,2020-06-28
4877,21.0,24480616.381271735,N/A,2.7,2015-12-27
4878,39.0,8195825.108494604,HR,0.4,2016-06-14
4879,,9452722.2227689,Marketing,12.6,2021-11-21
4880,44.0,-1000000.0,Sales,13.0,2019-11-12
4881,44.0,15229804.68024467,HR,11.7,2022-02-07
4882,48.0,13787084.818551032,Finance,3.7,2019-10-25
4883,26.0,9003978.374521784,HR,12.1,2019-07-11
4884,39.0,17238481.331975058,,50.0,2019-10-24
4885,41.0,17722299.34763731,Sales,12.2,2020-05-09
4886,30.0,9527528.195825519,Marketing,11.1,2019-04-20
4887,27.0,14298622.07224786,HR,13.1,2015-01-20
4888,51.0,13322420.83983467,Engineering,17.9,2015-06-04
4889,37.0,16279885.732093856,Finance,17.0,2020-12-26
4890,41.0,9403748.78889678,Finance,19.6,2017-03-27
4891,26.0,21259737.272565786,Marketing,19.5,2023-03-12
4892,22.0,19579118.90798802,Marketing,15.4,2019-03-09
4893,,13184122.206335919,HR,19.1,2015-02-27
4894,33.0,13917906.441808144,Marketing,17.3,2018-08-12
4895,24.0,14317889.24861192,Engineering,14.6,2020-12-15
4896,34.0,,Engineering,1.5,2017-02-19
4897,18.0,12782852.908824822,Engineering,1.0,
4898,23.0,13648648.161626955,HR,16.8,2022-08-03
4899,41.0,23064341.85353564,HR,9.8,2015-01-17
4900,41.0,19733091.541652184,Marketing,16.3,2022-01-10
4901,31.0,,HR,6.3,2017-10-16
4902,24.0,16849628.06502195,Engineering,-2.5,2017-07-15
4903,24.0,9413364.955343828,Sales,14.0,2022-10-11
4904,-5.0,14792544.477113103,Engineering,18.3,2018-11-11
4905,41.0,19852442.2980669,Sales,1.8,2018-07-02
4906,44.0,8708676.85316356,Marketing,17.2,2016-06-12
4907,30.0,18182766.03436632,Finance,15.9,31/02/2020
4908,23.0,26613046.126313828,HR,6.3,2019-04-21
4909,,20309083.22994866,HR,7.1,2020-08-23
4910,26.0,22070145.67780994,Engineering,0.9,2021-08-08
4911,29.0,16091693.752210803,Engineering,0.3,2018-06-07
4912,48.0,19839659.743824948,Sales,9.5,2016-11-15
4913,43.0,11410733.928229824,HR,1.9,2015-09-25
4914,36.0,18979319.061706133,Marketing,3.9,2015-07-07
4915,,18271940.670303814,Engineering,16.9,2018-05-06
4916,37.0,16449555.870188314,HR,11.4,2018-04-06
4917,45.0,21580037.09859249,Finance,12.7,2020-02-11
4918,31.0,,Sales,3.7,2023-03-01
4919,48.0,14064712.417631688,Engineering,16.6,
4920,47.0,15477310.206791483,Engineering,17.4,2021-09-08
4921,51.0,9851945.144552998,Marketing,10.5,2020-11-16
4922,38.0,16134659.71900124,Engineering,18.3,2018-10-15
4923,-5.0,6405347.9352307655,HR,16.9,2019-11-12
4924,,20234772.672141045,HR,14.6,2022-09-14
4925,39.0,15233186.83282983,HR,14.7,2016-07-02
4926,29.0,,Finance,2.1,2018-11-04
4927,30.0,10828131.938524392,Finance,5.4,2020-06-30
4928,37.0,13827104.851904063,Engineering,1.3,2019-01-11
4929,22.0,18441298.55386207,Finance,0.2,2017-02-10
4930,33.0,,,3.2,2016-11-06
4931,,11472310.263607696,Marketing,17.6,2019-07-11
4932,13.0,10769801.636861827,Finance,4.8,2015-03-20
4933,50.0,18284493.531598236,Sales,19.4,2017-07-24
4934,46.0,,Sales,11.9,2017-07-07
4935,30.0,15299548.870397517,Sales,4.7,2023-02-26
4936,40.0,15618773.212621385,Engineering,9.9,2016-06-21
4937,35.0,16560310.658633692,HR,4.4,2017-05-15
4938,47.0,19291352.150909357,Marketing,19.7,2015-03-31
4939,44.0,8685185.315663386,Engineering,16.9,2021-08-12
4940,20.0,5444203.373697562,HR,0.5,2020-08-28
4941,,12162763.593858242,Marketing,50.0,2016-11-23
4942,32.0,24007642.03916093,Marketing,14.4,2016-05-19
4943,35.0,25110870.500436895,Marketing,1.6,2019-02-10
4944,27.0,24155885.677829437,Sales,13.4,2022-12-22
4945,52.0,14035093.161196552,Sales,12.9,2022-04-18
4946,45.0,6089424.590075856,Sales,4.4,2015-06-03
4947,27.0,3284804.4917407967,Marketing,15.2,2019-03-17
4948,21.0,11929809.192252945,Marketing,1.7,2022-03-07
4949,31.0,14009631.8492532,Sales,9.8,2017-11-13
4950,39.0,21503127.005279794,Marketing,0.2,2020-12-30
4951,37.0,19339027.29771223,Sales,19.4,2021-12-27
4952,47.0,16137025.394958103,Sales,15.0,2015-07-19
4953,42.0,10550776.145294292,Sales,3.2,2021-08-29
4954,44.0,10196102.20877555,HR,6.8,
4955,38.0,16270638.435357178,Enginering,3.2,2022-06-04
4956,21.0,18485254.894198634,Engineering,15.3,2016-03-18
4957,33.0,16959406.31122792,Sales,1.2,2022-05-01
4958,45.0,9827010.201966725,Engineering,16.8,2015-03-22
4959,34.0,18253338.14396043,HR,18.8,2015-07-17
4960,40.0,17129554.835507058,Marketing,13.5,2022-09-26
4961,31.0,-1000000.0,Sales,4.3,2016-04-19
4962,24.0,11078395.148498721,Sales,7.2,2019-09-04
4963,,18442479.87280783,Sales,9.5,2019-12-25
4964,38.0,13827462.324270545,Engineering,12.1,2019-04-07
4965,-5.0,22945736.508182287,HR,13.4,2016-05-21
4966,32.0,17505646.38032288,Marketing,11.1,2021-02-19
4967,,12566844.059053654,HR,7.0,2017-11-01
4968,46.0,14948971.998045336,Sales,17.8,2020-04-27
4969,32.0,15316916.96318859,HR,1.6,2022-11-14
4970,49.0,11358048.433791451,Engineering,9.3,31/02/2020
4971,,10437059.009111866,Finance,15.5,2017-04-21
4972,34.0,18506949.469047498,Finance,1.2,2022-10-18
4973,24.0,19226366.48521048,,14.1,2022-09-09
4974,14.0,18018907.347764794,Marketing,16.4,2022-01-25
4975,,22576590.47161901,HR,13.2,2015-02-08
4976,21.0,12291133.81994199,Marketing,0.3,2018-05-18
4977,48.0,,Engineering,3.6,2019-09-20
4978,36.0,10495394.407229237,Sales,6.8,2022-06-03
4979,38.0,9936572.183157537,Sales,4.7,2016-02-18
4980,12.0,6200205.58925375,HR,19.3,2022-06-06
4981,23.0,12771023.430865915,Sales,13.0,2020-11-01
4982,43.0,12481388.315852731,HR,50.0,2018-01-10
4983,37.0,17629686.40127325,Marketing,18.6,2021-12-25
4984,,,Enginering,14.8,2021-10-16
4985,40.0,9035133.144904315,Engineering,5.7,2022-11-10
4986,51.0,13036368.807870911,Sales,7.6,
4987,32.0,13142689.894561572,Engineering,4.0,2019-09-12
4988,35.0,6120088.765190536,N/A,19.4,2016-03-05
4989,36.0,10095266.364933152,Engineering,10.3,2020-09-26
4990,58.0,11145931.846929554,HR,17.9,2023-01-23
4991,14.0,,HR,6.9,2021-12-05
4992,41.0,15957253.579786763,Engineering,17.2,2016-04-27
4993,33.0,18310843.769737497,Marketing,-2.5,2018-03-03
4994,40.0,7506822.51425394,Finance,19.6,2016-04-11
4995,28.0,20971072.41506996,Engineering,18.2,2016-03-11
4996,34.0,21505510.315120466,Enginering,7.3,2020-07-31
4997,42.0,5008275.16427687,Engineering,15.5,2017-03-24
4998,66.0,11473416.38042076,Sales,15.0,2021-10-30
4999,43.0,17478827.86507755,HR,18.0,2017-03-29
5000,26.0,18221942.267690912,Sales,6.1,2017-12-13
